data_dia,target,no_t,no2_t,nox_t,o3_t,nox_x_o3_t,no_lag1,no_lag7,o3_lag1,o3_lag7,pm10_lag1,pm2_5_lag1,so2_lag12,no_ma3_s1,no_ma7_s1,o3_ma7_s1,pm10_ma3_s1,pm2_5_ma3_s1,so2_ma7_s1,no_ma60_s1,nox_ma60_s1,no2_ma30_s1,o3_ma150_s1,so2_ma150_s21,pm10_ma30_s1,pm2_5_ma7_s1
2012-06-19,858.0,2.503351827317436,5.485586782818379,3.638412314100317,5.416344233994901,19.7068935583733,2.301410698908893,2.5111656743950377,6.320067142034412,4.878036894817184,3.7480067911979327,4.84120231679349,1.1479822920844565,2.2788109138356356,2.3138465616966215,5.757252715114752,3.6469105653226808,4.716441139227346,3.181798400252565,2.192419362098842,3.3559155756582797,5.283330924052941,7.203488401424824,2.445799425040061,3.443427294557379,4.371523500043335
2012-06-20,1001.0,2.3529476966504217,5.806168435044095,3.5718682844257894,3.0739996585547877,10.979921886727553,2.503351827317436,2.3797492488456347,5.416344233994901,4.990469912380396,3.850193932395328,5.838581021109879,1.3717175662633168,2.3293612815566527,2.3127302978283923,5.834153763568712,3.7041579225874735,5.095701863411865,3.229815960889597,2.1989877524974877,3.3604876159241064,5.308763582979208,7.17759553749951,2.456242199408289,3.467393309212426,4.5770347265102815
2012-06-21,650.0,2.174716964458669,4.857649505032248,3.2757561606649386,4.724886926013043,15.47757745633245,2.3529476966504217,2.168465277443213,3.0739996585547877,6.092651799627709,3.7560734545269976,5.654887085137605,1.0880508255211565,2.385903407625584,2.3089015046576478,5.560372298736482,3.7847580593734196,5.4448901410136585,3.207663660046008,2.205815934309148,3.364445916531496,5.333372584740177,7.139876214643584,2.463829932448706,3.4823174541964246,4.79067680066228
2012-06-22,806.0,2.140124908855825,4.909142870960473,3.2643149883998057,4.837766841170214,15.791994810015511,2.174716964458669,2.3011129896855578,4.724886926013043,5.868621408977215,3.3255447509097875,4.522136223320541,1.299913120524457,2.343672162808842,2.309794602802713,5.3649773167915304,3.643937379277371,5.338534776522676,2.982537596982018,2.2114207423571575,3.367766879615026,5.3195535196627874,7.1182715286922456,2.4606205631889324,3.482262399380346,4.977718824742493
2012-06-23,689.0,1.6197201408340007,4.262508567347342,2.877885730275337,8.175012162901696,23.526750848442113,2.140124908855825,2.351700724154385,4.837766841170214,5.418873167545806,2.9143613342585977,3.173133279016333,2.199421943019035,2.2225965233216383,2.2867963055413227,5.2177123785333865,3.331993179898461,4.450052195824827,2.7445156572475478,2.2159305235644173,3.371816632697234,5.306516873764114,7.1023362021718475,2.4608488416103818,3.4637160001259932,4.762580146609485
2012-06-24,572.0,2.2350920640776644,4.736465743910415,3.2907015613331603,6.360117124744491,20.929247352658468,1.6197201408340007,2.183321318443628,8.175012162901696,6.732048680420544,2.9300076520962666,2.4889137638385685,2.994523336983891,1.9781873380494985,2.1822276507812677,5.611446520727085,3.05663791242155,3.394727755391815,2.3696197211594483,2.2044693372401167,3.3632932696183357,5.265246005820063,7.1122989082712715,2.462754106116337,3.4423230349933673,4.446596563078377
2012-06-25,1131.0,2.20439445627216,4.771922725831923,3.2759294213310164,6.405367755934082,20.983532686109488,2.2350920640776644,2.301410698908893,6.360117124744491,6.320067142034412,3.466477560593221,5.154657604798792,2.944410550578841,1.99831237125583,2.1896234715861302,5.558313441344792,3.1036155156493614,3.6055682158845648,2.254998514453116,2.204697723589582,3.3615415349526723,5.230405820841534,7.100276282950949,2.470917443443348,3.4305162427793716,4.524787327716458
2012-06-26,832.0,2.1397251942278106,4.970001415143327,3.277161078971472,6.822200966441886,22.35745148014491,2.20439445627216,2.503351827317436,6.405367755934082,5.416344233994901,3.2942058675871477,3.949567941407332,3.244975750646421,2.0197355537279416,2.175764008352311,5.570499243330459,3.230230360092212,3.8643797700148976,2.0668502452477173,2.202158022484231,3.357816627511775,5.214580647351265,7.095523122924385,2.475015684258067,3.420299640976516,4.3974109883755785
2012-06-27,702.0,2.4006489983950563,4.806792890882152,3.441388786425124,5.658891397341487,19.474445398408594,2.1397251942278106,2.3529476966504217,6.822200966441886,3.0739996585547877,3.313964442471564,4.146083092379607,3.003848966243303,2.1930705715258783,2.1238173464823644,5.771335919394315,3.358215956883978,4.416769546195244,1.9083370548784888,2.2032781415605003,3.359613041282096,5.216189343612499,7.095251646308114,2.4717792488034154,3.4116205305094787,4.155625569985539
2012-06-28,741.0,2.464457263455944,5.2454443487264015,3.5668933941405907,4.298720693670373,15.333078445508312,2.4006489983950563,2.174716964458669,5.658891397341487,4.724886926013043,3.418315475901091,3.881341343432717,3.5984955299292203,2.248256216298342,2.130631818160169,6.140606167792414,3.3421619286532676,3.992330792406552,1.8607779636470885,2.21084672040734,3.365473528306129,5.182369779166633,7.098126595667565,2.4679939974537954,3.396115568169316,3.9022618925991277
2012-06-29,806.0,2.4520712525545267,5.236335557814405,3.5539296476693805,4.762186635642835,16.924476272145974,2.464457263455944,2.140124908855825,4.298720693670373,4.837766841170214,3.4498616413888046,4.560383221851311,2.6656954548916767,2.334943818692937,2.1720232894454945,6.079725277457747,3.3940471865871533,4.195935885887878,2.0406595501917972,2.2204826467854093,3.373793805187661,5.147919530294586,7.090754153240823,2.462429668148116,3.379650553967202,3.9077257495320947
2012-06-30,520.0,2.4792455982660244,5.190088951055363,3.573461239515741,5.876105134213462,20.998033936431245,2.4520712525545267,1.6197201408340007,4.762186635642835,8.175012162901696,3.751825598269922,5.521818310519241,3.820639212494601,2.439059171468509,2.216587052831023,6.06892810523955,3.5400009051866057,4.654514291934423,2.3040261874669037,2.2262388980241066,3.379571345753735,5.121266311348691,7.081642955253398,2.454524547040306,3.371783349304268,4.243252182603938
2012-07-01,663.0,2.407631057406652,5.254105890644407,3.5170539238971323,7.5828267882057885,26.66921070969146,2.4792455982660244,2.2350920640776644,5.876105134213462,6.360117124744491,3.811242664536578,5.431509508429509,3.330646261443118,2.465258038092165,2.3393764038927407,5.740512815426945,3.6709766347317676,5.171237013600021,2.617381311447616,2.2377903091864657,3.3897384051331545,5.115980761857532,7.074826187465455,2.444649183784852,3.37301854452838,4.6636230032597865
2012-07-02,949.0,2.419275651987694,5.368156399410549,3.545109494998499,5.56601516992132,19.732133228193756,2.407631057406652,2.20439445627216,7.5828267882057885,6.405367755934082,3.9112424701458135,6.967155252167116,2.7893444446737146,2.4463159694090675,2.3640248315111676,5.915185624492844,3.824770244317438,5.973494357038622,2.8284784985940967,2.239168589600217,3.392098863611663,5.118537711299326,7.0763122108419125,2.4382912552171927,3.387036912068717,4.9225512385981185
2012-07-03,832.0,2.5172308078347965,5.375459268125701,3.6369164446943216,5.9805077828993545,21.750607103249042,2.419275651987694,2.1397251942278106,5.56601516992132,6.822200966441886,3.749519029291837,5.652287997962887,1.6690933091984927,2.435384102553457,2.3947221451848155,5.795278112205308,3.824001387991409,6.01698425285317,2.917679072082494,2.2451864637545387,3.3987270723037866,5.1221184941838755,7.066160650429737,2.443159640399295,3.406236180905962,5.165796960963198
2012-07-04,845.0,2.430783780985412,5.1375348675886165,3.519420372862604,5.456664600141526,19.20429656161626,2.5172308078347965,2.4006489983950563,5.9805077828993545,5.658891397341487,3.829063595100073,5.872388897492296,1.3376953881020135,2.4480458390763804,2.448651518557242,5.675036228842088,3.829941698179241,6.163944049207433,3.078479407357986,2.2504219094544653,3.404872640732107,5.13421593960946,7.055534133369483,2.4524319444044176,3.4138876975967096,5.412412075979297
2012-07-05,650.0,2.5032162677314687,5.3919190337301695,3.625262380710754,5.64331863471332,20.45851074879017,2.430783780985412,2.464457263455944,5.456664600141526,4.298720693670373,3.702839770458991,4.560383221851311,0.974223977312521,2.4557634136026336,2.4529564874987213,5.646146686384951,3.7604741316169665,5.3616867057688316,3.198434672474437,2.251643156982437,3.406536230047641,5.12053544755299,7.036391848795021,2.456666406826421,3.4146773933893404,5.5094180586105255
2012-07-06,715.0,2.4655956001815778,5.311886569819056,3.577750035707145,4.911414742820372,17.571814271498184,2.5032162677314687,2.4520712525545267,5.64331863471332,4.762186635642835,3.5232443234474915,4.301406464934273,1.863347007947353,2.483743618850559,2.458493488109511,5.838232106533943,3.6850492296688517,4.91139286142596,3.194238926856435,2.2577152963227585,3.413540145515053,5.11752524966297,7.017895185579653,2.4581717339124793,3.4119384426170973,5.472421379050949
2012-07-07,493.0,2.5606682209194456,5.117522932267073,3.652035124816389,6.381794675702543,23.306538315031904,2.4655956001815778,2.4792455982660244,4.911414742820372,5.876105134213462,3.7200547376208033,4.434128500818453,2.503601328056809,2.466531882966153,2.4604255377705178,5.859550407559306,3.6487129438424284,4.4319727292013456,3.1064101083802806,2.261055977911531,3.417723003413627,5.121041638795938,6.977500002858182,2.466958114923192,3.423734940816869,5.317037120522264
2012-07-08,637.0,1.9817655229797853,4.687047014891394,3.1310011328701752,6.679880701277057,20.914714043136087,2.5606682209194456,2.407631057406652,6.381794675702543,7.5828267882057885,3.684656713663324,5.690734296720394,2.221053928858519,2.5098266962774973,2.472057341006721,5.931791770629175,3.6426519249105396,4.808756420824373,3.042198999846039,2.265655290979524,3.422119300139713,5.146062412334918,6.9461500539799275,2.4675064064698007,3.4511853099487553,5.354069233135247
2012-07-09,858.0,2.1456721096981983,4.976016499261226,3.2816775815952166,6.088809728696855,19.981510385263324,1.9817655229797853,2.419275651987694,6.679880701277057,5.56601516992132,3.189776366322441,4.146083092379607,2.456430806053912,2.336009781360269,2.4112194075171685,5.802799472496498,3.5314959392021894,4.756981963306152,2.705460750852411,2.2592182087705126,3.416204526174697,5.139493613269883,6.9124623048653895,2.4740191229691963,3.4641376597570663,4.951058924594174
2012-07-10,793.0,2.5117596484731,5.325969635581631,3.6246802719068993,5.9226146421321255,21.467584451443255,2.1456721096981983,2.5172308078347965,6.088809728696855,5.9805077828993545,2.947662126809573,2.767668554064198,2.9282644150114527,2.2293686178658096,2.3721331871900975,5.877484409464432,3.2740317355984456,4.201495314388066,2.4769740049397106,2.255436453185363,3.4117378763143837,5.1390510811508845,6.890595435647994,2.4732104326642084,3.471906686453631,4.5389704326086475
2012-07-11,897.0,2.52937079718972,5.514598605109456,3.668015991391016,6.103204406060816,22.38665136015918,2.5117596484731,2.430783780985412,5.9226146421321255,5.456664600141526,3.352291725372589,4.416111365643251,3.181261849027761,2.2130657603836945,2.3713515929955697,5.8692139607834,3.163243406168201,3.776621004029019,2.3351633900018633,2.257192478389503,3.4125473577435463,5.160245398564118,6.871767919561803,2.4741585280755682,3.492222503796492,4.330930785201642
2012-07-12,624.0,2.246962714430741,5.555763624123854,3.4603235929367973,6.2871820916439125,21.75568452480515,2.52937079718972,2.5032162677314687,6.103204406060816,5.64331863471332,3.75554007685184,5.496091991950166,3.1677098451775048,2.3956008517870058,2.3854354524533283,5.961576790200441,3.351831309678,4.226623970552538,2.320928335511927,2.2591416724056144,3.4138035861304785,5.167035731924836,6.8469416878272495,2.46750977241247,3.513070231648581,4.464603466644334
2012-07-13,715.0,1.916077216770488,4.802250778721192,3.132211005974648,6.922819783308258,21.683732317657153,2.246962714430741,2.4655956001815778,6.2871820916439125,4.911414742820372,3.751144461644228,4.943316734637557,3.341027317972716,2.4293643866978534,2.348827801981795,6.0535572840476695,3.6196587546228858,4.951840030743658,2.299107135969632,2.267661235752882,3.4194770562502796,5.183770936203127,6.835585250969137,2.456864823897359,3.528442411660863,4.556304933744803
2012-07-14,429.0,1.9551082853235864,4.885520185651005,3.169462413461388,7.238711800555832,22.942824973741118,1.916077216770488,2.5606682209194456,6.922819783308258,6.381794675702543,3.152838725463818,3.2389845823750303,3.128005342475596,2.230803576130316,2.270325175780211,6.340900861260224,3.553174421319962,4.559464436320918,2.1141656094507715,2.2639047565808768,3.4163055230806356,5.161443560344965,6.834690002100926,2.44544827717989,3.516925558436786,4.385570088252886
2012-07-15,455.0,1.537231242656647,4.92541479223479,3.0647307787606275,8.575680444672066,26.282151807602105,1.9551082853235864,1.9817655229797853,7.238711800555832,6.679880701277057,3.4981864316388545,3.828934026462083,3.346656275786961,2.039382738841605,2.1838166135522314,6.463317593382123,3.4673898729156334,4.003745114491557,1.9612453459259551,2.259257233644407,3.4122384627313673,5.148921494098076,6.8391495685582475,2.4361909917865847,3.521172522223814,4.119598621073128
2012-07-16,701.0,2.0945801718189974,5.327119370212973,3.3347645240672485,5.4340217246670095,18.121182870430268,1.537231242656647,2.1456721096981983,8.575680444672066,6.088809728696855,3.335069320016665,3.994864076461321,3.296117661869065,1.8028055815835735,2.1203117163632115,6.734146128152838,3.3286981590397793,3.687594228432811,1.995331325499383,2.246832724930698,3.4072197875492396,5.128066277050547,6.855757542482911,2.442795114767945,3.510864531491723,4.097995904513373
2012-07-17,806.0,2.0262081646086267,5.025816543628812,3.2337624155431937,5.749888413677316,18.59377304571698,2.0945801718189974,2.5117596484731,5.4340217246670095,5.9226146421321255,3.3005687580637915,4.400002435841255,2.8988941956854397,1.8623065665997434,2.113012868094754,6.640604984720002,3.37794150323977,4.074600179588219,2.0653792476295227,2.2484937177941706,3.410993111366326,5.1254763874079945,6.844510687781396,2.446946502350923,3.498268428073818,4.331186459052952
2012-07-18,676.0,2.150672675243828,5.063521230034696,3.303668612486085,5.157711026798734,17.039368031508353,2.0262081646086267,2.52937079718972,5.749888413677316,6.103204406060816,3.0325903397874603,2.3707505028906786,2.566460119694681,1.8860065263614232,2.0436483703998296,6.615929809226459,3.2227428059559724,3.5885390050644177,1.9442585816535556,2.244121573904138,3.4090777399907517,5.131068831791394,6.829510395290393,2.449915683321686,3.4822123379277614,4.038992050088298
2012-07-19,559.0,2.079745748416196,4.640747018615416,3.1704830407397058,6.603808484608337,20.93726280474371,2.150672675243828,2.246962714430741,5.157711026798734,6.2871820916439125,3.1370532362555417,3.0602522808198023,2.7182320854378115,2.090487003890484,1.9895486386932737,6.480859326474731,3.1567374447022645,3.277001739850578,1.6836410897997758,2.2406525587232626,3.407609076142437,5.110791034520104,6.815812035740787,2.454481899748524,3.461847219429681,3.6910149484982466
2012-07-20,676.0,2.4097606096730644,5.132863089103765,3.4997420290759536,5.508952788628265,19.279913610557514,2.079745748416196,1.916077216770488,6.603808484608337,6.922819783308258,3.14469634802672,3.2871873465968653,0.9838595750173202,2.08554219608955,1.9656605006911956,6.526091668326793,3.1047799746899076,2.906063376769115,1.5124836757721174,2.241421066728493,3.407704977912503,5.082629709046672,6.808074550376147,2.462386811200507,3.438330633284061,3.4544250359210054
2012-07-21,455.0,2.5731239376687256,5.795853383036636,3.7494239182205416,5.672179920583409,21.267407062685727,2.4097606096730644,1.9551082853235864,5.508952788628265,7.238711800555832,3.4247475453965666,4.653542116571534,1.528598121086697,2.213393011111029,2.036186699677278,6.324110669086794,3.2354990432262762,3.6669939146627333,1.651426397083681,2.242803994712935,3.4090310475664096,5.060186197515327,6.7982670107564545,2.4654670719899583,3.4272864363130466,3.656504683663363
2012-07-22,481.0,2.5583264947858297,5.775506054613225,3.731885143965889,7.810776477092142,29.14892069769839,2.5731239376687256,1.537231242656647,5.672179920583409,8.575680444672066,3.8336483585610095,5.845848815050549,2.35398197122203,2.354210098585995,2.124474650012298,6.100320400519304,3.4676974173280986,4.595526092739649,1.8137320111541528,2.2484106899144223,3.4149082967527797,5.091459660115474,6.7803837459482175,2.468475115409527,3.444223223234754,3.9446353677474293
2012-07-23,637.0,2.5702577838192853,5.859445725181432,3.75492838062219,6.592338352037349,24.75375837272916,2.5583264947858297,2.0945801718189974,7.810776477092142,5.4340217246670095,4.101981793692306,7.855561728003579,3.19647228043951,2.51373701404254,2.270345400316467,5.991048405150745,3.786792565883294,6.118317553208553,2.074165910134108,2.2526423557212056,3.419678161015133,5.120338432903899,6.769086162644191,2.4709933435944835,3.483810571882544,4.496163603682038
2012-07-24,689.0,2.2526458012846127,6.09493837395851,3.5742147414574124,6.669132672529326,23.836912310889584,2.5702577838192853,2.0262081646086267,6.592338352037349,5.749888413677316,3.872612676156797,6.410781543701996,2.746145798889372,2.56723607209128,2.3382993448879366,6.156522209060793,3.9360809428033705,6.704064028918708,2.1556166479770047,2.2553365538977332,3.422961256912194,5.1735696714983685,6.748670506477076,2.4749509356692214,3.515230739351229,4.783417761947858
2012-07-25,650.0,2.0463424672249406,5.049256483591068,3.2483374021911677,8.033872611257918,26.096728887588316,2.2526458012846127,2.150672675243828,6.669132672529326,5.157711026798734,4.132979555849896,6.9198446855523095,1.2718694340626593,2.460410026629909,2.3706475786987915,6.287842817468223,4.035858008566334,7.0620626524192955,2.5581634464097536,2.2500722983071904,3.4201505480459855,5.218852092499971,6.723833041967333,2.480309003404577,3.537447472526451,5.433288359470948
2012-07-26,831.0,2.2460954871064507,5.605031398049831,3.469937598890501,7.364621632384933,25.55477750381482,2.0463424672249406,2.079745748416196,8.033872611257918,6.603808484608337,3.869748476198872,6.404712405336828,1.647790240764099,2.289748684109613,2.3557432632675224,6.698723043819535,3.9584469027351883,6.578446211530378,2.7320468305464174,2.2427594179602086,3.4145033964433864,5.2280965510919435,6.720948111495089,2.4770586556364047,3.5566322261468417,5.911068377259094
2012-07-27,676.0,2.469745551652144,5.383124733880196,3.5919203981222925,8.001121751125519,28.739392425727708,2.2460954871064507,2.4097606096730644,7.364621632384933,5.508952788628265,3.675514623321285,4.638901635390687,1.2224614320313143,2.1816945852053347,2.3795075116518443,6.80741063635905,3.8927475517900176,5.987819575426609,2.962733805645577,2.2546575293444038,3.4212903744467544,5.249264217188826,6.70578073642139,2.4681253680546265,3.568683898841833,6.104170418515354
2012-07-28,416.0,1.896763997423956,5.10685590149124,3.205131484980311,8.45868825459313,27.111208046429592,2.469745551652144,2.5731239376687256,8.001121751125519,5.672179920583409,3.8151251175225207,5.434242871442055,2.0189335759976754,2.254061168661178,2.388076789077427,7.163434773858656,3.7867960723475593,5.49261897072319,2.9509964096639214,2.2568278366778682,3.4217174379073936,5.268475278622095,6.690994314635493,2.467657296706158,3.5819108868958804,6.215699097782573
2012-07-29,403.0,1.954986718284007,5.011894905181948,3.2010949092998047,8.567211506985817,27.42445714190701,1.896763997423956,2.5583264947858297,8.45868825459313,7.810776477092142,3.74704564438275,4.99746643066441,1.5061373093902608,2.2042016787275167,2.291453940471031,7.561507393002903,3.745895128408852,5.023536979165717,2.9219709090141306,2.2470554912944105,3.4127686692493993,5.2638556637142555,6.69031266224333,2.452556823308782,3.5918170203290116,6.094501614298838
2012-07-30,585.0,1.7523013859937433,4.767047994663638,3.066838693852373,8.558622798297241,26.247915563905053,1.954986718284007,2.5702577838192853,8.567211506985817,6.592338352037349,3.707992032713127,4.408117496055542,1.3721498374630507,2.1071654224533685,2.205262543827914,7.66956954013057,3.7567209315394656,4.946608932720669,2.9178190974931115,2.2398663688979323,3.405536874900729,5.256374308626508,6.675444277001189,2.441944110709659,3.5903559014771185,5.602009581163403
2012-07-31,611.0,2.119947992995244,4.809161008731303,3.2308987168322822,7.845638143538035,25.348462210687448,1.7523013859937433,2.2526458012846127,8.558622798297241,6.669132672529326,3.738844537366949,5.275959618466878,1.548043900695763,1.868017367233902,2.0884116298528363,7.950467318167698,3.7312940714876084,4.89384784839561,2.8223916824082615,2.2299771840108797,3.3985827546696865,5.24227294341345,6.663088820765461,2.438712951865995,3.5879426305714643,5.439892163272673
2012-08-01,648.0,2.070194106838558,4.708180672578093,3.180589872529213,6.3849938702653,20.30804683992692,2.119947992995244,2.0463424672249406,7.845638143538035,8.033872611257918,3.5755065682061438,4.502850974532172,2.2444684832436037,1.9424120324243315,2.0694548000972124,8.118539528311798,3.67411437942874,4.728976029684865,2.4217973730908997,2.230363489014086,3.3974050538253264,5.22744144734968,6.645479395733596,2.4425868897307286,3.5767514338401423,5.094607347412653
2012-08-02,429.0,2.0758554620997445,4.933504502023904,3.2751238129295164,5.473316205810311,17.925788241342378,2.070194106838558,2.2460954871064507,6.3849938702653,7.364621632384933,3.287870306660252,3.156406227335878,2.783929539257401,1.9808144952758482,2.072862177184872,7.882985422455711,3.5340738040777815,4.311738940111643,2.3061502809654058,2.230997852124527,3.3955322248344255,5.205442256455266,6.639612775991498,2.443245401338248,3.5613631430857557,4.630563607698233
2012-08-03,572.0,2.1887212957909448,5.126314390565761,3.3385371412220706,6.057498139062938,20.223182520145194,2.0758554620997445,2.469745551652144,5.473316205810311,8.001121751125519,3.3600247872466724,2.783612392562701,3.045498724890998,2.0886658539778487,2.048542173612485,7.61279893294505,3.40780055403769,3.4809565314769166,2.2076289062064607,2.2305796891196508,3.3956843229311238,5.190710430918539,6.620750775393136,2.4363191474349426,3.5457285161573093,4.365522287294234
2012-08-04,403.0,2.254880559787864,5.0429915633281865,3.3632984716608694,6.92421578738945,23.288204375177,2.1887212957909448,1.896763997423956,6.057498139062938,8.45868825459313,3.54132991664382,3.720495517103238,2.589088740897956,2.111590288243082,2.0083958513465996,7.33513841693611,3.3964083368502482,3.2201713790006057,2.2851190428314125,2.226961017846007,3.3919330318412424,5.190336415017777,6.613205237361251,2.434565324019043,3.54034485436347,4.120701236674402
2012-08-05,286.0,2.250135434683202,5.0668718864364495,3.364793396828928,7.283766319548173,24.508368816060635,2.254880559787864,1.954986718284007,6.92421578738945,8.567211506985817,3.615503785168986,4.128299788926392,4.323964898419503,2.1731524392261843,2.0595553602557293,7.1159280644784415,3.5056194963531593,3.5441358995307763,2.248989867478359,2.2262455635586056,3.3900547013962754,5.178705499337711,6.611775838554967,2.4301045044001013,3.543420169754187,3.9965345735689715
2012-08-06,689.0,1.8619653344516125,4.426853386547291,3.011219758953661,8.440576503954752,25.41643074566856,2.250135434683202,1.7523013859937433,7.283766319548173,8.558622798297241,3.795263804934729,5.75250280353836,2.5893335264196984,2.23124576342067,2.1017194625984716,6.932578751987349,3.650699168915845,4.533766036522663,2.2724812359786224,2.226850240256133,3.389973474611685,5.1705383432249565,6.607804414670838,2.4310540333036026,3.5459271386646507,4.188589617495088
2012-08-07,507.0,2.4460845499303203,5.10343486775415,3.528763262389252,6.385146170343314,22.531669230892913,1.8619653344516125,2.119947992995244,8.440576503954752,7.845638143538035,3.122888407843896,2.5522665392903927,3.1628527263898776,2.1223271096408927,2.117385740949596,6.915714995652708,3.5112186659825375,4.1443563772517145,2.132882315907548,2.229366224494361,3.3911910034299884,5.147516025034297,6.607723885187338,2.4238703014449148,3.52720152847067,3.7994906061841616
2012-08-08,663.0,2.232205426702897,5.042495001287143,3.3481213451962017,7.054098513450964,23.61797780400197,2.4460845499303203,2.070194106838558,6.385146170343314,6.3849938702653,3.4294585721181723,4.463759763398922,2.162306711372014,2.1860617730217116,2.1639766776546066,6.70707328519632,3.4492035949655993,4.256176368742557,2.2378228896798475,2.2359938778523993,3.3965008677557127,5.161395620129722,6.592142797049021,2.414998830538504,3.5351909353305273,3.7939061474508406
2012-08-09,559.0,2.0946423282920907,4.924604134328924,3.24286193638172,6.926588292321712,22.46196952215734,2.232205426702897,2.0758554620997445,7.054098513450964,5.473316205810311,3.2566913435113625,3.425718486498928,2.580751034708864,2.180085103694943,2.1871211519209406,6.802659662794271,3.2696794411578103,3.4805815963960804,2.274847543799075,2.2387648046387816,3.3982470873143527,5.163611570197253,6.5841091565774885,2.405841465741879,3.5454919092205874,3.8323793273312767
2012-08-10,596.0,2.2701563419168216,5.112370826371223,3.387116862093222,6.137765792696917,20.7893300120227,2.0946423282920907,2.1887212957909448,6.926588292321712,6.057498139062938,3.225426532369418,3.299800660586325,3.016436044243869,2.257644101641769,2.189804989948419,7.010269960867329,3.3038588159996505,3.729759636828058,2.197055303027257,2.2440852544325733,3.4014241703959627,5.150232720155497,6.569020316168038,2.4013069985952322,3.541263069453815,3.906120508477508
2012-08-11,337.0,1.9698290729564325,4.865902067497304,3.1702249825787887,6.991558131605145,22.16481225596651,2.2701563419168216,2.254880559787864,6.137765792696917,6.92421578738945,3.2931448558473586,2.95231916731785,1.9210968353040043,2.1990013656372693,2.201438567966401,7.021736768529327,3.258420910576046,3.2259461048010336,2.181616412300086,2.240635284171748,3.3980691802521026,5.136825127530888,6.557372601575896,2.3991344680791014,3.525849895420332,3.7963810299367386
2012-08-12,299.0,1.8362113630979957,4.435792633879943,3.003036993946524,7.304862603573104,21.936772634226553,1.9698290729564325,2.250135434683202,6.991558131605145,7.283766319548173,3.344081875184389,2.727180203937442,1.519804733197969,2.1115425810551147,2.1607169269904825,7.031357103417283,3.2875510878003884,2.993100010613871,2.2000965212509906,2.2316130074811045,3.3910976077884274,5.113829742310004,6.553785010984925,2.40079715047434,3.5122811425383373,3.596221089224031
2012-08-13,520.0,2.144257906532747,4.849414154773084,3.253717559520344,6.461720028051031,21.02461191997393,1.8362113630979957,1.8619653344516125,7.304862603573104,8.440576503954752,3.2391042153703933,2.8849104746663703,1.779803881541244,2.0253989259904164,2.101584916764024,7.034370858277987,3.29211031546738,2.8548032819738864,2.0466143003054715,2.2225540427186443,3.3823000028727273,5.101614470815296,6.544837356363499,2.3983705541247584,3.5151566588685568,3.1865650422423184
2012-08-14,611.0,2.107355971640761,4.8187574421404085,3.2258630761688702,5.33055658985639,17.195645678646375,2.144257906532747,2.4460845499303203,6.461720028051031,6.385146170343314,3.3039940872894853,2.609165975859288,2.4732031030772608,1.9834327808623915,2.141912427061329,6.751677076006026,3.2957267259480894,2.7404188848210325,2.285777018681476,2.2221505865368036,3.3805929369635654,5.100410936452699,6.531924121642106,2.405309347801877,3.5086835807235777,3.1946935331807325
2012-08-15,533.0,2.020695947714146,4.638126184081663,3.138222353768448,6.055404664984671,19.003206280768637,2.107355971640761,2.232205426702897,5.33055658985639,7.054098513450964,3.279150176351813,2.9338326245612727,2.7047376677466777,2.0292750804238344,2.0935226301628207,6.601021421650752,3.27408282633723,2.809303025028976,2.2364182612414076,2.2189213029027233,3.3761705145875793,5.0968556914495515,6.5306461244913425,2.399191334063728,3.506819609268083,2.9761325133467826
2012-08-16,636.0,2.043123530159571,4.6901401131846026,3.1621292345084897,7.0081114257992585,22.16055401821281,2.020695947714146,2.0946423282920907,6.055404664984671,6.926588292321712,3.1988253209110047,2.390042739649576,2.327846807237486,2.090769941962551,2.063306990307285,6.458350871869853,3.2606565281841013,2.6443471133567114,2.2110865127945054,2.2134045566287193,3.3701362807313493,5.073889251911842,6.529740858099342,2.4018338474170235,3.5034281613629896,2.828178835225446
2012-08-17,468.0,2.0817716544405216,4.644345287529479,3.1725922685711616,6.544462326384629,20.762910578643112,2.043123530159571,2.2701563419168216,7.0081114257992585,6.137765792696917,3.3606310089939946,1.824156895736482,3.180875623745715,2.057058483171492,2.0559471620026395,6.469997033795217,3.2795355020856043,2.3826774199824423,2.1907260933792996,2.211067926823985,3.3681795132873265,5.062700037563701,6.536271975210718,2.398351961483354,3.514362850336541,2.6173725831040398
2012-08-18,455.0,1.950461136777608,4.273246469963926,3.013110589584768,7.514275959481956,22.641344466577323,2.0817716544405216,1.9698290729564325,6.544462326384629,6.991558131605145,3.366923488660943,2.043352825214375,0.9439043948064836,2.048530377438079,2.0290350637917394,6.5280965386077465,3.3087932728553144,2.0858508202001436,2.057684188010078,2.207407276082846,3.3624432915571756,5.048727506146861,6.539557064268648,2.3921995390513704,3.5220251920833876,2.4875202485178294
2012-08-19,312.0,1.6559046884291206,3.827856548281056,2.757549989920259,8.557851534171487,23.598703411793657,1.950461136777608,1.8362113630979957,7.514275959481956,7.304862603573104,3.319321703754441,2.698291402163519,2.2543887496040664,2.0251187737925664,2.026268215766193,6.6027705140187205,3.3489587338031264,2.188600374371458,1.9255948501361462,2.198192431240515,3.3520215961485826,5.036477487858478,6.543276379388264,2.3894584891361976,3.5278460372743123,2.4833932768358404
2012-08-20,727.0,2.050378887253684,4.830854106515205,3.198761947112159,7.099352894563219,22.709139888249386,1.6559046884291206,2.144257906532747,8.557851534171487,6.461720028051031,3.245873324541148,2.020309505980632,2.038976460375835,1.8960458265490832,2.000510119384925,6.781768932675632,3.310706172318844,2.253984577786175,1.8026251511939828,2.18657504777016,3.3384496245734905,4.992977269831054,6.548494553301784,2.3737606766563912,3.521883563245798,2.359878852737878
2012-08-21,754.0,2.167059975689184,5.212958567437727,3.344756085227888,6.7980399200400505,22.737785390176064,2.050378887253684,2.107355971640761,7.099352894563219,5.33055658985639,3.397221088534259,2.331363221709563,1.928657417674534,1.8855815708201373,1.9870988309164876,6.872859342177373,3.320805372276616,2.3499880432845703,1.7637399115605414,2.1845027464834104,3.337166387680944,4.960810627280339,6.535204892797824,2.370033892227113,3.5073359875782395,2.320192745002203
2012-08-22,507.0,2.0500971039485374,5.252753490646216,3.298936671071765,7.140110606171733,23.55477271420838,2.167059975689184,2.020695947714146,6.7980399200400505,6.055404664984671,3.347498699454573,2.547774819157773,2.596665432656481,1.9577811837906627,1.9956279743519765,7.082499817917895,3.3301977041766597,2.2998158489493217,1.7903266790876755,2.184951664263967,3.3385070726280786,4.942059044374489,6.518703799536713,2.3717432063291177,3.482186551103649,2.26504162994456
2012-08-23,715.0,2.104970804334238,5.036255679442975,3.2733862746717053,7.010590744242105,22.9483715195426,2.0500971039485374,2.043123530159571,7.140110606171733,7.0081114257992585,3.373398169703544,2.4889137638385685,2.45720756989382,2.089178655630468,1.9998281395283182,7.237457809516047,3.372705985897459,2.4560172682353003,1.8752207645888601,2.1921246136492085,3.3455245883080194,4.921835969889983,6.502138951227235,2.3706795535424674,3.4655460675552066,2.279166061971559
2012-08-24,414.0,1.9606885464799144,5.167148197834214,3.2427862619450964,7.338477643419189,23.797114485670974,2.104970804334238,2.0817716544405216,7.010590744242105,6.544462326384629,3.407835427530426,2.380535928475548,2.10650007712708,2.1073759613239864,2.0086634644104135,7.237811997865025,3.3762440988961813,2.4724081704906293,1.931099509323813,2.189955925986818,3.345236000196995,4.886546546739465,6.490738275355224,2.3724128167767926,3.4413745966112246,2.3586487809342827
2012-08-25,325.0,1.8667628283934408,4.941090485835542,3.15121650894899,7.858393487165756,24.763499290573954,1.9606885464799144,1.950461136777608,7.338477643419189,7.514275959481956,3.418771914194492,2.100179450558371,2.618043423438514,2.038585484920896,1.9913658775588983,7.351242757441391,3.4000018371428204,2.323209714290828,1.9239890874189975,2.185894160823614,3.34468361420723,4.890476270547569,6.493550301468782,2.372464012752837,3.4263420445444117,2.366766870269139
2012-08-26,260.0,1.5887204576967842,4.560476230753832,2.96224260594095,8.20154604365352,24.294969125096895,1.8667628283934408,1.6559046884291206,7.858393487165756,8.557851534171487,3.451659472786406,2.6006254465758505,1.90887744752359,1.977474059735864,1.97940897636116,7.400402404253363,3.4260889381704414,2.360446941869922,2.022792932804063,2.181344788059708,3.342584538040188,4.868344906807094,6.4922952764058675,2.3766675730768965,3.418880206193249,2.3528145908994724
2012-08-27,688.0,1.9897197962493247,4.9402857513091565,3.1971465819219125,6.811837292982072,21.778442317865846,1.5887204576967842,2.050378887253684,8.20154604365352,7.099352894563219,3.4961310995186223,4.483330693470501,1.86165422124752,1.8053906108567128,1.9698112291136833,7.349501619893653,3.455520828833173,3.0613785302015732,2.1493260651000416,2.167812645714737,3.3345987683654523,4.840923290036215,6.508193613856843,2.3653526071278805,3.4082470722597855,2.704674760540882
2012-08-28,481.0,1.7040581495809468,4.593561297332609,3.002757879327054,7.112244248589811,21.35634745715158,1.9897197962493247,2.167059975689184,6.811837292982072,6.7980399200400505,3.663659061158694,4.627824400470315,1.7861344817680918,1.815067694113183,1.961145644684489,7.3084279625249176,3.537149877821241,3.9039268468388877,2.2068719088381608,2.1599003545946265,3.3284363214951407,4.835370951696812,6.511434121831341,2.361918990841764,3.4054675194856503,3.03274064322099
2012-08-29,520.0,2.012945768158532,4.821512759984371,3.1784374616745814,6.618629134857233,21.036898787161054,1.7040581495809468,2.0500971039485374,7.112244248589811,7.140110606171733,3.419684036562629,3.9424009015031407,1.6653720950719269,1.7608328011756849,1.8950025266690267,7.353314295174885,3.526491399079982,4.351185331814651,2.13288184040818,2.1474334695450663,3.3192501253561018,4.821426498101833,6.513263847914756,2.3531094577341825,3.395857252947301,3.2319729406988995
2012-08-30,571.0,1.9492904115751135,4.783066508071341,3.140738781150501,7.017335159364505,22.03961667534703,2.012945768158532,2.104970804334238,6.618629134857233,7.010590744242105,3.2125519716117004,3.475975134277141,1.5325822047763014,1.9022412379962674,1.88969519298474,7.278816942129955,3.4319650231110077,4.015400145416865,1.9802724404321987,2.1396618057099417,3.3126663957254165,4.823241990279191,6.510243242758968,2.3393733550205296,3.3783141674221255,3.3729817079044095
2012-08-31,416.0,2.085980021788135,5.178160981798549,3.2967518771943984,7.79793375592592,25.707852748086342,1.9492904115751135,1.9606885464799144,7.017335159364505,7.338477643419189,3.1088901585477617,3.5874811402160613,1.245712184531936,1.8887647764381974,1.8674551368762937,7.2797804300045845,3.2470420555740307,3.668619058665447,1.859386257649739,2.132022794946083,3.3063944766796385,4.822372173590526,6.504952004683209,2.3328461475498923,3.36276028710018,3.545402452438769
2012-09-01,494.0,2.0008839528224387,5.450202497021223,3.3278655138410542,8.320501644956606,27.68951048210885,2.085980021788135,1.8667628283934408,7.79793375592592,7.858393487165756,3.203313355097176,3.112389281627528,2.3458467460044234,2.0160720671739267,1.8853539190631825,7.345417017505546,3.174918495085546,3.391948518706909,1.8762803870715143,2.1264678677760904,3.302255183049571,4.838038183897875,6.503920440926846,2.3239449974986806,3.359941722048077,3.6900038568772193
2012-09-02,429.0,1.639588486246966,5.097853160044166,3.1363994809246694,9.71919624630019,30.48328206190091,2.0008839528224387,1.5887204576967842,8.320501644956606,8.20154604365352,3.453745069622882,3.7151665977227646,2.0949848202135284,2.0120514620618954,1.9045140796958964,7.411432468618524,3.2553161944226066,3.4716790065221175,1.986473542364095,2.1178620868592177,3.2971043342020163,4.855261450397785,6.512801248326869,2.322078300791939,3.363065731460617,3.849224021326779
2012-09-03,688.0,1.7389767089312538,4.66957597095695,3.0352119478086745,8.250304129351836,25.041421666463936,1.639588486246966,1.9897197962493247,9.71919624630019,6.811837292982072,3.652627587998353,4.620354784739419,2.455912819755812,1.908817486952513,1.911780940917351,7.628239640425191,3.436562004239471,3.8159702213632367,2.077289822407159,2.1046754986135765,3.2907206526697172,4.854312742713732,6.520958840976524,2.3304680960019226,3.3667756538391016,3.8687988915080527
2012-09-04,494.0,1.4646011679719226,4.026675612276676,2.759598825227499,8.88317201505242,24.513991057032456,1.7389767089312538,1.7040581495809468,8.250304129351836,7.112244248589811,3.66525513188592,4.351170707258558,2.1772856949127632,1.7931497160002194,1.8759604998719122,7.833734902763729,3.590542596502385,4.228897363240247,1.953989477138345,2.0919381726335735,3.2808864787880156,4.841865556301357,6.5183758693761655,2.3282801407194387,3.3684340320629995,3.8292769353349447
2012-09-05,623.0,2.008099809764345,5.195607903763946,3.2676758185174823,8.319932721887236,27.18684296700326,1.4646011679719226,2.012945768158532,8.88317201505242,6.618629134857233,3.356378131785939,2.6006254465758505,1.6155991417382185,1.6143887877167138,1.8417523596420515,8.086724583686957,3.558086950556737,3.857383646191275,1.8998342509923527,2.0752549320967457,3.2672506252800217,4.807192347162698,6.518949806087336,2.326803813363142,3.3538045096247067,3.637594727488189
2012-09-06,676.0,2.3106912738358703,5.617774588157888,3.509950718509386,6.905483844486041,24.23790798160874,2.008099809764345,1.9492904115751135,8.319932721887236,7.017335159364505,3.418706724128107,3.0213164079777006,2.2242091224717586,1.7372258955558404,1.8410600798714536,8.329767953262673,3.4801133292666555,3.3243708539373693,2.0511088669395634,2.066045458577494,3.2608446368417066,4.8328174977365865,6.5110628618476705,2.3244440872079144,3.3636651201675134,3.572643480873983
2012-09-07,546.0,1.5862968381865838,5.259221091558665,3.174705903033977,9.786789502797138,31.070178406281034,2.3106912738358703,2.085980021788135,6.905483844486041,7.79793375592592,3.819509140012896,4.82059960254315,2.1314441106037862,1.9277974171907122,1.892688774480133,8.313789193994321,3.5315313319756476,3.480847152365566,2.2819773867163877,2.0715275544250953,3.267160463269027,4.849962155083378,6.502045341885338,2.317020198649452,3.3766668057640046,3.7488032612064237
2012-09-08,494.0,1.9350500140464235,5.556550691619373,3.334003226709695,7.372575177066013,24.58018942949789,1.5862968381865838,2.0008839528224387,9.786789502797138,8.320501644956606,3.913821419841909,5.729962646458152,2.7486676521712594,1.9683626405955994,1.8213054625370544,8.597911443547352,3.7173457613276373,4.523959552326334,2.4069047862540387,2.062204633233235,3.2653776019596727,4.857186358092429,6.526357348317092,2.3060457442604148,3.3985711416416895,4.122742313325086
2012-09-09,377.0,2.196911935616605,5.222497223689913,3.36346380875261,9.7561852494849,32.81457599812852,1.9350500140464235,1.639588486246966,7.372575177066013,9.71919624630019,3.769947610909964,4.80325636207681,1.5770543412036644,1.9440127086896257,1.8119006141404808,8.462493376705838,3.8344260569215898,5.117939537026037,2.421264241626904,2.0525928059927905,3.26053298453972,4.878251243335444,6.528982260937058,2.2888999515969033,3.4167218442597074,4.278183708232805
2012-09-10,702.0,1.71033875531323,5.027453834816945,3.1307772896346933,11.194888414278369,35.04870240741726,2.196911935616605,1.7389767089312538,9.7561852494849,8.250304129351836,3.798005884510354,4.885266131069889,1.3876470199239417,1.9060862626165374,1.891518249764715,8.467777520017941,3.8272583050874096,5.139495046534949,2.5271807640277144,2.047051824966572,3.2554571148290794,4.881922123246068,6.5492584559115485,2.285701682030094,3.4335505452151405,4.316028186280016
2012-09-11,533.0,1.8793044782235584,5.63435544833583,3.3392285760545133,9.010582619767664,30.088394970828322,1.71033875531323,1.4646011679719226,11.194888414278369,8.88317201505242,3.77517278567398,5.253850859640126,1.3310824154355447,1.9474335683254191,1.8874271135335687,8.888432417864589,3.7810420936980993,4.980791117595608,2.519181890731768,2.0381080923146135,3.2499646764407113,4.887307182156721,6.577369147512663,2.2827892027999157,3.4479202422314605,4.444982493763097
2012-09-12,728.0,1.4556426961691562,4.935972899460258,3.0542703442718206,8.815420916888236,26.924678678725243,1.8793044782235584,2.008099809764345,9.010582619767664,8.319932721887236,3.87265013132292,5.580483807353559,1.733858047690646,1.9288517230511308,1.9466704435695166,8.90663393282391,3.8152762671690845,5.239866932687858,2.7433194456816126,2.0374952133388313,3.2534149692753753,4.927259275971918,6.568262618857252,2.2817632456826487,3.469038439429878,4.87067654530277
2012-09-13,479.0,2.0116684539783543,5.180577208558654,3.265354437236022,7.644689382214233,24.96262039550435,1.4556426961691562,2.3106912738358703,8.815420916888236,6.905483844486041,3.692109486947432,5.007150911109617,2.9955612095198223,1.6817619765686478,1.867747998770204,8.977417960681196,3.779977467981444,5.2804951927011,2.688678248174188,2.0291707868529243,3.251495101455549,4.9301445674614905,6.570380230070515,2.277555636694722,3.4819756194184763,5.1543671886073295
2012-09-14,571.0,1.7050173624251417,4.671888817797349,3.026083373431312,9.195494310267376,27.826332442782338,2.0116684539783543,1.5862968381865838,7.644689382214233,9.786789502797138,3.526874291334245,5.134694323289224,2.767158070905235,1.7822052094570227,1.8250304530762729,9.083018751785222,3.697211303201532,5.2407763472508,2.575755150283554,2.037078073708286,3.2548388290968058,4.942205226342098,6.577594601535219,2.2661195563539085,3.490233089917891,5.199237862999626
2012-09-15,350.0,1.7732613266858972,4.916432710383661,3.115793687953988,9.0294580359826,28.13392835416,1.7050173624251417,1.9350500140464235,9.195494310267376,7.372575177066013,2.93949741095661,2.474984844684168,1.885565235289561,1.7241095041908838,1.8419905279674953,8.998548009995256,3.3861603964127625,4.205610026361003,2.338522762675194,2.0305853602183883,3.249694143252874,4.943330647465954,6.6023805299644565,2.2684825024485535,3.4815888262527444,4.7342410341747705
2012-09-16,454.0,1.8437973536598704,5.130826864468456,3.195209102182793,8.994263122535635,28.738551396552893,1.7732613266858972,2.196911935616605,9.0294580359826,9.7561852494849,3.1797892577484337,2.4093813759019933,1.1979677581817187,1.8299823810297973,1.8188778583445633,9.235245561269055,3.215386986679763,3.339686847958461,2.0861912850227,2.026369579586343,3.2477279977930538,4.9508737340392575,6.61751184383048,2.2724166696524626,3.475560767877892,4.392258893292654
2012-09-17,649.0,2.1866730444263567,5.863702887808724,3.4957956757427486,8.245477527061624,28.824504683536038,1.8437973536598704,1.71033875531323,8.994263122535635,11.194888414278369,3.4908109453636285,3.567840282251354,2.446569331554413,1.774025347590303,1.7684329180650296,9.126399543133445,3.2033658713562243,2.8174021676125047,1.9934430112523163,2.0212549908932766,3.245920339287999,4.967089786603889,6.626976185955831,2.2764639123538513,3.479690349767982,4.204055200604292
2012-09-18,624.0,2.4400062006568817,5.9224971594808125,3.652004703253636,8.215065168970881,30.001456634616783,2.1866730444263567,1.8793044782235584,8.245477527061624,9.010582619767664,3.818708950692265,5.153115631509938,2.9471620538733188,1.934577241590708,1.8364806736526194,8.70505513067391,3.496436384601443,3.7101124298877615,2.2272244111255715,2.023037112493446,3.2513422165380494,5.020105000532049,6.62861870584258,2.278222045960985,3.4963365913325757,4.189664453728551
2012-09-19,726.0,2.383779947767079,6.431811311329412,3.705839019111021,8.317770410544021,30.82431813940113,2.4400062006568817,1.4556426961691562,8.215065168970881,8.815420916888236,3.952126861936246,5.684370865589036,2.6083498444542026,2.1568255329143695,1.9165809197145225,8.591409780560083,3.7538822526640465,4.801775593116775,2.333051363843355,2.02354120567651,3.253879927774344,5.089926354238709,6.637524137934592,2.2762568028398866,3.5198783759124126,4.204505462047904
2012-09-20,634.0,1.9832628836589756,5.799200390619066,3.40890927373741,8.94132707373552,30.480172781176393,2.383779947767079,2.0116684539783543,8.317770410544021,7.644689382214233,4.135604646554128,5.749986644071674,3.096077397129879,2.3368197309501055,2.049171955657083,8.520316851082338,3.968813486394213,5.529157713723549,2.5336290274715503,2.0203854725114825,3.253153512789185,5.143291594399182,6.6506997415955444,2.2703083585742214,3.5444911611797414,4.310624852471056
2012-09-21,481.0,2.0439608344416658,5.605136429012634,3.380594914344244,8.727374593724724,29.503718167122965,1.9832628836589756,1.7050173624251417,8.94132707373552,9.195494310267376,4.035192626462136,5.898643885842182,3.508573727710909,2.2690163440276456,2.045114017040029,8.705550807013951,4.040974711650837,5.7776671318342965,2.551200338364389,2.0108010789927016,3.2477705816187106,5.162832988505226,6.66576831185186,2.2607584071309526,3.5674142920799934,4.419760504264335
2012-09-22,338.0,1.7035494671162084,5.048626306794602,3.135655646337403,8.1274945427929,25.48502415368499,2.0439608344416658,1.7732613266858972,8.727374593724724,9.0294580359826,3.751709700316303,5.318150211956532,1.8295731222179328,2.1370012219559067,2.0935345130423895,8.638676561793572,3.9741689911108558,5.655593580623461,2.802335709159277,2.002029463169741,3.2415316905140785,5.174579086450773,6.678380669737954,2.2608263370714416,3.580024676433752,4.825926985303245
2012-09-23,245.0,1.7918443785309512,4.754320622575996,3.0755860035075706,7.723964066874561,23.755715775674812,1.7035494671162084,1.8437973536598704,8.1274945427929,8.994263122535635,3.149633278976566,2.970650699928832,2.7669306428306317,1.9102577284056166,2.0835756759610056,8.509824634195043,3.6455118685850016,4.72914826590918,2.778378686561596,1.9928778576002675,3.2342223722620784,5.174991440695828,6.684713774977746,2.264440265144105,3.571417938148623,4.906108317307078
2012-09-24,593.0,2.0140111355169887,4.995992071390653,3.221141676200713,8.32857558195927,26.827521910436616,1.7918443785309512,2.1866730444263567,7.723964066874561,8.245477527061624,3.3351173907789,2.6178786574218638,2.0640809490024443,1.8464515600296083,2.0761538223711598,8.328353340529176,3.4121534566905893,3.635559856435741,2.569968781745445,1.9886362227887013,3.231343182284019,5.161230521520554,6.703239101381129,2.260946645580221,3.5686294540347703,4.770399513760009
2012-09-25,554.0,2.2252877412999528,5.5314443499589805,3.445468769160822,7.134844085423479,24.582882469158406,2.0140111355169887,2.4400062006568817,8.32857558195927,8.215065168970881,3.226933057007661,2.474984844684168,2.1567003686388757,1.8364683270547157,2.051487835384107,8.34022449122884,3.2372279089210423,2.687838067344954,2.2998351423536967,1.98476815026221,3.2271965835725216,5.16306057437239,6.712135979602178,2.255507139039245,3.561138573508812,4.387809401356327
2012-09-26,374.0,1.607447350754781,4.285485664491071,2.8815839213103445,8.957235428191838,25.81102558926898,2.2252877412999528,2.383779947767079,7.134844085423479,8.317770410544021,3.549104048484858,3.985438102529309,0.9477231311956856,2.0103810851159643,2.020813769761689,8.18590719357921,3.370384832090473,3.0261005348784455,2.2096729322039512,1.980693853423007,3.2247557230898307,5.195426178345895,6.708684469612131,2.2585949005870307,3.5629043384743535,4.145104720919223
2012-09-27,413.0,2.0735313789825267,4.766328658497844,3.1954325436740074,7.865793075555631,25.134611175436124,1.607447350754781,1.9832628836589756,8.957235428191838,8.94132707373552,2.835020801996716,2.7795896543230474,1.3297570535624192,1.948915409190574,1.9099091130456463,8.27725933895747,3.2036859691630784,3.0800042005121733,1.7880853202342153,1.9758719093118542,3.2193632636953313,5.173599508785292,6.732040741785761,2.2597449716512803,3.535283063168954,3.720762293812276
2012-09-28,454.0,2.2523750186960347,4.973640457856932,3.3483270804755456,7.363055883428698,24.653919409539103,2.0735313789825267,2.0439608344416658,7.865793075555631,8.727374593724724,3.0030306324261646,2.3363588680101466,2.8593358113182243,1.9687554903457534,1.9228046123775822,8.123611624931772,3.1290518276359127,3.0337955416208335,1.5942749868576835,1.9778476536568295,3.219268890934901,5.1793584208241334,6.7580067933437675,2.2597271739752394,3.521394616364405,3.2118644341219853
2012-09-29,270.0,2.4080152505717884,4.892891114202573,3.461305831382091,7.2144671415512835,24.97147718736594,2.2523750186960347,1.7035494671162084,7.363055883428698,8.1274945427929,3.294937682801829,3.8313571198230982,3.466042921330719,1.977784582811114,1.9525780672710635,7.9287089520323395,3.04432970574157,2.982435214052096,1.4464579344432773,1.9861822142018677,3.2239603640452876,5.184429344086552,6.762018254446712,2.265962138414744,3.5241408067374094,2.9994654209600666
2012-09-30,438.0,1.6372267152438158,4.424612444536126,2.933200239066414,9.630604945986656,28.248492729922248,2.4080152505717884,1.7918443785309512,7.2144671415512835,7.723964066874561,3.2853480442228955,3.7283406065950127,3.507719311855117,2.244640549416783,2.053216036336146,7.79827646614068,3.1944387864836297,3.2986855314760852,1.516009244136561,1.9909833351614767,3.2278004826211175,5.188090164290927,6.7663792710420525,2.27508931001412,3.5300227362599137,3.107706836198092
2012-10-01,557.0,1.9530057730376724,5.116214232470759,3.2269316400899584,9.000295971157554,29.04333983950249,1.6372267152438158,2.0140111355169887,9.630604945986656,8.32857558195927,3.094141777288109,1.7849832905214589,3.468124594399808,2.0992056615038797,2.0311277987236984,8.070653734585266,3.224809168104278,3.114893672313189,1.5160700795096564,1.983767211968231,3.2236773220634043,5.162971879715513,6.786381017261398,2.2700536405912417,3.5263836836662787,2.988721783783749
2012-10-02,501.0,2.055598619924944,5.44596064288925,3.3467777059828623,7.590527238280776,25.403807337733767,1.9530057730376724,2.2252877412999528,9.000295971157554,7.134844085423479,3.3260065701663044,2.735222402337281,2.279699544888751,1.9994159129510922,2.022412746940939,8.166613790185021,3.2351654638924363,2.74951543315125,1.5819806167374237,1.9817197171505296,3.222874119182745,5.15183893756383,6.804485993024493,2.2683149649156484,3.5221257336843923,3.025898577734193
2012-10-03,439.0,1.921224170224334,5.199811496221697,3.2373107504889904,7.433412151378245,24.064265070472285,2.055598619924944,1.607447350754781,7.590527238280776,8.957235428191838,3.5871572936215315,3.893650872850957,2.7056707267598976,1.8819437027354773,1.9981714438873663,8.231711383450348,3.335768547025315,2.8046188552365643,1.4908251071671346,1.9795010058860965,3.223011461928758,5.163442520325333,6.810216859104179,2.265505424330199,3.5199433905384985,3.0127861163515717
2012-10-04,645.0,1.934921878538595,4.963594779136659,3.181193018708411,7.259687178682993,23.0944661708333,1.921224170224334,2.0735313789825267,7.433412151378245,7.865793075555631,3.609819215263428,3.3805070699684383,1.162057895378656,1.9766095210623167,2.042996703811588,8.01402234390555,3.507661026350421,3.3364601150522244,1.7170301978247324,1.9739400660600377,3.2209116665758932,5.1811170378341584,6.811140605105811,2.2703218216150884,3.5180955266510816,3.09863146144377
2012-10-05,611.0,1.8434739961084687,4.93217418363513,3.140777608258745,8.821275994510716,27.705666119829647,1.934921878538595,2.2523750186960347,7.259687178682993,7.363055883428698,3.5923141207724645,3.720495517103238,1.4004664776051683,1.970581556229291,2.0231953466053123,7.9274357872094585,3.5964302098858076,3.664884486640877,1.9570265364990753,1.9686865067909607,3.2178516602738854,5.212347676729491,6.8167753991617,2.261326824722869,3.5259600596172995,3.2963652684570692
2012-10-06,408.0,1.6180754956773422,4.613946727733294,2.985645120659357,8.296911119146491,24.771632199424086,1.8434739961084687,2.4080152505717884,8.821275994510716,7.2144671415512835,3.729756792277292,4.29728315633443,1.5751074455884773,1.899873348290466,1.9647809148070883,8.135752945935462,3.643963376104395,3.799428581135368,2.0383076144939456,1.9683783178185752,3.220010957762303,5.2035665527251975,6.842510775685535,2.2589855013271793,3.536328395222272,3.3629261308158305
2012-10-07,310.0,1.5567964614496743,4.450864262393525,2.919878342333718,8.537439213915656,24.928283859702926,1.6180754956773422,1.6372267152438158,8.296911119146491,9.630604945986656,3.5759197499000783,3.169926178907204,2.8765838408069007,1.7988237901081352,1.851932378393596,8.290387799877633,3.6326635543166113,3.7292349507816236,2.0759175947175668,1.954578166914359,3.2109589887334717,5.170105624044378,6.857004718680658,2.268022969900214,3.528208748885178,3.283152641146144
2012-10-08,691.0,1.781435056587039,4.260669519831938,2.931961026662492,7.808698785078992,22.894800506798354,1.5567964614496743,1.9530057730376724,8.537439213915656,9.000295971157554,3.427998656164915,2.4093813759019933,0.5170113106116566,1.6727819844118283,1.8404423421372902,8.134221266724634,3.5778917327807616,3.292196903714542,2.130349581201639,1.9433213508268052,3.20382160535243,5.143160396405539,6.868958231165652,2.2708157475887316,3.5120146567626116,3.372352367629077
2012-10-09,541.0,2.044032512973321,4.755560671871047,3.17733391555267,6.588362928572951,20.933428980924752,1.781435056587039,2.055598619924944,7.808698785078992,7.590527238280776,3.377519260673508,2.569924635383218,0.9230272112530282,1.6521023379046849,1.8159322397871998,7.963993097284837,3.460479222246167,2.7164107300641382,2.0584208619875275,1.9381012296317208,3.198639923523776,5.099964357345957,6.875657053108119,2.2752393921122454,3.49893371175473,3.3487384009213534
2012-10-10,427.0,2.0734873813963577,5.304210609970445,3.3202398588703943,8.158975089196105,27.089754298679537,2.044032512973321,1.921224170224334,6.588362928572951,7.433412151378245,3.418771914194492,2.791635212160688,1.6709513598590553,1.7940880103366779,1.8142799387941106,7.8208267673265786,3.408096610344305,2.5903137411486323,2.0100048715736256,1.9343324991493291,3.1951435410814337,5.084399805618662,6.876707378774875,2.2895542389572268,3.486292579410868,3.1913075922513157
2012-10-11,414.0,1.480188839335669,4.279375371168564,2.845335660189789,9.900377982768108,28.169898523727944,2.0734873813963577,1.934921878538595,8.158975089196105,7.259687178682993,3.662657914260205,3.798441116073623,1.6489170632316414,1.9663183169855725,1.8360318261043997,7.924478615586272,3.4863163630427345,3.0533336545391756,2.1753353737272385,1.936060137623328,3.197643789019627,5.093625031457113,6.882242898698393,2.2939231653702756,3.4825420836970755,3.2510124559806277
2012-10-12,411.0,1.099958234971271,3.861621903238866,2.6228690191932498,9.822728100311164,25.763729218265116,1.480188839335669,1.8434739961084687,9.900377982768108,8.821275994510716,3.703270369144777,4.704426594683612,1.4008923252168346,1.8659029112351158,1.7710699633611244,8.301720159027003,3.5949000658664914,3.764834307639307,2.134851989434266,1.9301264288939557,3.195015433457015,5.04845902888487,6.912028212919132,2.2961204887052027,3.4768960916244707,3.39157403849211
2012-10-13,438.0,1.4089456260814406,4.317232312938144,2.8434281442286182,7.686991555817853,21.857408134260215,1.099958234971271,1.6180754956773422,9.822728100311164,8.296911119146491,2.7942421680454497,2.516273242182367,2.036481206182849,1.5512114852344325,1.6648534260558105,8.444784745569924,3.3867234838168105,3.6730469843132005,1.947040233331664,1.9127214343679313,3.18450129111823,5.012647329010823,6.948708901211777,2.2885673476936406,3.4469671809944047,3.1371440507561013
2012-10-14,246.0,1.3779380031888149,3.44069651536411,2.533052827928572,8.64755520287922,21.904714161321643,1.4089456260814406,1.5567964614496743,7.686991555817853,8.537439213915656,2.692484442957045,2.316540904798906,2.2384952738148773,1.3296975667961268,1.6349777303992532,8.35765337938012,3.063332326715757,3.1790802472216284,1.8226751445607865,1.9010812619419426,3.1781273755858925,4.9838691658234735,6.963055533263323,2.275483044511037,3.4191541860484977,3.01523186874063
2012-10-15,477.0,1.7918902670361043,4.146280541817192,2.9049935214020484,7.838947478212413,22.772091638817983,1.3779380031888149,1.781435056587039,8.64755520287922,7.808698785078992,2.775202359146358,1.5678761255435572,2.1004469452148418,1.2956139547471757,1.6094265220762731,8.373384234946341,2.753976323382951,2.1335634241749433,1.6615748579132712,1.8903686295331872,3.1680412168218948,4.942829422409033,6.979395619548328,2.2730540372313706,3.4136776843214895,2.8950168329751387
2012-10-16,541.0,1.8138691398609543,4.683575165120943,3.0623483314661897,8.029253911910615,24.58837232005785,1.7918902670361043,2.044032512973321,7.838947478212413,6.588362928572951,2.8551680651331384,2.0721120843706045,2.603001581973429,1.5262579654354533,1.610920123568997,8.377705476822545,2.774284955745514,1.9855097049043557,1.6974386089501354,1.8861814084811293,3.163755621603454,4.917157683456817,6.997714964039855,2.282988860444,3.4028569779009796,2.8239007542590513
2012-10-17,696.0,2.0189081698251274,5.386947581777119,3.318364131318861,7.504061091594659,24.901207165573176,1.8138691398609543,2.0734873813963577,8.029253911910615,8.158975089196105,3.0993841942746214,1.9613059641383868,2.2399189058231466,1.6612324700286243,1.5780396416958016,8.583547045870782,2.909918206184706,1.8670980580175158,1.6700874349464778,1.88171636657147,3.161918222651704,4.902249293478566,7.0134563802804815,2.276557042893279,3.389809419531346,2.7052822902558655
2012-10-18,390.0,1.9534333130069093,4.590712520699298,3.0937200424648927,9.275212245287957,28.69491002136315,2.0189081698251274,1.480188839335669,7.504061091594659,9.900377982768108,3.4538283841413517,3.620740602160048,1.9121869247969905,1.8748891922407287,1.5702426114713401,8.48998790335629,3.136126881183037,2.55138621688968,1.636698889389677,1.8828571504555953,3.167005781680606,4.88635744994418,7.01664622750927,2.2766830035888295,3.3776467339796494,2.6798965025539263
2012-10-19,529.0,1.5519025258936885,3.8228552826308495,2.7169981327878374,8.973737186849663,24.381627180799313,1.9534333130069093,1.099958234971271,9.275212245287957,9.822728100311164,3.586554731157786,4.239987503626308,1.7819162306053389,1.928736874230997,1.6378489648529462,8.400678512287698,3.3799224365245863,3.2740113566415814,1.6461397289636184,1.887815960865225,3.1726086158896836,4.841964628651462,7.035173917410383,2.281907418168489,3.3654609962870334,2.6135480609743107
2012-10-20,361.0,1.6182814054831145,4.348990913949679,2.9041016983892827,8.99884019491658,26.133547093590984,1.5519025258936885,1.4089456260814406,8.973737186849663,7.686991555817853,3.4752100208110006,3.383577962416492,1.5329801716840683,1.8414146695752418,1.7024124349847198,8.279394096078912,3.5051977120367126,3.748102022734283,1.6730420322370025,1.879508021509225,3.164579218984278,4.754999427694844,7.05784640057896,2.2838045054197043,3.3434478420955958,2.737448735293472
2012-10-21,242.0,1.4530104605775511,4.427821680937938,2.889051800275322,10.164354589157726,29.365346924442857,1.6182814054831145,1.3779380031888149,8.99884019491658,8.64755520287922,3.4391189979197687,3.738803240052557,1.8995833409175664,1.707872414794571,1.7323175463278164,8.466801044521587,3.500294583296185,3.7874562353651187,1.7466251247962412,1.8703617120057907,3.1572349792036345,4.706659111805864,7.083091442073948,2.284783707863236,3.3235787211441834,2.9406290689011363
2012-10-22,463.0,1.6989441846801705,4.738445554840523,3.0425913116192422,9.444300476863386,28.735146575226004,1.4530104605775511,1.7918902670361043,10.164354589157726,7.838947478212413,3.5190403693031143,4.2421476559415785,3.2577604602901302,1.541064797318118,1.7430421830976357,8.683486671132801,3.4777897960112942,3.788176286136876,2.0150388421393477,1.8604102679496075,3.15040356469036,4.667415286870041,7.12499493632969,2.289172306487338,3.3158230767770775,3.3226678589579968
2012-10-23,348.0,2.1519727282439254,5.059359194318157,3.302756518221029,7.549780264345038,24.935085979202054,1.6989441846801705,1.8138691398609543,9.444300476863386,8.029253911910615,3.5596863942671586,3.896129017406384,2.319617891922619,1.5900786835802787,1.729764171332502,8.912822813797225,3.5059485871633473,3.9590266378001733,2.022477540429518,1.8536431576220394,3.1465569819728194,4.6570759284715715,7.164715580733755,2.291029419590785,3.3294915139534305,3.5832417065345368
2012-10-24,383.0,1.809276254629265,4.456420486175417,2.998340084129523,9.060471977732728,27.166376311968335,2.1519727282439254,2.0189081698251274,7.549780264345038,7.504061091594659,3.631721003772258,4.898727371263108,0.9252366131049352,1.7679757911672158,1.7780646839586411,8.844326578430715,3.570149255780844,4.345668014870357,2.037904981115247,1.8568312273181067,3.147556486244085,4.667243880862977,7.166015251422738,2.2959743739266982,3.339378301053209,4.002873336123782
2012-10-25,374.0,1.6991156278270838,4.149895525506638,2.8701533318280306,9.052626756720883,25.98242684759802,1.809276254629265,1.9534333130069093,9.060471977732728,9.275212245287957,3.1770922276229245,3.156406227335878,1.0416313034008464,1.8867310558511203,1.748117267502089,9.066670990736155,3.456166541887447,3.983754205335124,1.7728726773442784,1.8558731177553702,3.1450085458304273,4.649258161355802,7.169547825796524,2.3001948557784933,3.3377169400737183,3.9365398540060434
2012-10-26,553.0,1.7945887086462735,4.446252499602819,2.990159042316918,8.035411512139323,24.027158391760857,1.6991156278270838,1.5519025258936885,9.052626756720883,8.973737186849663,3.4045703333802364,3.006860477073259,0.6542142240727333,1.886788203566758,1.711786169619257,9.034873063798,3.4044611882584728,3.6873313585574152,1.5947294607571094,1.857713037257542,3.1434737245952116,4.603206533874058,7.1865507621767115,2.304838986456301,3.3328991495702307,3.7603788502127506
2012-10-27,309.0,1.536083314844176,4.33440964609067,2.8780073449192565,10.102645567115292,29.075488145273777,1.7945887086462735,1.6182814054831145,8.035411512139323,8.99884019491658,3.553342260065929,4.179280071362104,1.7840264289421182,1.7676601970342076,1.7464556242981977,8.90082653883938,3.3783349403563627,3.447515591923747,1.6186450063306246,1.8544608524641577,3.1400239322684618,4.608565428377783,7.198663433354724,2.3005200603619507,3.3568431981725384,3.874050580062124
2012-10-28,297.0,1.1416761364387822,4.3999821634756575,2.83073763498973,8.891190435912234,25.168627386797507,1.536083314844176,1.4530104605775511,10.102645567115292,10.164354589157726,3.6985057897603646,4.722321436820379,1.7081251228919618,1.676595883772511,1.7347130399212065,9.058513020582053,3.5521394610688435,3.9694873284185803,1.6714985390318315,1.8516612718852117,3.1379447566949987,4.594168127964211,7.225994524387428,2.294851033686268,3.380025703417011,4.014553179600385
2012-10-29,337.0,1.788156706554994,4.646250940619294,3.0438478902912123,9.33702187784912,28.420474344493936,1.1416761364387822,1.6989441846801705,8.891190435912234,9.444300476863386,3.7299056151371146,4.968210238825742,3.024040641392524,1.4907827199764105,1.6902367079013823,8.876632427261269,3.660584554987803,4.623270582336075,1.6147147697609712,1.837140111356549,3.132149759583584,4.575046184818167,7.248641179618365,2.281682688208414,3.394524634494854,4.118276405726694
2012-10-30,369.0,1.9071949497184184,5.149256610985788,3.219724272229872,8.510763985469115,27.402313379234748,1.788156706554994,2.1519727282439254,9.33702187784912,7.549780264345038,3.541292453139653,4.704426594683612,2.38570376894021,1.4886387192793176,1.7029813538835,8.861306913116374,3.656567952679044,4.798319423443245,1.608928625572769,1.834454549606214,3.1305349114025964,4.566824845698724,7.273232383228081,2.2738262047662063,3.4030561147920793,4.23374748819487
2012-10-31,526.0,1.7910175133741055,5.411084026701134,3.256425338397667,8.743302556745581,28.471911987063415,1.9071949497184184,1.809276254629265,8.510763985469115,9.060471977732728,3.8495262152647833,5.522400404402548,1.113552736018624,1.6123425975707315,1.6680130998084273,8.998590301848385,3.70690809451385,5.065012412637301,1.8278619965419989,1.8314747984050517,3.1292511179865206,4.590979651247047,7.2856147243537865,2.2867504698941,3.4282355960579682,4.322843635786218
2012-11-01,490.0,1.575115523979293,4.140775930209911,2.8203228844783776,8.937554510548905,25.206789517374023,1.7910175133741055,1.6991156278270838,8.743302556745581,9.052626756720883,4.122447155408352,6.175992986937898,1.5567129513155182,1.8287897232158394,1.6654047082005476,8.953280384564506,3.8377552746042625,5.46760666200802,2.1303071894213494,1.8279770244142461,3.128060448395798,4.600808644388059,7.3002983908573125,2.2892457419632697,3.4547836155660367,4.754213172872221
2012-11-02,335.0,1.660047734924019,4.678061780524829,3.0140134467031614,6.617309929476432,19.944661108444315,1.575115523979293,1.7945887086462735,8.937554510548905,8.035411512139323,3.26166764566346,3.54230722207988,2.533110245474477,1.7577759956906058,1.6476904076508632,8.936841492254224,3.7445470054455314,5.080233537806776,2.16538043985748,1.8269024750431184,3.122792505121693,4.557302487298748,7.322216093098862,2.283100388086782,3.443933960634101,4.830705565016023
2012-11-03,307.0,1.633461477305921,4.459818471985489,2.941238239964221,7.289970331146881,21.441539506173843,1.660047734924019,1.536083314844176,6.617309929476432,10.102645567115292,2.9620729771380194,3.5735070638578628,1.8360973169733104,1.6753935907591393,1.628470268547684,8.734255551873812,3.4487292594032772,4.430602424291881,2.2103908004033017,1.8255869921429977,3.122439196769934,4.539910830108853,7.327064503723469,2.277849735581438,3.4223424193632543,4.744166563943989
2012-11-04,321.0,1.5220839896554792,4.51673903211096,2.9307934338143373,7.691468576398047,22.542105600096704,1.633461477305921,1.1416761364387822,7.289970331146881,8.891190435912234,2.982928035028366,2.538761952571278,1.8161172076920669,1.6228749120697443,1.6423814346136474,8.332444803878323,3.068889552609948,3.218192079503007,2.1111206488926286,1.8284013306318978,3.1254665203488794,4.523118286537146,7.3445367785623255,2.273419988999131,3.402029549838451,4.432229494765546
2012-11-05,488.0,1.6482068006376414,4.697852906416033,3.016601431575331,8.679822648181789,26.183565426325167,1.5220839896554792,1.788156706554994,7.691468576398047,9.33702187784912,2.9947005995052542,2.656438947319275,1.1688145149957443,1.6051977339618064,1.6967254136446044,8.161055966804868,2.9799005372238803,2.922902654582805,1.9881174826249295,1.8203010669634165,3.1198518139371605,4.509270448153007,7.358035493709934,2.27207800964246,3.3775276767460496,4.101976453121765
2012-11-06,488.0,1.725058894773138,4.605083961410384,3.010263943082081,9.624837852593265,28.97330234567307,1.6482068006376414,1.9071949497184184,8.679822648181789,8.510763985469115,3.103262937575489,3.56215992430993,1.138701252830024,1.601250755866347,1.6767325699421254,8.06717036256668,3.026963857369703,2.919120274733494,1.9746302403797824,1.8092596590767793,3.111629325821592,4.512067320775766,7.373985398648791,2.2709599670930696,3.361772449668563,3.938795500211239
2012-11-07,396.0,1.820770037336725,4.358027708980347,2.974447818956588,8.432736699639706,25.0827352840785,1.725058894773138,1.7910175133741055,9.624837852593265,8.743302556745581,3.05401516461774,3.502232847378408,1.280961555033232,1.6317832283554197,1.6507131335213712,8.226323772155842,3.050659567232828,3.2402772396692043,1.7430695528608768,1.8115723600198885,3.1088886264890614,4.517207977409661,7.399723331907593,2.2761173988133923,3.3493063332836575,3.650200134922076
2012-11-08,499.0,1.786625921329296,4.297586404827383,2.9441294061035173,7.484738362057667,22.03603830872505,1.820770037336725,1.575115523979293,8.432736699639706,8.937554510548905,3.174736102474781,2.5610080508727786,1.9266876802239643,1.731345244249168,1.6549634940874596,8.181957221140719,3.110671401556003,3.2084669408537057,1.4927048661936175,1.8096676937413938,3.1028960363598426,4.5204532503812755,7.416748711604705,2.2732843414202977,3.3425468946770334,3.1337737154842022
2012-11-09,422.0,1.9315105969109017,4.735735869192053,3.1204251732260984,5.576023138656877,17.39956296835612,1.786625921329296,1.660047734924019,7.484738362057667,6.617309929476432,3.1991082979729843,1.9850711382855943,2.135623860578456,1.7774849511463866,1.6851792651374602,7.97441205707054,3.142619855021835,2.682770678845594,1.535043710174485,1.8028295935032719,3.095907129649025,4.505187441479819,7.43692831511592,2.2633887914639046,3.335224774136316,2.911311417799304
2012-11-10,345.0,2.059097743742243,4.706859443035847,3.174144662042928,3.163172279073037,10.040366404741844,1.9315105969109017,1.633461477305921,5.576023138656877,7.289970331146881,3.2985871426945708,2.3265938335186336,1.7955943076558951,1.8463021851923076,1.723959673992729,7.825656801239176,3.224143847714112,2.290891007559002,1.6223166618961256,1.8065157908632332,3.095734594375548,4.486238283453873,7.44158155674152,2.2555143830300626,3.323089081750795,2.733180956322271
2012-11-11,243.0,2.008784733772492,4.471696823611025,3.095291054316721,5.766012477291833,17.847486840040006,2.059097743742243,1.5220839896554792,3.163172279073037,7.691468576398047,2.842005800767585,2.534240707241588,3.348650804476677,1.9257447539941468,1.7847648549122037,7.236114222371484,3.113233747145047,2.2819685596819386,1.7100135758411468,1.8095123452885447,3.092983195808688,4.500487752516116,7.429399572519471,2.252447987315895,3.2943802628048884,2.732535064132315
2012-11-12,439.0,1.8466959357915411,4.3603431727485695,2.986067663359699,7.470242032896148,22.306648171901607,2.008784733772492,1.6482068006376414,5.766012477291833,8.679822648181789,2.797025372090326,2.100179450558371,3.285930865151198,1.9997976914752122,1.8542935326432055,6.961049065356311,2.979206105184161,2.3203379971061975,1.8523580973565157,1.8187313792486002,3.093666874309436,4.520823583195187,7.427221977037231,2.239109003492914,3.294473036273051,2.6530694217379005
2012-11-13,361.0,1.8398590261700676,4.338080630516124,2.976340329459343,5.451641097118087,16.22593925909054,1.8466959357915411,1.725058894773138,7.470242032896148,9.624837852593265,3.09788513415846,3.031925840684567,1.3842140058829389,1.9715261377687587,1.8826491233794767,6.788251834601219,2.912305435672124,2.555448666161509,1.8320562501538382,1.81598183727882,3.089012094744831,4.522260611855535,7.437899447863356,2.236241970168282,3.3079863926464315,2.577321695505706
2012-11-14,359.0,1.9251549195328872,4.763191537063654,3.124007725726341,6.993629629478844,21.848152993360554,1.8398590261700676,1.820770037336725,5.451641097118087,8.432736699639706,2.830565657612678,3.056710118064028,1.596034078853984,1.8984465652447,1.8990491421504667,6.192080869533337,2.908492054620488,2.7296051364356555,1.8902421424018763,1.8182291983412353,3.088183044011965,4.552173415693935,7.438117900727173,2.2185886266660875,3.3098318359286423,2.5136755913179374
2012-11-15,309.0,1.7610387504537877,4.807145757463902,3.0807228373949536,6.737083358071138,20.75508655864324,1.9251549195328872,1.786625921329296,6.993629629478844,7.484738362057667,2.8522701656213667,2.6521667558434907,1.231796619649253,1.8705699604981652,1.9139612681784897,5.986494145224641,2.926906985797501,2.9136009048640283,1.8942489364600938,1.8207607582220184,3.0883199446415044,4.572737115535484,7.439861773720895,2.2024129361685736,3.30973523927825,2.52669826345661
2012-11-16,243.0,1.9491052303073315,4.745464044410048,3.130816797732165,5.796436313874861,18.14758017846413,1.7610387504537877,1.9315105969109017,6.737083358071138,5.576023138656877,2.8231765370962525,2.74752081805642,1.2746016967045617,1.8420175653855806,1.9103059580534172,5.87968628751228,2.8353374534434326,2.8187992306546463,1.887679135321964,1.819381448168584,3.086411840228373,4.5768561352802495,7.442641881827805,2.188760540831089,3.3005283173723043,2.635619646281014
2012-11-17,243.0,1.971811135055805,4.751838328811101,3.142134900306153,6.182060929012833,19.424869400870303,1.9491052303073315,2.059097743742243,5.796436313874861,3.163172279073037,3.1273695499304712,3.487743619804402,1.7011836119398651,1.8784329667646686,1.91281947711005,5.911173883971992,2.93427208421603,2.962477064568104,1.7748306319108818,1.8154219845999335,3.080328858928197,4.555473350701347,7.445175829027006,2.1807110720592195,3.2896463562319416,2.8014981871789812
2012-11-18,318.0,1.7874615960854408,4.227943222437141,2.926212163796413,6.968311501511425,20.39075787684518,1.971811135055805,2.008784733772492,6.182060929012833,5.766012477291833,2.897975889466177,2.4564878309801075,1.7277259918443368,1.8939850386056412,1.9003499615834158,6.342443691106249,2.9495073254976334,2.8972507562803096,1.765269472137511,1.8076187335065823,3.0718310288790724,4.560844210971741,7.465896237496725,2.179431411212323,3.2666937281755546,2.7903906334273407
2012-11-19,411.0,1.9663646277318083,4.659596009831001,3.116307142873464,8.162348160645157,25.436383875638587,1.7874615960854408,1.8466959357915411,6.968311501511425,7.470242032896148,2.858183305242001,2.657048550528695,1.5333780584803829,1.9027926538161921,1.8687323704852659,6.514200694566191,2.961176248212883,2.8670933337710682,1.7308719210852066,1.7976800943118882,3.0588372479571624,4.574347142298617,7.480852401333382,2.181248660829738,3.2461261709899216,2.86994336199453
2012-11-20,459.0,1.8722563601853308,4.897678236159981,3.1410234521339944,6.832830849703725,21.462081943384046,1.9663646277318083,1.8398590261700676,8.162348160645157,5.451641097118087,3.0614486120618096,2.3215736951789,1.68058591374901,1.9085457862910176,1.885827897905304,6.613072998530336,2.9392026022566626,2.4783700255625676,1.7515395031534255,1.7973984567131018,3.0539605457760968,4.584700645494661,7.503016276796547,2.1917664717882506,3.2335371581279895,2.768464484065149
2012-11-21,478.0,1.7316246227901286,4.865607884458787,3.089136952394849,8.411639956528532,25.98470781995329,1.8722563601853308,1.9251549195328872,6.832830849703725,6.993629629478844,3.160428817985572,3.3681825807713848,2.2069447409054685,1.8753608613341932,1.890456088478913,6.810385820328284,3.0266869117631274,2.7822682754929935,1.8283639095429827,1.7945367154754963,3.0499676880725923,4.600362530668729,7.494068401375229,2.2003289464197877,3.2215834397507384,2.8129605501661996
2012-11-22,473.0,1.7513417575210424,4.322910615018239,2.9375263978625124,7.547241326123065,22.170220626525378,1.7316246227901286,1.7610387504537877,8.411639956528532,6.737083358071138,3.3589978640183773,4.3098337855838125,1.8456750172644016,1.8567485369024226,1.8628089032299475,7.012958724192525,3.19362509802192,3.3331966871780323,1.8694581139006685,1.7950046347367286,3.049192376506883,4.604601274989338,7.507745220253788,2.187096676258238,3.214893822075779,3.0497701258433887
2012-11-23,446.0,1.952118619717835,5.2335665907827655,3.256129811360026,9.27139597341554,30.188868821961645,1.7513417575210424,1.9491052303073315,7.547241326123065,5.796436313874861,3.1849559873611324,3.687958684667457,2.2710133473121434,1.785074246832167,1.8614236185252697,7.128695576771372,3.234794223121694,3.7886583503408846,1.8272321025028404,1.79432959105323,3.046891383079465,4.580052989012674,7.515357710721714,2.1812163492495626,3.2000016548620747,3.184118392502108
2012-11-24,411.0,1.782891301727754,5.2619987748797605,3.213813951753262,9.749842475356452,31.334179774697127,1.952118619717835,1.971811135055805,9.27139597341554,6.182060929012833,3.4110219044392105,4.121086777307368,1.5590706815211226,1.8116950000096688,1.8618541027267703,7.625118385277182,3.3183252519395734,4.039626415852879,1.8886168727106867,1.793298049123244,3.0474745186654544,4.605957859166253,7.531685677434872,2.175145170235258,3.2077993107559504,3.274595986431103
2012-11-25,244.0,1.3890842586213792,4.83632983286099,3.0108635353481925,8.103851913795491,24.39959222310851,1.782891301727754,1.7874615960854408,9.749842475356452,6.968311501511425,3.766511836195668,5.074023105776127,2.135027237580606,1.8287838929888771,1.8348655551084772,8.134801463326271,3.4541632426653366,4.294356189250317,2.138434956284367,1.7859247751303742,3.043613605041995,4.64302796747869,7.558958684621639,2.1759892995993924,3.219864027516465,3.6485295971162492
2012-11-26,512.0,1.874806667736436,4.552463262216721,3.0477839206195205,6.882342283515932,20.975892147899692,1.3890842586213792,1.9663646277318083,8.103851913795491,8.162348160645157,3.371145828481541,4.541282523318522,1.5614256168879048,1.708031393355656,1.7779545068993254,8.297021522223995,3.5162265230388066,4.578797468800672,2.1395507543028245,1.7822853902614841,3.045768265275959,4.656030545253961,7.584326226089139,2.178185739903903,3.2137908131303186,3.917705878943367
2012-11-27,411.0,2.039343530994843,4.938248894045919,3.2181564864817536,5.872613961271356,18.89899071206872,1.874806667736436,1.8722563601853308,6.882342283515932,6.832830849703725,2.9260252466158185,3.1631763601584817,1.6345973057821028,1.6822607426951894,1.764874798328558,8.114163539776962,3.354560970431009,4.25949399641771,2.101766853774616,1.778973311740716,3.043307454891717,4.663298999124831,7.59846059707496,2.1824502410127242,3.188041461692167,4.037934831083307
2012-11-28,576.0,2.0660846273119238,5.377474981055838,3.334342729843807,8.267057431554369,27.565202844104526,2.039343530994843,1.7316246227901286,5.872613961271356,8.411639956528532,2.9783051420879123,2.823241250949408,1.4170052170278908,1.7677448191175527,1.7887443941584884,7.976989698572338,3.091825405728424,3.5092333781421368,1.9613921326527728,1.775422786945696,3.041137944991821,4.681241223477173,7.598437322588681,2.1840066739324304,3.162988112590527,3.9600860696801683
2012-11-29,421.0,1.961197221643373,4.785715981108904,3.145045432818085,7.881173757085001,24.78664952996593,2.0660846273119238,1.7513417575210424,8.267057431554369,7.547241326123065,3.2381867062675536,3.9327738186002144,1.778746898850808,1.9934116086810676,1.836524394804459,7.956335052147458,3.047505698323761,3.3063971432360346,2.041240299007477,1.7697239432246983,3.0390218932995166,4.705615358158392,7.602998860211003,2.18054776707063,3.152884587694791,3.9062203601110825
2012-11-30,379.0,1.5971389851929183,3.8900559742203673,2.7528089856318183,8.259832999618569,22.73774250116821,1.961197221643373,1.952118619717835,7.881173757085001,9.27139597341554,3.2345879097313466,4.1682976357278285,2.030230489946012,2.02220845998338,1.8665037468219345,8.00403968514202,3.150359919362271,3.641437568425817,2.1194145346913875,1.7751234516646908,3.0425526465287107,4.693497337162495,7.618433250792095,2.175297243096774,3.1323866441770094,3.9748402102625637
2012-12-01,403.0,1.486613045812238,4.183367899830777,2.816070347853575,8.49077804358206,23.91062827873763,1.5971389851929183,1.782891301727754,8.259832999618569,9.749842475356452,3.046210065210889,1.6338064627083886,1.703743755998656,1.8748069447160718,1.8157923704612322,7.85953068888531,3.1729948937365964,3.24495930567881,2.0679831444673646,1.769192338533945,3.0346506022877415,4.642796402079802,7.6336287522368895,2.167972339541344,3.0965120745037606,3.6195144510341386
2012-12-02,341.0,1.6577299074490643,4.593393830582533,2.988731135913654,8.692821004511538,25.98050479510784,1.486613045812238,1.3890842586213792,8.49077804358206,8.103851913795491,3.212189951139208,2.077541525262781,2.672798082307505,1.6816497508828432,1.7734669053304444,7.6796643414889685,3.1643293086938145,2.626548541232999,1.8344277754639111,1.7597092456320664,3.0258054796522535,4.644216134400498,7.653856175193161,2.161479256852449,3.0948628180196187,3.1914456538179463
2012-12-03,482.0,1.515353865431284,4.435792633879943,2.903383394193084,9.598063885468198,27.86685930147272,1.6577299074490643,1.874806667736436,8.692821004511538,6.882342283515932,3.4758794992977555,3.156406227335878,1.8490850473917044,1.5804939794847401,1.811844855162971,7.763802783019832,3.244759838549284,2.2892514051023487,1.9742572908772,1.755317674585812,3.0216624860759977,4.641393869402421,7.674186190991815,2.1518474016209677,3.11198970209161,2.993606182963283
2012-12-04,545.0,1.8643521164362664,4.913941619172046,3.1423543498868503,8.246282183482098,25.912740689659405,1.515353865431284,2.039343530994843,9.598063885468198,5.872613961271356,3.3398148891241863,4.027745872567378,1.339015225997306,1.5532322728975287,1.7604944548336634,8.151763011870155,3.34262811318705,3.0872312083886784,2.1339775666282943,1.748324874367357,3.017032325667409,4.640593008132237,7.705430518609467,2.142090946338644,3.1238859305614706,3.117116113307411
2012-12-05,325.0,1.8808169933511003,4.678222570412851,3.085700539328025,8.122351293314372,25.06314376639184,1.8643521164362664,2.0660846273119238,8.246282183482098,8.267057431554369,3.4199444584843213,4.027745872567378,1.846698608482816,1.6791452964388718,1.7354956813252955,8.490858472185975,3.411879615635421,3.7372993241568775,2.247487507526622,1.748672843039487,3.0170586046945447,4.653833094367607,7.717860435327997,2.1347291474186187,3.138060725860773,3.2891882021099783
2012-12-06,390.0,2.014840496799852,4.945818101721149,3.208967290712907,7.901950694523263,25.35710131155129,1.8808169933511003,1.961197221643373,8.122351293314372,7.881173757085001,3.42905091363913,3.074197197286677,3.527473483866568,1.7535076584062168,1.7090288764737491,8.470186166723119,3.3962700870825455,3.7098963141404773,2.2033316274757224,1.753051868000716,3.0187261950056885,4.653178749834167,7.727476905941581,2.120155534707202,3.148920325062894,3.166534399065187
2012-12-07,390.0,1.8984926203059247,5.373519357265954,3.2756746076299126,10.908431173204052,35.73247100314309,2.014840496799852,1.5971389851929183,7.901950694523263,8.259832999618569,3.4545986455852127,3.171209567072477,2.038041076075217,1.9200032021957394,1.7166922014961032,8.473154300642872,3.434531339236221,3.4243842123088437,2.2893443235369495,1.7606859352565525,3.0235443441453422,4.6645365545111925,7.739564512380422,2.107397927744434,3.16227310776181,3.024093246400137
2012-12-08,416.0,1.6240089144347445,5.083503504120886,3.126454510032725,12.156466613631736,38.006639870251185,1.8984926203059247,1.486613045812238,10.908431173204052,8.49077804358206,3.6618172973363152,3.6475409943378296,1.4392564523011937,1.9313833701522922,1.7597427207979612,8.85152546829794,3.515155618853553,3.297649252898994,2.5681737010165198,1.7626368946518671,3.029272903828132,4.698386276120712,7.772803289254235,2.100660610772281,3.1785091475905274,3.3117696080614856
2012-12-09,315.0,0.9055338321699012,3.3944916073467564,2.3997935918701896,9.887719167162366,23.728485095568296,1.6240089144347445,1.6577299074490643,12.156466613631736,8.692821004511538,3.6269248737100304,4.648083286621134,1.6901750344546045,1.8457806771801737,1.779370702029748,9.375195264019323,3.581113605543853,3.8222779493438126,2.725415333738089,1.755636501342891,3.0284249137361328,4.72458351276383,7.813158370638041,2.1030681919772647,3.1927697001150954,3.6789898596841075
2012-12-10,560.0,1.7688711729120927,4.3714456397136745,2.9579344053767933,8.492556748800816,25.120425796892814,0.9055338321699012,1.515353865431284,9.887719167162366,9.598063885468198,3.157401024306709,3.490676540238197,2.4080222118746333,1.4760117889701903,1.6719141198470102,9.545895001540869,3.482047731784352,3.928766940399053,2.3856637541648813,1.7361706088557833,3.013084142619463,4.6798753707023195,7.837161951141497,2.105508514429909,3.188063496168834,3.7267427615272957
2012-12-11,424.0,2.0032693392046124,5.218336974667232,3.270697795690088,8.401293996704068,27.478093755964363,1.7688711729120927,1.8643521164362664,8.492556748800816,8.246282183482098,3.259170040630708,3.035507839031123,1.88623487578468,1.4328046398389127,1.7081308780585545,9.387965410588388,3.347831979549149,3.724755888630151,2.267565977665959,1.7409819810820573,3.0149607883725795,4.66869491059158,7.8476268642447815,2.1168323417965422,3.2019689708309382,3.5849944710221164
2012-12-12,386.0,1.9401405950451367,5.304651099327151,3.2697609768888327,9.37816278080308,30.664350695581174,2.0032693392046124,1.8808169933511003,8.401293996704068,8.122351293314372,3.4505101476501334,3.57902589798072,1.4866788769146544,1.5592247814288687,1.7279761955968895,9.41010995533438,3.2890270708625167,3.3684034257500124,2.3294920587003554,1.7560371661526126,3.0257579346475274,4.693582915626788,7.855377412219103,2.1167372620595044,3.2237517966829317,3.520891617509737
2012-12-13,272.0,1.885028731691208,5.3772424920523685,3.2710371336582806,9.024795291934492,29.520440523582145,1.9401405950451367,2.014840496799852,9.37816278080308,7.901950694523263,3.3894009490251724,4.286794484808417,1.8925859008423955,1.9040937023872806,1.736450995838895,9.589511596404197,3.3663603791020047,3.6337760739400857,2.36839352315815,1.764890415635341,3.0328634818585303,4.72505984651274,7.860727294459977,2.108973354712441,3.233468990511822,3.694119801441414
2012-12-14,415.0,2.029207199099257,5.565938544183652,3.365443982067008,7.092421693263394,23.86914790587479,1.885028731691208,1.8984926203059247,9.024795291934492,10.908431173204052,3.341915363602738,4.42014719993379,3.01684768396824,1.9428128886469855,1.7179064579662315,9.749917967462945,3.3939421534260146,4.095322527574308,2.3184336392838136,1.7733419277770475,3.045163220287359,4.7596985752306145,7.884665784908426,2.1064776525766034,3.2505139807114904,3.8725394632787444
2012-12-15,350.0,1.987049982842948,5.655101216768437,3.373951678632918,7.991719548494936,26.963675585807994,2.029207199099257,1.6240089144347445,7.092421693263394,12.156466613631736,3.288988865524923,3.4583523352442898,2.557298382558851,1.9514588419452006,1.736579969222422,9.20477375604285,3.3401017260509445,4.055098006662164,2.1671962241853797,1.7772972099781001,3.052837394631775,4.786456808801281,7.893616006772333,2.113617937095354,3.2650712707082756,3.8455125119796674
2012-12-16,238.0,1.690051108087271,5.337755792387542,3.215030505859704,8.612196055951557,27.688473042328884,1.987049982842948,0.9055338321699012,7.991719548494936,9.887719167162366,3.304617629525464,3.851497012068821,2.4847446207429007,1.967095304544471,1.7884429789950222,8.609809889594736,3.3118406195510417,3.9099988490822994,2.111824778364618,1.7801835573611333,3.058030783751221,4.814721990778099,7.912509396916974,2.1076831148357793,3.281119307122583,3.731714472757908
2012-12-17,362.0,2.0193687198685524,5.306892229973989,3.297065918102416,8.618756598791677,28.416608638296335,1.690051108087271,1.7688711729120927,8.612196055951557,8.492556748800816,3.374522051616428,4.620354784739419,2.0989310515183366,1.9021027633431586,1.9005168755546467,8.427592302278907,3.322709515555605,3.9767347106841755,2.4684120907875284,1.7747026063321691,3.0563085566602344,4.834465049044016,7.9258986473925965,2.096069745524269,3.289357723845448,3.8930970791152255
2012-12-18,279.0,2.093105903270981,5.2303800262152,3.312011338472101,7.805519939655039,25.85197054280756,2.0193687198685524,2.0032693392046124,8.618756598791677,8.401293996704068,3.1565679481327904,3.4046714147098056,2.4883237482132694,1.8988232702662573,1.9363022394055693,8.445620852277601,3.2785692097582277,3.958841070506015,2.588312601869411,1.775801529779863,3.0596976545875263,4.852966845749445,7.9466306727936855,2.086219513452783,3.2979774591343354,3.945834732783609
2012-12-19,385.0,1.9924256013142168,5.515618741390096,3.340182424947581,8.7916351885955,29.3656653434974,2.093105903270981,1.9401405950451367,7.805519939655039,9.37816278080308,3.2261390462425528,3.56500180499782,3.4384845192716456,1.9341752437422681,1.9491360342721933,8.36051027269917,3.252409681997257,3.863342668149014,2.6180274192793562,1.7848215860694847,3.069614541348931,4.886381405875381,7.960852939587496,2.079999479412129,3.31024265050102,3.943831290928909
2012-12-20,346.0,1.9850630458536465,5.571062180868488,3.352470114332192,8.696283464181535,29.154030419429823,1.9924256013142168,1.885028731691208,8.7916351885955,9.024795291934492,3.3041437800308264,4.246462528782793,2.993277329893381,2.0349667414845833,1.956605320882062,8.276720616669513,3.2289502581353897,3.738711916163472,2.610574124680407,1.7910573226666697,3.076882553458236,4.9149154969273505,7.967391997664185,2.0717210096341896,3.318332489433321,3.9380695829252486
2012-12-21,409.0,1.940740626745452,5.324303443075962,3.2749809255901554,10.440368872306202,34.19200891292801,1.9850630458536465,2.029207199099257,8.696283464181535,7.092421693263394,3.40840769850241,3.83643782978837,0.638586626955786,2.023531516812948,1.9708959371909818,8.22979035556195,3.3128968415919293,3.8826340545229936,2.742564413228137,1.7999248657546045,3.0846061920258507,4.9373616284176345,7.981418298411813,2.059321160308374,3.3265984521172154,3.8546825300473313
2012-12-22,354.0,1.6738252964764493,4.955806250855456,3.100686768259673,8.888659205073523,27.560947984741016,1.940740626745452,1.987049982842948,10.440368872306202,7.991719548494936,3.4041502322843438,3.4702094635288865,1.7306139470663962,1.9727430913044384,1.9582578554261525,8.708068523996635,3.37223390360586,3.8510366073666824,2.829220231094197,1.8039548064556927,3.088479352258699,4.95265148037154,8.006559873076993,2.0499642819015294,3.328103531059414,3.856376405516559
2012-12-23,269.0,1.144881410017517,4.316018020948749,2.7956043407054443,9.475012819955124,26.488386967706276,1.6738252964764493,1.690051108087271,8.888659205073523,8.612196055951557,3.4154188421428127,4.114826075206382,2.918227187983672,1.8665429896918493,1.9135114716595099,8.83620276065072,3.4093255909765223,3.807157789507879,2.890566162417716,1.7959856825929015,3.0851115230926767,4.973748001566114,8.012258450369096,2.0507506384900815,3.3357856262188035,3.8939948431076394
2012-12-24,218.0,1.6597977450925268,4.597687867171111,2.989823376161318,8.931577518690432,26.703839251377556,1.144881410017517,2.0193687198685524,9.475012819955124,8.618756598791677,3.2251523266858264,4.089845689617108,2.371241302722899,1.5864824444131393,1.8356300862209736,8.959462298365514,3.348240467037661,3.8916270761174587,2.7126921745486103,1.7849124351827055,3.0817325940356084,4.943163049238313,8.026327724952896,2.050689560242509,3.3295899736270242,3.818207829518738
2012-12-25,206.0,1.3369172122291422,4.304477822702253,2.8209916163369253,8.965699578634192,25.29216334592256,1.6597977450925268,2.093105903270981,8.931577518690432,7.805519939655039,3.2257828652650944,3.7098258946068894,2.138604561092916,1.4928348171954975,1.784262804110113,9.004151001208195,3.2887846780312446,3.9714992198101258,2.76030443142553,1.7842571371371294,3.083727094774497,4.921019352314691,8.032530763403331,2.0491329771445432,3.311565674596005,3.861801326646893
2012-12-26,616.0,1.9414342252541048,5.262570215941446,3.258531725586459,9.891258114575995,32.23097837231038,1.3369172122291422,1.9924256013142168,8.965699578634192,8.7916351885955,3.258142538839417,3.074197197286677,2.379822613582607,1.3805321224463956,1.6762358482469928,9.169890949633785,3.236359243596779,3.624622927170224,2.7313530342590204,1.7766292788635105,3.0809076376748306,4.903290951976066,8.035910838896937,2.056566786987884,3.3077988982746005,3.791686382688158
2012-12-27,452.0,1.6697494144079967,5.194429449535248,3.169327012207414,8.653432284588323,27.42555668785349,1.9414342252541048,1.9850630458536465,9.891258114575995,8.696283464181535,3.451763877696731,3.510828355880437,2.6056772091480487,1.6460497275252581,1.6689513659526913,9.326979939059571,3.311896427267081,3.4316171492580008,2.9224508518738914,1.783385127370343,3.08724971068595,4.926961183766891,8.044737816280874,2.062964957835394,3.3253235193106314,3.68659578655925
2012-12-28,510.0,1.6712137886860874,4.782250615604413,3.0486043834713303,9.0849891140104,27.696537636761423,1.6697494144079967,1.940740626745452,8.653432284588323,10.440368872306202,3.598120806783235,4.250667702962391,3.1346978139161625,1.6493669506304147,1.6239065614604555,9.320858341974827,3.4360090744397946,3.6118977520431677,2.900395579190598,1.7921863486698297,3.092892866972911,4.935500535616536,8.045369879522813,2.0701949748223916,3.345984041467142,3.7457714827269677
2012-12-29,437.0,1.5084392267840463,4.528754438086176,2.932738148735855,9.341404385153057,27.39589300310677,1.6712137886860874,1.6738252964764493,9.0849891140104,8.888659205073523,3.670408962068701,5.181471590012235,2.56991752463957,1.7607991427827294,1.5854027274519749,9.127232662218285,3.5734312155162224,4.314322549618353,2.920059460405058,1.790237300038681,3.092972141859247,4.91565972343482,8.05363221932596,2.0688403418187504,3.360391449993847,3.990237500796017
2012-12-30,193.0,1.650383393056962,4.888190244625628,3.0733642403806565,10.26999690538126,31.563441237818772,1.5084392267840463,1.144881410017517,9.341404385153057,9.475012819955124,3.717822562281144,4.583775120374283,3.1262309098532883,1.6164674766260436,1.561776146067346,9.191910545086788,3.662117443711027,4.6719714711163025,2.9076783515671245,1.7835913713231084,3.088189039801013,4.907094338667397,8.073341622758546,2.0547899473391933,3.376499271745507,4.057230221534288
2012-12-31,276.0,1.5341088529375742,4.536286023594871,2.9389919669913365,10.637255711938163,31.262809088218972,1.650383393056962,1.6597977450925268,10.26999690538126,8.931577518690432,3.624372348738076,5.180598812816393,2.3190682405302567,1.6100121361756985,1.6339907150729809,9.305479700147666,3.6708679576959735,4.981948507734303,3.0413936775947383,1.7812474693178229,3.08513802150073,4.940365481014239,8.10531949408902,2.0578482440925514,3.39577134786308,4.2130520962770435
2013-01-01,516.0,1.4246316943225903,4.183162995977736,2.796764769885686,9.03629168644522,25.2723822390609,1.5341088529375742,1.3369172122291422,10.637255711938163,8.965699578634192,3.4133217242462117,4.137206992399192,3.062536580927025,1.564310490926194,1.6160351590508448,9.54914801346877,3.5851722117551437,4.633860308529955,2.9781234946040667,1.7805640248004608,3.087115839542612,4.952129418473041,8.13585121124152,2.0663178237406816,3.40247574029998,4.274106538818801
2013-01-02,492.0,1.3970368248984386,3.863953862885861,2.680492032013564,9.96154086848686,26.701830924556507,1.4246316943225903,1.9414342252541048,9.03629168644522,9.891258114575995,3.5700619548096277,4.436037971923452,2.9864133386450287,1.5363746467723756,1.6285657993499087,9.559232600298916,3.535918675931305,4.584614592379677,2.9640305945140817,1.7766404241237703,3.083495028262321,4.9384550573195485,8.149931717235226,2.073976356211959,3.4056151554837086,4.468655220909769
2013-01-03,468.0,1.8342716972100075,4.040304370410183,2.892464292597508,6.644662273875597,19.21944836355493,1.3970368248984386,1.6697494144079967,9.96154086848686,8.653432284588323,3.252136700417174,3.31234489695649,3.03509872841268,1.4519257907195344,1.5507947421562422,9.569272993714756,3.411840126491004,3.9618632870930437,2.5618588035201277,1.7727000132503121,3.0791492581298106,4.91939376495308,8.167783547561484,2.074774162779261,3.402692549193475,4.44030044106349
2013-01-04,432.0,1.9138502570255425,3.909227709442592,2.902041540589542,5.82753411504539,16.91174608106444,1.8342716972100075,1.6712137886860874,6.644662273875597,9.0849891140104,2.898380310734473,2.525168342379252,1.8895798988324248,1.5519800721436787,1.5742979254136724,9.282305849327225,3.2401929886537584,3.4245170704197303,2.2595760143338595,1.7779031417095543,3.0785104391095293,4.890272523327684,8.155810786027622,2.0805987314738763,3.3853070776018135,4.193800532408757
2013-01-05,384.0,1.886845972714692,4.399859487643569,3.0134654494993307,8.414336517280645,25.356312375285754,1.9138502570255425,1.5084392267840463,5.82753411504539,9.341404385153057,2.858056116972924,2.1441512632067656,2.903203322778005,1.715052926377996,1.6089602780335945,8.816955135189364,3.0028577093748567,2.660554834180835,1.9402789369422493,1.7823305326493528,3.0766011075931,4.8646393612953425,8.152093372325638,2.0888222472851097,3.3662739177129404,3.7598976285794037
2013-01-06,312.0,1.7309354407244872,4.3499969945567685,2.938589296243864,9.544834031411783,28.048347119130835,1.886845972714692,1.650383393056962,8.414336517280645,10.26999690538126,3.253993335655501,3.57902589798072,2.923571129687723,1.8783226423167474,1.6630183845951154,8.684516868350448,3.003476587787633,2.749448501188912,1.7168193711330768,1.7850269839483786,3.0766544660333874,4.846440740826089,8.161161625684501,2.099399940039912,3.3595870740486165,3.6163620253803233
2013-01-07,420.0,1.8474974026156872,4.745100698353414,3.089009517115272,9.891351224587671,30.554478069881114,1.7309354407244872,1.5341088529375742,9.544834031411783,10.637255711938163,3.365117252823668,3.788109446251411,3.656752963834356,1.8438772234882406,1.6745258199761903,8.580922172069094,3.1590555684840314,3.170428869146298,1.789153102877018,1.783529740671508,3.0760568239881754,4.812323328735784,8.178616597278436,2.1015696003158855,3.349697072564861,3.4174349730138975
2013-01-08,468.0,1.8139996104859764,4.557865485234909,3.0265881461584163,9.844104699543209,29.794050593179833,1.8474974026156872,1.4246316943225903,9.891351224587671,9.03629168644522,3.4694054643090406,3.913289658782226,2.9081496721439706,1.821759605351622,1.7192956127873493,8.474364388161883,3.3628386842627367,3.7601416676714514,1.7893746298477513,1.7845442653596146,3.0784714925050376,4.801043235210201,8.203640500157706,2.103851609453191,3.3444464255848287,3.385446782497188
2013-01-09,384.0,2.006249423328742,4.776735068921335,3.163859541426941,7.959251663491848,25.181954318156937,1.8139996104859764,1.3970368248984386,9.844104699543209,9.96154086848686,3.397154180118501,3.823837713545354,3.124060507146245,1.7974774846087171,1.7749196008106902,8.589766247175879,3.4105589657504027,3.8417456061929958,1.6608209169406014,1.782585748919199,3.0769075420539096,4.839822364473139,8.222657477277295,2.099008739557453,3.3524381974452218,3.297989602728888
2013-01-10,444.0,2.0985565561918635,4.991466348434448,3.25997004397662,4.972987150107572,16.21178913843135,2.006249423328742,1.8342716972100075,7.959251663491848,6.644662273875597,3.2833554148656194,3.628917649765837,2.948430966547148,1.8892488121434685,1.8619499720150192,8.303724932176593,3.383305019764387,3.7886816740311384,1.8470915642247674,1.781704943578974,3.0767361233769766,4.853332012113395,8.227020071010086,2.1021650584909803,3.353244376586385,3.3432142817016524
2013-01-11,360.0,2.0010721267283627,4.644072908975985,3.1297359289502698,5.591962826649331,17.50136697191872,2.0985565561918635,1.9138502570255425,4.972987150107572,5.82753411504539,3.1318575511163504,3.8008946013177343,2.8255871810257225,1.9729351966688604,1.89970495186957,8.064914200209731,3.270789048700157,3.7512166548763077,2.011316209804238,1.783201140619297,3.079480773204642,4.845769657905635,8.21709518515713,2.0932480480924838,3.3426226233685927,3.5254608901214355
2013-01-12,288.0,2.0539291227305534,4.924842595058049,3.2224434465364102,5.569704454111119,17.94805761729503,2.0010721267283627,1.886845972714692,5.591962826649331,8.414336517280645,2.8950583503609217,2.6006254465758505,2.4603120418433044,2.035292702082989,1.912165218969973,8.031261159010295,3.103423772114297,3.3434792325531397,2.04311400200196,1.7857740771349107,3.081875244297818,4.82375038489393,8.218837893402416,2.09621981610577,3.3261445367464515,3.5906714877455905
2013-01-13,192.0,1.7064241084467573,4.607247751011409,3.0073219278377388,8.517081692004393,25.61360653355016,2.0539291227305534,1.7309354407244872,5.569704454111119,9.544834031411783,3.3525506576741537,3.4848070295942306,2.8249208290578256,2.051185935216927,1.9360342404008102,7.624885149986077,3.1264888530504753,3.2954423591626045,2.1285756212739755,1.7893419120775855,3.0859769629157685,4.808670388327453,8.215599891996593,2.0877313305887206,3.3264990465488316,3.577211649404663
2013-01-14,384.0,1.9206261024325892,5.15505105693965,3.2254618417874297,8.375026539249545,27.013328526306438,1.7064241084467573,1.8474974026156872,8.517081692004393,9.891351224587671,3.334492253917888,3.7932807525872585,0.8415504268766751,1.9204751193018914,1.9325326215039917,7.478063387213591,3.1940337539843213,3.292904409585779,1.786257035367292,1.7856963985594834,3.0840321996176256,4.776714028555045,8.225659693771293,2.092670641331427,3.32801582616193,3.5779504074526414
2013-01-15,336.0,2.0810186868353324,5.116432403840944,3.280132313898,8.079425261536837,26.50158387809078,1.9206261024325892,1.8139996104859764,8.375026539249545,9.844104699543209,3.019728317039208,3.209690900104298,0.7921701478400951,1.8936597778699664,1.942979578620692,7.261445575022431,3.23559040954375,3.4959262274285945,1.6348722600374066,1.78835618775913,3.0864445163575005,4.760045689894085,8.237863455190393,2.094956108631286,3.3185195157457215,3.4774362990700802
2013-01-16,420.0,2.1327831109407955,5.132603251600228,3.30924433830738,6.402331257514212,21.186878465897273,2.0810186868353324,2.006249423328742,8.079425261536837,7.959251663491848,3.191348452946341,4.092136765323128,0.8889809654049753,1.9026896325715594,1.981125160956314,7.009348512450093,3.1818563413011454,3.6983694726715606,1.7235243149476485,1.79055474536793,3.0889331082935976,4.752668243609198,8.241631117204092,2.099224888095223,3.3124137291233855,3.515764735038334
2013-01-17,264.0,2.120583003333337,4.662298007812431,3.199229309052696,7.624130636419488,24.39134218807981,2.1327831109407955,2.0985565561918635,6.402331257514212,4.972987150107572,3.1661869723856557,3.536702042739332,1.3842140058829389,2.044809300069572,1.9992014020437505,6.786931311596144,3.1257545807904017,3.6128432360555855,1.7164025202441837,1.7932376116326798,3.091718265593618,4.746858610996739,8.227260982026376,2.1058052403408225,3.312734363265148,3.50259107689169
2013-01-18,408.0,1.7686286140017775,4.671243629883316,3.044704486267949,9.513898122626935,28.967008295858445,2.120583003333337,2.0010721267283627,7.624130636419488,5.591962826649331,3.1088586500021824,3.428730202670283,3.33192330323331,2.1114616003698217,2.0023480373496754,7.165666095354989,3.1554646917780595,3.685856336910914,1.6888067507285243,1.7987896350868116,3.0962685513478894,4.727922543716646,8.230759500305417,2.116500278833811,3.308825016723802,3.449424734227769
2013-01-19,228.0,1.7479402864567388,4.490442810729295,2.986354819162792,7.873790396094994,23.513931894455997,1.7686286140017775,2.0539291227305534,9.513898122626935,5.569704454111119,3.06613600014468,3.664334746146046,2.4618627306384395,2.00733157609197,1.9691418212458773,7.725942566208933,3.113727207510839,3.543255663851886,1.784922809177663,1.7954940348579775,3.0950751737377975,4.699776706666421,8.248865221655997,2.1242911260671837,3.3008914240609304,3.6013832055949395
2013-01-20,336.0,1.5203043383997388,3.741353608860905,2.6817796768931865,6.008667913403033,16.113923495364443,1.7479402864567388,1.7064241084467573,7.873790396094994,8.517081692004393,3.319689057106154,4.442043767204425,1.9250448387077777,1.8790506345972844,1.9254291303496183,8.055097700778058,3.164894569084339,3.845036238673584,1.7479661038677314,1.7934221002958344,3.0924973631882775,4.663756060995114,8.253756420255487,2.126640353253507,3.297934136014389,3.738131310967824
2013-01-21,360.0,2.082072391756315,4.082574533473621,3.050181282042617,4.3627841836659895,13.30728265460958,1.5203043383997388,1.9206261024325892,6.008667913403033,8.375026539249545,2.683947432586953,2.677469251379378,2.145444957865834,1.678957746286085,1.8988405917714728,7.696752875263578,3.0232574966125956,3.594615921576615,1.751468807252355,1.7899000955559943,3.0857080752632498,4.610991066521279,8.247076934716558,2.1250108490808177,3.2739273760244756,3.578729667938127
2013-01-22,468.0,2.1545927135350964,4.143425622058778,3.1160234481547358,3.686221594656216,11.48635292404311,2.082072391756315,2.0810186868353324,4.3627841836659895,8.079425261536837,2.709710987151941,2.6521667558434907,1.9417426668963895,1.7834390055375977,1.921904347389148,7.123575395894498,2.904449158948349,3.2572265914757637,1.6897964100675877,1.795412272793249,3.0875856566662514,4.581883342608551,8.227238978318203,2.1283246758929533,3.250403780858113,3.499083361615155
2013-01-23,276.0,2.1949295556018877,4.086164085214397,3.1380403273457698,5.508952788628265,17.28731601215943,2.1545927135350964,2.1327831109407955,3.686221594656216,6.402331257514212,2.892252928215174,2.7230491787812348,1.1115655107890312,1.9189898145637168,1.9324149226319716,6.4959748720544095,2.7619704493180226,2.6842283953346997,1.514520265544628,1.7987868410235366,3.0852505506128294,4.576130262645552,8.199424499034809,2.112729174580493,3.239307134242425,3.3034994206805988
2013-01-24,300.0,1.966246628470079,4.731142267014282,3.1347016035105306,7.31025772800702,22.915476622058854,2.1949295556018877,2.120583003333337,5.508952788628265,7.624130636419488,3.155078249454329,2.591840110044296,1.982445340787048,2.1438648869644332,1.9412929861549846,6.368349376499274,2.9190140549404813,2.655685348223006,1.4966603420478914,1.805654145254772,3.083987656872705,4.559079469913663,8.18147387733464,2.1117176129340507,3.2369503137153988,3.1685191445813077
2013-01-25,336.0,2.1266239653859813,4.7927311870882905,3.231251959156089,6.107036971300587,19.733375178153693,1.966246628470079,1.7686286140017775,7.31025772800702,9.513898122626935,3.281563091312956,2.838778144865981,0.9356932018865242,2.1052562992023547,1.9192449326030905,6.323510389583207,3.1096314229941533,2.717889144563836,1.5876791261412393,1.815273518085584,3.086051624675411,4.573301618057396,8.184796680234806,2.1026148943727234,3.2377309987978506,3.084240279180693
2013-01-26,264.0,1.7745072246115108,4.425218347260355,2.976683770392526,7.424237708667953,22.09960789492809,2.1266239653859813,1.7479402864567388,6.107036971300587,7.873790396094994,3.385451731142546,3.83897424133906,1.402169303329241,2.0959333831526497,1.9703871256579768,5.83681593939373,3.2740310239699433,3.089864165416445,1.6967112726177074,1.8194704730464095,3.089109425317687,4.557640317095624,8.17809529838621,2.0982498113427708,3.2355205939127107,3.1091887784939805
2013-01-27,288.0,1.5487175151038266,3.700574910836624,2.678105628520416,7.306442118983553,19.56742376330849,1.7745072246115108,1.5203043383997388,7.424237708667953,6.008667913403033,3.114292118144891,3.3805070699684383,2.5456092230794702,1.955792606155857,1.9741824025372299,5.772594126904152,3.2604356468667977,3.3527531520578253,1.6426901743454045,1.8150565346066874,3.085084880049533,4.531999947019795,8.183466022211617,2.107604917246496,3.2193929709580997,2.95754067888884
2013-01-28,300.0,1.904465942235393,4.427398108667822,3.0302034209732693,5.549117968671372,16.81495625205223,1.5487175151038266,2.082072391756315,7.306442118983553,4.3627841836659895,2.9609846788879337,2.520834074875172,2.095592394941581,1.816616235033773,1.9782414277806708,5.957990441987084,3.1535761760584573,3.2467717953942223,1.6773317732576856,1.8064337494032192,3.0741475950274766,4.495944090194202,8.18539340194241,2.1067062325663755,3.195745494852074,2.935164225102525
2013-01-29,396.0,2.020568538909398,4.313267187405389,3.061725211848774,3.998804104433061,12.243239343787062,1.904465942235393,2.1545927135350964,5.549117968671372,3.686221594656216,3.0194130000464123,2.4045640385079032,1.7485722802867742,1.7425635606502434,1.9528690778491107,6.127466696987852,3.031563265693079,2.7686350611171697,1.751600279326992,1.8054882280797528,3.0722335614967298,4.492565545880256,8.170401296694045,2.1031584810251354,3.1724651761109164,2.8997924083402977
2013-01-30,312.0,2.0467457828615325,4.241854186376859,3.061250004732992,4.894653771056082,14.983758879811788,2.020568538909398,2.1949295556018877,3.998804104433061,5.508952788628265,2.700070132551271,2.043352825214375,1.7843779199330017,1.8245839987495394,1.9337227671882964,6.172121341241687,2.8934892704952055,2.3229169795324824,1.787173940662908,1.812545387308361,3.077382165267012,4.473401443972915,8.14158997975722,2.103418113563394,3.141655102238023,2.802692929259318
2013-01-31,348.0,2.036866373004236,4.060463086475999,3.0145448362874623,4.993606479409474,15.053450626955442,2.0467457828615325,1.966246628470079,4.894653771056082,7.31025772800702,2.903419372370076,2.520834074875172,1.723748403617528,1.990593421335441,1.912553656796817,6.084364338731376,2.8743008349892527,2.3229169795324824,1.7180462187272263,1.8218809329258494,3.081468492881669,4.463587049398982,8.109426363255595,2.0989094418531127,3.124658357175485,2.792549209949443
2013-02-01,492.0,1.9013334843600165,3.9954539291239786,2.9177203923837856,6.284239825814625,18.33565469040966,2.036866373004236,2.1266239653859813,4.993606479409474,6.107036971300587,2.9995936847537648,2.229725944105319,0.9602121255788894,2.034726898258389,1.9226421917302683,5.753414160360298,2.8676943965583703,2.264637614731621,1.5908915777884864,1.8281998740184353,3.081898721221233,4.45949705241559,8.087715045589311,2.093594028941549,3.105642748173623,2.7055417526979197
2013-02-02,264.0,1.7766548285520385,4.302033098844485,2.942021519572848,7.798301019692816,22.942769416043145,1.9013334843600165,1.7745072246115108,6.284239825814625,7.424237708667953,3.05061144032972,2.2504251006567078,0.9704625230358684,1.9949818800752617,1.8904578372979874,5.778728853862303,2.9845414991511867,2.333661706545732,1.5676105261439737,1.8346328676672476,3.0821376711910777,4.463880387956861,8.070388830994393,2.0943993030718127,3.098925239504041,2.4786061611718693
2013-02-03,204.0,1.5485576895830566,4.198879338214776,2.838124088178518,7.993981975999082,22.687912806547903,1.7766548285520385,1.5487175151038266,7.798301019692816,7.306442118983553,3.158649087968483,2.90001139017407,1.3186762114187536,1.904951561972097,1.8907646378609202,5.832166469722997,3.0696180710173224,2.4600541449786975,1.7095700945877046,1.8331712462025103,3.0787987906858443,4.472604678904672,8.066911286313097,2.088729694539269,3.1076008654118414,2.409963921201246
2013-02-04,360.0,1.810286731964388,4.555023971357463,3.0258623981484614,6.201727962858283,18.765575446358735,1.5485576895830566,1.904465942235393,7.993981975999082,5.549117968671372,3.0876070761948866,3.15979384179402,1.9705729304644244,1.742182000831704,1.8907418056436673,5.930386449296644,3.0989558681643636,2.770076777541598,1.8178374698060122,1.8276335911397097,3.0746725165000197,4.482259733197077,8.074167940523184,2.0869750092609842,3.1152525640525734,2.5012438879039385
2013-02-05,468.0,1.9693611827037096,4.8641363580360775,3.1696223916270005,5.696945705225616,18.057166671166385,1.810286731964388,2.020568538909398,6.201727962858283,3.998804104433061,2.8689253046769805,3.074197197286677,2.38570376894021,1.7118330833664945,1.8772876327478092,6.023616448466204,3.0383938229467837,3.0446674764182546,1.8126188799293632,1.8242243617257852,3.071620768290612,4.487431882654207,8.050267530256926,2.0937285227163387,3.102416963019956,2.5969057677294773
2013-02-06,276.0,2.06181347373312,4.788819781703435,3.194809039528801,5.930850602767135,18.94793511781528,1.9693611827037096,2.0467457828615325,5.696945705225616,4.894653771056082,2.8341054716733347,3.098516602615869,2.5476029452682782,1.7760685347503848,1.8699722961469967,6.266208105722283,2.9302126175150676,3.1108358805655207,1.7610850423356184,1.8254055044324151,3.06985323135723,4.504569861436851,8.039096667111323,2.0993943907857364,3.0847165703149453,2.747643450215405
2013-02-07,312.0,2.079702517383908,5.253204383051751,3.311265894213629,5.891374471752788,19.50790735835584,2.06181347373312,2.036866373004236,5.930850602767135,4.993606479409474,2.871433213855437,2.613526868598903,1.3456007157114078,1.9471537961337393,1.8721248234143666,6.414236224538148,2.8581546634019173,2.928746889500482,1.744785490074425,1.8327022470873877,3.070992473515498,4.506027164215185,8.013594436133204,2.0954125610142857,3.0647841619664917,2.7608852778902238
2013-02-08,264.0,2.0885401154937755,5.264569092231291,3.3171164176594305,8.216681152512562,27.255687949672232,2.079702517383908,1.9013334843600165,5.891374471752788,6.284239825814625,3.065174057324516,3.533825937536628,1.2027033179648554,2.036959057940246,1.8782442726114625,6.542488794872907,2.9235709142844293,3.081956469583799,1.7788707621907434,1.852271725174288,3.086183678554555,4.5292051274757466,7.978237676516367,2.0933418483457484,3.0537181578733583,2.947185276951839
2013-02-09,276.0,1.5293858308293953,4.602250981487997,2.9618202384190107,9.32755145306954,27.626530668596015,2.0885401154937755,1.7766548285520385,8.216681152512562,7.798301019692816,3.48445340117318,4.671862713792937,1.4903420655210158,2.076685368870268,1.9049880770591425,6.818551841544041,3.1403535574510446,3.606405173309488,1.752038819453805,1.8575995408839827,3.092170045425932,4.5454662615860775,7.972945000067998,2.08846075223816,3.060421424083611,3.2931049359713005
2013-02-10,264.0,1.181283457551151,4.028079685966555,2.701863514939285,9.460701447677438,25.561524067212947,1.5293858308293953,1.5485576895830566,9.32755145306954,7.993981975999082,3.564234988878588,4.583052856549829,1.5676918407701617,1.8992094879023595,1.8696639345273363,7.037016189169287,3.371287482458761,4.262913835959797,1.6920105889771058,1.8497014824110625,3.0870220861380813,4.532492416021197,7.9763592036425415,2.080346928442601,3.074834005342352,3.5335394311678376
2013-02-11,348.0,1.632664733433635,4.2486744862066335,2.877682984366124,9.52792141490266,27.418337332042988,1.181283457551151,1.810286731964388,9.460701447677438,6.201727962858283,3.5349742576620238,4.322323975788205,1.4866788769146544,1.5997364679581072,1.8171961870942066,7.246547542266195,3.52788754923793,4.525746515376989,1.7621434946844556,1.8370538634528295,3.077557128438922,4.5119593085875485,7.9884659507456295,2.076046017651252,3.096164535585722,3.6996151645955777
2013-02-12,348.0,1.4336659190792458,4.436636215924426,2.8888926050003585,9.029872367159143,26.086331505583132,1.632664733433635,1.9693611827037096,9.52792141490266,5.696945705225616,3.510373107115424,4.096712698491943,1.495621282369032,1.447778007271394,1.7918216158755278,7.721718035415392,3.5365274512186784,4.334029843609991,1.9202802390272018,1.832847796815203,3.071001225950719,4.489420371625835,7.990682131443198,2.070009131577565,3.101425283900431,3.845688807624902
2013-02-13,408.0,1.337904209306808,4.508437565047632,2.895936104397512,9.26607022059009,26.833947297689456,1.4336659190792458,2.06181347373312,9.029872367159143,5.930850602767135,3.4381219308773496,3.900724699197852,2.38463558375669,1.4158713700213443,1.7152937210720332,8.19785041569161,3.494489765218266,4.106587124492665,2.190866827886911,1.8229221088148695,3.063058702999608,4.483733320456268,7.990684893651041,2.0689366570433028,3.1048796064657465,3.960289964279471
2013-02-14,564.0,1.987245305341497,4.834340296510929,3.169646999663689,10.01153039678828,31.73301728422179,1.337904209306808,2.079702517383908,9.26607022059009,5.891374471752788,3.5307919504276564,4.289420640421,2.339317694817523,1.4680782872732296,1.6118781118682741,8.67431036109489,3.49309566280681,4.09561934603693,2.424406983495626,1.8121030125892674,3.0550917767623518,4.462179537393201,7.992496940971405,2.0665168978217623,3.1219150609120283,4.199703360254056
2013-02-15,444.0,1.742192418712943,5.028181120867014,3.1392094888340627,10.204470476188984,32.033970547379504,1.987245305341497,2.0885401154937755,10.01153039678828,8.216681152512562,3.5222480644641627,4.79400057292636,1.9605749444930105,1.5862718112425174,1.5986699387193581,9.262904064671387,3.4970539819230564,4.32804863751507,2.539285509033847,1.817056249210171,3.0543353849924184,4.452776467148867,8.004270626769582,2.0729872218488596,3.132945047962622,4.379728308166875
2013-02-16,396.0,1.5831935106040544,4.822563844882299,3.041931289007114,10.153258126934004,30.88551358168631,1.742192418712943,1.5293858308293953,10.204470476188984,9.32755145306954,3.629469476028086,5.378201477147218,1.4538119363844706,1.689113977787083,1.5491916963220962,9.546873968053733,3.5608364969733017,4.820540896831525,2.6647753873096294,1.8124366441909108,3.0517044445046126,4.44929572945776,8.017533328817704,2.07270691315411,3.1483877980840362,4.480633845788915
2013-02-25,372.0,1.950614911518289,4.840055187352556,3.155785708406037,7.198967668643489,22.718399283982247,1.496179452578548,1.754816336634547,8.520072420255703,8.98624675284495,3.396931113045981,4.1682976357278285,3.0073631003473107,1.467550809923475,1.5735866846336808,8.46870642264609,3.4208318996265046,3.8749460747274385,2.4052345123146344,1.7848036181664022,3.023330478337797,4.492603877648729,8.053331206198735,2.042494270328022,3.281899318301245,4.093975845267801
2013-02-26,480.0,1.797586548952931,5.014274801705811,3.150007988345472,7.872094757002551,24.797161369570546,1.950614911518289,1.2538743763151974,7.198967668643489,8.648970474705713,3.42877187366249,3.2325941986909785,2.538367865950804,1.5057676925047645,1.6015579096170727,8.213380839188739,3.384808886627465,3.703572576341898,2.283217642831269,1.7894847097849071,3.023104789941107,4.506431772318468,8.052237284766834,2.029900120864583,3.292381976818498,3.8857788501368247
2013-02-27,420.0,1.7185546212483656,4.582254867455328,3.00361122385288,8.223141484974933,24.699120059600947,1.797586548952931,1.682340329163103,7.872094757002551,8.7466345942881,3.682514810647072,4.159392566073613,3.0752411325286024,1.7481269710165892,1.679231077136749,8.102398593802572,3.5027392657851806,3.8534281334974723,2.409348573763207,1.7915909224560211,3.0247948500223427,4.550221768680775,8.05662146886984,2.015660176087086,3.3164329812104696,3.8183402507289514
2013-02-28,408.0,1.803695974194784,4.563876601725552,3.026083373431312,6.502634413942304,19.67751388353307,1.7185546212483656,1.9214233205524944,8.223141484974933,7.00080564925508,2.7837118881156706,2.677469251379378,3.2654390857406783,1.822252027239862,1.6844045474346436,8.027613863900692,3.298332857475078,3.3564853387146556,2.192524648847433,1.795092845697093,3.02597606794096,4.555383660640359,8.047238379129762,2.0150244765201877,3.3085762774794447,3.5696744212043248
2013-03-01,492.0,1.855346723662041,4.916480587504576,3.140738781150501,4.678118559199807,14.69274838169874,1.803695974194784,1.8359642637744205,6.502634413942304,7.976101024274977,2.853294082286776,2.2962817410571903,2.867428872018826,1.7732790481320269,1.6675863550978278,7.956446544570295,3.106506927016506,3.044381186170059,1.9667438446764547,1.7976480553827234,3.025188053491804,4.563737307784364,8.030587302081662,2.0112236854653043,3.3136837424706282,3.4272251401976397
2013-03-02,396.0,1.9756002757198403,4.907364594977309,3.1831788705348245,4.634900239715957,14.75371651010063,1.855346723662041,1.070508713417457,4.678118559199807,9.402114042898104,2.992930678231268,2.9225573706866603,3.424775829422034,1.7925324397017304,1.6703552779389166,7.485306192416699,2.8766455495445715,2.632102787707742,1.730256178521594,1.803002019894798,3.028550500394457,4.586224854488621,8.01117124422112,2.0102572796818254,3.3166674526660014,3.3094883797460772
2013-03-03,480.0,1.870937278570658,4.582030353427306,3.056401524593276,7.242832492646589,22.137004272898753,1.9756002757198403,1.496179452578548,4.634900239715957,8.520072420255703,2.7335444759924834,2.574368572834564,2.900187712655776,1.8782143245255554,1.7996540725535426,6.804275649104964,2.8599230788368426,2.59773589485947,1.8198438597784006,1.812184829584752,3.0349907354052754,4.614454904771999,7.992514498143374,2.012222645787196,3.3077991457072917,3.1472801909214594
2013-03-04,576.0,1.986463399976693,4.5813005146631465,3.1072959965874243,7.693084563406939,23.904690865282895,1.870937278570658,1.950614911518289,7.242832492646589,7.198967668643489,2.9620729771380194,2.907612957247911,2.62335821105697,1.9006280926508465,1.8531909048381299,6.621812802303661,2.8961827104539233,2.801512966923044,1.7890799131882704,1.820083170479289,3.0412558936149376,4.634007452248777,7.992402133569797,2.022976285891116,3.304847863600902,2.9671823797100423
2013-03-05,456.0,1.750835811822954,4.212387367374325,2.9074488306823576,9.520133684137408,27.679301547885032,1.986463399976693,1.797586548952931,7.693084563406939,7.872094757002551,3.2241644403968657,3.0141002902267355,2.6303461118336364,1.9443336514223972,1.8583121174750448,6.692400930127012,2.973260631175789,2.8320272734364025,1.7723545865607464,1.822619698858734,3.04483642201477,4.6433163661093975,7.984880857362439,2.0347849795315796,3.3070317086818477,2.9359689642151503
2013-03-06,528.0,1.7423474007841468,4.355333438275641,2.945669233010358,8.780944836585268,25.865759041890392,1.750835811822954,1.7185546212483656,9.520133684137408,8.223141484974933,3.4268159549174944,3.800404101540582,2.5376174930155897,1.8694121634567686,1.8516334407421908,6.927835062574848,3.2043511241507936,3.2407057830050747,1.5848215772893395,1.8199027914386907,3.0449265435163166,4.643766633748049,7.993035674462377,2.0357718281251067,3.318338671305935,2.884684897853289
2013-03-07,360.0,1.65571544164147,4.336752249980411,2.9110074734790783,10.082552815668372,29.350386598158153,1.7423474007841468,1.803695974194784,8.780944836585268,6.502634413942304,3.351231615435039,3.930332118196227,0.8962929974429293,1.8265488708612647,1.8550324092473023,7.007521255662039,3.3340706702497998,3.581612169987847,1.6910837214495407,1.8174944819065149,3.043796606574834,4.637110282645322,7.994659045280175,2.0295873277559076,3.3344155483312035,3.0636653073985527
2013-03-08,468.0,1.685947830855827,4.461723643915699,2.958394973453592,8.675918779469441,25.66679450727402,1.65571544164147,1.855346723662041,10.082552815668372,4.678118559199807,3.4593293454839222,4.211947128148558,1.824063230775502,1.7162995514161903,1.8338923331682577,7.518938170194334,3.4124589719454854,3.9808944492951213,1.8327836808744382,1.8162408152551313,3.043336909528754,4.619530812376799,8.009818072150772,2.0267041398937304,3.3552563441248897,3.3373317912687486
2013-03-09,420.0,1.7625185191872037,4.637306496080795,3.0334069694811125,8.818934501028565,26.751417378817486,1.685947830855827,1.9756002757198403,8.675918779469441,4.634900239715957,3.529120666698407,4.567930888816959,2.570657743038481,1.694670224427148,1.8096924913387986,8.090052487375711,3.446560542539123,4.23673671172058,1.9777907666258978,1.8135483223924669,3.041160000467726,4.608627607783875,8.023735111156748,2.025352903169336,3.377179259219655,3.572385151001648
2013-03-10,384.0,1.667482226439686,4.068802042641179,2.8343876781464528,7.992672237508752,22.654331705458045,1.7625185191872037,1.870937278570658,8.818934501028565,7.242832492646589,3.631133514636782,4.866700140748804,3.78310422917934,1.7013939305615005,1.7792522404055648,8.687771667563226,3.5398611756063705,4.548859385904772,2.1136595582807987,1.8126903042041542,3.0412736475231044,4.588097678218176,8.028134840568963,2.029271098683537,3.3960445744633976,3.899861089275111
2013-03-11,624.0,1.777273192500943,4.260669519831938,2.931368250435039,7.852808293414922,23.019472908069464,1.667482226439686,1.986463399976693,7.992672237508752,7.693084563406939,3.124961978171457,3.3186665370210724,1.10559073664655,1.7053161921609057,1.750187232958283,8.794891631114963,3.4284053865022153,4.251099188862278,2.185289324557018,1.8070441842560032,3.0357824498017627,4.548238776565173,8.015416802267236,2.034065132701284,3.3840615270300067,3.9585830292427056
2013-03-12,468.0,1.8365405939958963,4.538580271397106,3.03137749162842,7.89579649715127,23.935139779942883,1.777273192500943,1.750835811822954,7.852808293414922,9.520133684137408,3.163298077093339,3.490676540238197,1.0498804826367902,1.7357579793759443,1.7203029176046043,8.81770930683039,3.306464523300526,3.89201440600269,2.07581059419732,1.8016894615278214,3.0303057532427364,4.536852727843304,8.002284003554593,2.045652664816465,3.3706969633038315,4.026665350672914
2013-03-13,588.0,1.7722523019425722,4.247153516130573,2.9255761937228497,7.443605620890344,21.77683539993838,1.8365405939958963,1.7423474007841468,7.89579649715127,8.780944836585268,3.2810759375229672,3.823837713545354,0.8822038299315635,1.7604320043121753,1.7325464579150247,8.585661137260942,3.189778664262588,3.544393596934873,2.0541563371757823,1.7989472693156132,3.028666445954039,4.553869414024322,8.003676036496818,2.0538052763728105,3.362233685965863,4.030013009530739
2013-03-14,576.0,1.951352165345788,4.181659724006928,2.9699503178712057,5.752777198876539,17.085462470445602,1.7722523019425722,1.65571544164147,7.443605620890344,10.082552815668372,3.414567528414368,3.971174840279617,1.5234067662405777,1.7953553628131373,1.7368185866519426,8.394612677875953,3.2863138476768916,3.7618963646877215,2.1316055104891545,1.7942526556358136,3.0237186584071463,4.553818715021787,7.995649705950224,2.060840200814445,3.359040166675828,4.0358476841140805
2013-03-15,540.0,2.0227791348877413,4.229679042117578,2.997595018965845,5.077762558848149,15.221075753894475,1.951352165345788,1.685947830855827,5.752777198876539,8.675918779469441,3.045225074878176,2.996129445421861,1.6087156046445914,1.8533816870947524,1.779052404323988,7.7760733040485475,3.246956180271837,3.5970473330822763,1.9524925556259325,1.7983347899174642,3.0230957982410374,4.545319498624538,7.981741904087985,2.0585804251625026,3.3459436048091886,3.862159443724552
2013-03-16,432.0,1.7381950399452413,3.978859267321267,2.835432724986728,6.391387150111405,18.12234828348554,2.0227791348877413,1.7625185191872037,5.077762558848149,8.818934501028565,3.2043261787251134,2.892565045631778,2.453580456645813,1.9154612007253673,1.8271711620428328,7.262050986816935,3.221372927339219,3.286623110444418,1.8834630864258632,1.8000373404583834,3.0192980178606774,4.536027547860202,7.9620652950675685,2.0611089697413782,3.3350614124191043,3.6228214661266693
2013-03-17,300.0,1.3681657559600306,3.5203766208731637,2.559433245523758,5.634300909025203,14.420617061843837,1.7381950399452413,1.667482226439686,6.391387150111405,7.992672237508752,3.044851156391089,2.807401875972298,2.4703731642794917,1.9041087800595902,1.823696379293981,6.9152585081144835,3.0981341366647928,2.8986987890086446,1.6356017149405098,1.7943236130102151,3.0118863580454893,4.50751151355388,7.954647468791013,2.0671158765381947,3.319148182150002,3.3286359997300257
2013-03-18,564.0,1.856091916041096,3.727684879178009,2.82459005724035,5.674592581354803,16.028397784184627,1.3681657559600306,1.777273192500943,5.634300909025203,7.852808293414922,3.143003887741085,3.2775667297081985,1.8494257457679573,1.7097133102643378,1.780936883511173,6.578348318331119,3.1307270742857622,2.99251121710409,1.5161113457800224,1.7815799904272025,2.9993895064990963,4.457251363554085,7.930374726549262,2.073113919092724,3.302932662540435,3.322764598685329
2013-03-19,468.0,2.046057501501361,4.26611608934707,3.0665443408619435,4.072716268204331,12.489165024198366,1.856091916041096,1.8365405939958963,5.674592581354803,7.89579649715127,2.9625228981237868,2.442560405387757,2.041780198611072,1.6541509039821225,1.7921967011597666,6.267174645179673,3.050125980751987,2.8425096703560833,1.4025585238877036,1.7771718056389985,2.9931455189688903,4.420755398030609,7.908380429179297,2.0873418335323755,3.278339655005161,3.1730337222781233
2013-03-20,552.0,2.1933380960822637,4.210164821992484,3.159580245627843,4.451231276237691,14.064022409121423,2.046057501501361,1.7722523019425722,4.072716268204331,7.443605620890344,3.090864680576757,2.385410870912302,1.8972534301917812,1.7567717245008294,1.8221276879462616,5.721020326758682,3.0654638221472097,2.7018460020027515,1.2855412680550455,1.7817956204306582,2.9935095165454566,4.4166354951932725,7.875539603001213,2.08537315627524,3.262073147406213,2.9675441733305443
2013-03-21,468.0,2.1811910503893097,4.892745881854603,3.2854870651389327,4.769571610857592,15.670365833726482,2.1933380960822637,1.951352165345788,4.451231276237691,5.752777198876539,3.4104294885215123,3.54230722207988,2.474488307824886,2.03182917120824,1.8822828013947888,5.293538277522588,3.154605689074019,2.7900928327933117,1.161232195208828,1.7892189172577502,2.9963966069865413,4.392495680266368,7.837452114248412,2.0787958181182664,3.2574314950434036,2.906277370730582
2013-03-22,504.0,2.086849582510055,4.795926045976858,3.2095983359860987,6.794194019652696,21.806633819844,2.1811910503893097,2.0227791348877413,4.769571610857592,5.077762558848149,3.353515058380797,3.77785757062797,2.110123968578126,2.1401955493243117,1.9151169278295777,5.153080336377025,3.284936409159689,3.2351918878733827,1.41074992409906,1.80023369579091,3.0064583967906366,4.4077415192557625,7.806287255141707,2.0697538751590443,3.251540611621138,3.0179528171885974
2013-03-23,300.0,1.3497214218294171,4.164152180651217,2.780337684899131,8.07789582404522,22.459278174282243,2.086849582510055,1.7381950399452413,6.794194019652696,6.391387150111405,3.6660117740780462,5.369698288662997,1.687229344127924,2.153792909660543,1.9242698489184795,5.3982848307776745,3.476652106993452,4.229954360456948,1.684966662868368,1.8003133156368056,3.0091153476896944,4.411447357508215,7.801250013510427,2.065906940632549,3.2549313494864265,3.3718289947644857
2013-03-24,504.0,1.2676115126361192,3.795488198579793,2.63287046027144,6.556170346501597,17.261547237811627,1.3497214218294171,1.3681657559600306,8.07789582404522,5.634300909025203,3.2224328237897053,3.828934026462083,2.3187933651287285,1.8725873515762606,1.8687736177590764,5.639214641339649,3.4139865520828496,4.325496628584349,1.781094673592205,1.7868987941083776,3.003520584968768,4.391814711673836,7.794699505819176,2.0592783674503568,3.2482739521643333,3.5177621591201698
2013-03-25,780.0,1.880706517762817,4.146489277410018,2.945741596970485,5.5164067044121845,16.249908694993838,1.2676115126361192,1.856091916041096,6.556170346501597,5.674592581354803,2.6655519936650007,2.423537465992395,2.3915699589615627,1.5680608389918635,1.8544087258556605,5.770910275264847,3.1846655305109177,3.8740565937058236,1.779463767049883,1.7714434933922816,2.995101087184196,4.364894831209396,7.778056463084381,2.060702777789175,3.2192309881978463,3.3957579785893404
2013-03-26,552.0,1.8565227094376509,4.346410549443485,2.987451477146833,5.509485551794271,16.45932075002693,1.880706517762817,2.046057501501361,5.5164067044121845,4.072716268204331,3.029791326356236,2.605004240533097,0.7879895145685188,1.4993464840761177,1.8579250975301917,5.748312292844473,2.9725920479369807,2.952491910995857,1.939232092011494,1.7700178248804936,2.9919517537418616,4.378742918395023,7.761263097699534,2.064424019385725,3.2092665766372566,3.4189642407529606
2013-03-27,612.0,2.0317617872901312,4.580121000614132,3.1302107075871097,5.105445188458851,15.981119195912983,1.8565227094376509,2.1933380960822637,5.509485551794271,4.451231276237691,3.2831251891320288,3.76756233235873,1.4140471457912969,1.6682802466121955,1.8308486986639474,5.953565047643036,2.992822836384422,2.932034679628073,1.9685417212372958,1.7655161372813548,2.987888412375041,4.37873662110639,7.730642030930726,2.0648740828201424,3.205473045840125,3.6164144495310215
2013-03-28,408.0,1.818324955087082,4.112526119738732,2.907564579933695,7.437543015787171,21.625136634436014,2.0317617872901312,2.1811910503893097,5.105445188458851,4.769571610857592,2.965180043754852,3.49639218156156,0.7394587074274107,1.9229970048301996,1.8077663688365,6.047024177960345,3.092698853081039,3.2896529181511283,2.0062596621692435,1.7698037133259985,2.9904471946616176,4.37007214821511,7.705403729281038,2.0682660829996555,3.190019984843204,3.6098551580284046
2013-03-29,360.0,1.56957371318339,3.8633912336370777,2.737647074432984,7.0189857751901465,19.215505872936035,1.818324955087082,2.086849582510055,7.437543015787171,6.794194019652696,3.088866459385085,2.8887411397018576,1.273691384454714,1.9022031506049546,1.755928355221896,6.428162950093141,3.112390564090655,3.3842318845407147,1.8012571732219256,1.7742971706590527,2.9942715105185047,4.340013858816207,7.692740536867291,2.068250550261484,3.170231706467804,3.48283852503896
2013-03-30,456.0,1.97421632644412,4.294681094287135,3.0307985785528464,5.346690452251387,16.20474182264558,1.56957371318339,1.3497214218294171,7.0189857751901465,8.07789582404522,2.7599725045005674,2.3114953887942797,0.8923595908816933,1.8065534851868676,1.682031802460944,6.460276058027063,2.938006335880168,2.8988762366858984,1.4809726206132383,1.7687156335081862,2.9893955714095006,4.316051737688933,7.682795348798765,2.063028735911715,3.169440393680634,3.045952396486286
2013-03-31,252.0,1.8871359541880868,4.399614113798545,3.0151561425406865,6.919887178147011,20.864540330878498,1.97421632644412,1.2676115126361192,5.346690452251387,6.556170346501597,3.048853649059639,2.1441512632067656,1.4996725743001234,1.7873716649048639,1.7712453602630442,6.0701038620565155,2.9658975376484307,2.448129263900966,1.4963226135709096,1.7679430966337646,2.988880127521235,4.307078554107652,7.660151268102136,2.0616321097560855,3.175959045906396,2.805269144592669
2013-04-01,648.0,2.0367445064910146,4.7324482899745,3.16884669362901,6.861089981434149,21.741742302358727,1.8871359541880868,1.880706517762817,6.919887178147011,5.5164067044121845,2.8359351484611457,2.823241250949408,1.5214064490380397,1.8103086646051991,1.8597488519133254,6.122063409434432,2.881587100673784,2.42629596765015,1.618347814695498,1.7652829328225406,2.9881118964846967,4.289849671650784,7.646700152552791,2.0667120612962386,3.1707258615807254,2.862369685300814
2013-04-02,660.0,2.013465846066452,4.732761614626245,3.1572461987599016,6.44319542824823,20.3427542737039,2.0367445064910146,1.8565227094376509,6.861089981434149,5.509485551794271,3.4620970859639297,4.055559622209557,2.5346136168001423,1.966032262374407,1.882039993160211,6.314161020437569,3.1156286278282384,3.0076507121219094,1.6711889015894592,1.7652809017139868,2.9906835941070553,4.284019128150691,7.6483253528991755,2.075226475041091,3.1950109485797737,3.0695918826831656
2013-04-03,636.0,2.122289790730387,4.819859999799011,3.234695473349334,3.988143160305856,12.90042862771046,2.013465846066452,2.0317617872901312,6.44319542824823,5.105445188458851,3.3314560668165942,3.3559399132125933,3.333564317176453,1.979115435581851,1.9044604412500394,6.447548145645278,3.2098294337472235,3.411580262123852,1.692524579746756,1.767149774409094,2.994675690879991,4.289043503523988,7.642680186879851,2.086808846607017,3.2073237182357266,3.0107886799480035
2013-04-04,636.0,2.0968314612215315,4.667152802487817,3.185995272106788,4.841000492356361,15.423404680913999,2.122289790730387,1.818324955087082,3.988143160305856,7.437543015787171,3.007591568183548,2.2811951221952507,1.412354782494269,2.0575000477626175,1.917393013170076,6.28793357019485,3.267048240321357,3.2308982192057996,1.6798086493165942,1.7729103571120668,2.999553590109599,4.29699548636185,7.617991350772571,2.080168600511193,3.2001046224952825,2.8371891000385303
2013-04-05,636.0,2.274839183201156,4.608467355774483,3.29778166103787,2.3754636670849587,7.833760517774545,2.0968314612215315,1.56957371318339,4.841000492356361,7.0189857751901465,3.0236424321258277,1.9933048467925765,1.2622750386584594,2.0775290326727904,1.9571796569035687,5.916998923990448,3.12089668904199,2.5434799607334724,1.769799398727876,1.782048253306041,3.00535144317507,4.312154334198967,7.592399203067066,2.0782080806638548,3.1866655050688935,2.709269629622919
2013-04-06,648.0,2.233863974456942,4.028744423372506,3.161767572190173,5.948435663214811,18.807570985212134,2.274839183201156,1.97421632644412,2.3754636670849587,5.346690452251387,3.1837753589748767,4.004367556880058,2.0107378656129704,2.164653478384358,2.057931866906107,5.2536386228325656,3.071669786428084,2.759622508622627,1.9490202468968312,1.7897907941599875,3.0098834308898934,4.320592131448929,7.544070041830346,2.062977534437421,3.1810836298535548,2.95110851077803
2013-04-07,504.0,1.7392369457794417,4.333902780311293,2.937728128406493,7.29748654861467,21.438031500533334,2.233863974456942,1.8871359541880868,5.948435663214811,6.919887178147011,3.290131294659506,4.286794484808417,1.7048399788807374,2.2018448729598767,2.095024388050796,5.339602224398768,3.1658496952534034,3.4281556294936824,2.0437813385201644,1.7941991740225411,3.009752517232613,4.3103252038953315,7.527508034920846,2.055564118540851,3.175443694826074,3.2572003995782657
2013-04-08,1068.0,1.799933225264233,4.260800936210133,2.9402713766373414,7.429537156343788,21.84485544246123,1.7392369457794417,2.0367445064910146,7.29748654861467,6.861089981434149,3.1842938887008128,3.4046714147098056,1.7854320355616735,2.0826467011458467,2.0738959582781322,5.393544991608434,3.2194001807783987,3.8986111521327587,1.9057763970234785,1.7888228985566466,3.0054678353805744,4.306064508441851,7.526259689497892,2.0540894975732713,3.163949468892821,3.3402618515440365
2013-04-09,732.0,2.1230923097602687,4.670652032420287,3.202780315947372,5.041394426071896,16.146478832749867,1.799933225264233,2.013465846066452,7.429537156343788,6.44319542824823,3.104689113460937,3.306156925300655,1.099596194168916,1.9243447151668722,2.040065775245735,5.4747517308812395,3.1930380989404186,3.665874274939625,1.7555260385580962,1.7841600770213188,2.99928459342097,4.29351432311283,7.538616449615804,2.053709228393169,3.1464013221869593,3.2332043234141934
2013-04-10,732.0,2.093771131188268,4.688914087099426,3.1893566136509874,5.247646510643634,16.7366161048238,2.1230923097602687,2.122289790730387,5.041394426071896,3.988143160305856,3.152420017502673,3.944830763536905,1.0915724489156426,1.8874208269346477,2.055726698630566,5.274494444856049,3.1471343398881406,3.55188636784912,1.673701078821587,1.7847359469257602,2.997378991725769,4.3135759894387995,7.551137930595797,2.0469645364169256,3.1473165901646665,3.317331587746238
2013-04-11,708.0,1.8724444427896256,4.62733513327978,3.0690709076690097,6.188833823568118,18.99396984031087,2.093771131188268,2.0968314612215315,5.247646510643634,4.841000492356361,3.197550738175171,3.4642884098951625,1.519804733197969,2.0055988887375897,2.051652604410263,5.454423494904303,3.151553289712927,3.571758699577573,1.6950231494949963,1.7941423685984081,3.001171264646302,4.3278508083477165,7.54768215748481,2.0516213117491047,3.148458345534061,3.486344914560511
2013-04-12,720.0,2.096378239018515,4.936542125222123,3.246664930375926,5.6315232450019135,18.283669024144547,1.8724444427896256,2.274839183201156,6.188833823568118,2.3754636670849587,3.2407208935249976,2.907612957247911,2.116451446530576,2.0297692945793875,2.019597316062848,5.646971113648839,3.196897216400947,3.438910710226658,1.6435979073132698,1.8056617183523826,3.007291387858464,4.330809303743805,7.53913943608929,2.061737625812334,3.147113177400796,3.6169603589112733
2013-04-13,576.0,2.1487131737558487,4.833295041690568,3.2529430171196063,4.827445467730051,15.703405024778162,2.096378239018515,2.233863974456942,5.6315232450019135,5.948435663214811,3.381642704641504,2.846597639260517,2.3806254738706984,2.0208646043321363,1.9941028954653277,6.1121224819226905,3.2733047787805574,3.0728330021345287,1.6206060080206015,1.8133902767787975,3.0134410869586277,4.353788924046857,7.540338650408515,2.0633612275956574,3.1460156832750332,3.451564656394196
2013-04-14,492.0,1.5132038990080352,3.8033827507291305,2.700372859541996,6.826738576108907,18.434739570112864,2.1487131737558487,1.7392369457794417,4.827445467730051,7.29748654861467,3.4717525657868054,4.073969400003493,1.8541897259818176,2.03917861852133,1.9819384953651717,5.951981025424868,3.364705387984436,3.276059998837306,1.6963188583113324,1.8253077310234074,3.0195085938272817,4.375510101302978,7.525897422663523,2.0641850528345134,3.160233266305321,3.421161072850635
2013-04-15,768.0,1.8065841652374768,4.210030042836152,2.9291772618763883,4.649419385653847,13.618973545384534,1.5132038990080352,1.799933225264233,6.826738576108907,7.429537156343788,2.89680197619016,2.4187537322563517,1.6964205225505378,1.919431770594133,1.9496480601121136,5.884731315066901,3.250065748872823,3.1131069238401192,1.6285594862381447,1.8282293925184279,3.016249206413023,4.3613002249233634,7.526495124117109,2.0690502282383783,3.1499824595541557,3.2803156896429995
2013-04-16,792.0,2.0489677551218795,4.3089735212399285,3.077755959324508,6.382251807909939,19.64301353570443,1.8065841652374768,2.1230923097602687,4.649419385653847,5.041394426071896,3.1507430912274024,3.1089291849469274,1.7295314400478896,1.8228337460004536,1.9505981943940056,5.487571633539766,3.173099211068122,3.2005507724022557,1.6029266940625242,1.8252183735166942,3.0122413774499015,4.369005917440526,7.518848344595636,2.067571243562757,3.1535121907153663,3.252140298163895
2013-04-17,660.0,1.7882492998833657,4.027119112407746,2.87033811048264,7.214333681725926,20.707576908396465,2.0489677551218795,2.093771131188268,6.382251807909939,5.247646510643634,3.4807321717626407,4.0602023019282125,2.346118386098329,1.789585273122464,1.940008972302807,5.679122688088058,3.176092413060068,3.1959617397104956,1.682362870629028,1.8303312957901765,3.0112171519580753,4.395292480786084,7.520182950454949,2.0652366313959787,3.164769800182752,3.268621946505511
2013-04-18,744.0,2.003909959262936,4.2245339689362655,3.0311272212936444,6.087047929073526,18.45061667513387,1.7882492998833657,1.8724444427896256,7.214333681725926,6.188833823568118,3.3315526243365783,3.8137351118029703,2.183132374561301,1.8812670734142405,1.8963629964021067,5.960077998242672,3.3210092957755406,3.660955532892702,1.5733382859832703,1.833748892278165,3.0083572656493343,4.405273621893742,7.521823098323045,2.060596643972732,3.177070791056511,3.318542903920912
2013-04-19,756.0,1.9227814389164903,4.309679078443213,3.010474680570345,5.257151199301664,15.826520577427683,2.003909959262936,2.096378239018515,6.087047929073526,5.6315232450019135,3.3930176895429365,4.51251111243548,1.1504168560537755,1.9470423380893938,1.9151437844697223,5.945537156172016,3.401767495214052,4.128816175388886,1.605527211060232,1.8419489049034856,3.010706967291987,4.403887551213383,7.507987763445902,2.0455494549356583,3.1871425580220505,3.547814068947708
2013-04-20,612.0,1.8842264810935223,3.971421518678613,2.902314044745978,6.15948067081973,17.87674725926148,1.9227814389164903,2.1487131737558487,5.257151199301664,4.827445467730051,3.210824001606147,3.893650872850957,1.3288729646130226,1.9049802326875973,1.8903442415980045,5.892055435357695,3.311798105161887,4.073299032363134,1.5047508793154822,1.8447483232748512,3.008953453072676,4.407204693095073,7.497483232443221,2.0337752807226366,3.1804890417915384,3.6973931023177706
2013-04-21,588.0,1.6268454951805529,3.88942157170858,2.7655824649341736,6.423403325667796,17.76445160266671,1.8842264810935223,1.5132038990080352,6.15948067081973,6.826738576108907,3.1014529660067947,3.876471609903558,1.281415007826253,1.9369726264243161,1.8525604283605295,6.082346178656219,3.2350982190519595,4.094211198396663,1.279062885261217,1.8552541916878236,3.0096889080268614,4.376493880989207,7.482468837205162,2.0386568636602878,3.1720869720457383,3.669179132303494
2013-04-22,708.0,2.1260757154936343,4.199827878580127,3.105784912412714,5.077762558848149,15.770438344084758,1.6268454951805529,1.8065841652374768,6.423403325667796,4.649419385653847,3.019062509528706,4.023042790033792,1.8456750172644016,1.8112844717301886,1.8687949420994605,6.024726857164632,3.110446492380549,3.931055090929434,1.3947432641796584,1.8543292777881144,3.005412673607988,4.3462770651802645,7.474976583868794,2.043887472960399,3.1505219965607605,3.898363283414557
2013-04-23,564.0,1.805875108684388,3.90804973905717,2.823126607496498,6.652975583464297,18.782192388702594,2.1260757154936343,2.0489677551218795,5.077762558848149,6.382251807909939,3.1832565078457864,4.524075530831699,1.369554744775806,1.8790492305892366,1.9144365921360544,6.085918739049533,3.1012573277937623,4.141196643589681,1.448794252717778,1.8577401510371334,3.0051499143290274,4.347466255111228,7.4470190277716775,2.04803676033595,3.1492161193626296,4.100527047112381
2013-04-24,900.0,2.1435216232199408,4.406228850226278,3.156226767407203,6.543275452957002,20.65206113114138,1.805875108684388,1.7882492998833657,6.652975583464297,7.214333681725926,3.151042788467462,3.83897424133906,2.185175091049651,1.8529321064528583,1.8797090712164128,6.124593564128728,3.1177872686139847,4.128697520734849,1.3671467666190618,1.857238665118966,3.0013914453076227,4.351218306460475,7.426373248492397,2.0508488858415896,3.165399145856045,4.068923038456789
2013-04-25,660.0,2.2375747475728938,4.595792895516135,3.2658319360596786,5.964003287990345,19.4774324046838,2.1435216232199408,2.003909959262936,6.543275452957002,6.087047929073526,3.312014502259652,4.064726202217921,2.7131223265964173,2.0251574824659877,1.9304622602644947,6.028728102876023,3.215437932857634,4.142591991462892,1.462809951227267,1.8751222136156742,3.01113429805089,4.359876292221016,7.415969405420141,2.05103787136231,3.1748065850528255,4.104778908516067
2013-04-26,768.0,2.1424592839196315,4.852179271651771,3.253282674256091,6.493366668693564,21.124757280852762,2.2375747475728938,1.9227814389164903,5.964003287990345,5.257151199301664,3.394876074122694,4.252818916819331,0.6761012515414612,2.0623238264924075,1.9638429443087746,6.011150297006998,3.2859777882832693,4.052173120125436,1.541037987153029,1.8874788018655801,3.017683186708408,4.368189037090104,7.409847145449969,2.055160487324003,3.178531614552514,4.0676800234280455
2013-04-27,708.0,2.1501618279966324,5.0928305483439,3.3097528155203104,7.233524036881518,23.941176547202446,2.1424592839196315,1.8842264810935223,6.493366668693564,6.15948067081973,3.508406450218013,4.883568756548973,1.149443419383678,2.174518551570822,1.9952254935949376,6.187752506920126,3.4050990088667863,4.400371291862073,1.6793049271778813,1.890676208072269,3.019308136139242,4.377257646124692,7.413985496832783,2.0594921827645423,3.1966391614346197,4.209096863956334
2013-04-28,600.0,1.951413538640265,4.7933401044914845,3.144415644183141,9.380838569142664,29.497255552368784,2.1501618279966324,1.6268454951805529,7.233524036881518,6.423403325667796,3.7944118795005615,5.6869423339594745,1.83746824379178,2.1767319531630522,2.033216257438239,6.341187273500382,3.565898134613756,4.941110002442591,1.869909702561581,1.8965524627229975,3.0219705499254896,4.409934460411531,7.407095274201632,2.0559577223799077,3.2201573421051353,4.467735538821464
2013-04-29,912.0,2.1545057076821914,4.755044073490739,3.2401420784555754,6.6721846830424285,21.61882634675255,1.951413538640265,2.1260757154936343,9.380838569142664,5.077762558848149,3.6455473742041313,5.684370865589036,1.0825029247440996,2.081344883518843,2.0795831207896263,6.76367802256822,3.649455234640902,5.418293985365826,1.9194528686362549,1.9004334446795292,3.024317290264327,4.440932756106679,7.4170930396153505,2.050103910537958,3.249676504428588,4.7050681210436425
2013-04-30,780.0,2.1818010968776047,4.844170296736974,3.2756949970052007,8.23420296502189,26.972737456847593,2.1545057076821914,1.805875108684388,6.6721846830424285,6.652975583464297,3.540561573810539,4.163848988353761,1.5948772203145365,2.0853603581063624,2.0836445482451347,6.991452611738831,3.660173609171744,5.178387395967422,2.0558300863897725,1.9062802735709858,3.027884935348065,4.456278188746798,7.406508717504843,2.0463421771417036,3.2660667685869513,4.653607186403937
2013-05-01,456.0,1.704340492276677,4.768434592415635,3.0539545054299704,8.969562845748001,27.392636864509374,2.1818010968776047,2.1435216232199408,8.23420296502189,6.543275452957002,3.856178777892547,5.893902527669845,1.479740768836404,2.0959067810666867,2.1373482608441656,7.21734223767563,3.680762575302406,5.247374127204213,2.226011761931637,1.9117211797912452,3.03013420561231,4.47109672817808,7.404798216981107,2.0435065882747185,3.300074889567998,4.947168370165477
2013-05-02,768.0,1.99494792456807,5.018981077914519,3.2185290890734604,7.538728958706224,24.263618448236457,1.704340492276677,2.2375747475728938,8.969562845748001,5.964003287990345,3.843336581775015,5.608131595162561,1.1333063682165587,2.0135490989454907,2.074608099280842,7.56395472236006,3.7466923111593666,5.221961037062054,2.294879439626709,1.9072001834005259,3.027980466193896,4.472296271592783,7.406643162589352,2.042243148696417,3.3127828727617006,5.167654854871855
2013-05-03,744.0,1.964501834405012,5.050336359163449,3.214178055751473,7.433670404867754,23.893140289015104,1.99494792456807,2.1424592839196315,7.538728958706224,6.493366668693564,3.844914261798531,5.93879373148577,1.485863903970553,1.9603631712407836,2.0399471245658676,7.788915532462327,3.8481432071553647,5.813609284772724,2.280005074458055,1.9092670275004828,3.030682592268565,4.48183692036906,7.3929142630776035,2.0425774677195436,3.329898145927765,5.4085083998242025
2013-05-04,660.0,2.1478800429950446,5.215837031272713,3.335433232697404,7.560813619327701,25.218589012136754,1.964501834405012,2.1501618279966324,7.433670404867754,7.233524036881518,3.7330542876355866,4.830920253170904,1.5278003391505135,1.8879300837499198,2.0145246317780647,7.923244637630069,3.8071017104030442,5.459281859939743,2.2557381756779145,1.9089010014076213,3.0324639599212997,4.489519465681208,7.387496851220176,2.0502554457842668,3.3540802365761664,5.400987185055906
2013-05-05,636.0,2.189301944035972,4.818506780715672,3.274960510128732,9.153293313160134,29.976674138224823,2.1478800429950446,1.951413538640265,7.560813619327701,9.380838569142664,3.8708002758393847,5.593708483602363,1.265935841100768,2.035776600656042,2.0141986624921233,7.9700002922652375,3.8162562750911673,5.454474156086344,2.3696436320904604,1.9155184052604894,3.039597033288217,4.507808939974038,7.383753266726931,2.0438654720893292,3.3823188313666184,5.38766806357632
2013-05-06,804.0,1.822987909147073,4.556331553221551,3.0303914310297357,6.741251873933853,20.428631913182297,2.189301944035972,2.1545057076821914,9.153293313160134,6.6721846830424285,3.925694368612058,6.272409215100036,1.7521452170015346,2.10056127381201,2.0481827204057956,7.937493827124876,3.843182977362343,5.565679317291099,2.491783623498706,1.92296764764802,3.04508522124019,4.514810254138744,7.392095550851176,2.0420817267717015,3.4070494650211907,5.471673542077892
2013-05-07,660.0,2.22059203380715,4.727952156545955,3.278532043176249,5.532521754592838,18.138549852002303,1.822987909147073,2.1818010968776047,6.741251873933853,8.23420296502189,3.4924622751862238,5.0896888205844855,2.142473471794873,2.0533899653926966,2.000823034900779,7.947360568680794,3.762985639879222,5.651935506428959,2.342458952039915,1.9257555221064466,3.0470749538660344,4.5323964918003785,7.3643143555227075,2.042473202404641,3.413793831038748,5.603936375253709
2013-05-08,660.0,1.8579293417230809,4.297457368789339,2.974654570143123,6.786067153579948,20.186205671694726,2.22059203380715,1.704340492276677,5.532521754592838,8.969562845748001,3.3862204814124244,4.567930888816959,2.447609349010369,2.0776272956633983,2.0063645973192856,7.561406110048073,3.601459041736902,5.310009641500492,2.311377049413505,1.934666258822302,3.052410571694745,4.5455314710082,7.320154723129115,2.036155018636628,3.420524717462469,5.414511855417582
2013-05-09,648.0,2.3072940380136115,4.84496265362337,3.3657819820619044,6.044925902517821,20.345902685593778,1.8579293417230809,1.99494792456807,6.786067153579948,7.538728958706224,3.376216462108025,4.078468689707932,2.467539795902457,1.967169761559101,2.0283058615259146,7.249478154024065,3.4182997395688908,4.578696133036456,2.1467018234812403,1.9362564391979,3.0514313650391123,4.546753352094174,7.299477043038566,2.0354292417320674,3.429575629084039,5.195988583209778
2013-05-10,708.0,2.298309208102096,4.848771737009027,3.359236479890685,6.518595621335999,21.897504208847575,2.3072940380136115,1.964501834405012,6.044925902517821,7.433670404867754,3.5767096060759997,3.499314328683395,1.8326660664932688,2.128605137847947,2.072926734875278,7.03607771742572,3.4463821831988164,4.0485713024027605,2.22830336293539,1.9469199693907986,3.060287936771036,4.552563706134277,7.283159504063346,2.0274755263089266,3.443718615369816,4.847491525666582
2013-05-11,564.0,2.019956357482702,4.724442667313432,3.158364218986675,7.0959561724928975,22.41161407469921,2.298309208102096,2.1478800429950446,6.518595621335999,7.560813619327701,3.5190596142695414,4.055559622209557,2.4824408634251376,2.1545108626129292,2.12061350254629,6.905352748349756,3.4906618941511884,3.877780880200293,2.134093170811653,1.9556039029841512,3.0674190739286304,4.5578922944645965,7.270608181560892,2.022703668447759,3.454435577906295,4.736725721243532
2013-05-12,444.0,2.077838557618045,4.496653613343837,3.1372856009337813,6.112143132472609,19.175538640352613,2.019956357482702,2.189301944035972,7.0959561724928975,9.153293313160134,3.3789568194504955,3.980654738692519,2.45720756989382,2.2085198678661366,2.102338690330241,6.83894454165907,3.491575346598679,3.845176229861822,1.945678907456479,1.9586608323755983,3.0695355193846012,4.56112921226572,7.255393470838825,2.0236826596342476,3.459043442103811,4.506289471970698
2013-05-13,1056.0,2.155340038488136,4.960501524270716,3.283972419921496,5.678037412167266,18.646518260839727,2.077838557618045,1.822987909147073,6.112143132472609,6.741251873933853,3.2877431026081845,3.723155576546104,2.2342189608670404,2.1320347077342814,2.0864153494133943,6.404494515846566,3.395253178776074,3.919789979149392,1.8925927331648542,1.963753936636856,3.0730640095047836,4.546466261869776,7.235975789775745,2.021556671172032,3.455913455369368,4.142110380748707
2013-05-14,708.0,2.32142551779512,5.2939343277235045,3.4566846789347085,5.6571632631916495,19.555029578106854,2.155340038488136,2.22059203380715,5.678037412167266,5.532521754592838,3.5888209047758752,4.653542116571534,2.038352915614291,2.0843783178629613,2.133894225033546,6.252606735594197,3.418506942278185,4.11911747727005,2.1556398010231574,1.9671537345225618,3.0782977112056216,4.550706477955781,7.2265465612351045,2.0064797535535934,3.4598157333356694,4.079803708746857
2013-05-15,624.0,2.3988467044153854,5.292163264409988,3.515794517560886,5.925086681695266,20.83138727157724,2.32142551779512,1.8579293417230809,5.6571632631916495,6.786067153579948,3.82203788502946,5.667725652678452,2.2777410575493846,2.1848680379671004,2.148299008460399,6.270412665394027,3.566200630804506,4.681474448598695,2.3299723741929186,1.9721311742376848,3.085949205538436,4.60039153052226,7.210982852666416,2.004573781159769,3.4906569302969794,4.236917246441356
2013-05-16,780.0,1.9630466068054195,4.561043347905878,3.090847524830287,7.083713216551913,21.89467746198707,2.3988467044153854,2.3072940380136115,5.925086681695266,6.044925902517821,3.838064069622959,5.461899452145892,3.2648779907902803,2.2918707535662137,2.2255729174164425,6.147415455124786,3.7496409531427646,5.261055740465291,2.6303529942829313,1.9831420353121871,3.0972885687480054,4.636462637908055,7.193068790171375,2.00926189462306,3.5135676295768317,4.434550212503922
2013-05-17,660.0,1.5961311826319886,4.118603546265171,2.8258732035124625,7.013069106671446,19.81804406292392,1.9630466068054195,2.298309208102096,7.083713216551913,6.518595621335999,3.7448862165886574,4.858227036546363,2.687646006350988,2.2277729430053084,2.176394712958129,6.295813642843943,3.8016627237470253,5.329284047123568,2.5844258863480327,1.9930567161596104,3.106145473403114,4.644864965463586,7.182835167623108,2.014311456720099,3.522372764404366,4.628680599341489
2013-05-18,552.0,1.8097598373831216,4.554398313376566,3.0258308234271967,5.419776068393962,16.399325483819517,1.5961311826319886,2.019956357482702,7.013069106671446,7.0959561724928975,2.815499861338486,2.8963822198254308,1.437168163213598,1.9860081646175978,2.0760835664623998,6.366452712177577,3.4661500491833674,4.405502902839227,2.4658998390297335,1.9887240372694586,3.1061668591743157,4.647914446592167,7.177552162069886,2.0147082406136176,3.5051710056377625,4.463083827572327
2013-05-19,444.0,1.6363048590681586,4.006016105470655,2.8045516816597984,7.0174727268624,19.680864937123715,1.8097598373831216,2.077838557618045,5.419776068393962,6.112143132472609,2.9601957257135,2.677469251379378,2.2396342515089542,1.7896458756068432,2.0460554921624596,6.126998411592015,3.1735272678802144,3.477359502583722,2.3444872731783883,1.9847857428674878,3.105488300550404,4.658909924740176,7.155073101268542,2.0143511152183415,3.490743606843448,4.276914472241879
2013-05-20,852.0,2.200007451034584,4.967712188580135,3.3121450301900888,6.028120210314377,19.966008395981195,1.6363048590681586,2.155340038488136,7.0174727268624,5.678037412167266,2.8451541064538355,2.0549083419417777,1.0814923793411866,1.680731959694423,1.9829792495124756,6.256331210790558,2.8736165645019405,2.5429199377155274,2.1584105033511856,1.9755018555839194,3.0995711578176026,4.648787825641092,7.143881029686413,2.0209895284617443,3.478554610338371,4.038593438726975
2013-05-21,684.0,2.124387667510261,4.617536448576816,3.192000667780079,5.569704454111119,17.778500336860372,2.200007451034584,2.32142551779512,6.028120210314377,5.6571632631916495,3.206740748042651,4.137206992399192,2.609563691793339,1.8820240491619549,1.9893603084476825,6.306343039097287,3.004030193403329,2.9565281952401143,2.0226032417820092,1.9758154622613406,3.100015457235122,4.681997514637809,7.114466038606468,2.0247536729220874,3.4820642030728997,3.9648312781309265
2013-05-22,744.0,1.849653408179715,4.087526406416989,2.915154769658193,6.131410422225235,17.87401033708185,2.124387667510261,2.3988467044153854,5.569704454111119,5.925086681695266,3.4488774508891917,4.61295364030807,1.6182697126832224,1.986899992537668,1.961212044121274,6.293848923514354,3.166924101795226,3.6016896582163445,1.760428725612313,1.976441097011344,3.0997221627650218,4.706268010533417,7.092339673600052,2.0195361481014125,3.496391367784916,3.814149562078015
2013-05-23,648.0,1.954500059990153,4.370387911297988,3.03922198133447,5.204754198028828,15.818403366092076,1.849653408179715,1.9630466068054195,6.131410422225235,7.083713216551913,3.1450283945985227,3.623513384317529,1.945978147304065,2.058016175574853,1.8827558589447497,6.323323743590065,3.2668821978434557,4.1245580056749285,1.4507103935738588,1.9847732967838492,3.1019691141776726,4.702524628127979,7.07004899094852,2.016076511655116,3.49511709734334,3.551522980959677
2013-05-24,624.0,2.055598619924944,4.627060518915266,3.153853639856931,4.98870473846205,15.733644597570054,1.954500059990153,1.5961311826319886,5.204754198028828,7.013069106671446,3.0884468745491893,3.9592452783489582,2.3160427863096142,1.976180378560043,1.881534923685426,6.054901026658196,3.2274509066789676,4.0652374343248505,1.3056684927399027,1.9962214392397497,3.108741639528723,4.7179359005360055,7.045203502144108,2.0146964879004927,3.4930305668793977,3.423097015502905
2013-05-25,348.0,2.033020058692246,4.509542488957107,3.114358990925337,5.380630934619689,16.757216328083828,2.055598619924944,1.8097598373831216,4.98870473846205,5.419776068393962,2.9735828317211768,3.1089291849469274,3.27849763822172,1.9532506960316038,1.9471731290129912,5.7657061169139965,3.069019366956296,3.5638959492044697,1.4520131007712038,1.9991363076091182,3.112210173576831,4.725296956158973,7.018690203209629,2.0224694674956383,3.4817495111947823,3.4534608676631184
2013-05-26,408.0,2.227080031878952,4.18466513554821,3.183082746771207,6.123615642098403,19.49197529822171,2.033020058692246,1.6363048590681586,5.380630934619689,7.0174727268624,3.046379774793533,3.57902589798072,3.4599622636972813,2.014372912869114,1.979067446342866,5.760113954946243,3.036136493687966,3.5490667870921997,1.5243134632349313,2.002077930096695,3.114325298806472,4.722421942607005,6.988619355343252,2.02379828254989,3.4701329678838095,3.5822546743204535
2013-05-27,768.0,2.1660357464245257,4.754837398614606,3.2469225582633574,5.626832749350905,18.26989018544248,2.227080031878952,2.200007451034584,6.123615642098403,6.028120210314377,3.11937954635198,4.011358946240643,3.1841567199712766,2.1052329034987136,2.0634638996015506,5.632420085694243,3.0464473842888964,3.5664380097227615,1.582016610598577,2.0053332341731753,3.1152064994595405,4.700171471403553,6.971753911059986,2.0104561735095032,3.457165404421609,3.8617476177917203
2013-05-28,624.0,2.1874150329839552,4.605083961410384,3.231097442906888,6.424613866624441,20.758553436114365,2.1660357464245257,2.124387667510261,5.626832749350905,5.569704454111119,3.2255910125913942,3.7283406065950127,2.288073936249049,2.1420452789985744,2.058610798942971,5.575093305556605,3.130450111245636,3.7729084836054567,1.636024771780621,2.0111284140287995,3.1208624657650352,4.6889050330792434,6.948699535295591,2.005431886320274,3.4382047088579695,3.8033381341054087
2013-05-29,732.0,2.241523384468997,4.500511251715497,3.251561040822902,4.809991872974379,15.639982180838272,2.1874150329839552,1.849653408179715,6.424613866624441,6.131410422225235,3.3311663269485168,3.876471609903558,0.7885873814551273,2.1935102704291443,2.067614708296356,5.697223221629936,3.2253789619639637,3.8720570542464023,1.7720708693003222,2.021425769358809,3.1290866385729337,4.682629828309873,6.929254265172067,2.008384591336176,3.427725340616116,3.6981264154761924
2013-05-30,408.0,2.0454630974964068,4.139938450460176,3.037661501798804,5.947943362161337,18.06783856611723,2.241523384468997,1.954500059990153,4.809991872974379,5.204754198028828,3.2397243120609955,3.751974689905526,1.096090186344649,2.198324721292493,2.123596133480539,5.508449143165528,3.2654938838669687,3.7855956354680305,1.9505772429849535,2.025880886992557,3.132766012944101,4.674145400917365,6.892854231622687,2.0142442563010223,3.4176974318911317,3.716478030560192
2013-05-31,552.0,1.960448932820783,4.336625692058602,3.0337185713175714,6.062969798311565,18.393344074475344,2.0454630974964068,2.055598619924944,5.947943362161337,4.98870473846205,3.147920688217758,3.990212318205515,1.0135053975191963,2.1581338383164534,2.1365908531242894,5.6146190237558855,3.2396037757424234,3.872886206004864,2.0330037799035554,2.028519672714362,3.13314110226507,4.650671006041472,6.861592149290841,2.005577873132353,3.3940888289019715,3.720901893396843
2013-06-01,564.0,2.236938954442357,4.721924791980614,3.2892607426675307,5.785975657957414,19.03158258974926,1.960448932820783,2.033020058692246,6.062969798311565,5.380630934619689,3.0505439007620603,3.5309463241445447,2.327846807237486,2.0824784715953957,2.122998040680838,5.768085460877245,3.1460629670136044,3.7577111107518597,1.906574464717177,2.0272480798198584,3.1308889668932123,4.636277376029571,6.841770003369951,2.0027427854295605,3.36766240620154,3.78119005613936
2013-06-02,552.0,2.3280696456482355,4.587132035395097,3.339801083211243,6.047507054537901,20.197470611473314,2.236938954442357,2.227080031878952,5.785975657957414,6.123615642098403,3.36142309315404,4.601768687537097,1.6247406505094086,2.080950328253182,2.1521293115022826,5.825991849925492,3.186629227377953,4.04097577662905,1.963218834168882,2.030972631626123,3.133089209291673,4.6263754998317745,6.813932901966421,2.0039257069310055,3.35154603391339,3.9272961689331285
2013-06-03,900.0,2.2079095564388003,4.944117362931839,3.312841615418184,4.140732127183062,13.71758970923111,2.3280696456482355,2.1660357464245257,6.047507054537901,5.626832749350905,3.39395859765356,4.252818916819331,1.0161283957020948,2.1751525109704586,2.1665563991836088,5.815119194559706,3.2686418638565535,4.128511309500322,2.045713334693741,2.034402295874754,3.134840969456038,4.610935355706162,6.8099518671708354,2.0099168737619326,3.3402428442473227,3.961790450444369
2013-06-04,684.0,2.167328107829742,4.912263284583785,3.2808499311639574,4.983798242116926,16.351094119584367,2.2079095564388003,2.1874150329839552,4.140732127183062,6.424613866624441,3.10427735569749,4.463759763398922,1.2727806304113565,2.2576393855097976,2.1725383720427907,5.602819105678585,3.286553015501697,4.439449122585114,1.9007668540498348,2.0362535974617084,3.136955075177895,4.601878033428133,6.798706520585088,2.0156121074589275,3.314692080242593,4.066850329987785
2013-06-05,648.0,2.389308788463505,5.408410830519607,3.527351347502372,4.674357561769148,16.48810144421431,2.167328107829742,2.241523384468997,4.983798242116926,4.809991872974379,3.114260811607668,3.990212318205515,1.8129996376742357,2.2344357699722592,2.1696688113064746,5.396988302177512,3.2041655883195728,4.235596999474588,1.7462751325100798,2.034461746205518,3.1366728796799963,4.605003250223737,6.775836265417329,2.015941833499295,3.2876442950091134,4.08309900260235
2013-06-06,660.0,2.414295437259502,5.251195150655696,3.5221788377981524,4.327378282656739,15.241800210320879,2.389308788463505,2.0454630974964068,4.674357561769148,5.947943362161337,3.494883547282404,4.95508219764217,1.6021927235907434,2.254848817577349,2.1907810118771183,5.377611972005336,3.2378072381958543,4.4696847597488665,1.816809510121637,2.037052493105628,3.142765942601866,4.633405892800338,6.743366422286378,2.014062876243358,3.287725004078986,4.254971503707585
2013-06-07,672.0,2.459262267487578,5.389723714972163,3.5703416228243468,5.803848177287748,20.721720719923667,2.414295437259502,1.960448932820783,4.327378282656739,6.062969798311565,3.571796606075033,4.673609383021364,1.4174274290647144,2.3236441111842496,2.243471346128989,5.1461026749332515,3.3936469883217018,4.539634632956347,2.021763724008596,2.048303467963629,3.152506787758394,4.650847325937331,6.706273269340172,1.9984785860540368,3.293910874901073,4.352599655824135
2013-06-08,432.0,2.100150830392982,5.1274433868913984,3.2916831557432764,8.045938145090686,26.48467906434731,2.459262267487578,2.236938954442357,5.803848177287748,5.785975657957414,3.703792934000392,5.850491144150728,2.705903935511793,2.4209554977368613,2.3147303939385315,5.1090853005012775,3.5901576957859427,5.159727574938085,2.228670278673502,2.059292285334018,3.163007958528177,4.6872562041434245,6.679338225858468,1.9903253990261331,3.304830090630818,4.683963201539304
2013-06-09,528.0,1.5101773989517464,4.143286252679154,2.809839328029754,8.44326252470579,23.724211098798122,2.100150830392982,2.3280696456482355,8.045938145090686,6.047507054537901,3.381915358905106,4.977996365758915,2.5770633331473194,2.3245695117133542,2.295189233360049,5.431937084377458,3.55250163299351,5.167365630977,2.1683234931576227,2.0589099273445632,3.1644896725247755,4.696672228585692,6.679916135735795,1.9766651911367474,3.298336949058455,4.737710012713849
2013-06-10,588.0,2.1958223385890983,4.889499776571345,3.2933646952158657,6.630196726844259,21.835655822524675,1.5101773989517464,2.2079095564388003,8.44326252470579,4.140732127183062,3.3022456800478803,3.772653377993746,2.2656730114945103,2.0231968322774354,2.17834748383198,5.774187865830014,3.4626513243177928,4.86704696263446,1.9998912876676704,2.049183365140621,3.158164384431088,4.673156045774696,6.703051304899782,1.9722747475940305,3.2911098179177336,4.669114935738766
2013-06-11,888.0,2.3605109944327625,5.426677305182101,3.508933920208541,5.877766840730729,20.624695442517048,2.1958223385890983,2.167328107829742,6.630196726844259,4.983798242116926,3.519848271149346,4.7823657039461045,1.8497663888415716,1.935383522644609,2.1766207384248792,6.129825665781614,3.4013364367007775,4.511005149232919,2.152449421364948,2.054572996737279,3.161902614223536,4.6786579494166265,6.709972864234415,1.962872360408009,3.2958061996410284,4.71463007010265
2013-06-12,600.0,2.1841664196169663,5.591370973730709,3.4354203271930563,6.673782755610778,22.927248937895754,2.3605109944327625,2.389308788463505,5.877766840730729,4.674357561769148,3.7526508944451344,6.349568762093734,0.9279944313695851,2.0221702439912024,2.204218293653882,6.257535465583586,3.5249149485474534,4.968195948011193,2.375542816695955,2.0589752093275164,3.1662737640540795,4.709658739144569,6.712026613478546,1.9570493503871398,3.3113031260355936,5.051680990658109
2013-06-13,828.0,1.9723050210849995,4.990680303221907,3.2024087954243585,7.35064736870348,23.53977778559894,2.1841664196169663,2.414295437259502,6.673782755610778,4.327378282656739,3.805295815812889,5.799563472628067,1.9987033097526803,2.246833250879609,2.174912240961519,6.54316763613239,3.6925983271357894,5.643832646222633,2.395437800946157,2.059566096758535,3.1693150525553038,4.730687720793235,6.699737953902588,1.9461798657713625,3.318518956403494,5.172321172798951
2013-06-14,684.0,2.088413607396704,5.057701100452302,3.269328068937228,7.100711085545719,23.214554061388355,1.9723050210849995,2.459262267487578,7.35064736870348,5.803848177287748,3.6399517721537817,5.598944140619116,1.994888932738724,2.172327478378243,2.1117707529365903,6.975063219853353,3.7326328274706015,5.9160254584469705,2.162005319610525,2.0672177821264843,3.177682318153343,4.7205792533098485,6.692908759432282,1.9387760558246059,3.312449419307638,5.304511852455773
2013-06-15,552.0,1.6321993092710978,4.881289787139814,3.0698033142348256,7.023797653960866,21.56167731664386,2.088413607396704,2.100150830392982,7.100711085545719,8.045938145090686,3.618084021226596,5.850723075570927,1.6912785710044538,2.0816283493662233,2.0587923729236084,7.160329349604491,3.6877772030644222,5.749743562939368,2.039643093778245,2.0719149394958047,3.1833514982710236,4.712763847844593,6.686383998259007,1.925078987556315,3.305116751027759,5.304544985515802
2013-06-16,420.0,2.0385439527699045,4.919303438923063,3.213654582420452,6.691479282192276,21.504103058388722,1.6321993092710978,1.5101773989517464,7.023797653960866,8.44326252470579,3.2058711834402702,4.70261332830169,1.495621282369032,1.897639312584267,1.991942155620482,7.014309279443089,3.4879689922735495,5.3840935148305755,1.9572898301852089,2.064968798731625,3.183218954186196,4.72343872915239,6.690527107568652,1.9151408392691196,3.287149583256146,5.265204551593341
2013-06-17,948.0,2.284441720997453,4.866294248208842,3.351572875550557,4.93546032264895,16.54155494574622,2.0385439527699045,2.1958223385890983,6.691479282192276,6.630196726844259,3.378774410339358,4.948534413973648,2.7594136547754133,1.9197189564792356,2.067423091880219,6.764054530512587,3.400909871668741,5.167290272615419,2.1176634561200123,2.069140376279734,3.1889408953851595,4.750128725574319,6.684309431873804,1.912353128791557,3.3059254015561748,5.433187556733327
2013-06-18,624.0,1.659297340068259,4.248740589195173,2.8839966325195183,7.954344661600773,22.940303217956238,2.284441720997453,2.3605109944327625,4.93546032264895,5.877766840730729,3.377473583061999,4.590536881790209,3.2844458860502845,1.9850616610128184,2.0800830036528413,6.521949329913257,3.320706392280542,4.747228208021847,2.0058766367647407,2.0738159056419763,3.194281656289441,4.760525256735395,6.653786513207284,1.9098773445688915,3.3198346634677915,5.405783439282485
2013-06-19,780.0,2.2558517274291683,5.260446972272625,3.406389239893398,5.538707123601257,18.866992348756234,1.659297340068259,2.1841664196169663,7.954344661600773,6.673782755610778,2.926533850387635,2.97801055305071,2.376340314023929,1.9940943379452054,1.9799096244579122,6.818603304323263,3.227593947929664,4.17236061627152,1.6843267499878836,2.069424503994506,3.192173688821927,4.768616072859546,6.654323541643989,1.906144583438683,3.3225473215989183,4.924132266562053
2013-06-20,780.0,2.0536966315821656,5.023722638021987,3.245600964073175,5.782259109641365,18.766905740772913,2.2558517274291683,1.9723050210849995,5.538707123601257,7.35064736870348,3.4934356073639403,5.023192107564783,1.5762758111415225,2.066530262831627,1.9901503827167981,6.656449642607617,3.265814346937858,4.197246514135231,1.5809777754507428,2.0756182581000995,3.200574942074384,4.77837389898263,6.651190469711977,1.9020742790853384,3.332103816909628,4.813222071553012
2013-06-21,588.0,2.257201284000566,5.381230183813787,3.4307254786311847,5.689733801063931,19.519914717939084,2.0536966315821656,2.088413607396704,5.782259109641365,7.100711085545719,3.794700534843301,5.72742764751969,0.8158634943090581,1.9896152330265309,2.001777755644965,6.432394177027315,3.4048899975316256,4.576210102711725,1.705569381184189,2.082732443706793,3.2085752503933676,4.791913438630801,6.660653635885146,1.8894281031007503,3.3436312530414316,4.831576858253094
2013-06-22,552.0,2.209461382704537,4.4912641828699655,3.224211727445338,5.928216391388287,19.113824811947797,2.257201284000566,1.6321993092710978,5.689733801063931,7.023797653960866,3.8061093163765314,5.857962079377667,2.7591855068853954,2.1889165476706336,2.025890280874088,6.230825993529917,3.6980818195279244,5.5361939448207105,1.9662370949232637,2.0849178698485757,3.2139909264970092,4.835036897877361,6.674010383927864,1.897142455653257,3.3656672837673653,4.832611001654056
2013-06-23,408.0,1.5779740458479354,4.187666024955323,2.8409328530980065,6.813257983168694,19.356008441016208,2.209461382704537,2.0385439527699045,5.928216391388287,6.691479282192276,3.5516236968738037,5.2568274092764895,3.0572750496860848,2.1734530994290897,2.1083562913645792,6.074314384590977,3.7174778493645455,5.614072378724614,2.0671653419170477,2.0916443077489113,3.220675678496156,4.839066106929761,6.676805474612931,1.9051605808859142,3.381106511178186,4.911784441793314
2013-06-24,768.0,1.9418749513360851,4.524314595589775,3.071323762241951,5.912220328843468,18.158342783586864,1.5779740458479354,2.284441720997453,6.813257983168694,4.93546032264895,3.116636788355957,3.4347419791434484,2.8986785445268253,2.014878904184346,2.042560590375726,6.091711341873322,3.4914566005354306,4.849843822599199,1.9769659232808205,2.0822185147927113,3.2154207799243366,4.824419623797763,6.673492142980676,1.9105092315899106,3.385874976399345,4.695528379674713
2013-06-25,744.0,2.141140250128387,5.00593362807604,3.285847565919489,5.134504797756191,16.871200091909117,1.9418749513360851,1.659297340068259,5.912220328843468,7.954344661600773,3.2695060691181985,3.2161460545055727,1.650418516700861,1.9097701266295193,1.9936224804241023,6.231248485615396,3.31258885144932,3.969238480975168,1.8909133460616558,2.077290184855431,3.212178977027374,4.824912027352185,6.672193365364294,1.9112519467664846,3.3933125195435005,4.499186832919766
2013-06-26,960.0,2.372386304760099,5.054964706468949,3.454878049196333,4.760544019077234,16.447099033742827,2.141140250128387,2.2558517274291683,5.134504797756191,5.538707123601257,3.4474724273204886,4.157267718468846,1.519804733197969,1.8869964157708026,2.062457181861263,5.828414219351885,3.2778717615982145,3.602718584039286,2.1078678159924817,2.0772682009589105,3.212721725221764,4.85228764376978,6.65692847929155,1.9074352157767653,3.404248948909118,4.667652142265213
2013-06-27,708.0,2.36452913207888,5.073068083848737,3.451268773168328,5.48991648747398,18.9471773405209,2.372386304760099,2.0536966315821656,4.760544019077234,5.782259109641365,3.617110978287775,5.240560605848241,0.999802965990269,2.151800502074857,2.079104978622825,5.717248061562738,3.444696491575488,4.204658126274218,2.195468825269797,2.0809719422383015,3.2151404791163647,4.862291887364924,6.639955825292174,1.912919103479511,3.41729961443233,4.698704784877137
2013-06-28,540.0,2.1332836845555483,5.239018536719282,3.332946680330456,5.262176120160007,17.538552431001495,2.36452913207888,2.257201284000566,5.48991648747398,5.689733801063931,3.8091257103664034,5.901040340276927,1.9384788758526827,2.292685228989122,2.123509621550927,5.675484829824541,3.624569705324889,5.099622888198002,2.129310824729552,2.0878572021289448,3.2202546979327846,4.87789135811287,6.639561148750858,1.9159277399816188,3.4332315938795928,4.72350659812817
2013-06-29,444.0,2.0295803457189945,5.006851822980608,3.2295388751244176,5.915687211509995,19.104941822647895,2.1332836845555483,2.209461382704537,5.262176120160007,5.928216391388287,3.4433484476613136,5.247959558079557,1.976677771398496,2.2900663737981755,2.105807107344496,5.6144051611239805,3.623195045438498,5.4631868347349055,1.8787057323715648,2.087503501743501,3.2218014412973655,4.902508267612996,6.647983628855705,1.9121332790034564,3.4400190650662705,4.636363380799869
2013-06-30,528.0,2.2653528431035608,4.806641644312275,3.326248246321586,5.88092273974447,19.56140894982778,2.0295803457189945,1.5779740458479354,5.915687211509995,6.813257983168694,3.5380077774868526,4.620354784739419,0.8064258422480806,2.1757977207844736,2.0801098163465612,5.612615278284224,3.59682731183819,5.256451561031965,1.928316847306213,2.084966489224191,3.2210321725993527,4.931405380030342,6.65479051845873,1.9046274178528746,3.453021968041907,4.545438720151716
2013-07-01,684.0,2.019649881803854,4.83995592948219,3.1859833169664804,5.671835168675853,18.07037222398503,2.2653528431035608,1.9418749513360851,5.88092273974447,5.912220328843468,3.637922633970847,5.92235482815866,2.1752357227668417,2.142738957792701,2.1783067873830793,5.479424529223621,3.539759619706338,5.263556390325876,2.007444530096864,2.0943166950713055,3.225570401614213,4.9470725784387986,6.6607059601942975,1.9156115511601834,3.4726012591488664,4.900811984296746
2013-07-02,540.0,1.8502104873040417,4.479498985547617,3.0192738250656865,6.540307260391342,19.746978519186648,2.019649881803854,2.141140250128387,5.671835168675853,5.134504797756191,3.322817223745704,4.84120231679349,2.522559756834984,2.1048610235421363,2.1894174917356177,5.445083792056819,3.4995825450678013,5.127970643230521,2.0386233534163654,2.0947283943585684,3.2250279720790966,4.951006949688851,6.656623262480038,1.9227770825528436,3.4713143968352553,5.132962878909305
2013-07-03,876.0,2.1067362014216693,4.78739565320718,3.218043528023587,4.975741261105543,16.01215196242061,1.8502104873040417,2.372386304760099,6.540307260391342,4.760544019077234,2.73750989907451,2.4935357461343703,3.3444787293714926,2.0450710707371518,2.1478560970464255,5.645912715290412,3.2327499189303537,4.419030963695504,1.8696260593370126,2.0928235385735525,3.221779568234333,4.947419181360602,6.648236637418029,1.935863651503779,3.449432773549287,4.895286882861524
2013-07-04,756.0,2.2671427898968783,5.122923880855458,3.386733400285456,5.6481682160717535,19.128839947800927,2.1067362014216693,2.36452913207888,4.975741261105543,5.48991648747398,3.2340996608296946,3.0034045666224016,1.7063006949467547,1.9921988568431883,2.1099060822837927,5.676655178437313,3.0981422612166365,3.4460475431834183,1.6792011616044842,2.092137807880663,3.2198230731564363,4.942195124369779,6.628115032652072,1.93751864625959,3.4537601837203606,4.575693162972118
2013-07-05,576.0,2.339866960375082,5.300442841300192,3.4711880432597053,5.809736992175186,20.166689581722107,2.2671427898968783,2.1332836845555483,5.6481682160717535,5.262176120160007,3.268100579762858,3.908365227398672,1.3070829453990933,2.0746964928741964,2.095993747686364,5.699262568236995,3.079903379889021,3.1351018467184786,1.7155813973991196,2.093435155311678,3.2216859546590486,4.949217144245503,6.624424634340162,1.93067994966038,3.4588881759922003,4.2910252897037955
2013-07-06,432.0,2.450677389265359,5.280090277917893,3.5591121640110623,5.155622932239674,18.349440291188603,2.339866960375082,2.0295803457189945,5.809736992175186,5.915687211509995,3.3401971887042547,3.6670575182490666,1.3743097308643453,2.2379153172312094,2.1255056442320117,5.7774855499534485,3.280799143098936,3.5262757707567105,1.8934207530081155,2.102049806165478,3.2290325648628815,4.945618211271523,6.625176576253159,1.9233746868007044,3.453731964039595,4.0651821411565825
2013-07-07,492.0,2.4178479112038502,5.19909745481935,3.517184941269042,6.507113742099919,22.88672246483868,2.450677389265359,2.2653528431035608,5.155622932239674,5.88092273974447,3.607575787906846,5.438437956173698,2.32510713176386,2.352562379845773,2.185662364738635,5.668904938629117,3.4052911854579864,4.33795356727381,2.061379023095126,2.1058845620897815,3.2337089002101282,4.946581382180261,6.620008391782976,1.9246407307711437,3.4549246034339887,4.182051165647194
2013-07-08,540.0,2.31356424167223,4.82491438353391,3.367347931029901,6.065221330997599,20.423710500173186,2.4178479112038502,2.019649881803854,6.507113742099919,5.671835168675853,3.8460761608942464,7.059843754585329,2.788442787708048,2.40279742028143,2.2074473744672476,5.758360796108467,3.5979497125017823,5.3884464096693625,2.281289556335208,2.1152165382477945,3.242751073062227,4.940227173508502,6.624113320251957,1.9259227297809138,3.4596673776637843,4.3445495837081465
2013-07-09,708.0,1.8457722687513407,4.1537812465125485,2.9299580316920646,7.683756340825306,22.51308360436593,2.31356424167223,1.8502104873040417,6.065221330997599,6.540307260391342,3.660587148246489,4.805835738912871,2.0594537530532704,2.3940298473804797,2.24943514016273,5.814558819297289,3.7047463656825275,5.7680391498906305,2.478262564953812,2.1153210416421047,3.2427771722116936,4.930142873396585,6.60977025477519,1.9198072460384508,3.468956437308497,4.339497215439487
2013-07-10,756.0,2.3060482494578083,4.733492523691218,3.345457753685426,5.082964453933236,17.004842844118354,1.8457722687513407,2.1067362014216693,7.683756340825306,4.975741261105543,2.983403563932772,2.4935357461343703,1.5902430828655831,2.19239480720914,2.2488011089409157,5.977908687930712,3.4966889576911693,4.786405079877521,2.454965748639782,2.1077787593195922,3.2356225314083833,4.930492706524364,6.598811620693562,1.927907403353037,3.4583283667713265,4.339497215439487
2013-07-11,624.0,2.2586083412430185,4.800936793227303,3.319957492138989,5.692310560040607,18.898229091388696,2.3060482494578083,2.2671427898968783,5.082964453933236,5.6481682160717535,3.333385089508131,3.86897003701554,2.053578499489292,2.155128253293793,2.277274258660364,5.993226286906096,3.325791933895797,3.722780507354258,2.5334767695189826,2.112546957519177,3.2387407569866955,4.925292464761694,6.569626707401934,1.9382547182450314,3.452112927383286,4.46314942549565
2013-07-12,636.0,2.353365278922136,5.2794828650901655,3.4772912076010494,5.067149718587471,17.619955164042345,2.2586083412430185,2.339866960375082,5.692310560040607,5.809736992175186,3.1678920459862696,3.980654738692519,1.8609767249336504,2.1368096198173894,2.2760550517098124,5.999532336044504,3.161560233142391,3.4477201739474737,2.490542906033725,2.11555978724626,3.241785288506782,4.904434447696534,6.544055968369521,1.9517600683647163,3.43262096576799,4.473476498537628
2013-07-13,540.0,2.39453226580154,5.318700602735005,3.51664756546642,5.796099178056684,20.382838063714956,2.353365278922136,2.450677389265359,5.067149718587471,5.155622932239674,3.448563100749387,5.064566632484066,1.5925614941008537,2.3060072898743207,2.2779833829308203,5.893448439817687,3.3166134120812623,4.304730469397373,2.5611500540837895,2.11886020792016,3.2450072683014417,4.894038177408516,6.517637817379042,1.9499982534612654,3.420729875265874,4.6731206577140565
2013-07-14,456.0,2.270899138149963,4.874708679272039,3.3428354295255747,6.785353768362033,22.682320978745473,2.39453226580154,2.4178479112038502,5.796099178056684,6.507113742099919,3.59270134023326,4.895106527819841,1.142126073208392,2.335501961988898,2.269962651007418,5.9849450463629745,3.403052162322972,4.6467759663321395,2.589630486078506,2.120078653720267,3.2460066497436366,4.904972187392286,6.494504677095487,1.9428074479709911,3.4191548608685234,4.595501882234934
2013-07-15,660.0,1.9771797938308369,4.339155347935521,3.0417623258346804,8.302730353635072,25.254932391251216,2.270899138149963,2.31356424167223,6.785353768362033,6.065221330997599,3.653673741788464,5.350903373967463,1.4554685035803483,2.339598894291213,2.248969969142577,6.024693621543277,3.564979394257037,5.103525511423787,2.5313584662401696,2.11794619428251,3.2431239982763818,4.89887244001961,6.472996832905978,1.9349854932082982,3.420341184887252,4.351367542146668
2013-07-16,660.0,1.6356452220468785,4.266574764347408,2.8810598840395305,7.352477444798772,21.182927814515214,1.9771797938308369,1.8457722687513407,8.302730353635072,7.683756340825306,3.1402766865973315,3.886319896090024,2.3141154036157183,2.2142037325941133,2.200915048022378,6.344337767634344,3.4622172562063516,4.71077659929244,2.3777225156807775,2.1181817473996003,3.2423059116264548,4.880801292046134,6.460318565422285,1.9415155359819811,3.418154701659154,4.220008136029118
2013-07-17,720.0,2.141502138609707,5.146848461308209,3.3169081919784262,6.354455841963501,21.077146637773904,1.6356452220468785,2.3060482494578083,7.352477444798772,5.082964453933236,2.962897649517677,3.656278011680877,2.835118572128554,1.9612413846758925,2.1708968984931687,6.297012211059125,3.2522826926344908,4.297833760579452,2.373791829696285,2.118840314723182,3.2432256896352394,4.859043669560279,6.441646694208051,1.952087132446936,3.404292142965098,4.386114173964333
2013-07-18,768.0,2.474492061941472,5.407684695230086,3.6000480541583344,5.484031913133483,19.742778417818403,2.141502138609707,2.2586083412430185,6.354455841963501,5.692310560040607,3.440771057020229,4.583052856549829,3.229286390098364,1.9181090514958072,2.1473903112291546,6.478653837920591,3.181315131045079,4.041883588106907,2.423523843574544,2.1243693530769585,3.248076979111093,4.868395476663592,6.416944017284474,1.9558812103638177,3.4064020587637054,4.488126005326374
2013-07-19,744.0,2.367301458072213,4.960689121391653,3.4350007491543293,7.729035428400842,26.549242486797244,2.474492061941472,2.353365278922136,5.484031913133483,5.067149718587471,3.837933771552487,6.6201278178567415,3.400350457614225,2.0838798075326856,2.178230842757505,6.448899745505288,3.4138674926967973,4.9531528953624795,2.671081126574125,2.1383391397915132,3.2613352519860688,4.907026946864756,6.393595918353064,1.9560315519777869,3.4367820561358675,4.865193588064121
2013-07-20,504.0,2.0271104729477925,4.964063064975057,3.2191946448722404,7.291157669933067,23.471655725967693,2.367301458072213,2.39453226580154,7.729035428400842,5.796099178056684,3.8374645252182216,6.346452538915002,2.9713725544310816,2.327765219541131,2.18022172549323,6.829169132621485,3.705389784596979,5.849877737773855,2.6368690684027776,2.1411273732421408,3.2633828473021396,4.897035018502056,6.3874630180443654,1.9598108827949512,3.4482496867310104,5.048320146125683
2013-07-21,384.0,1.797586548952931,4.377470395154431,2.971961133587941,8.74577485342629,25.992102947493706,2.0271104729477925,2.270899138149963,7.291157669933067,6.785353768362033,3.5173257647235867,4.541282523318522,0.979048359010181,2.289634664320493,2.127732897942695,7.0427489171752535,3.7309080204980987,5.835954293363419,2.5125320875068646,2.1395060866660995,3.2638360802536757,4.895046366067159,6.377759838548665,1.962246585745382,3.439003861060353,4.997773859768351
2013-07-22,756.0,1.91922700065613,4.764837822915395,3.1237678054222324,6.65239255784742,20.780529701234226,1.797586548952931,1.9771797938308369,8.74577485342629,8.302730353635072,3.4634774872595053,3.533825937536628,2.005045649734753,2.063999493324312,2.06011681377169,7.322809072184433,3.6060892590671045,4.807186999923381,2.389403673319363,2.1386383056789864,3.2647828529858383,4.86158770644518,6.389392966576473,1.956966091814343,3.4275828000897857,4.738191368849661
2013-07-23,672.0,1.5006260185585791,3.749900430641405,2.6757382443615665,7.55929284160321,20.22668895660633,1.91922700065613,1.6356452220468785,6.65239255784742,7.352477444798772,3.550309254846471,4.033333310505609,2.0135783592189163,1.9146413408522847,2.0518378433181605,7.0870465299290535,3.5103708356098537,4.036147257120249,2.448318323028442,2.138050421356753,3.2661919500539676,4.870706827780028,6.380568243466956,1.9489848143369488,3.427538985355541,4.759193285194745
2013-07-24,432.0,1.938271314009045,4.221453968364371,2.993388409477969,6.773213788897685,20.27485965060269,1.5006260185585791,2.141502138609707,7.55929284160321,6.354455841963501,2.5070170086595787,2.6306740977264678,3.329368608479005,1.7391465227225467,2.032549385676975,7.116591586615401,3.173601250255185,3.399277781922899,2.425892736017222,2.128800878000647,3.2582233601290445,4.856114641302897,6.368282768791657,1.945617438064198,3.4072183260323285,4.612678440344114
2013-07-25,336.0,2.12953949598238,4.616542992992263,3.1949973394828404,5.055740479735992,16.153077381872194,1.938271314009045,2.474492061941472,6.773213788897685,5.484031913133483,2.6216263462644296,2.8849104746663703,3.4286494140613795,1.7860414444079182,2.0035164107340235,7.176414150463144,2.8929842032568267,3.1829726276328127,2.209034895666141,2.1272217322559266,3.2562071837715885,4.84601928706205,6.3566370445826035,1.951352794512406,3.385622335270536,4.37008667150362
2013-07-26,528.0,2.061677039734028,4.272201390569039,3.077423760209588,7.110481679436698,21.881965266833472,2.12953949598238,2.367301458072213,5.055740479735992,7.729035428400842,2.5698867922783144,3.4046714147098056,2.9924463187458707,1.856145609516668,1.954237472739867,7.1152296599777864,2.5661767157341075,2.973418662367545,1.8371240491150196,2.1255960566576504,3.256405760316782,4.833039599225923,6.34234886332322,1.9622072184758368,3.35636948076913,3.9107357567683434
2013-07-27,468.0,1.7770354688360128,4.168354283867561,2.9049935214020484,7.61860435586542,22.131996295914472,2.061677039734028,2.0271104729477925,7.110481679436698,7.291157669933067,2.818170140569157,3.56215992430993,1.8959209005153368,2.043162616575151,1.910576841548698,7.026864838697195,2.6698944263706337,3.2839139378953655,1.5832675145739017,2.1238567448794754,3.2535807803492194,4.8069474886959265,6.337271442806114,1.9745852476692505,3.3297381195118434,3.512979668967619
2013-07-28,276.0,2.1521655529685986,4.556558874292716,3.197017622503831,6.011427657213885,19.21864015651971,1.7770354688360128,1.797586548952931,7.61860435586542,8.74577485342629,2.748525801099416,3.088221613816792,0.9515335571187358,1.989417334850807,1.8748518409613009,7.07364293668753,2.7121942446489626,3.351684317612173,1.3513110727065936,2.1170170854770096,3.2481457149908053,4.776790362029887,6.333241195278718,1.9856927961387905,3.294384789202944,3.3053995390388002
2013-07-29,636.0,2.12867682677651,4.65797312912991,3.203371923183336,5.950896531806747,19.062934867758827,2.1521655529685986,1.91922700065613,6.011427657213885,6.65239255784742,3.3695332619588445,4.977996365758915,2.3531697468825654,1.9969593538462131,1.9255059843921103,6.683021908657188,2.9787430678758056,3.876125967961876,1.2858666666027283,2.1155277882853363,3.247236658018821,4.754041706615669,6.329966483567195,1.99085653327101,3.291924283012861,3.5117096002134125
2013-07-30,636.0,2.159103499403777,5.110271553540615,3.3183735729801804,6.68727730024101,22.190884268310015,2.12867682677651,1.5006260185585791,5.950896531806747,7.55929284160321,3.3573848995960733,4.986112382529237,3.7464793402159806,2.0192926161937073,1.9554273881235935,6.582808190651377,3.158481320884778,4.350776787368312,1.2408174895786195,2.1169146837733384,3.2499984983752297,4.742412416820645,6.33845167005124,1.9845893884545407,3.2859035204165017,3.647820896216788
2013-07-31,456.0,2.2816577887789493,5.402786661139303,3.4503422737434373,7.01017759091812,24.187512088393717,2.159103499403777,1.938271314009045,6.68727730024101,6.773213788897685,3.592965248850628,5.551296088403509,3.089884201279576,2.146648626382962,2.0494955996729076,6.458234541885348,3.4399611368018483,5.17180161223055,1.495109952175874,2.120225593216388,3.25474274840294,4.752533413794923,6.352134183788075,1.981612990889809,3.2844049409124945,4.065052609170651
2013-08-01,588.0,2.4593772321792438,5.816597133501097,3.649575378545828,5.4640119835695575,19.94132360331481,2.2816577887789493,2.12953949598238,7.01017759091812,5.055740479735992,3.737975669430358,5.74374713318095,2.5582905477899875,2.1898127049864122,2.0985508103543222,6.492086513602553,3.5627752726256863,5.427051868037895,1.7095215670773922,2.120970907121998,3.2574274405875387,4.771294438183493,6.350583151109885,1.9779650523060441,3.2982435557686496,4.473457846101305
2013-08-02,636.0,2.569303430276481,5.915351070197376,3.761338070277998,7.132276800799459,26.82690425860757,2.4593772321792438,2.061677039734028,5.4640119835695575,7.110481679436698,3.950484347278265,6.706191668530715,2.1305474194333587,2.3000461734539903,2.145670486953874,6.550411014150206,3.7604750885197498,6.000411630038388,2.081857957256946,2.123159366897515,3.262590345509781,4.81586437644861,6.335722667244302,1.9794871023650247,3.338676037375442,4.94510359664715
2013-08-03,432.0,2.4922702454133887,5.863390127531997,3.683976336272212,8.278967813498582,30.499521513688073,2.569303430276481,1.7770354688360128,7.132276800799459,7.61860435586542,4.208330356008206,8.008961039054844,2.3083234484788915,2.4367794837448913,2.2181885427456534,6.553524602916314,3.9655967909056096,6.819633280255499,2.4482785243496425,2.129182598128143,3.2700652864241118,4.8534628903482835,6.3198036213553825,1.9822956777897847,3.371150393881392,5.5803608987535664
2013-08-04,336.0,2.366610833912202,5.49935083239815,3.5258003498278176,8.21898907532414,28.978514557008864,2.4922702454133887,2.1521655529685986,8.278967813498582,6.011427657213885,4.207762820755493,7.721057154677866,0.7945544480401959,2.5069836359563715,2.320364939399564,6.647862239721052,4.122192508013987,7.478736620754471,2.8452200509058185,2.1345983004212035,3.2767840598425826,4.878145098570835,6.316457107868138,1.9853228674750851,3.4024724685811463,6.242194547448006
2013-08-05,636.0,1.5191141529399914,4.720139466450037,2.997064619071917,8.864465075878272,26.56737464591342,2.366610833912202,2.12867682677651,8.21898907532414,5.950896531806747,4.030052104928322,7.119169947331935,0.8351648644249963,2.4760615032006905,2.3509999795343646,6.963228156593945,4.148715093897341,7.616396047021546,3.0732190518647124,2.134220001178682,3.2767582098813404,4.884775364940766,6.304033349599177,1.977460732594997,3.4254676324552817,6.548076487672723
2013-08-06,504.0,2.1406873472479915,4.991420118438476,3.2825442879657016,7.851472043008372,25.77280470689953,1.5191141529399914,2.159103499403777,8.864465075878272,6.68727730024101,3.645134804771436,5.013562968248033,1.143103414358133,2.1259984107551944,2.263919597557719,7.379452234318449,3.960983243485084,6.617930023419276,2.9618047469666564,2.11930031310669,3.2680063062359026,4.866110337891838,6.305290324908569,1.9620346957375174,3.4267195996841022,6.551997999918264
2013-08-07,612.0,2.0124770670042462,5.546512925848484,3.3555945697159872,7.814441482212906,26.222097403076976,2.1406873472479915,2.2816577887789493,7.851472043008372,7.01017759091812,3.7318526913487338,5.397968822774361,1.31288845949175,2.0088041113667283,2.2612887186783213,7.545765768999501,3.802346533682831,5.8435672461181065,3.02869761436676,2.113990731102697,3.2632096839882587,4.859187760012475,6.298840575188435,1.9586063015699422,3.4229121506992515,6.530094104828387
2013-08-08,504.0,2.2115336983594256,5.354143964403956,3.3990439170271523,5.437262277836643,18.48149327076184,2.0124770670042462,2.4593772321792438,7.814441482212906,5.4640119835695575,3.843181234293485,6.001535405716198,0.93459545471883,1.8907595223974099,2.2228343298533635,7.660660610613041,3.740056243471218,5.471022398912861,3.0050542994022686,2.1125295017128844,3.264274874221137,4.883241044756295,6.297652370153129,1.960750991641902,3.4289986202341516,6.56692100090485
2013-08-09,504.0,2.3235233414429155,5.457316738015718,3.488125991569302,6.582173816536331,22.959451570487285,2.2115336983594256,2.569303430276481,5.437262277836643,7.132276800799459,3.656608902948757,4.885266131069889,1.6724365767063007,2.1215660375372214,2.1874281107362465,7.656839224079768,3.7438809428636586,5.428256786520147,2.854238460052392,2.1242187733696793,3.2740949507044275,4.923253135352676,6.2815487300492725,1.9620156348993942,3.4514387982013504,6.306788781267589
2013-08-10,408.0,2.3394202220375377,5.225612240238241,3.457490569284165,8.34832485471099,28.864254454483845,2.3235233414429155,2.4922702454133887,6.582173816536331,8.278967813498582,3.78791069134022,5.397968822774361,1.9929792093101315,2.1825113689355295,2.1523166694743088,7.5782530834707496,3.7625669428608206,5.428256786520147,2.7801915382744378,2.126347123417243,3.277340972310318,4.947380609163492,6.27279124551184,1.961581850477614,3.4665896515957537,5.93378989322752
2013-08-11,264.0,1.8065398850769925,4.503078993195433,3.0102963691684765,7.259554632799306,21.853410952895942,2.3394202220375377,2.366610833912202,8.34832485471099,8.21898907532414,3.837255884176359,5.621171903113881,2.5746016862209764,2.291492420613293,2.130480951849187,7.588161232215379,3.7605918261551117,5.301468952319374,2.642632248863027,2.1259956105439892,3.276483583128245,4.961536457397189,6.278822707070645,1.9582498591949453,3.4889017795354236,5.633806285861236
2013-08-12,540.0,2.082758829163141,4.997744383364359,3.2535372821682715,7.416086485776026,24.12851386925658,1.8065398850769925,1.5191141529399914,7.259554632799306,8.864465075878272,3.667603267031384,5.331088785525127,2.336046168735625,2.1564944828524824,2.0504708163013,7.451099168997546,3.7642566141826546,5.450076503804453,2.3924278219694024,2.119701834968323,3.269398183827835,4.935656328334032,6.288867889963464,1.9567212322313678,3.4962031184114895,5.378366119888836
2013-08-13,588.0,2.495919167187089,6.028513119071643,3.71226357232031,6.899461134618426,25.612618238683737,2.082758829163141,2.1406873472479915,7.416086485776026,7.851472043008372,3.538703345145552,4.391959226488769,3.74945814561501,2.0762396454258907,2.1309914843331788,7.244187941840082,3.6811874987844315,5.114739971709256,2.5691233386660457,2.121542731769625,3.270250325273567,4.924957787688344,6.304456716142983,1.9560429752353492,3.4944031852418993,5.289565585351798
2013-08-14,516.0,2.00778326047321,4.537204029051485,3.10582617643003,8.198306948663916,25.462516323568597,2.495919167187089,2.0124770670042462,6.899461134618426,7.814441482212906,4.183706768736752,7.39238568586872,3.8778324291406263,2.128405960475741,2.181738887181621,7.108186383498661,3.79667112697123,5.705144565960869,2.6567772378109127,2.128334491099465,3.277632583663285,4.9634179356816635,6.307843876039696,1.949450319459679,3.5120709528068423,5.574482280079564
2013-08-15,456.0,1.5542770148177738,3.738524742773734,2.689725978579544,8.995823790938614,24.19630094921151,2.00778326047321,2.2115336983594256,8.198306948663916,5.437262277836643,3.622338169998792,5.1115356893721655,3.713186140612058,2.1954870856078132,2.181068343391473,7.163024307277376,3.781582761293699,5.631960200576548,2.579618681277684,2.1345942236195,3.278232964699872,4.97001955838553,6.324937249637287,1.93993329060181,3.528139668920225,5.447339463458988
2013-08-16,468.0,2.1329315055042883,4.76694524739561,3.2293285251968453,7.011416971226863,22.642168827232176,1.5542770148177738,2.3235233414429155,8.995823790938614,6.582173816536331,2.797799402214802,3.024915636667495,3.268429583418562,2.0193264808260243,2.0871745314569514,7.671390237720515,3.534614780316782,5.176279003969458,2.295279320895387,2.126523107986965,3.269500821302523,4.95241789099974,6.347078791034513,1.9234651854705598,3.5226363940101284,5.181575107115789
2013-08-17,528.0,1.8554252303696408,4.717248217906033,3.0867535137898696,7.286275024990827,22.490935035829807,2.1329315055042883,2.3394202220375377,7.011416971226863,8.34832485471099,3.2958452492762245,4.141702384566644,1.2130790750237357,1.898330593598424,2.0599471263228617,7.732710688390591,3.2386609404966062,4.092717903535432,2.1250080314038313,2.1239979377287455,3.267463415463295,4.939754450535986,6.366670129054663,1.9223252169243747,3.517805533751995,5.002108473086115
2013-08-18,348.0,1.4455235633953265,3.5525496427962384,2.594319192461551,8.59565995163257,22.299885584393504,1.8554252303696408,1.8065398850769925,7.286275024990827,7.259554632799306,3.2294197196188783,3.751974689905526,3.0428517580217034,1.847544583563901,1.9908049846560194,7.580989284144854,3.107688123703302,3.6395309037132186,2.0119170792614898,2.127266735900435,3.270842696817801,4.916739901291852,6.385570420713017,1.9264755908848383,3.4975217320208745,4.735080299770636
2013-08-19,551.0,1.948919958843491,4.278528868742253,3.013723394426532,7.051362205438735,21.250855241105782,1.4455235633953265,2.082758829163141,8.59565995163257,7.416086485776026,2.683010953455223,2.252408777647157,2.1705429639841864,1.8112934330897519,1.9392312244157814,7.771861472549607,3.069425307450109,3.382028617373106,1.9032023037906136,2.113761266499871,3.25730819602727,4.869801918672005,6.411077676318183,1.9338807600806955,3.4590399462954413,4.295268870073783
2013-08-20,492.0,1.885065158833098,4.249071071479177,2.974309944541124,7.832128576829734,23.2951779129894,1.948919958843491,2.495919167187089,7.051362205438735,6.899461134618426,2.957258868256756,3.0531622883249185,2.6937472701658702,1.7499562508694861,1.9201113857986882,7.719758003929994,2.9565631804436197,3.0191819186258644,1.7286480861956213,2.112014988620893,3.2534435698664925,4.846950778797578,6.41279213089009,1.9408887262138979,3.440371049746547,4.104012164621804
2013-08-21,588.0,2.204678856671312,4.616542992992263,3.2454718613651714,7.046433925850195,22.869003029315724,1.885065158833098,2.00778326047321,7.832128576829734,8.198306948663916,3.0028519697435647,2.974333714210021,3.3595039766949504,1.7598362270239718,1.8328465274624042,7.85299620996018,2.8810405971518485,2.759968260060696,1.4169322935716058,2.105812719868102,3.2458366442983246,4.842670801341736,6.41115368257532,1.9457375966411716,3.425016865829349,3.4728618829562756
2013-08-22,420.0,2.194867894878365,4.753131555682561,3.2657177886261097,5.851454600535643,19.109199378307338,2.204678856671312,1.5542770148177738,7.046433925850195,8.995823790938614,3.207749431486921,3.844039208790498,2.75027111473218,2.0128879914493005,1.8609744697764188,7.688442920986792,3.055953423162414,3.2905117371084764,1.4674482410408385,2.1057330111008814,3.2461909798636555,4.837727640344298,6.4144221064376445,1.9543767812342996,3.4135982050506977,3.291790957158894
2013-08-23,576.0,2.349078022539176,4.893181549197523,3.4086369659122813,8.129363902679792,27.710050308027267,2.194867894878365,2.1329315055042883,5.851454600535643,7.011416971226863,3.461395700699141,4.42014719993379,1.51699859516319,2.0948706367942584,1.9524874526422171,7.239247322357796,3.223999033976542,3.7461733743114336,1.7494359393488794,2.1160145752513886,3.253270728789124,4.87116867784567,6.416655759078467,1.9637598430000405,3.445410828118683,3.491109751911222
2013-08-24,395.0,1.2169496275619576,4.06626783131328,2.719765394094915,10.675517584690086,29.034903290891826,2.349078022539176,1.8554252303696408,8.129363902679792,7.286275024990827,3.5813793443960797,5.351177626951121,2.449947691900241,2.249541591362951,1.983365526504344,7.3989540268510705,3.4168414921940475,4.538454678558467,1.9099647974678102,2.1228012931047733,3.2588926155169626,4.8935595972067745,6.434121614751038,1.9761849122990012,3.4774025947230713,3.6638919293947185
2013-08-25,492.0,1.6562829390773453,4.308139362779116,2.90283923747718,9.866734168356023,28.641543089660637,1.2169496275619576,1.4455235633953265,10.675517584690086,8.59565995163257,3.6714006759993865,5.123954997997672,3.6564290520357714,1.9202985149931664,1.8921547261032465,7.883131535379536,3.5713919070315363,4.965093274960858,1.8550638981483178,2.1073981160619994,3.2494579126532197,4.875217091817476,6.471255430725913,1.9843625748643843,3.5141197241804405,3.8598891162650255
2013-08-26,516.0,1.370251121819078,4.085016138241681,2.756659201072643,8.689248682852636,23.95329733199406,1.6562829390773453,1.948919958843491,9.866734168356023,7.051362205438735,3.774877117685874,5.54327990102258,1.6304330682515855,1.7407701963928262,1.922263208343535,8.06471356634003,3.6758857126937805,5.339470841990455,2.101479412263387,2.095463059967287,3.240257265791234,4.876415024224479,6.487450038409705,1.9798014124965975,3.5460099567509977,4.330013562461515
2013-08-27,420.0,1.5113037926686077,4.003399596530478,2.7642632536682035,7.114006339649841,19.664986311056698,1.370251121819078,1.885065158833098,8.689248682852636,7.832128576829734,3.601435489531135,5.145466855024866,0.7033717474897918,1.4144945628194605,1.839596231625762,8.29869734882773,3.6825710944054655,5.270900584681703,2.14464006227717,2.0788917597962904,3.228680439589639,4.873637086036949,6.498585124460789,1.9835905021645763,3.574440279698721,4.628914214847221
2013-08-28,600.0,1.637555488310669,3.7256131400645214,2.718712664618515,8.386875410402725,22.801504394839494,1.5113037926686077,2.204678856671312,7.114006339649841,7.046433925850195,3.032900768376885,3.6804964157022058,2.167604950254058,1.5126126178550106,1.7862017507451202,8.196108457802032,3.4697377918646315,4.789747723916547,2.1002932615417538,2.068525428264841,3.2192023824786014,4.855198443444874,6.510367230376778,1.9839932954672834,3.563219196579323,4.729794600774676
2013-08-29,456.0,2.1462967752157387,4.6085781934077295,3.203881832951597,7.356266717608957,23.568609294893815,1.637555488310669,2.194867894878365,8.386875410402725,5.851454600535643,2.930436010801935,3.581310437778065,1.958634449735792,1.5063701342661184,1.7051841266936,8.387600098452392,3.1882574229033183,4.135757902835043,1.965071503610178,2.0619916806413694,3.2106886123035028,4.824119777142696,6.520147151925149,1.9907034149742027,3.548987566952852,4.692261919201472
2013-08-30,444.0,2.080954071877456,4.764529242350799,3.198913882048181,7.74324016804953,24.76995846560673,2.1462967752157387,2.349078022539176,7.356266717608957,8.129363902679792,3.389513507883508,4.49306211703445,0.7559951668670547,1.765052018731672,1.6982453953132246,8.602573258034296,3.11761676235411,3.918289656838237,1.9018577851244582,2.060007412843239,3.20864917208067,4.807396665138265,6.523448330166315,1.9976414857179774,3.542205842253948,4.702678335930137
2013-08-31,396.0,1.8908145913967749,4.861141107553413,3.1380793378787994,7.689479148758338,24.1301956357684,2.080954071877456,1.2169496275619576,7.74324016804953,10.675517584690086,3.419336679856289,4.246462528782793,1.228068168735296,1.9549354451346215,1.6599419737901218,8.547412724515684,3.246428732847244,4.106945027865099,1.7009418458918817,2.0610291493444657,3.208864681498698,4.786121417845314,6.532115295098324,2.0000328267564482,3.531584542601479,4.544861893334661
2013-09-01,382.0,1.8722563601853308,4.768023843794109,3.106582159975837,7.814807876772813,24.27734273362107,1.8908145913967749,1.6562829390773453,7.689479148758338,9.866734168356023,3.445328841484671,4.041691224165509,1.4744185036676645,2.0393551461633233,1.7562083971950957,8.120835805096863,3.418059676408156,4.260405289994247,1.8087046908384166,2.0617058844126777,3.210844773378917,4.754272883647059,6.556790868354673,2.0048928872937464,3.514746025741692,4.3902527827872095
2013-09-02,515.0,2.020237067945239,5.144308421135944,3.2593510749043646,8.53986955031687,27.834432998368346,1.8722563601853308,1.370251121819078,7.814807876772813,8.689248682852636,3.521135429471315,4.424080970955645,1.9840447005362123,1.9480083411531874,1.7870617430676652,7.827703477727836,3.4619336502707583,4.2374115746346455,1.8422107635917466,2.057797887058739,3.2089870839114543,4.7160286427669496,6.576616250917449,2.0117988909344726,3.491839528190462,4.230367221349076
2013-09-03,420.0,2.3166934379005992,5.019026719555695,3.403687758210188,8.21702738780585,27.96819552875261,2.020237067945239,1.5113037926686077,8.53986955031687,7.114006339649841,3.752766658632488,5.294965727239032,2.677285635646079,1.9277693398424487,1.8799168782285451,7.806363601651297,3.573076976529492,4.586912640786726,2.014308997545695,2.053682791692878,3.206864045155103,4.692059252553748,6.6177122901389955,2.031245359898528,3.476672989453029,4.251724203093957
2013-09-04,528.0,1.847096869032079,4.812683082940931,3.1089399422388024,7.240971854307755,22.511746618484345,2.3166934379005992,1.637555488310669,8.21702738780585,8.386875410402725,3.869873762052712,6.400676173824928,3.291306957086575,2.0697289553437233,1.9949725418331155,7.963938037102154,3.714591950052172,5.373240957339864,2.205101299950686,2.053296566318304,3.205739040404277,4.676048448792333,6.632836234969602,2.033623637790507,3.4713337113571754,4.640321311397202
2013-09-05,347.0,1.943037284636607,4.441870682155231,3.051587782259724,7.574991175029412,23.115750520444987,1.847096869032079,2.1462967752157387,7.240971854307755,7.356266717608957,3.021268172187942,4.381943413333752,1.5743281544993442,2.0613424582926396,2.024907024793317,7.800237529088588,3.547969530957715,5.359195104799234,2.2452704165797677,2.043236890981082,3.1982361700414064,4.679133236008696,6.63245947034089,2.032363718834562,3.4505381569377254,4.7546974507623005
2013-09-06,478.0,1.7933102895578046,4.063585261422492,2.8830930042346363,7.940203020559178,22.892343780776894,1.943037284636607,2.080954071877456,7.574991175029412,7.74324016804953,3.1578766963109293,3.513732634466114,2.480903765672537,2.035609197189762,1.9958699547105838,7.831483880148653,3.349672876850528,4.765450740541595,2.0448250072941296,2.0353233805382946,3.190476217391251,4.6608149214659225,6.633429163798794,2.036816601340921,3.4314056237697983,4.614793238966825
2013-09-07,288.0,1.6035648339589863,3.9499364719673298,2.775890871568828,8.269120238386664,22.954175385642593,1.7933102895578046,1.8908145913967749,7.940203020559178,7.689479148758338,3.147680044427438,3.196407913769326,1.5301927188317803,1.861148147742164,1.9547779858077765,7.859621430507174,3.108941637642103,3.697361320523061,1.9173228962296556,2.0266524813363875,3.1824053019446636,4.611383999318388,6.652754554428709,2.0397314546789063,3.408222250774264,4.464785436822043
2013-09-08,336.0,1.7863469882368863,4.420669684648607,2.9800901467827248,8.067534095078926,24.041978865578393,1.6035648339589863,1.8722563601853308,8.269120238386664,7.814807876772813,3.0285096661167445,3.024915636667495,1.1639908985197505,1.7799708027177996,1.9137423061738066,7.942427300454078,3.1113554689517042,3.245018728300975,1.722523890539031,2.022615690756515,3.1798375159426095,4.564577082903834,6.672897712613663,2.027873998346019,3.3872856095465305,4.319531781465185
2013-09-09,575.0,2.1098835362165387,4.827561864160448,3.2291291738279515,6.565195413889686,21.199864042872658,1.7863469882368863,2.020237067945239,8.067534095078926,8.53986955031687,3.175260259041385,3.999620331417513,1.0374923950151818,1.7277407039178927,1.9014695387526004,7.97853104592638,3.117149989861856,3.4069812939514414,1.5652392117605383,2.0139540030695,3.1737480558275646,4.53002218112493,6.685422381090402,2.0138373573564112,3.3668639284699022,4.258894547245451
2013-09-10,503.0,1.9832346870902129,4.847436862887996,3.1713546578069765,7.71789828551218,24.47619267623953,2.1098835362165387,2.3166934379005992,6.565195413889686,8.21702738780585,3.3437251465137163,3.9759764017598207,2.234789606246038,1.8332651194708038,1.9142761770770718,7.696434740722496,3.182498357223949,3.66683745661494,1.4870846882595985,2.0114752563190583,3.1722342505223806,4.51675383525567,6.69164686221632,2.014251115497567,3.3504129038811477,4.070467500748421
2013-09-11,599.0,1.8839343480988155,4.470097261885424,3.0319089600512696,7.342405793982184,22.26150591510694,1.9832346870902129,1.847096869032079,7.71789828551218,7.240971854307755,3.629721820334065,5.387898797162944,1.884895382458541,1.9598217371812128,1.866639212675588,7.6251305832519725,3.382902408629722,4.454498510113423,1.3753774003690629,2.00530641312186,3.167135308025813,4.528232430912089,6.710916547668202,2.0190629132434186,3.349150188991237,3.9257850183681384
2013-09-12,443.0,2.077403665279037,4.539153434748437,3.1462772977409363,6.663897154100667,20.96646833042736,1.8839343480988155,1.943037284636607,7.342405793982184,7.574991175029412,3.3593014053798207,3.324970820853101,2.328668069125088,1.9923508571351893,1.8719017096851218,7.639621146062604,3.444249457409201,4.229615339925286,1.4173583281689663,1.996796447826814,3.1590563312688937,4.510644193529458,6.714354329120689,2.0235065650436397,3.3431701243323793,3.7747889337280447
2013-09-13,431.0,2.0436022278315016,4.861927155695589,3.2025133102217613,7.241237691980048,23.190160091045612,2.077403665279037,1.7933102895578046,6.663897154100667,7.940203020559178,3.381733599355829,3.685902438240821,2.715446274945848,1.9815242334893555,1.8910969069197543,7.5094648573584974,3.456918941689905,4.132924018752285,1.5244524839401705,1.9935715232789657,3.155780362405816,4.460998870718684,6.7277841809103345,2.034083011565012,3.3164376853530153,3.7993846199815744
2013-09-14,480.0,2.007149344006725,4.882554925355622,3.190579390181672,7.10315511312613,22.663180309203792,2.0436022278315016,1.6035648339589863,7.241237691980048,8.269120238386664,3.564234988878588,4.288814841063695,2.734880356509419,2.001646747069785,1.9268528981017112,7.40961266756148,3.435089997871413,3.7665627000525355,1.6895575243221892,1.9946785638456432,3.1584595454789346,4.471822974940155,6.733510753470803,2.0326756523579292,3.314500912649008,3.955442752452199
2013-09-15,192.0,1.9826138230612875,4.79901488154634,3.1591167061387555,7.680519604570373,24.263657794624493,2.007149344006725,1.7863469882368863,7.10315511312613,8.067534095078926,3.652529442517877,4.246462528782793,2.499537015354686,2.042718412372422,1.984507828108531,7.243046221095689,3.5328326769174314,4.073726602695767,1.9188912385933503,2.0008702992116407,3.1636182039146368,4.509957314359551,6.732769563013471,2.041884369501287,3.342991913992444,4.129949451325813
2013-09-16,599.0,2.0505196960348786,4.8886753503607725,3.2120013218076946,7.459960261336865,23.961402220046885,1.9826138230612875,2.1098835362165387,7.680519604570373,6.565195413889686,3.5582930420992045,4.092136765323128,1.3186762114187536,2.0111217982998384,2.01254594736916,7.187758436737324,3.5916858244985566,4.209138045056536,2.037504761322125,1.998222160619167,3.160988345817309,4.511026302164576,6.743392707516783,2.044808504634061,3.35174017375321,4.1431660847409
2013-09-17,514.0,1.913951760512745,4.80810324136204,3.1319744924837387,8.73426646072992,27.35549976556233,2.0505196960348786,1.9832346870902129,7.459960261336865,7.71789828551218,3.6310831388263023,4.624092187230579,0.8316717412465715,2.0134276210342974,2.00406539877178,7.315581986372635,3.613968541147795,4.320897160445496,2.0999687783230527,1.9911559545207238,3.1545209002781314,4.516740539913067,6.758078101263684,2.042436412402873,3.3651289543934575,4.235754054093866
2013-09-18,611.0,1.6203353352313026,4.23999610794182,2.8712611515574906,6.535109450233177,18.764005885630752,1.913951760512745,1.8839343480988155,8.73426646072992,7.342405793982184,3.800575035441876,5.074023105776127,0.9923806050072218,1.9823617598696373,1.9941678378321412,7.4607774399751685,3.6633170721224615,4.596750686109941,2.0841421086552043,1.983600126228066,3.149470462666955,4.558592326531926,6.775243339863085,2.035243352059437,3.4023810904596794,4.190914669610035
2013-09-19,357.0,1.7627154280469055,4.364092368911973,2.95466470849783,6.831981118308184,20.186213499388728,1.6203353352313026,2.077403665279037,6.535109450233177,6.663897154100667,2.9969707751124086,4.267725553895561,0.9650750292907172,1.861602263926309,1.9565108359939252,7.345449390868168,3.4762096497935295,4.655280282300752,1.9883100809128922,1.9768205405994579,3.143671571111709,4.557307901171912,6.775988047360187,2.0342711129419397,3.403704820688201,4.325593917187529
2013-09-20,432.0,1.9650350009966235,4.714300298873728,3.1289041194550142,7.863246558494893,24.603344549165136,1.7627154280469055,2.0436022278315016,6.831981118308184,7.241237691980048,2.951658185780877,3.8986046776596335,1.614453523496398,1.7656675079303181,1.9115553735321922,7.369461385754957,3.249734665445054,4.413451112443771,1.9276530481882594,1.9762393552510242,3.143383297360207,4.561141944419672,6.787682837756588,2.0344758173184507,3.401998361222778,4.355979951390217
2013-09-21,359.0,1.9197605891374776,4.843774007258908,3.1443256177458867,7.1409204623488005,22.453379144049133,1.9650350009966235,2.007149344006725,7.863246558494893,7.10315511312613,3.5282647206617224,4.977996365758915,2.187798692002842,1.7826952547582777,1.9003314839843526,7.4583197952570774,3.1589645605183363,4.3814421991047,1.844176173563233,1.9770028219233657,3.143468902594087,4.564400521282388,6.795751310923459,2.0386908009622817,3.412682204195271,4.454434454918105
2013-09-22,190.0,1.7622229825257856,4.112242994448565,2.882690953673447,8.85652465204985,25.53062349544998,1.9197605891374776,1.9826138230612875,7.1409204623488005,7.680519604570373,3.667812021220208,4.351170707258558,1.7175860001209364,1.8825036727270028,1.8878473761458887,7.46371484514603,3.382578309220936,4.409257250225699,1.837771597746126,1.9839883980996806,3.1512786921504925,4.567421936334933,6.799735610986071,2.0452635665282672,3.4195627482126403,4.469392766128928
2013-09-23,510.0,1.7426571950051069,4.432233704843194,2.967095697025409,8.643198852455829,25.64519812365664,1.7622229825257856,2.0505196960348786,8.85652465204985,7.459960261336865,3.643631294774608,4.88195124039045,1.6125427060180777,1.8823395242199628,1.8563629703551026,7.631715566214527,3.6132360122188465,4.737039437802637,1.703338360998296,1.9810542592416265,3.1494337345537504,4.541390651176633,6.819019086746467,2.047855312997675,3.4216378132252583,4.58222340542426
2013-09-24,380.0,1.689058149332167,4.377470395154431,2.9336250448259102,7.877059399806437,23.108338734853515,1.7426571950051069,1.913951760512745,8.643198852455829,8.73426646072992,3.291702745864593,4.185804894754523,1.581330831645001,1.8082135888894573,1.8123826130651353,7.800749650660093,3.534382020619803,4.472975614134508,1.5430327594904745,1.9746062208920052,3.1456353738461265,4.553589513627631,6.833351301304884,2.049964677269631,3.4089812155540984,4.519610935070538
2013-09-25,419.0,1.3082163648761598,3.332233351491955,2.472881389402282,8.999776082361658,22.255378782859925,1.689058149332167,1.6203353352313026,7.877059399806437,6.535109450233177,2.956957074756532,3.595772909739279,2.148115887681351,1.7313127756210205,1.7802549543250528,7.678291499099596,3.297430371798578,4.221176348294748,1.4314662758440624,1.9683959060519742,3.143238728589732,4.5559005480401416,6.837641537057714,2.051086406305397,3.38171721412312,4.308432335636703
2013-09-26,275.0,1.6999718264755954,3.801557423727055,2.767312661120232,8.410965662299615,23.275771769529243,1.3082163648761598,1.7627154280469055,8.999776082361658,6.831981118308184,2.906868941149866,3.0426544777096467,2.570411029188848,1.5799772364044784,1.7356665299886038,8.030386732260807,3.0518429205903304,3.6080774274011467,1.3682594769271013,1.9605822543193099,3.1360368597230694,4.530807788481817,6.835101120479176,2.047771731482954,3.3585649958437447,4.133422181895858
2013-09-27,420.0,1.8843359751511068,3.959064015326845,2.89917271361614,7.691468576398047,22.298895824329197,1.6999718264755954,1.9650350009966235,8.410965662299615,7.863246558494893,3.1201260188735205,3.2738910492285584,2.444748182597821,1.5657487802279746,1.7267031583355592,8.255955952831012,2.994650678259973,3.3041061455591585,1.2878904663760928,1.953045692211093,3.128875110366676,4.524079716055037,6.846692993674224,2.0458448354641607,3.3614725041936326,4.044177377834275
2013-09-28,274.0,1.9705881550175053,4.389343262375895,3.0522973024966693,7.62714309111821,23.28030828277622,1.8843359751511068,1.9197605891374776,7.691468576398047,7.1409204623488005,3.1267220366072577,3.6013735405715543,2.625046811009333,1.6308413888342876,1.7151747260719141,8.23141624110289,3.0512389988768813,3.30597302250325,1.181045570519363,1.948973344684003,3.123805123540556,4.531861411897114,6.8430747644167305,2.0399741688776696,3.368015371720476,3.8475169742360817
2013-09-29,309.0,1.6716399790063938,4.468792991478085,2.956124089245216,7.4535261714437,22.03354826522439,1.9705881550175053,1.7622229825257856,7.62714309111821,8.85652465204985,3.360887354225365,3.741443262160628,1.6067993124459987,1.8516319855480698,1.722435806911918,8.300876616641379,3.2025784699020483,3.5389026173202436,0.9178372030528944,1.9458314222775652,3.119370519032498,4.52455358086272,6.834125299385866,2.0416068274024735,3.367061166598538,3.7604130535078055
2013-09-30,464.0,1.860960156774065,4.712666630560363,3.087151436853694,7.325104541692751,22.613707010990296,1.6716399790063938,1.7426571950051069,7.4535261714437,8.643198852455829,3.270467723545118,4.211947128148558,0.9417185118218944,1.8421880363916692,1.709495377837719,8.10044826226907,3.252692371459247,3.851587976960244,0.9351265066452371,1.935664458781356,3.1111335492908605,4.514695705833629,6.833557280804115,2.0416243180754945,3.3620988680548325,3.6646981803303924
2013-10-01,660.0,1.9051240341402529,4.545276334216511,3.06090820921656,9.004973406913226,27.56339702499751,1.860960156774065,1.689058149332167,7.325104541692751,7.877059399806437,3.37394883270218,3.990212318205515,1.1567316025725694,1.8343960969326554,1.7263958009475704,7.912149075017203,3.335101303490888,3.9812009028382307,0.8719468747958903,1.9256908408579363,3.101759816929325,4.509746556600527,6.832833508382949,2.0349874092323246,3.35971953442875,3.6367563836805346
2013-10-02,392.0,1.6715791200176455,4.539268048306142,2.9767181034807617,8.702338960457954,25.904409926221145,1.9051240341402529,1.3082163648761598,9.004973406913226,8.999776082361658,3.286750243811698,4.371693482775108,1.563777765306168,1.8125747233069045,1.7572623559201541,8.07327964746103,3.3103889333529986,4.191284309709725,0.9754016664813115,1.9146211842556657,3.0900859859116343,4.502321639614607,6.842461240300185,2.041230352262169,3.3519066949067624,3.7476021798285104
2013-10-03,355.0,1.9658333398068768,4.725124072129815,3.132657487622653,7.689603504821595,24.088893996228766,1.6715791200176455,1.6999718264755954,8.702338960457954,8.410965662299615,3.329909619337916,4.976354690863659,2.525578998469096,1.8125544369773217,1.8091713209403664,8.030788630046215,3.3302028986172645,4.446086830614758,1.0583594634419728,1.9009429988324034,3.0782983486984437,4.482153627186947,6.839454877948838,2.044109601677244,3.3378114602636098,4.023845067421941
2013-10-04,567.0,2.033364704520439,4.979087476775168,3.225595618320364,5.300356898996649,17.096807988937705,1.9658333398068768,1.8843359751511068,7.689603504821595,7.691468576398047,3.3324934728751825,4.211947128148558,1.5037155253630108,1.8475121646549255,1.8471515371305496,7.92773689326364,3.3163844453415994,4.519998433929106,1.0870739591070924,1.894263373930648,3.0717459676616907,4.472356872272751,6.845777222154755,2.0461805859698416,3.3198987839576923,4.157853078696226
2013-10-05,251.0,1.8378548408804496,4.161460933874759,2.929549184977648,7.677779638114063,22.492433081275035,2.033364704520439,1.9705881550175053,5.300356898996649,7.62714309111821,3.460693719551001,5.051883095026765,1.5029076004545854,1.8902590547816542,1.8684413556118826,7.586149510777726,3.3743656039213668,4.746728304679658,1.1954260534199903,1.9028342164569887,3.0755548176491647,4.47790368540056,6.8442294564507815,2.0560999733328065,3.334546302203128,4.365068729332685
2013-10-06,311.0,1.1708868021383438,3.4556125479150603,2.483618243227012,9.284644646291154,23.05951282540872,1.8378548408804496,1.6716399790063938,7.677779638114063,7.4535261714437,3.277657863643222,4.0665995864301125,0.8258339269211131,1.9456842950692554,1.8494794535923034,7.593383303205705,3.356948352023135,4.443476603201809,1.292993012137332,1.8977870080175299,3.0696715659326967,4.46855669379121,6.850174206347676,2.0617657797480287,3.338539007780871,4.411519632799753
2013-10-07,368.0,1.9788097491115963,4.391561726396576,3.0567010639382826,6.414316511041617,19.606648103737804,1.1708868021383438,1.860960156774065,9.284644646291154,7.325104541692751,2.9671208389155197,3.3956756149956404,0.499270919403166,1.680702115846411,1.7779432854682962,7.854971656755341,3.235157474036581,4.171386098817503,1.162444713780575,1.883760503603098,3.0551386271578806,4.448290936674296,6.871772331306164,2.0694011533625147,3.33252036759714,4.294909416635051
2013-10-08,332.0,1.9935517987866016,4.250194304324965,3.031393129961968,6.291515406561373,19.072056580500025,1.9788097491115963,1.9051240341402529,6.414316511041617,9.004973406913226,2.823441541978712,3.6344410812729935,0.5941485287155112,1.6625171307101303,1.794778941516515,7.724859080948036,3.022740081512485,3.698905427566246,1.1724730969602593,1.8798817711156344,3.0494329129397335,4.463011778488604,6.8710771372375365,2.072557772990711,3.3256847634592055,4.244084954216119
2013-10-09,418.0,2.012659410806382,4.1967095526672615,3.0288856526516006,7.632787873166859,23.118841678768224,1.9935517987866016,1.6715791200176455,6.291515406561373,8.702338960457954,2.886327073189865,3.7649505891143145,0.8158634943090581,1.7144161166788476,1.8074114793231362,7.337222223754915,2.892296484694699,3.598355761794313,1.1406914669281112,1.8743822454046957,3.041820698579611,4.45732926581115,6.865714198797991,2.068930137043053,3.3160536572641552,4.157407397978863
2013-10-10,357.0,1.8163842183548693,4.305184953322558,2.959191263606787,8.284229662430153,24.514620042775512,2.012659410806382,1.9658333398068768,7.632787873166859,7.689603504821595,3.162145638192684,3.306156925300655,0.6831204262038165,1.9950069862348603,1.8561372351500987,7.184429211284759,2.9573047511204202,3.5685161985626515,1.1091014618513564,1.8689362318841765,3.0346772833024014,4.436300855428043,6.8758518304026195,2.066456345465867,3.3100010069867873,3.918807717184148
2013-10-11,546.0,1.7942694747162329,4.131894636770338,2.902080477370601,7.731507914015688,22.437458177901227,1.8163842183548693,2.033364704520439,8.284229662430153,5.300356898996649,3.2294197196188783,3.0177112998767406,1.6247406505094086,1.940865142649285,1.8347873606569542,7.269375805228839,3.092630810333809,3.3629396047639006,1.0948192544663187,1.8691003041054743,3.0338255315430396,4.418225791775862,6.893226445404374,2.0684419582939033,3.296657603629614,3.748202598859603
2013-10-12,179.0,1.6292626403097796,3.827692778150088,2.746245342718034,7.826034641102142,21.49221118507676,1.7942694747162329,1.8378548408804496,7.731507914015688,7.677779638114063,3.294332088514134,3.209690900104298,1.0606501775091584,1.8744377012924949,1.8006308992563536,7.616683093088701,3.2286324821085657,3.1778530417605615,1.0103140251512372,1.8642921481980257,3.0279679181297454,4.406952370938693,6.907055409743199,2.073598183503687,3.2944919597340916,3.485032285299251
2013-10-13,250.0,1.5868855652267655,3.793488639014724,2.721288662525503,7.573979471266882,20.61098446535947,1.6292626403097796,1.1708868021383438,7.826034641102142,9.284644646291154,3.2159417764922336,3.1898960912583134,1.5500174687190618,1.7466387777936276,1.7708320134605435,7.637862379229856,3.2465645282084155,3.1390994304131143,0.9519448172746049,1.849847872750071,3.011867614303041,4.3832370157187475,6.919728396139244,2.069339797194141,3.2889655656386387,3.359788928846136
2013-10-14,550.0,2.0412986633021584,4.939291249366488,3.219904457541024,7.255974886655814,23.36354588134878,1.5868855652267655,1.9788097491115963,7.573979471266882,6.414316511041617,3.2993151191355707,3.6670575182490666,1.0799754981277965,1.6701392267509263,1.8302604081874612,7.393481639940674,3.26986299471398,3.355548169870556,1.0279497900543924,1.8428329111626303,3.0054586557379652,4.3476223984960525,6.922996837837345,2.063041785537102,3.280134903313871,3.398557772168054
2013-10-15,285.0,1.9141546878103748,4.764323496847706,3.1215504691503173,6.94776212675304,21.68779012631076,2.0412986633021584,1.9935517987866016,7.255974886655814,6.291515406561373,3.6085601997088825,4.391959226488769,0.7951499983713461,1.7524822896129015,1.83918739592897,7.513718550742702,3.374605698445562,3.7496376119987134,1.1958051904691156,1.8509499386373698,3.0142949637206566,4.349513609296413,6.924616209703907,2.052097079743893,3.2786692618869044,3.5067746500560224
2013-10-16,534.0,2.0294311330327583,4.840601022590676,3.190674252901664,6.495161528794385,20.723944658361653,1.9141546878103748,2.012659410806382,6.94776212675304,7.632787873166859,3.779636966904818,5.007150911109617,1.5743281544993442,1.8474463054464332,1.8278449515037944,7.607468082198655,3.5625040952497575,4.355389218615815,1.2414469930522747,1.8473036583424711,3.0124986627865478,4.348357229806459,6.934802783426301,2.0432077787632923,3.286047392713758,3.6842318389124946
2013-10-17,380.0,1.829862699882583,4.825164287320638,3.1074468871638468,5.747338241504318,17.85954832804033,2.0294311330327583,1.8163842183548693,6.495161528794385,8.284229662430153,3.4528072021817766,5.125512866294839,1.3660891372252095,1.9949614947150973,1.8302409118218483,7.444950033002586,3.6136681229318257,4.841541001297738,1.2236872760692914,1.8502037567201899,3.014230675105078,4.346754752214123,6.931320708772516,2.030619163198562,3.2801048614922745,3.9441398304830924
2013-10-18,477.0,1.9845014278970423,4.785461368638964,3.15645346511463,6.71360144989,21.19117055990389,1.829862699882583,1.7942694747162329,5.747338241504318,7.731507914015688,3.1244981908293186,4.295168673001549,0.7109025620121079,1.9244828402419056,1.8321664091829504,7.082536972870324,3.4523141199719714,4.809277483468665,1.2275387856826705,1.8566094089949774,3.022782803350116,4.347323453746076,6.929448828980447,2.01967686936133,3.2575689666718555,4.126633740929494
2013-10-19,405.0,1.7304045413055555,4.412761223424349,2.958058439771616,8.260865500627553,24.436122913949507,1.9845014278970423,1.6292626403097796,6.71360144989,7.826034641102142,3.189175335106897,4.485298577333812,1.1308488597669493,1.9479317536041283,1.8593424024944945,6.937121763709511,3.2554935760393313,4.635326705543396,1.2188430584027885,1.8572024334792032,3.025161637861584,4.365505629102647,6.937074808952307,2.0093362124635754,3.2639757853383387,4.308863409105138
2013-10-20,379.0,1.575417261202105,4.497706415069424,2.9394857805467165,9.383315356496794,27.582122064807972,1.7304045413055555,1.5868855652267655,8.260865500627553,7.573979471266882,2.907709150124051,3.620740602160048,1.3275460584940255,1.8482562230283939,1.8737912454938912,6.999240457927427,3.0737942253534225,4.1337359508318,1.2026916879801994,1.854624756520411,3.0248907794487594,4.36712792425306,6.951271176141655,2.006578797362876,3.262510817483111,4.370412624948243
2013-10-21,536.0,1.9884707058484077,5.113070133386924,3.239794375773052,9.68433223063456,31.375245093927543,1.575417261202105,2.0412986633021584,9.383315356496794,7.255974886655814,3.1572523214230337,3.803468109456889,0.8588454625905108,1.7634410768015678,1.872152916347511,7.2577170129602715,3.0847122688846604,3.96983576298358,1.182071373606821,1.8441370632625909,3.0197910114351183,4.35990812812625,6.979128250531442,1.9984648581626077,3.2501437375084876,4.389899852263647
2013-10-22,415.0,1.7417271322112342,4.723341468712744,3.051406489356161,9.767533324597071,29.804714571678062,1.9884707058484077,1.9141546878103748,9.68433223063456,6.94776212675304,3.614613344878794,5.354055721971318,0.695174546676083,1.7647641694520229,1.8646060652826895,7.604625204957236,3.2265249388086263,4.259421477862748,1.2148253543779393,1.8406971101120915,3.019358954554234,4.368884665663851,7.010432433812592,1.9870324546821332,3.248370448297108,4.527342208761153
2013-10-23,520.0,1.733632785347192,4.67913347942882,3.036484519549802,9.751925712797672,29.611571462709797,1.7417271322112342,2.0294311330327583,9.767533324597071,6.495161528794385,3.532611309253765,4.736604117956354,0.9827915492937752,1.7685383664205825,1.839973557339955,8.007449661792098,3.434825658518531,4.6313759831281835,1.1640146019445443,1.8305745952732926,3.0134051132782984,4.38925461480599,7.039678449745775,1.9763146512939789,3.2446697821130797,4.488692666882115
2013-10-24,511.0,1.9028332414942228,4.884548424247498,3.1485416145147544,8.588201311586024,27.040309223358793,1.733632785347192,1.829862699882583,9.751925712797672,5.747338241504318,3.65197306248113,5.1161528005500685,0.957504682088783,1.8212768744689447,1.7977166505277313,8.472701688078281,3.5997325722045637,5.06893754682591,1.3027350339082653,1.8391859812363798,3.0186837653692136,4.397484607292177,7.063867183550436,1.9720345301950302,3.2566787926669636,4.4873555146328625
2013-10-25,520.0,1.380776279360197,3.938524608680249,2.7085942363363977,9.388563622279865,25.429809314784812,1.9028332414942228,1.9845014278970423,8.588201311586024,6.71360144989,3.716068742382636,4.6936154220072765,1.2429373714706198,1.79273105301755,1.8081410136151084,8.878539269518525,3.6335510380391773,4.848790780171229,1.5298064377982228,1.8432951529433277,3.0227788049865065,4.414387208261946,7.083609640632003,1.967599156214966,3.2819825149211677,4.5442764787765375
2013-10-26,366.0,1.5882807560201435,4.15391988190851,2.834953969631886,8.192056022440944,23.224101740265752,1.380776279360197,1.7304045413055555,9.388563622279865,8.260865500627553,3.5327248858333102,4.8171231447887335,2.3058366626700115,1.6724141020672043,1.7218945638241308,9.260676722717077,3.6335888968990258,4.875630455782023,1.512206073216683,1.8434705722356797,3.0219777222409023,4.43459691683489,7.103369305669706,1.9694964679341929,3.302844379743949,4.591679988412955
2013-10-27,238.0,1.7100046043657346,4.192226908930376,2.8862197699590664,8.46940028227005,24.444550534384714,1.5882807560201435,1.575417261202105,8.192056022440944,9.383315356496794,3.0350705733528494,2.8772287569271167,1.647038676576139,1.623963425624855,1.7015911659262148,9.250846797261847,3.4279547338562657,4.129322441241039,1.5043117800348005,1.8447535216248723,3.023155900840297,4.446342332107605,7.125916399999484,1.9568387270689849,3.300009198226593,4.485464010522537
2013-10-28,498.0,1.3437862923864248,3.528160298503317,2.5546555158668123,9.022929412847974,23.050476393808975,1.7100046043657346,1.9884707058484077,8.46940028227005,9.68433223063456,3.294332088514134,3.77785757062797,0.7345274437096276,1.5596872132486919,1.7208179292353045,9.120287500943741,3.2873758492334315,3.8240698241146034,1.5293905550226439,1.8459610068924563,3.025947685929306,4.454114428561056,7.142726112800209,1.9535892547162097,3.3055961999568226,4.481805362118405
2013-10-29,444.0,2.01177289126264,4.280351662518199,3.049044525444672,7.497413143696404,22.85994650078445,1.3437862923864248,1.7417271322112342,9.022929412847974,9.767533324597071,3.379572154217924,3.2422507580451447,0.7221351139697381,1.5473572175907677,1.6287201558835929,9.025801384117086,3.236324938694969,3.29911236186674,1.253641595952033,1.8325858321786344,3.0151272473112267,4.425408329765303,7.162459176897118,1.949466374124143,3.306219026623241,4.180118938700381
2013-10-30,508.0,2.0543936529951243,4.770179381054097,3.1863896505671807,7.395859717574396,23.56609086112577,2.01177289126264,1.733632785347192,7.497413143696404,9.751925712797672,3.4737677848669364,3.7467146938476015,0.9219214583346008,1.6885212626716,1.6672981214623648,8.701498501131276,3.3825573425329982,3.588941007506902,1.2148459806348069,1.831432812501721,3.012629424701168,4.419126952133308,7.173868760135378,1.9397517252993486,3.312995695333968,4.038706163827702
2013-10-31,341.0,2.0074664386940446,4.3769121488177,3.0690855648712,7.564234126288158,23.215281766297096,2.0543936529951243,1.9028332414942228,7.395859717574396,8.588201311586024,3.568414263627199,3.741443262160628,0.8444450891306599,1.80331761221473,1.7131211025549267,8.364917644670808,3.4739180675706867,3.5768029046844547,1.190360712697206,1.8341591301950266,3.0134345965793075,4.421044043816432,7.182857777888953,1.922529571355711,3.319477876364802,3.8423190869149244
2013-11-01,374.0,1.9987536080625372,4.4587460331187305,3.084031777980503,7.757169539386341,23.923357366649856,2.0074664386940446,1.380776279360197,7.564234126288158,9.388563622279865,3.092151339586335,3.3186665370210724,1.0985951708569688,2.024544327650603,1.7280687021549015,8.218636618199683,3.378111129360157,3.602274831009764,0.977434182988743,1.8364126315035054,3.012809653327564,4.415431904303138,7.205681124549655,1.9060150999263543,3.312991246223957,3.6458978176311807
2013-11-02,301.0,1.8805591688678729,4.209760457262053,2.9620314599209467,8.845818555012174,26.20159284869851,1.9987536080625372,1.5882807560201435,7.757169539386341,8.192056022440944,3.232823441311495,2.95231916731785,2.53511452806784,2.0202045665839026,1.8163511776838068,7.985580320643466,3.29779634817501,3.337476322166514,1.0328389989316424,1.8360545738387937,3.009887665045499,4.412747837130224,7.22417026653145,1.8911707530071378,3.309755040289743,3.3794972494210547
2013-11-03,292.0,1.525707144625292,4.025862268511709,2.775962852213203,9.043946545368744,25.10565964734556,1.8805591688678729,1.7100046043657346,8.845818555012174,8.46940028227005,3.3539381003050006,3.573911316439773,1.2913634095423745,1.9622597385414855,1.858105236662054,8.078974968153643,3.226304293734277,3.2816323402595615,1.0748858371005128,1.8287856693549147,3.0025267267406788,4.395569049967965,7.251980006486406,1.8842031759086144,3.31046986120407,3.479023329351434
2013-11-04,425.0,1.996502103869808,4.524891739505488,3.0981834110427986,8.53235504192744,26.434800848026978,1.525707144625292,1.3437862923864248,9.043946545368744,9.022929412847974,3.2472900265911377,3.010483356759055,1.7055704674556749,1.8016733071852347,1.8317770281277053,8.16105300573917,3.278017189402545,3.1789046135055563,1.1360479247922135,1.823429173948135,2.9969771085735855,4.363794876359183,7.283423794904485,1.8943181711167143,3.3033564047720745,3.369398441655875
2013-11-05,515.0,1.5861495377365606,4.071911050965715,2.8080667213470467,8.724465209711305,24.4988804169404,1.996502103869808,2.01177289126264,8.53235504192744,7.497413143696404,3.4590810352598678,4.163848988353761,2.31163494119944,1.800922805787658,1.9250221440539028,8.090970952750522,3.3534363873853352,3.5827478871841927,1.3244561872263378,1.8243202542686885,2.9977537023866367,4.375909236546875,7.3016138406687485,1.8979911610515907,3.309403843825963,3.501055331699963
2013-11-06,542.0,1.9294686848001303,4.454868652158306,3.0484221583321998,6.1337944975991725,18.69839506113744,1.5861495377365606,2.0543936529951243,8.724465209711305,7.395859717574396,3.0828756432847864,3.77785757062797,0.7987189062638245,1.7027862620772207,1.8642188078358914,8.266264105038365,3.263082235045264,3.650729971913592,1.3141603342083228,1.8208675750716676,2.99650326433851,4.396452519981896,7.306137354432887,1.8961313080261937,3.3132623373049386,3.5055043140971587
2013-11-07,282.0,2.1335059265514533,5.198929411222542,3.324308736890893,4.92732555672277,16.37995139771929,1.9294686848001303,2.0074664386940446,6.1337944975991725,7.564234126288158,2.6569020087174757,2.974333714210021,0.78918503685748,1.8373734421355001,1.8463723838080353,8.085969073613333,3.066286229087377,3.638680091063914,1.2161229971695302,1.82629930591902,3.0010454524512324,4.398562750840621,7.290740900918842,1.8854265634044085,3.307711019529564,3.3959172358185
2013-11-08,398.0,2.095015035358076,5.177227687942352,3.300654952249702,6.242893990938629,20.605638967561493,2.1335059265514533,1.9987536080625372,4.92732555672277,7.757169539386341,2.78970572946562,3.511935170221305,1.2741465957718734,1.8830413830293817,1.864378024930522,7.709267849389707,2.843161127155961,3.421375485019762,1.3076846375598714,1.8320852882242629,3.006782428953036,4.430187254403873,7.279388426451366,1.8807411021232432,3.304490308072089,3.423527040561391
2013-11-09,318.0,2.0148663841333865,4.772537679750966,3.167576208830972,7.190132621158805,22.775293029122107,2.095015035358076,1.8805591688678729,6.242893990938629,8.845818555012174,3.282434130003216,4.455909547337505,0.6048718145735636,2.052663215569887,1.8781296574013133,7.492942771040034,2.909680622728771,3.6473928105896065,1.3196773791643053,1.8318374798766217,3.007974525260065,4.462871192246377,7.281822607452752,1.8795965467461004,3.308499924465773,3.638325666278484
2013-11-10,330.0,1.9922880261207037,4.31429119119465,3.045941265925475,7.396898476017948,22.530518307964325,2.0148663841333865,1.525707144625292,7.190132621158805,9.043946545368744,2.996502825694443,3.7467146938476015,1.0197941023217918,2.0811291153476392,1.897316402439244,7.25641620906098,3.0228808950544264,3.904853137135467,1.3494991368438292,1.8323646748273414,3.007911551110465,4.478449616460656,7.285264939889739,1.8784353103490707,3.3007360280016256,3.6630118630510315
2013-11-11,398.0,1.898105226531257,5.003176690189759,3.1782193476999008,9.003206706245068,28.614165745129572,1.9922880261207037,1.996502103869808,7.396898476017948,8.53235504192744,3.0189923939452825,2.9225573706866603,1.5341735918924688,2.0340564818707225,1.9639708140814456,7.021123627725153,3.099309783214314,3.708393870623919,1.299232626921043,1.8341705694610397,3.008145422875035,4.484529501608134,7.285573280605169,1.8832494096183616,3.291558038182664,3.650451007897832
2013-11-12,524.0,2.0943521702182983,5.946884615390195,3.478355698170619,8.26178315628987,28.73742051873091,1.898105226531257,1.5861495377365606,9.003206706245068,8.724465209711305,3.4169446493176814,3.798441116073623,0.8211492332401987,1.9684198789284497,1.9499141173187955,7.0883881511991,3.1441466229858026,3.4892377268692916,1.354608272033223,1.8311822621485765,3.008677790374351,4.523712298676122,7.2982565847431635,1.8811772141913725,3.2982581339435124,3.598249883286384
2013-11-13,446.0,1.5735281413952913,3.9924471664067855,2.7771373353726188,8.749213233788872,24.297766726691282,2.0943521702182983,1.9294686848001303,8.26178315628987,6.1337944975991725,3.703239619622281,4.646231818958017,1.1865526178641197,1.9949151409567534,2.022514493387615,7.022290714996038,3.3797255542950815,3.7890767685727638,1.4609355290247064,1.8320280945216896,3.0132751635068318,4.5954921645553055,7.306509821425358,1.8830981677806455,3.3117222839597362,3.722303347333533
2013-11-14,387.0,1.857890335384031,4.02223509359312,2.901496158868897,7.638929127280134,22.164323520675044,1.5735281413952913,2.1335059265514533,8.749213233788872,4.92732555672277,3.09481489065294,3.598574872435274,1.083512904039574,1.8553285127149495,1.9716658443297808,7.395921963023137,3.404999719864301,4.014415935822301,1.5165067916311359,1.824801074478166,3.006384462593348,4.563930695123315,7.320228047769336,1.8804697078185635,3.294597440324538,3.811480655651427
2013-11-15,213.0,1.4682142895732386,4.048436513422023,2.767823471818442,8.206979837937167,22.715471428183204,1.857890335384031,2.095015035358076,7.638929127280134,6.242893990938629,3.2324157263420523,3.3864988405996144,1.702281209613779,1.8419235489992074,1.9322921884487205,7.783293901674189,3.343490078872424,3.877101843997632,1.4113327609348654,1.822722349683545,3.0020907868055167,4.539194415014829,7.338251173133543,1.8686140783060063,3.276356732305779,3.7935611799911855
2013-11-16,316.0,1.6800778618113412,4.431146693902522,2.9473133304010424,7.790461852528932,22.96093206793932,1.4682142895732386,2.0148663841333865,8.206979837937167,7.190132621158805,3.325034020526312,3.3497199948998104,1.923729651612433,1.6332109221175208,1.8427492247651724,8.063877594102552,3.2174215458404354,3.44493123597823,1.3685468404938759,1.813017259575851,2.994687822639029,4.512788931375874,7.339935407642452,1.8587708251417598,3.2720976262505967,3.6355341010715145
2013-11-17,220.0,1.4928620128274448,4.2278096355118,2.833078821916167,9.712920167255986,27.51746842481537,1.6800778618113412,1.9922880261207037,7.790461852528932,7.396898476017948,3.306908250899137,3.7071511053831863,0.9477231311956856,1.6687274955895373,1.79492229300488,8.149638912869714,3.2881193325891673,3.4811233136275335,1.4462861155008488,1.809119361264161,2.9916101366043177,4.499655011595269,7.354947105835304,1.8549333598546283,3.2781779615862576,3.629882159862312
2013-11-18,550.0,2.156933421752097,5.337045653969831,3.366734195988679,7.559419586072424,25.450556422256614,1.4928620128274448,1.898105226531257,9.712920167255986,9.003206706245068,3.0857630394864795,3.772653377993746,0.8479122326209224,1.547051388070675,1.7235757196772716,8.480499154475146,3.2392351036373097,3.609841492758911,1.408373425933744,1.8069948058907632,2.990973764443629,4.481066620491031,7.381151512886067,1.8527792090759883,3.274730885065577,3.7513244466204676
2013-11-19,573.0,2.0758336079449125,5.102468985223786,3.2743885740428658,8.36768194354179,27.399042147158035,2.156933421752097,2.0943521702182983,7.559419586072424,8.26178315628987,2.9977261459864994,3.5846660683590232,1.4620807159725866,1.7766244321302949,1.760551176137392,8.274243851593342,3.130132478790706,3.6881568505786486,1.3441782431031986,1.8135651057858497,2.997841589235143,4.5118761015092135,7.393616084786125,1.8462531476931157,3.277731451594325,3.7207851540898105
2013-11-20,348.0,1.804275239599153,4.8298569976079255,3.1005202154727405,8.34707791206791,25.88028380649255,2.0758336079449125,1.5735281413952913,8.36768194354179,8.749213233788872,3.287463185302121,3.8415080322665776,1.2705018090951563,1.9085430141748183,1.7579056672411937,8.289372249772185,3.123650790258367,3.7329424928731125,1.3604698190503988,1.8154117492349877,3.00026633014494,4.5320348538476924,7.409879188467148,1.8431817120874738,3.282071813723628,3.6058246131338905
2013-11-21,472.0,2.030176584616308,5.094770478653397,3.252156771212235,8.725219601556319,28.3757820075151,1.804275239599153,1.857890335384031,8.34707791206791,7.638929127280134,3.472180447621376,4.342975488132112,1.2922652077962429,2.012347423098721,1.790869538413174,8.231924346669192,3.252456592969999,3.923049862919234,1.4456757756164158,1.8134869934093492,2.9995362401070547,4.522594415988393,7.420104654659808,1.8373808498357127,3.277324050481714,3.712167558233438
2013-11-22,329.0,1.5632680244247,4.402066522393219,2.90642540232718,9.252186411521764,26.890789613513213,2.030176584616308,1.4682142895732386,8.725219601556319,8.206979837937167,3.523186879702508,4.276161639578261,1.350415640154275,1.9700951440534584,1.8154818597320705,8.387108700137219,3.4276101708753353,4.15354838665898,1.648261091712224,1.8179528867775245,3.0056940037327013,4.534975382986414,7.438857983144561,1.8353203920723464,3.277009902830005,3.8392622438018162
2013-11-23,188.0,1.80476475009281,5.122749865980899,3.181964112773699,6.831272921340731,21.736865280268955,1.5632680244247,1.6800778618113412,9.252186411521764,7.790461852528932,2.961360112361241,3.893650872850957,2.311359167397692,1.7992399495467206,1.8290609647108507,8.536423924935018,3.318909146561708,4.17092933352044,1.6135071923485371,1.814963067267851,3.0046828321543972,4.525739817751894,7.466309193902998,1.8241477204007743,3.253989471159343,3.9169666549376947
2013-11-24,339.0,1.819012775855969,4.455405958658109,3.001524903617274,6.47703901998092,19.440993920173554,1.80476475009281,1.4928620128274448,6.831272921340731,9.712920167255986,2.75025983773648,4.155034719676069,1.69201393013607,1.799403119711273,1.846873377322489,8.399396934765274,3.078268943266744,4.108282410701759,1.4639846706498074,1.8168915106138617,3.0088218166201934,4.533679865809674,7.480114053251421,1.8135999558911973,3.2217958410044707,3.980950028408106
2013-11-25,475.0,2.2245708393441026,5.089873226235229,3.35273633947728,3.3213165558198696,11.135498711604797,1.819012775855969,2.156933421752097,6.47703901998092,7.559419586072424,2.7623004778285427,3.234466416760666,1.2369110708659292,1.729015183457827,1.8934663434694212,7.937128199440265,2.8246401426420884,3.761050669762561,1.432164216881967,1.825404784130192,3.01763254185711,4.55090924414227,7.4866948701348015,1.8105825514751204,3.196115027404312,3.90406617680338
2013-11-26,431.0,2.128094235238701,4.658514229708891,3.2030471957723483,3.633298939871035,11.637627980756566,2.2245708393441026,2.0758336079449125,3.3213165558198696,8.36768194354179,3.057940970291007,3.70498362595749,0.7258625010986922,1.9494494550976278,1.9031288316968507,7.331684909404186,2.8568337619520103,3.698161587464739,1.3317587420962251,1.8341481010113336,3.0273896031630607,4.58210768895316,7.473755806372533,1.8063922002754815,3.196877373968917,3.9212543993174473
2013-11-27,349.0,2.018652057849957,4.514884268072304,3.1078582060647,5.825354478045144,18.104375717828347,2.128094235238701,1.804275239599153,3.633298939871035,8.34707791206791,2.687372455763098,2.6956998551851665,0.9710003660082294,2.057225950146258,1.9105946355959633,6.655344480308364,2.835871301294216,3.211716632634438,1.2155195482734753,1.8382107386794604,3.032454177865665,4.597650599645777,7.458539884561607,1.8066058585308944,3.1766453862105495,3.7575675168772453
2013-11-28,452.0,2.0919387047335656,4.465172256392534,3.1386901561992406,6.290741832177319,19.744689463845727,2.018652057849957,2.030176584616308,5.825354478045144,8.725219601556319,3.145179281406053,2.846597639260517,1.8364401328450544,2.123772377477587,1.9412198953460782,6.29509827544797,2.963497569153386,3.082427040134388,1.163891606801689,1.8390118037266678,3.0333801929251316,4.63054139863141,7.458169429483613,1.797958493258142,3.168832290450154,3.543799252752733
2013-11-29,350.0,1.86695353051794,4.632217211126836,3.068220155367226,7.944760200711811,24.376273377383345,2.0919387047335656,1.5632680244247,6.290741832177319,9.252186411521764,3.249796768247946,3.956829471721464,1.0850268131845389,2.0795616659407417,1.9500430553628294,5.947315736965256,3.0274495018056995,3.1663756553890465,1.1100522658654157,1.8460167824887874,3.0364229607076987,4.636702085093888,7.462295473906955,1.7860466716542025,3.1613665898961876,3.498180371630333
2013-11-30,240.0,1.45379187460243,3.877727287400204,2.705614849937988,7.3003852641022355,19.75203078082347,1.86695353051794,1.80476475009281,7.944760200711811,6.831272921340731,3.499763978662642,4.533658926354368,1.8619928875838765,1.9925147643671546,1.993426699090435,5.7605405639924046,3.2982466761055473,3.779028679112114,1.217015719206666,1.8461166720511852,3.0361074393495913,4.632103346096313,7.471658493509091,1.775337249409332,3.1590782470640355,3.5896100935593913
2013-12-01,363.0,1.7225231478365683,4.27546546243584,2.9151738149575017,5.1700325957414615,15.071543645582272,1.45379187460243,1.819012775855969,7.3003852641022355,6.47703901998092,3.225015190088062,4.0370142190897305,1.806054961766471,1.804228036617979,1.9432877168775238,5.827556612958333,3.324858645666217,4.175834205721851,1.2088574301111663,1.8385944693922214,3.030185883361615,4.61546385071573,7.487156120195735,1.7733372302323547,3.1635070420807594,3.572750022047057
2013-12-02,511.0,1.9498762247716896,4.832996302722586,3.153739784912883,6.347256749220906,20.017596135074786,1.7225231478365683,2.2245708393441026,5.1700325957414615,3.3213165558198696,3.098236217765742,3.6013735405715543,1.8333527668280496,1.6810895176523133,1.9295034843033234,5.640841409495553,3.274338462172149,4.057348895338548,1.2502972215216581,1.839443536522537,3.029160145219561,4.609354498359633,7.483968549393533,1.7786142597936865,3.159020801295901,3.625165325448613
2013-12-03,374.0,1.7654624879208876,4.146350122784526,2.89408435001968,7.411683291317161,21.450036620703347,1.9498762247716896,2.128094235238701,6.347256749220906,3.633298939871035,3.3577825876225647,4.808495779358805,2.1439597137693496,1.7087304157368965,1.8902613965072645,6.073118579981417,3.2270113318254565,4.1489611796733605,1.2990582595769073,1.839177584605284,3.0295115168410645,4.630129026541651,7.487552014440504,1.7832289995546584,3.159148950873153,3.7828099187916577
2013-12-04,427.0,1.9895257685923025,4.946290289420326,3.1984228683964204,8.666801899485016,27.72009739117441,1.7654624879208876,2.018652057849957,7.411683291317161,5.825354478045144,3.137266488028605,3.908365227398672,0.7277230704624184,1.8126206201763821,1.8384568611761483,6.612887773045149,3.197761764472304,4.1060781824430075,1.3167229890936494,1.8347125476619581,3.0239863290360534,4.634145288350745,7.502592416834356,1.7785518808547465,3.1554814995877356,3.9560478291078733
2013-12-05,380.0,1.9289483721837184,5.078758291401671,3.208576837396704,9.68328212008764,31.06955472049085,1.9895257685923025,2.0919387047335656,8.666801899485016,6.290741832177319,3.347427658765401,4.338818661429535,0.7897824809539479,1.901621493761627,1.8342959627107691,7.018808833250844,3.2808255781388573,4.351893222729001,1.3208557258107714,1.8372403964571555,3.0284675570930326,4.648191906681239,7.516990337883589,1.770213112386081,3.151759720371253,4.169222260846304
2013-12-06,391.0,1.6864775667063177,4.215145275073144,2.8847185548024696,9.0893077079924,26.220094595554784,1.9289483721837184,1.86695353051794,9.68328212008764,7.944760200711811,3.658511130074446,4.194618498603741,0.8622836368096571,1.89464554289897,1.8110116294893623,7.503457445809461,3.381068425622818,4.147267462477314,1.3821210104991082,1.8498747559579118,3.040550200329194,4.681753481362438,7.541110743144189,1.7713102758778154,3.1709475699309086,4.2031921218294865
2013-12-07,313.0,1.6645853212962556,4.131403959165068,2.852398545120814,7.77205409968455,22.16899580654047,1.6864775667063177,1.45379187460243,9.0893077079924,7.3003852641022355,2.970506547379117,3.7071511053831863,1.159154564083683,1.8683172358274467,1.785229348944845,7.6669642325638305,3.3254817787396553,4.08019608847215,1.369003328310182,1.8450025529178236,3.0376838251769303,4.6737627021262655,7.55048108559197,1.7690516386116701,3.181401054552963,4.085119575976461
2013-12-08,261.0,1.657792711717351,3.767978770648982,2.7403231568841857,8.076954469120006,22.133465368828766,1.6645853212962556,1.7225231478365683,7.77205409968455,5.1700325957414615,3.369994315101356,3.772653377993746,0.9923806050072218,1.760003753395431,1.8153426984725343,7.734345494789877,3.3330039975183063,3.891474327326888,1.4088218639439238,1.8395197782929846,3.0347005820962445,4.638178520391017,7.568408349896978,1.7594680856540008,3.2007440074074878,4.047353741534177
2013-12-09,337.0,1.798174472275896,4.373000122301078,2.970869903100611,8.072010321096617,23.98089252046344,1.657792711717351,1.9498762247716896,8.076954469120006,6.347256749220906,3.4317933714867963,3.628917649765837,1.471957176525544,1.6696185332399753,1.8060954933126463,8.149620048129668,3.2574314113224236,3.702907377714254,1.3983363435804106,1.8336053333081674,3.0298912071667883,4.591203556481237,7.584305975957507,1.74958484670875,3.2057226487902737,4.051288614276218
2013-12-10,394.0,1.981340649318119,4.822914090561052,3.1643689182717245,7.21246495923976,22.82289994114224,1.798174472275896,1.7654624879208876,8.072010321096617,7.411683291317161,3.1809466040706984,3.1429668647980087,1.767084327215438,1.7068508350965015,1.7844238143846756,8.396013415540484,3.3275780968862834,3.514845964185861,1.4563945507163112,1.8333018375401846,3.030085851158352,4.577885637899574,7.604338379974236,1.7502498751542146,3.211870774736149,3.8133559121961036
2013-12-11,290.0,1.4541821094915626,4.28464172811494,2.8424828691725583,7.473836949141344,21.244253494923168,1.981340649318119,1.9895257685923025,7.21246495923976,8.666801899485016,3.5093611568354444,4.489229960747312,1.4764672438511697,1.8124359444371223,1.8152635517271372,8.36755365381514,3.374033710797647,3.753704825103716,1.5022709009433375,1.8364196904502161,3.03445732517337,4.594839734545121,7.6137808185154565,1.7537583406304078,3.2282164001658207,3.8963365883887664
2013-12-12,376.0,1.9313489362355405,3.966625112696948,2.9272768250399146,5.933648118141281,17.369430624176672,1.4541821094915626,1.9289483721837184,7.473836949141344,9.68328212008764,2.801205872073104,3.8986046776596335,0.7326744572854501,1.7445657436951931,1.738785886141317,8.19713008948033,3.1638378776597498,3.8436005010683147,1.378804656573578,1.8335016816032457,3.036061283947612,4.570888569142627,7.618370706387318,1.758889340516441,3.2076917742576683,3.8334488764216377
2013-12-13,302.0,2.1124912209496096,4.132735516192519,3.0822292482753277,4.548353368427335,14.019067783658341,1.9313489362355405,1.6864775667063177,5.933648118141281,9.0893077079924,2.8869829955392268,2.992482842191623,1.1523621766831005,1.7889572316817413,1.7391288238630058,7.6614680892022795,3.0658500081492583,3.793439160199519,1.1654905583550328,1.8392427377867253,3.039494419989519,4.504879919052852,7.602576824817359,1.7482401134410983,3.1804832201215665,3.661715211219907
2013-12-14,244.0,2.0342494355362546,4.132525329740044,3.028650023613545,5.724675467979892,17.33803849127718,2.1124912209496096,1.6645853212962556,4.548353368427335,7.77205409968455,3.106965971181207,3.55089423717544,1.5004818304704282,1.8326740888922377,1.7999879173263333,7.01276032640727,2.9317182795978467,3.480660585675563,1.116636424874055,1.8404292804141826,3.0371998331684242,4.509556197379044,7.5838826643082164,1.7349157113960707,3.1808882561391756,3.639392801475943
2013-12-15,374.0,1.839818223783844,3.892591509604112,2.858123902892681,6.187889237608218,17.685754138460418,2.0342494355362546,1.657792711717351,5.724675467979892,8.076954469120006,3.012127987538241,2.948598894741406,1.1160337116244143,2.0260298642404684,1.8527970765034762,6.7202776647351765,3.0020256514195585,3.1639919913694867,1.1349615994698812,1.8424308595429475,3.035651492409478,4.513232538583941,7.579684128481659,1.72693457728778,3.173545331512382,3.521670732439894
2013-12-16,413.0,1.805431325518508,3.761717381830705,2.806174781475848,5.636556727596549,15.817163343339466,1.839818223783844,1.798174472275896,6.187889237608218,8.072010321096617,2.9703208710515336,2.807401875972298,1.5008863335453984,1.9955196267565698,1.8788007210844035,6.450411203090636,3.0298049432569942,3.102298335963045,1.1254603964331258,1.839270644388799,3.030108986575995,4.5080377051233445,7.584376510644825,1.724060653829234,3.1617215598632225,3.4043113361836745
2013-12-17,241.0,2.0514570125475746,4.249004979376345,3.065910975682442,4.978493870532694,15.26361900003395,1.805431325518508,1.981340649318119,5.636556727596549,7.21246495923976,2.87172532143281,3.1089291849469274,2.195941320033795,1.893166328279536,1.879837414404777,6.102489261162054,2.9513913933408618,2.954976651886874,1.0052984942519854,1.8388634548160645,3.0250877848145286,4.48572339472095,7.570426652639464,1.7169860011993534,3.147215462214345,3.399448810490663
2013-12-18,331.0,1.9011237570357784,4.071043913567902,2.936755522530416,5.422303380398848,15.92397939722166,2.0514570125475746,1.4541821094915626,4.978493870532694,7.473836949141344,2.8466164710592934,3.8212855730741264,1.3846434685286866,1.8989021872833092,1.8898540377232707,5.783350534203902,2.8962208878478797,3.2458722113311143,0.9988969591475784,1.8399793812269067,3.0235787433239922,4.486429906183102,7.555008893976794,1.7143925375432996,3.139243909933439,3.304028183680208
2013-12-19,317.0,1.8498922510944475,4.051431799603322,2.905884013584156,6.158373104830515,17.895517955013617,1.9011237570357784,1.9313489362355405,5.422303380398848,5.933648118141281,2.855678435042519,3.803468109456889,1.0114042067216429,1.919337365033954,1.9537028445153015,5.490274310097831,2.858006742511541,3.5778942891593117,1.087620719554847,1.842824701489077,3.023223694703305,4.444229848169703,7.532852417489944,1.715556023097397,3.134508986235306,3.29043724536553
2013-12-20,332.0,1.7108950978775213,3.894570091417109,2.799725412953276,6.507412246776423,18.218967439863327,1.8498922510944475,2.1124912209496096,6.158373104830515,4.548353368427335,2.7195437425101603,3.324970820853101,1.0789635341385082,1.9341576735592672,1.942066175209431,5.522377879624864,2.807279549537325,3.6499081677947025,1.0799462867999539,1.8473992846539493,3.0226636652539294,4.409195275315688,7.529558954469832,1.7177849642350156,3.1155783381422406,3.3379355280314553
2013-12-21,331.0,1.9211909685171265,4.150937088568847,2.967618916624931,5.231766887810989,15.525890383639833,1.7108950978775213,2.0342494355362546,6.507412246776423,5.724675467979892,2.8347158013090787,3.6013735405715543,1.9068892804217337,1.8206370353359163,1.884695300484847,5.802243433674734,2.803312659620586,3.576604156960512,1.071469302341978,1.8427730245211014,3.0153291825402664,4.378019045109328,7.522546417170985,1.712966337259716,3.094329516598498,3.3451468570880434
2013-12-22,307.0,1.9752835715766637,4.034348811456462,2.9699850452356835,4.851696926365614,14.409467315321805,1.9211909685171265,1.839818223783844,5.231766887810989,6.187889237608218,3.0051716401448707,3.57902589798072,1.437168163213598,1.827326105829699,1.8685440909106859,5.731827922222033,2.853143727988037,3.5017900864684557,1.0687986008346442,1.8457640884595328,3.013932722994746,4.346557932106509,7.512270104497074,1.705221315746832,3.0770623419465766,3.4352078575508025
2013-12-23,258.0,1.7858816823119954,4.004371850529528,2.86290225864738,5.991430131714495,17.152878856613395,1.9752835715766637,1.805431325518508,4.851696926365614,5.636556727596549,2.9775690181835563,3.999620331417513,0.6366226229570834,1.8691232126571042,1.8878962834525173,5.540943306330233,2.9391521532125022,3.7266732566565928,1.1359039164507965,1.8497916015633573,3.0128243984228438,4.334300675075284,7.510909814141272,1.696323737469111,3.07760263880732,3.6055247797572614
2013-12-24,201.0,2.0538826365653304,4.212656599024789,3.059270747267501,5.459891517066624,16.7032864014159,1.7858816823119954,2.0514570125475746,5.991430131714495,4.978493870532694,2.990758363575192,3.7467146938476015,0.7027426325039756,1.8941187408019289,1.885103477280158,5.5916395069185105,2.9911663406345403,3.775120307748608,1.165869002524803,1.8478424089103203,3.008063742491721,4.297021407893571,7.503449470489791,1.6822353862792847,3.085619256335277,3.6966369953145013
2013-12-25,179.0,1.7082180745471451,3.787644662165478,2.767312661120232,5.7032912762762376,15.782790158895798,2.0538826365653304,1.9011237570357784,5.459891517066624,5.422303380398848,3.1014529660067947,4.1682976357278285,1.0426645341618432,1.9383492968179972,1.8854499949969805,5.6604105992805005,3.023260115921848,3.971544220330978,1.214139825002038,1.8590608481970723,3.013908351007239,4.288929762572462,7.4890580515644665,1.6695722921188259,3.096924339274552,3.7462101471221723
2013-12-26,570.0,2.0279106513677125,4.063367595681938,3.00914414273169,6.944701839241861,20.897608862572643,1.7082180745471451,1.8498922510944475,5.7032912762762376,6.158373104830515,3.0828106439486085,4.4321220635494205,1.1396804288924267,1.8493274644748243,1.857892040355747,5.700551727262985,3.058340657843532,4.1157114643749475,1.253296551382676,1.8610598035058556,3.012780995865378,4.2455221437701365,7.4870038090248805,1.6644027505561774,3.097753328396472,3.836017854849677
2013-12-27,417.0,2.04856692476584,4.526968119610808,3.1267463634138863,8.493890498380848,26.55824122704808,2.0279106513677125,1.7108950978775213,6.944701839241861,6.507412246776423,3.0904782985628696,4.110282792815526,1.0124551128812196,1.9300037874933966,1.883323240394785,5.812884403607463,3.0915806361727576,4.236900830697588,1.3730782524813,1.8663582376225554,3.0148297354115887,4.225683922635905,7.493629177741115,1.6671067179529673,3.1111901898231316,3.9482052794157374
2013-12-28,257.0,1.7262406924393503,4.481562771033171,2.976563588830198,8.484994308819898,25.25612511106476,2.04856692476584,1.9211909685171265,8.493890498380848,5.231766887810989,3.398402247389556,4.794585195953735,1.0657559651537518,1.928231883560233,1.9315620728074019,6.096667010979524,3.1905637299670118,4.44566335077289,1.497535960210518,1.8781045814955457,3.024364582870706,4.226086717687188,7.505673265728714,1.6604824416662132,3.1196309553559147,4.118664087327478
2013-12-29,355.0,1.1873942073756798,3.96807288883454,2.679005117574751,8.765417157650049,23.482597423022007,1.7262406924393503,1.9752835715766637,8.484994308819898,4.851696926365614,3.5505315615772584,5.151646308613135,1.3923574174827482,1.9342394228576347,1.9037120333677195,6.561413785409369,3.346470702509895,4.685504765794129,1.5804214021532001,1.8733457115151573,3.0231565672604654,4.226633068175209,7.515505377181392,1.6542516761656771,3.1296554484668917,4.343324145989252
2013-12-30,407.0,1.9968012842059284,4.441870682155231,3.0777703984409395,7.417898725283392,22.83058911531,1.1873942073756798,1.7858816823119954,8.765417157650049,5.991430131714495,3.51597468849683,4.910442528274816,1.257688945807964,1.6540672748602905,1.7911564099104365,7.120516675592859,3.4883028324878818,4.952224677613892,1.6330779256198162,1.8588957207548336,3.0147001583772584,4.2044949240988,7.537514745008595,1.6447684806452953,3.1301958054613643,4.473441602683152
2013-12-31,220.0,1.736889052943721,3.7187777160858384,2.7602884537334336,7.835417092317224,21.628011330108826,1.9968012842059284,2.0538826365653304,7.417898725283392,5.459891517066624,3.314950013974118,4.55655577286792,0.6490216032197225,1.6368120613403196,1.8212877816095696,7.324297903245559,3.4604854213494023,4.872881536585287,1.6638260822551605,1.8587179681800314,3.0148449056034203,4.223299703923967,7.539418891171822,1.6314919389729767,3.1331936329242334,4.58913318540034
2014-01-08,473.0,2.019828690510217,4.622826870608418,3.13403413666586,7.474222005047437,23.424466908837818,1.9379853647935168,0.978218170800716,8.014786283966872,8.82712659668702,3.2253442801135783,3.79069647061108,1.8545295970605369,1.6573029561245394,1.5728234227220756,9.088680083011221,3.3355937886563685,4.471508905483202,1.345727905588155,1.8187344982154736,2.986633893886421,4.144960263151639,7.606486099401084,1.5550365764920409,3.1263769739213285,4.181230112475487
2014-01-09,429.0,2.0441280621805618,4.849908189967256,3.2001978563711586,8.23189988069669,26.34370835206754,2.019828690510217,1.870294995959979,7.474222005047437,10.045973277079629,3.340483798013334,3.7309920556752343,1.7011836119398651,1.8839959584760433,1.721624925537719,8.895407998491281,3.3375428686587596,4.115225858433017,1.3587349978644274,1.8188172033217538,2.986074859350336,4.15328782142855,7.607917215216072,1.543974564190313,3.131694880386083,4.16109332225629
2014-01-10,451.0,1.947651516966204,4.798103891620499,3.143823782351701,7.349339863440556,23.10502944726982,2.0441280621805618,2.0132319022302085,8.23189988069669,9.619836421513416,3.510664785151186,4.359438508397297,1.8507879864605992,2.000647372494765,1.7464582207120876,8.63625465615086,3.358830954426033,3.960375678227867,1.3886398059062781,1.8196812039227515,2.988645802524431,4.15418762474209,7.613355971182212,1.5452330388230853,3.1317383346632743,4.264664383274048
2014-01-11,263.0,1.8475374340203643,4.484448587039371,3.02067713619139,7.491782844146715,22.63025714662489,1.947651516966204,1.1761100216900098,7.349339863440556,8.806043460843668,3.4038847954796263,4.322323975788205,1.4907486641192074,2.0038694232189944,1.7370895942458016,8.311898004997595,3.4183444595480488,4.137584846620243,1.346657431424763,1.8205069754300005,2.988072543101961,4.171303030192275,7.616355162707691,1.5471385098491925,3.151827632110158,4.222610473140797
2014-01-12,330.0,1.3866287406337867,4.286653608197957,2.829157136924102,9.149009760227166,25.883986258934957,1.8475374340203643,1.3397496834557048,7.491782844146715,9.925082048846416,3.3834360333412943,4.284671411079915,1.9904302745580804,1.9464390043890436,1.8330077960072806,8.124146488326602,3.432661871324036,4.322144631755136,1.4728390323280482,1.8163933964933685,2.9804445670689734,4.188563812670356,7.61164500201091,1.5493991025681002,3.1683760667035603,4.301707523912895
2014-01-13,385.0,1.823710368925244,4.615493829715506,3.047342823832384,8.90951703321369,27.150352794976133,1.3866287406337867,1.6941738201243957,9.149009760227166,8.381912492141527,3.5595764785615307,5.180598812816393,1.7938457365246343,1.7272725638734518,1.8397048041755781,8.013279018523852,3.448965769127484,4.595864733228168,1.5118657710171195,1.8132784064806766,2.9813115637614986,4.1936944157372045,7.612666241806169,1.5491499232893005,3.1834630836162376,4.356101469054409
2014-01-14,451.0,1.7982196624268103,4.602695626387553,3.0344346246026657,9.01400848276372,27.352419446560372,1.823710368925244,1.9379853647935168,8.90951703321369,8.014786283966872,3.6004773518001216,4.912123520988357,1.281415007826253,1.6859588478597984,1.858210025432842,8.088651095819875,3.5144966212343163,4.792464581628218,1.571275981840467,1.8127087403730302,2.9837423415108897,4.209793365736386,7.625320242219414,1.5544543080899977,3.2030747290916337,4.3686921079080685
2014-01-15,506.0,1.4897024806974852,4.610572259469881,2.9561774130095797,9.760253428967882,28.853040731964153,1.7982196624268103,2.019828690510217,9.01400848276372,7.474222005047437,3.549104048484858,4.811983172929856,1.7646019702303952,1.669519590661947,1.8382434965233128,8.231397124219425,3.5697192929488373,4.968235168911533,1.5656904497570194,1.8182088299205899,2.98818586072396,4.233463502962501,7.636838465271233,1.553516637781772,3.222367501672745,4.514590208239322
2014-01-16,242.0,1.5379677088271662,4.663053940449837,2.9827807467604357,9.70378280145088,28.944256510912727,1.4897024806974852,2.0441280621805618,9.760253428967882,8.23189988069669,3.647261436137847,5.366835635964401,0.9279944313695851,1.7038775040165135,1.7625111808357796,8.557973041922345,3.5989476121409427,5.030314109960869,1.488021526906054,1.8150359069020257,2.9883335954341024,4.261758665550474,7.644602421786802,1.5501467331257714,3.2482187054962455,4.748282148280631
2014-01-17,352.0,1.9670129638203984,5.105453052566673,3.2292177831470124,9.173150801739707,29.622101696467137,1.5379677088271662,1.947651516966204,9.70378280145088,7.349339863440556,3.5929124739121194,5.236069264141328,1.324003098089339,1.6086299506504875,1.6902025589281515,8.768242030601515,3.596425986178275,5.138296024345192,1.5147712157647302,1.815787668502021,2.99082862751484,4.2755602975862566,7.662285225760216,1.5453462525313686,3.2730952389246735,4.8735151133869214
2014-01-18,264.0,1.6198569234757627,4.270501977431104,2.8804546556265227,8.445611993136394,24.32720238524492,1.9670129638203984,1.8475374340203643,9.173150801739707,7.491782844146715,3.2137205058918314,5.136246313082499,1.1435918888579946,1.6648943844483501,1.692968479907322,9.028786450358536,3.4846314719805993,5.246383737729406,1.5402808132363026,1.8126223275364926,2.988536687300813,4.310040602219549,7.671225373926282,1.5411138354860634,3.28502997461965,4.989789733000393
2014-01-19,165.0,1.723711964918999,4.018007277533669,2.8406956940176435,7.789113605677384,22.126501479861986,1.6198569234757627,1.3866287406337867,8.445611993136394,9.149009760227166,3.08160724922244,4.108008093329029,1.1846432062188832,1.708279198707776,1.660442692686665,9.165047757357062,3.2960800763421307,4.82677455685095,1.4576989884656129,1.8050227161286734,2.981971121993874,4.317342941480475,7.680553227708191,1.528456034425034,3.2970987581767264,4.9645521161788375
2014-01-20,429.0,1.8695380364202323,4.370885734496033,2.999612784273693,8.615586384888092,25.84342306412469,1.723711964918999,1.823710368925244,7.789113605677384,8.90951703321369,3.1850710815121874,4.682760928831609,1.884895382458541,1.7701939507383868,1.7085974390131236,8.970776878135664,3.1601329455421534,4.642338445081044,1.4287424781955183,1.803679994884004,2.977640713302955,4.321457514351027,7.693470954409135,1.5125421426582246,3.3087772675168305,4.893432418466726
2014-01-21,341.0,1.91249433285475,4.884451223703746,3.151991160838696,9.11414480185786,28.72770385405992,1.8695380364202323,1.7982196624268103,8.615586384888092,9.01400848276372,3.248864286599853,4.695348110425096,1.4907486641192074,1.7377023082716647,1.7151442486552646,8.928786785517723,3.171847539111494,4.495372377528575,1.397061338692745,1.801002685747403,2.9734316468539794,4.328789135881934,7.696712437623857,1.5010571035511981,3.3169003557319963,4.862464502671974
2014-01-22,440.0,1.8390830742155,4.683949333817076,3.0713967603145,8.87398276568003,27.255521917596347,1.91249433285475,1.4897024806974852,9.11414480185786,9.760253428967882,3.454182377186356,4.605532035860214,1.470725348859792,1.8352481113979937,1.731469201573542,8.943091973959742,3.2960392484327987,4.661213691705636,1.4315861597022703,1.8068231242212371,2.977524409495838,4.357125882956843,7.686303285738308,1.4912265445719053,3.3327874676987563,4.8329714830905965
2014-01-23,308.0,1.853181732304639,4.9820612048033,3.157195899188203,9.939628995654738,31.381355904533297,1.8390830742155,1.5379677088271662,8.87398276568003,9.70378280145088,3.4923032547133483,4.594316023007843,1.8112656376925809,1.873705147830161,1.7813807149332583,8.816481879204336,3.398449972833186,4.631732056431048,1.5465612816957883,1.8073950962899485,2.975681620288185,4.379778465733095,7.679684943053803,1.4916821174572554,3.349505630736695,4.722611538382517
2014-01-24,253.0,1.9761754166993295,4.765917498917521,3.147966790414346,9.356426142834556,29.453718774607772,1.853181732304639,1.9670129638203984,9.939628995654738,9.173150801739707,3.5890860631577746,5.403563275226676,1.5971902689128388,1.8682530464582963,1.8264112897157545,8.85017419266203,3.5118572316858265,4.867803778031575,1.688304099484286,1.8079645788974263,2.9782761368810338,4.405425285925712,7.688020811805816,1.4831604522053132,3.365760067308394,4.746539254251852
2014-01-25,253.0,1.7944519243277697,4.575621446607352,3.01951326399541,10.859912425104222,32.79164961343076,1.9761754166993295,1.6198569234757627,9.356426142834556,8.445611993136394,3.580200995680128,5.1161528005500685,1.5594633646214255,1.8894800744064897,1.8277202115556015,8.876356384247007,3.553863437850417,5.038010699594859,1.8275252792570356,1.8038246551866803,2.9748633110633182,4.438034380484113,7.702970277160381,1.4748767953212158,3.382339745699445,4.743668752461505
2014-01-26,275.0,1.3029651236264483,4.372627155004964,2.8352586760380283,10.235105563058127,29.019171847825643,1.7944519243277697,1.723711964918999,10.859912425104222,7.789113605677384,3.479602430084274,5.03921864430539,1.1455444816347509,1.874603024443913,1.8526623545344598,9.221256445956698,3.549629829640726,5.186311573360708,2.110344959245675,1.7982639500048314,2.971804412200369,4.455109508848294,7.719457190591723,1.4657451675073725,3.3953105500834915,4.876698831172414
2014-01-27,286.0,1.6083601881054137,4.398018462420145,2.912845782993262,9.631757878188456,28.055825318293373,1.3029651236264483,1.8695380364202323,10.235105563058127,8.615586384888092,3.5141375351299864,5.308008108093929,1.3412129225017826,1.6911974882178493,1.7925556629212382,9.57068386843966,3.5246469869647967,5.154459850983127,2.163420120395199,1.7863358344344396,2.9672610866999247,4.449964810028098,7.738649449561385,1.4509724202551262,3.3991683930081726,4.966019856781316
2014-01-28,264.0,1.8739458995259248,4.668983900623321,3.079486086693912,8.851650459855687,27.25853443540336,1.6083601881054137,1.91249433285475,9.631757878188456,9.11414480185786,3.578555624258428,5.108403690368036,1.6779964861299412,1.5685924120198773,1.7552445417334073,9.715851224625426,3.5240985298242298,5.1518768142557825,2.2570775812577817,1.778276192490637,2.9634970138131584,4.447179999740998,7.7512395676289785,1.4405349008650374,3.400102528430878,5.025027796773165
2014-01-29,286.0,1.8151719755875044,4.610682984776224,3.0413781362958674,8.92339097922505,27.13940622583484,1.8739458995259248,1.8390830742155,8.851650459855687,8.87398276568003,3.6042511590931023,4.459790283838326,1.6492925311607978,1.5950904037525957,1.749737622686432,9.678352032910832,3.565648106160506,4.958734027433428,2.3606514272230514,1.7783927319741035,2.9636847793352694,4.470543700133957,7.758987376369628,1.442987546113673,3.4030450774507544,5.0042075464843245
2014-01-30,363.0,1.966099077406372,4.743127151548191,3.136308184821936,8.44796071582012,26.495408338080825,1.8151719755875044,1.853181732304639,8.92339097922505,9.939628995654738,3.575668272739886,4.548975815439975,1.233192864297754,1.7658260210729477,1.7463217514538614,9.685410349131548,3.586158352030473,4.705723263215442,2.410169102053605,1.784415733657188,2.969280834107901,4.476170776887991,7.766377930385977,1.4365928859284662,3.411735686076279,4.997730373974629
2014-01-31,187.0,1.9261395731204896,4.643146555320046,3.0948145918762733,7.871489072217136,24.36079924049222,1.966099077406372,1.9761754166993295,8.44796071582012,9.356426142834556,3.645943245451122,4.455909547337505,1.3944946970221748,1.8850723175066004,1.7624528007541087,9.472314880583744,3.608620892428037,4.488225215538598,2.369832308488672,1.7884753324833516,2.9729664069389745,4.510315758070068,7.765765204822663,1.422021527907293,3.431113472649246,4.862351269990461
2014-02-01,209.0,1.9272524795134671,4.543389900618032,3.0688216785244187,8.552891506536705,26.247298869327214,1.9261395731204896,1.7944519243277697,7.871489072217136,10.859912425104222,3.573473565757328,4.396032370778468,1.3376953881020135,1.9024702087047887,1.755304823099989,9.260181013352687,3.5983616946494457,4.46697257785198,2.3549677269274594,1.788079721622498,2.9719843203883647,4.547735003194333,7.763461616052073,1.4232270783702328,3.4427900786855856,4.759476922880233
2014-02-02,220.0,1.835469611453028,4.261392203555439,2.95298731909533,8.198885464879712,24.21120480850481,1.9272524795134671,1.3029651236264483,8.552891506536705,10.235105563058127,3.5597779794684965,4.868407904205025,1.3872182287014274,1.9398303766801097,1.77427633098366,8.930606596414467,3.593064930225649,4.5734499407736635,2.2520358522628166,1.7907762214823744,2.974896609196777,4.54606634473707,7.772207747066932,1.4291858685130534,3.459816378198384,4.73507538858018
2014-02-03,319.0,1.7966350518726546,4.404271167400101,2.9783979790784483,7.133087631631913,21.245173786641963,1.835469611453028,1.6083601881054137,8.198885464879712,9.631757878188456,3.4062265501954605,4.324316842091194,2.146038776456407,1.8962872213623285,1.8503484006731714,8.63971801096041,3.5131593651404285,4.529585705691559,2.267626956602129,1.7882086188633866,2.9708060167084254,4.529852806786862,7.776367042332601,1.4251315912755025,3.4563772598389595,4.594548064865505
2014-02-04,319.0,1.8560527299831064,4.577928689944536,3.048285452021119,7.494726540635143,22.846065880694674,1.7966350518726546,1.8739458995259248,7.133087631631913,8.851650459855687,3.492760355988248,4.475538507047632,2.670196210649426,1.85311904761305,1.8772448097827772,8.28276511859519,3.4862549618840686,4.556087751114614,2.2558506907462705,1.7860033968582023,2.966969702403121,4.548813294879762,7.770986273073086,1.4197109914881623,3.462333836632709,4.5041387529625885
2014-02-05,242.0,1.9874405254386895,4.586235946368918,3.1085430852794333,7.314334055815222,22.736922552628283,1.8560527299831064,1.8151719755875044,7.494726540635143,8.92339097922505,3.532365172913715,4.400002435841255,2.623840789570047,1.8293857977695964,1.8746886427052318,8.088918844420826,3.4771173596991414,4.399952594993358,2.266728711432866,1.7888296495794822,2.969695817356765,4.57873882711661,7.765823648421409,1.4236124431923936,3.468924790462961,4.495597631820151
2014-02-06,198.0,1.901927100643917,4.295133306605929,2.9933383475861337,6.646413373636179,19.8949640252145,1.9874405254386895,1.966099077406372,7.314334055815222,8.44796071582012,3.6506296473732047,4.638901635390687,3.2129306242182265,1.8800427690981503,1.8992984355411153,7.859053569647993,3.558585058758389,4.504814192759856,2.2150406909614015,1.7942105696485227,2.973964893026076,4.58332703775243,7.760802314826318,1.426611965308358,3.4757190944470886,4.508444177527395
2014-02-07,165.0,1.8592532959703207,4.526795167853628,3.035041025556081,8.345717369126847,25.329594602995943,1.901927100643917,1.9261395731204896,6.646413373636179,7.871489072217136,3.5283027816020347,4.114826075206382,1.7660208250688456,1.915140118688571,1.890131010289336,7.601689663621717,3.5704325339629848,4.384576715479439,2.129133113816359,1.798279476130632,2.978181812871108,4.57651809925062,7.761343767891294,1.4277777921583121,3.485817711163371,4.459717967222949
2014-02-08,231.0,1.91140617191956,4.768588602500693,3.1210148888662226,8.73996905796447,27.277573558137206,1.8592532959703207,1.9272524795134671,8.345717369126847,8.552891506536705,3.5474881586427363,4.489229960747312,1.9932976141400924,1.9162069740176426,1.8805758278393119,7.669436563180247,3.575473529205992,4.414319223781457,2.055236289825262,1.799297456525539,2.9792513315786993,4.573317042492127,7.765529228448726,1.4227721132500557,3.492717856517684,4.473031908647069
2014-02-09,253.0,1.8469365437346572,4.452419135476067,3.011219758953661,8.502332026685357,25.60239019593947,1.91140617191956,1.835469611453028,8.73996905796447,8.198885464879712,3.964323587670692,5.936482899397671,2.1122351504583152,1.8908621895112663,1.8783120696116111,7.696161927669928,3.6800381759718213,4.846846311783786,2.125749038442816,1.7981318819022298,2.9785287644219407,4.570606389576576,7.774846316875275,1.4142201736592297,3.5078398166016678,4.625614050817448
2014-02-10,275.0,1.9153363178814504,4.8031094814582245,3.130474303755797,8.957549080185068,28.04137722015073,1.8469365437346572,1.7966350518726546,8.502332026685357,7.133087631631913,3.6487418691321,4.638901635390687,2.492662500270284,1.872532003874846,1.8799502027947008,7.7395114364993045,3.7201845384818433,5.021538165178554,2.144485228222334,1.8046777891396146,2.9813410459182927,4.55908356437176,7.7871025493591715,1.401196096532666,3.5160017190567503,4.670554735574519
2014-02-11,308.0,1.9428490384058903,4.863596542900162,3.1561511814922967,8.473524747826804,26.743725144257784,1.9153363178814504,1.8560527299831064,8.957549080185068,7.494726540635143,3.800834232577912,5.303690411813973,2.387838655694894,1.8912263445118895,1.8969075265102429,8.00014878629261,3.8046332297935685,5.293024982200774,2.3257223185303815,1.8044109121670464,2.9847276705635575,4.569705594185722,7.798544625280539,1.3999486970273467,3.5299149923646373,4.788862150541138
2014-02-12,341.0,1.9487963943865012,4.823914473300257,3.149931574845237,8.218527549570156,25.887799427126488,1.9428490384058903,1.9874405254386895,8.473524747826804,7.314334055815222,3.775721598619077,5.194169382269113,2.5197887186415597,1.9017073000073328,1.9093069991420692,8.139977101605707,3.7417659001096966,5.045587143157921,2.3487214987619933,1.8015835424579845,2.9859597027838403,4.588937025342463,7.80768042284521,1.3977162637659057,3.537119829699889,4.902314571459404
2014-02-13,330.0,2.12067911496005,4.833942164995206,3.236611616370847,8.192750836766553,26.516752528310604,1.9487963943865012,1.901927100643917,8.218527549570156,6.646413373636179,3.762089354120056,5.2001720999810965,2.492407501565725,1.9356605835579475,1.9037864089917567,8.269147600713554,3.779548395105682,5.2326772980213905,2.3965258769906206,1.8001593251054888,2.987981061971035,4.595884380128621,7.811267142478541,1.40531628704469,3.542506896443887,4.98249606640089
2014-02-14,286.0,1.9303775409841517,4.945723651679876,3.174644925391807,8.637967904440819,27.422480973530348,2.12067911496005,1.8592532959703207,8.192750836766553,8.345717369126847,3.755842847567521,4.689973164607813,1.8751585554440315,2.0041081825841474,1.9350366967512043,8.490052952589322,3.7645512667688847,5.028104882286005,2.50607444114992,1.8048403399584252,2.9942891905290043,4.603592598082209,7.816152412981405,1.415048619651692,3.549398189746642,5.064659936315381
2014-02-15,198.0,1.6430429017356487,4.321954715255677,2.9015351312309385,9.88091646476131,28.669826251263146,1.9303775409841517,1.91140617191956,8.637967904440819,8.73996905796447,3.837816485401032,5.759979022480855,1.9108637531490849,1.999951016776901,1.9451973031817515,8.531803029062747,3.78524956236287,5.216708095689919,2.627380863565911,1.8069227768828526,3.0004303595942705,4.614764311155876,7.815510422606145,1.4295515411797124,3.555750024722082,5.24619551656303
2014-02-16,176.0,1.2893277989874343,4.148436419693134,2.753655624365791,8.927695241649388,24.583798214791546,1.6430429017356487,1.8469365437346572,9.88091646476131,8.502332026685357,3.439161399655813,4.886962464776222,2.188381295264483,1.8980331858932835,1.9068596931554784,8.69479551574801,3.6776069108747893,5.11230488395496,2.47619172569265,1.8001158750359874,2.9976907621867452,4.603394336982737,7.837815802702998,1.4264264159718645,3.550624988913538,5.096264025902824
2014-02-17,231.0,1.817808327194949,4.559682005176016,3.028838534449559,7.246950607635428,21.949843257658834,1.2893277989874343,1.9153363178814504,8.927695241649388,8.957549080185068,3.660344137049589,5.352617030685733,2.130846356970034,1.6209160805690785,1.8272013010487325,8.7555616893143,3.645774007368811,5.3331861726476,2.412300125352716,1.7899192757351814,2.9946390972173353,4.571493782553619,7.851787230191941,1.427149097516408,3.5655124432854635,5.198223368087829
2014-02-18,385.0,1.9219538865403625,3.9603644705022023,2.9192355614339376,5.210581268529998,15.210914134834326,1.817808327194949,1.9428490384058903,7.246950607635428,8.473524747826804,3.2205321647558502,4.423505664885364,1.7864856156795963,1.583393009306011,1.8132687309506605,8.511190478950066,3.440012567153751,4.887695053449104,2.1213829866459615,1.78938454367019,2.9966883392317585,4.581133116811784,7.8476785905195445,1.425706211391963,3.570143273803244,5.072482689955171
2014-02-19,407.0,1.9212573690777104,4.017933023973382,2.933698893075588,4.93050166856114,14.464607287365157,1.9219538865403625,1.9487963943865012,5.210581268529998,8.218527549570156,3.086669387436016,3.4642884098951625,2.002510950703876,1.6763633375742488,1.8102837092555855,8.045055696193378,3.322515229747152,4.41347036848875,1.9368407239723997,1.7929021901479039,2.998680175039769,4.579211689910734,7.834809662560751,1.424220986227459,3.566863217334038,4.825356836758893
2014-02-20,187.0,1.981708901071369,4.420487527007833,3.064420578870249,6.44862313757975,19.76129344817822,1.9212573690777104,2.12067911496005,4.93050166856114,8.192750836766553,3.075531531005589,3.3755264942827496,2.985996741888606,1.8870065276043408,1.8063495627829007,7.5753377131920905,3.127577694399152,3.754440189687756,1.7543416346729972,1.7929032968239136,2.998114841313947,4.567446599559978,7.8086361760041605,1.4219073748886957,3.5610854588142287,4.564693178801986
2014-02-21,209.0,2.1339684668656984,4.939528077482073,3.266930710300448,7.884802070048809,25.759102027283,1.981708901071369,1.9303775409841517,6.44862313757975,8.637967904440819,3.3716749885130546,4.119253344432942,2.006311883900658,1.941640052229814,1.786496675084518,7.326176613308262,3.177958635651553,3.653022749536948,1.6207077568194654,1.7930103856488253,2.999688766874523,4.551981143003449,7.794005671238319,1.4220423862439413,3.5583352125251193,4.483161775919861
2014-02-22,99.0,2.028808753440493,4.985633522123775,3.2243234575758755,7.424108401536137,23.937726870659105,2.1339684668656984,1.6430429017356487,7.884802070048809,9.88091646476131,3.558549889661501,5.03921864430539,3.1795233853054143,2.012311579004926,1.8155810930675962,7.2185814941094035,3.335252136393382,4.177999494340358,1.5020169831755044,1.7988118320580537,3.006422574402074,4.560500434458948,7.794057289039936,1.429867261511588,3.560543433690057,4.380196007609081
2014-02-23,121.0,1.7589582747315535,4.367585378633369,2.951949957174976,6.799463730374189,20.07167666769089,2.028808753440493,1.2893277989874343,7.424108401536137,8.927695241649388,3.531683180396085,4.114826075206382,2.3493755568857675,2.048162040459187,1.8706905004540022,6.867608913648665,3.4873026861902137,4.424432687981569,1.5170255776478372,1.7983939340059731,3.009173452907214,4.560619511702964,7.783552837834433,1.4368238402729043,3.558630004264668,4.2698908090991035
2014-02-24,231.0,1.741364889330245,4.283537585021887,2.9224425459672068,7.497413143696404,21.910759155832118,1.7589582747315535,1.817808327194949,6.799463730374189,7.246950607635428,3.335069320016665,3.757098471959216,2.4654770045704257,1.9739118316792483,1.9377805684174478,6.56357584060935,3.4751007966914176,4.303714397156993,1.6022746030850055,1.7992396040090466,3.0122507411747934,4.547341774360159,7.7728094916215955,1.4429470612605166,3.5504589484092195,4.041959586423887
2014-02-25,385.0,2.0672284355982744,5.090712279634061,3.266713199971986,9.034325037210689,29.51254885189356,1.741364889330245,1.9219538865403625,7.497413143696404,5.210581268529998,3.386988519630941,3.9592452783489582,2.5533255647946937,1.843043972500764,1.9268600772939188,6.599356202903776,3.417913673347897,3.9437232751715157,1.7277525580024038,1.794463841308422,3.0108057145620517,4.537605645640643,7.771515788736919,1.4511024363670084,3.5473718180607747,3.9756366740615436
2014-02-26,374.0,1.960359038523384,4.831053471986308,3.155848737703472,8.48933253200075,26.791049355059585,2.0672284355982744,1.9212573690777104,9.034325037210689,4.93050166856114,3.67737345312265,5.218176877841808,2.8516559076158106,1.8558505332200246,1.9476135843021918,7.145605312715302,3.466477097590085,4.31150687604999,1.921502896377054,1.794774866488963,3.0131384951713533,4.561541816461614,7.78089700171087,1.4545450552568326,3.552813015327197,4.226192169482492
2014-02-27,385.0,2.035963587836536,4.744789208876471,3.1685385838913285,8.059163095509446,25.535769221994755,1.960359038523384,1.981708901071369,8.48933253200075,6.44862313757975,3.640483174242334,4.659077697066229,1.9276727767757784,1.9229841211506347,1.9531995370801454,7.654009721778104,3.5682817156653086,4.612166617752329,2.087028352115481,1.7986768389236967,3.0161265809859077,4.575976316780486,7.787802377447915,1.451869634748011,3.5548772669933273,4.409556627022989
2014-02-28,363.0,1.5021284145450944,4.141892020799841,2.796277659375958,9.647690177896214,26.977620509032047,2.035963587836536,2.1339684668656984,8.059163095509446,7.884802070048809,3.7320308173402754,4.642525062631206,1.5590706815211226,2.0211836873193985,1.9609502066180262,7.884086858625204,3.683295814901753,4.839926545846411,2.209363052620444,1.8128196619313774,3.0242854720911843,4.578503160388924,7.792696101140027,1.453769134418564,3.559136588934899,4.484309729622741
2014-03-01,154.0,1.2436266783260292,4.124380995312393,2.7339322536456714,9.963941236293516,27.24074031933297,1.5021284145450944,2.028808753440493,9.647690177896214,7.424108401536137,3.62535372900049,4.506663499322023,1.143103414358133,1.8328170136350053,1.870687342000797,8.13592801688912,3.6659559068610332,4.602755419673149,2.154458310958644,1.8045751141036968,3.019593926440101,4.562876794923044,7.796980879613246,1.4629254946577008,3.560792770810253,4.408230423196546
2014-03-02,165.0,1.5487175151038266,4.013695919395518,2.7721119853908616,9.366458119043765,25.964870812462767,1.2436266783260292,1.7589582747315535,9.963941236293516,6.799463730374189,3.422003245687389,4.276161639578261,1.057579718170834,1.5939062269025535,1.7585184741273021,8.498761278997316,3.593129264009385,4.4751167338438265,2.1396372526809273,1.7963540745267357,3.019154656438638,4.542251923048519,7.805391561452151,1.4657587016727385,3.553328104151462,4.431278360963957
2014-03-03,165.0,1.7387163124597589,4.129790877834808,2.8685289407768706,8.95577155093883,25.689889880854192,1.5487175151038266,1.741364889330245,9.366458119043765,7.497413143696404,3.552086029140296,4.938644152656166,1.1879833794746089,1.4314908693249837,1.72848407989477,8.86547476309297,3.533147667942725,4.573823097185479,2.1083560021330827,1.8058623969317873,3.02414962528853,4.5212702351843665,7.816570592213632,1.472634751656899,3.552615186264227,4.600070601063521
2014-03-04,374.0,1.8941032730553395,4.191274749550792,2.958412680447504,6.901702809890296,20.41808510945962,1.7387163124597589,2.0672284355982744,8.95577155093883,9.034325037210689,3.567289766377593,5.0818668206448185,1.6178884198199708,1.5103535019632053,1.7281057117704146,9.073811678413316,3.513793013735093,4.765557537626411,2.054922487109056,1.8036694188734503,3.020969104592784,4.507483601091593,7.84094002322658,1.471161181841545,3.5528655791611974,4.760445107105787
2014-03-05,363.0,1.970967121984553,4.1559290098131045,2.99111464079726,6.219450515948065,18.60308949596633,1.8941032730553395,1.960359038523384,6.901702809890296,8.48933253200075,3.5439481337755248,3.978259613593368,2.020820492108084,1.727179033539642,1.7033735456928525,8.769151360224688,3.554441309764472,4.6662568622981135,2.031700139817891,1.801683941720536,3.017602546503747,4.505146352624771,7.8357661777050875,1.4712993739880291,3.5574562986138663,4.5833140693560095
2014-03-06,363.0,2.2342465513977507,4.645271108235908,3.271324895313224,4.782264200822618,15.644339936116229,1.970967121984553,2.035963587836536,6.219450515948065,8.059163095509446,3.3880715991697854,3.567840282251354,2.0327329380821064,1.867928902499884,1.7048889861873053,8.44488250078859,3.4997698331076346,4.209322238829843,2.0040136678581146,1.814931560058778,3.0236344655304137,4.496868280705205,7.815331550169469,1.4708212323465983,3.553966673386584,4.427423010096742
2014-03-07,264.0,1.818324955087082,3.9721817709772576,2.8669827207573397,7.131060365154457,20.444626847575353,2.2342465513977507,1.5021284145450944,4.782264200822618,9.647690177896214,3.4687716244026383,4.514457457304349,2.155813859581303,2.033105648812548,1.7332151238389077,7.9767540872619005,3.4669304524493163,4.02018578438302,1.992166855570172,1.8298398411911456,3.034699826524784,4.499113027981584,7.804451201434674,1.4791202763143971,3.551846888436215,4.409127637907192
2014-03-08,231.0,1.75766518092563,4.3713212296760044,2.951161778367591,6.161695174022637,18.18415928752765,1.818324955087082,1.2436266783260292,7.131060365154457,9.963941236293516,3.298436447378601,4.041691224165509,2.021449098779919,2.0078462094897955,1.7783860582020488,7.617235542584505,3.3850932236503417,4.041329654573734,1.9830641922611483,1.8319090267738571,3.033209101975799,4.478644555468528,7.810048167825295,1.485693304747423,3.540107115103061,4.342703027170546
2014-03-09,198.0,1.937285477134114,4.403169143260011,3.0338120194268465,7.861063092551729,23.848987695656213,1.75766518092563,1.5487175151038266,6.161695174022637,9.366458119043765,3.0777905497928075,3.844039208790498,2.4138320867933847,1.9367455624701548,1.8518201300019914,7.074057533688666,3.2816662071913494,4.133395963420115,1.858504468460206,1.828903690376059,3.0313367352490843,4.481184152904198,7.800240883164333,1.4883755652737465,3.5250900407094203,4.280971251343723
2014-03-10,264.0,1.945943284264722,4.761028831398441,3.1313827815320376,8.010986617805303,25.0854655580791,1.937285477134114,1.7387163124597589,7.861063092551729,8.95577155093883,3.089672765243103,4.023042790033792,2.3466615696435986,1.837758537715609,1.9073298388634612,6.8590011013326615,3.1552999208048376,3.96959107432993,1.8041436996399811,1.827527970153124,3.029666366628434,4.477063285417743,7.797419772698476,1.4855710696007598,3.509829527596099,4.1501710566833845
2014-03-11,407.0,2.1167358324832146,4.820561328427651,3.228430887914457,7.022560657327898,22.67185173837024,1.945943284264722,1.8941032730553395,8.010986617805303,6.901702809890296,3.4603218408935468,4.560383221851311,2.474231323354715,1.8802979807748221,1.936933691978456,6.724031825170729,3.209261718643153,4.1424884068918635,1.8884210175380443,1.82589155718786,3.0285194487144484,4.4768112930476684,7.799282964057074,1.4757844077321047,3.493029469370194,4.075673399712883
2014-03-12,319.0,1.978210064763196,4.250722667040463,3.0161842700975137,9.190218816584228,27.719393433335533,2.1167358324832146,1.970967121984553,7.022560657327898,6.219450515948065,3.4116358144396925,3.871473101436118,1.636487300475482,1.9999881979606837,1.9687383433252954,6.74129723194753,3.3205434735254475,4.151633037773737,1.8719419398097537,1.8287096291131435,3.029929567140494,4.489082699479388,7.793926470831913,1.4736795267595153,3.485125934213781,4.060418183690419
2014-03-13,198.0,2.011642340015821,4.482505524707555,3.095094911537208,8.668104984957319,26.828607631611703,1.978210064763196,2.2342465513977507,9.190218816584228,4.782264200822618,3.5272745183902643,4.659077697066229,1.928985530138088,2.0136297271703776,1.9697730494365298,7.1656927034669815,3.4664107245745015,4.363644673451216,1.8520000351196215,1.8308875062921905,3.0298546860389304,4.470669805665463,7.804701399800695,1.4744460655552845,3.476007277074193,4.216309242949687
2014-09-11,582.0,2.2446051760478003,5.19817305534709,3.3868584717198584,8.684699650371993,29.413848585204878,2.2073609571376616,1.4772230942284472,6.564899720852466,8.93797377512411,3.7505353043356746,4.064726202217921,1.52380658639423,2.1400729421118947,1.909561979184339,7.485248476772237,3.7580218272677537,4.521013177611915,1.8797066920393226,2.104066595783758,3.3540551132123104,5.0668872046298725,6.458227910687458,1.5759151900914146,3.4071349872630052,3.2718593128158893
2014-09-12,527.0,1.5387030148176557,4.365090985420919,2.887517785120524,9.473347728464526,27.35446005057244,2.2446051760478003,1.8388377263870288,8.684699650371993,7.678776115806622,3.779160831803656,5.233142549858586,1.8548694131563903,2.1765580930968276,2.019187990872818,7.449066458950507,3.7631692781318296,4.579304036498768,2.2170101770029196,2.1102648885740214,3.3576931616432706,5.027006697861176,6.477212034811531,1.5858755962129814,3.4071405910699597,3.766315334639456
2014-09-13,252.0,1.8260811981627425,5.004877219364012,3.155382156024726,9.026349849935134,28.481583250521783,1.5387030148176557,1.7359462507746737,9.473347728464526,8.010630294913913,3.6567879331811737,4.715194842486907,1.6255005703479473,1.9968897160010395,1.9763116035057648,7.70543383218735,3.7288280231068343,4.671021198187801,2.2109434620364308,2.1003191988285974,3.3502362999561983,4.985985250575656,6.505414479415524,1.5975538759671886,3.404155324975937,4.174709946902194
2014-09-14,374.0,1.7049046244045032,4.69024669018801,3.0312836528274603,8.107016581999934,24.574666838217553,1.8260811981627425,1.89470795656454,9.026349849935134,7.688608593438664,3.7381230003535575,4.697166241493983,1.5921752788886276,1.8697964630093997,1.9891880245612032,7.850536625761811,3.7246905884461285,4.881834544613155,2.2032177237549346,2.0928065780563103,3.3447297284535433,4.981821612728326,6.5397246422193875,1.603039419817173,3.436185774629287,4.527201417957717
2014-09-15,690.0,2.027360717756661,5.3322264836202775,3.3084855536885267,6.993077295444916,23.13649520780674,1.7049046244045032,2.135149723093003,8.107016581999934,6.734350751374918,3.565654690012463,3.209690900104298,0.733910010204112,1.6898962791283008,1.9620732628240554,7.910309195556278,3.653521874515731,4.207350661361725,2.0640691273279823,2.0817572066498933,3.334946953619384,4.965646925635313,6.559410727511369,1.607127142909694,3.450759343300244,4.488319152397076
2014-09-16,506.0,1.952332950046242,5.188063248535122,3.244901302458152,7.398586114527822,24.007681719380127,2.027360717756661,2.07770814610502,6.993077295444916,6.781500085894971,3.69565537379316,3.772653377993746,0.3868557371959226,1.8527821801079691,1.9466748334902921,7.94727013042342,3.6664776880530603,3.8931701731973383,1.9953964347154103,2.074672580856525,3.3285900326529196,4.998717703277937,6.5653879672840825,1.6136341828110587,3.47156816745077,4.304659638796465
2014-09-17,537.0,1.7884806926794663,4.6115132363985625,3.0341234050694754,7.585478744690444,23.0152785979223,1.952332950046242,2.2073609571376616,7.398586114527822,6.564899720852466,3.915694019533016,5.382409870487324,0.9252366131049352,1.894866097402469,1.928764091196181,8.03542527737097,3.7256680277795464,4.121584716195119,2.0190444598530592,2.068387139328889,3.3231995722432193,5.015934269937001,6.566927048926138,1.6051270871375927,3.495928979556504,4.439283426377537
2014-09-18,483.0,1.8691969332648624,4.538637594901052,3.042867378272433,8.139636700114249,24.767834985766722,1.7884806926794663,2.2446051760478003,7.585478744690444,8.684699650371993,3.3232561800908025,3.365091165737557,1.3665226817196403,1.9227247868274568,1.8689240534164389,8.181222280776396,3.644868524472326,4.173384804739538,1.8361791684601347,2.0702437680286017,3.3229648041578486,5.008076743406661,6.567197204091727,1.5976226102397222,3.4952443020761303,4.3393355640232
2014-09-19,395.0,1.86771542566106,4.965280129676495,3.157786639341821,7.073902163483418,22.33787373985914,1.8691969332648624,1.5387030148176557,8.139636700114249,9.473347728464526,3.45432809497415,2.71060750620132,2.560025838949539,1.8700035253301905,1.8152943044474479,8.10335614502529,3.564426098199323,3.8193695141420627,1.6060722214262808,2.0702355578525857,3.3202022140110703,4.996664739059195,6.571912255172044,1.5924588911807414,3.498404855761653,3.9789734149293046
2014-09-20,406.0,1.8693106668725337,5.169619211711109,3.212902663643042,8.342541786714516,26.803774728088452,1.86771542566106,1.8260811981627425,7.073902163483418,9.026349849935134,3.62788634722348,4.087661780412873,3.1880115662942234,1.841797683868463,1.8622960774250767,7.760578207170846,3.4684902074294777,3.387786817450579,1.7367253357388648,2.063686427507132,3.314758204217731,4.995767213609773,6.577440872794871,1.5918647683230895,3.5130428752470113,3.889325834633014
2014-09-21,286.0,1.4800964371453524,4.684056226857099,2.9781411654840277,7.465745688970766,22.23404456735875,1.8693106668725337,1.7049046244045032,8.342541786714516,8.107016581999934,3.877727970235631,5.13934775229957,2.2236357809941336,1.8687410085994856,1.86847171581219,7.662891340996472,3.6533141374777536,3.9792056796379165,1.9345230074213997,2.0558867064494692,3.3089589382625033,4.988277705048459,6.58730782052912,1.593482828916373,3.5301639204605495,3.9524946218909554
2014-09-22,560.0,1.6727946982016824,4.095680670471237,2.844028912424591,7.814685747392221,22.22519220709585,1.4800964371453524,2.027360717756661,7.465745688970766,6.993077295444916,3.304517894151427,5.029644384949974,2.5076586260168647,1.7390408432263156,1.836356260489454,7.571281213420876,3.6033774038701796,4.752217972554135,1.9370029645586018,2.0406282980077255,3.2984300510336833,4.954653943548618,6.602727630649792,1.5976224453435988,3.5130905703274093,4.212487976868909
2014-09-23,493.0,1.955381668717079,4.734692750791728,3.130895805761833,7.672421095821294,24.021551028945495,1.6727946982016824,1.952332950046242,7.814685747392221,7.398586114527822,3.067163069536314,2.260817268025194,2.7479801319411,1.6740672674065233,1.7857039719815997,7.688653849413348,3.416469644641124,4.143269801758242,1.595532882754436,2.0295722711455944,3.286781912341055,4.893055849632768,6.613660156706261,1.6017063899551578,3.4814584903804704,3.996511389730544
2014-09-24,524.0,1.9860998138259705,4.939007021013195,3.195056170391818,8.299307836290387,26.51675471232077,1.955381668717079,1.7884806926794663,7.672421095821294,7.585478744690444,3.2893190615820567,2.9225573706866603,0.8827696083395155,1.702757601354705,1.7861395032202907,7.727773132455273,3.2203333417565987,3.4043396745539387,1.539433899894309,2.025520528665781,3.2825653299154123,4.877942092332009,6.627160947126497,1.5948351102216491,3.4693313095779112,3.6451038897590213
2014-09-25,517.0,1.817808327194949,5.144437647207962,3.191124634295033,9.65181218342762,30.800135624124803,1.9860998138259705,1.8691969332648624,8.299307836290387,8.139636700114249,3.4730151975697616,3.0285090079542987,1.3124425137491649,1.8714253935815777,1.81437080624122,7.82974871696955,3.2764991095627103,2.737294548888714,1.71789080168819,2.023918123454407,3.2796604560179845,4.85240570087048,6.641916822666815,1.582029008041185,3.457671983633271,3.597020724361413
2014-09-26,328.0,2.132002980826747,5.856090830120368,3.4717444496741523,6.984924838608743,24.249874039831028,1.817808327194949,1.86771542566106,9.65181218342762,7.073902163483418,3.8010388035436815,4.79984119682579,1.5859856639608765,1.9197632699126663,1.807029576802661,8.045773786014317,3.5211243542318336,3.5836358584889125,1.8658001962847968,2.0188651540409337,3.2769151725199843,4.834366412620946,6.6620443497471316,1.5759657488499692,3.4491007906926185,3.8954826801649083
2014-09-27,186.0,1.810506071476205,4.876953418343059,3.1154826897084145,7.20592023717954,22.44991976235241,2.132002980826747,1.8693106668725337,6.984924838608743,8.342541786714516,3.9841633554289286,5.619857915276708,2.7073027180062184,1.978637040615889,1.8447849418263307,8.033062739603649,3.752739118847457,4.482736040018929,2.1297379643410514,2.0169487211022807,3.2769820843680084,4.873464524901078,6.672963471602018,1.5687515740461553,3.463962614686189,4.114367842288314
2014-09-28,231.0,1.273649748017382,4.269455470442369,2.802625773956289,9.360301363631734,26.2334218537125,1.810506071476205,1.4800964371453524,7.20592023717954,7.465745688970766,3.3832999671548736,4.359438508397297,2.3891719569576764,1.920105793165967,1.8363842853411405,7.870688232527224,3.7228340420424946,4.926379206833261,1.9863222866303776,2.0084009958720057,3.2706790557984617,4.880190790709651,6.683836469631058,1.572491607172127,3.468231359612461,4.002952236016561
2014-09-29,417.0,1.7493143259160937,5.07635955832467,3.154599460585188,7.504061091594659,23.672307071742807,1.273649748017382,1.6727946982016824,9.360301363631734,7.814685747392221,3.322646455911774,3.859051977819399,1.2276015862663914,1.7387196001067782,1.806891901180002,8.141339043193076,3.563369926165192,4.612782800497797,1.964605011557487,1.9887735534155302,3.2573503101950134,4.847968338424375,6.702957346717143,1.5826152505777313,3.468367508398451,3.835724749283621
2014-09-30,545.0,1.8543247323415053,5.340042469121536,3.2546392491247307,7.518740120287518,24.470786699456553,1.7493143259160937,1.955381668717079,7.504061091594659,7.672421095821294,3.7137952712357647,4.510563339424955,1.1372315027041229,1.6111567151365607,1.8178232765677753,8.096964092364853,3.473247231434138,4.243017941880546,2.3217015186787466,1.9786040178566928,3.250248757171622,4.848110704649188,6.706459754753996,1.5836953935628852,3.4762190594272124,4.1571170451978725
2014-10-01,469.0,1.9076078141443809,5.385056286213853,3.281405198116088,7.593932860001556,24.918770760953674,1.8543247323415053,1.9860998138259705,7.518740120287518,8.299307836290387,3.663287810830127,4.973146732918199,1.7973414085276027,1.625762935424994,1.8033865713712647,8.075009667288601,3.5665765126592217,4.447587350054181,2.3180925596423445,1.9688951404456252,3.2431723146355256,4.885959992423886,6.709251142051946,1.5900219315977544,3.4921423594736885,4.450058382659521
2014-10-02,415.0,1.2161718798723888,3.362368192243093,2.458147369577471,9.160834864427851,22.51868212512691,1.9076078141443809,1.817808327194949,7.593932860001556,9.65181218342762,3.684279138281552,4.888657759134791,2.69702621552691,1.8370822908006603,1.792173428559609,7.974241813533053,3.6871207401158146,4.790789277159312,2.2954416476485933,1.961952466299757,3.237913749165801,4.903296190360186,6.711475912214722,1.5979453767132188,3.5072353029204417,4.715793918542448
2014-10-03,450.0,1.5883540690726718,3.663459250945444,2.680688150603027,8.314468807406403,22.288498010572823,1.2161718798723888,2.132002980826747,9.160834864427851,6.984924838608743,2.867500862042416,2.1111331878576234,1.6033453639212902,1.6593681421194253,1.706225364656386,7.904102196533087,3.4050226037180313,3.990979226636867,2.0573106690184475,1.9447510120672242,3.2186941461845575,4.84678957661302,6.731315497674407,1.595522679086326,3.492950438439911,4.3316927744041385
2014-10-04,317.0,1.616975715921373,4.046827405658957,2.810542389639544,7.966067939630619,22.3889716230804,1.5883540690726718,1.810506071476205,8.314468807406403,7.20592023717954,2.9011252731720005,1.484099168152324,0.3170121453770576,1.5707112543631476,1.628561234405804,8.094037049218466,3.150968424498656,2.8279633717149086,1.6345620512775163,1.9294507425091152,3.1998874512314788,4.819674832896135,6.736812874053103,1.5967398629954417,3.48649945839729,3.740870096243513
2014-10-05,208.0,1.4314229473533986,3.769161057179169,2.6637063933419323,8.34707791206791,22.23416480009852,1.616975715921373,1.273649748017382,7.966067939630619,9.360301363631734,2.7223821777849007,1.9613059641383868,1.996479076936787,1.4738338882888116,1.6009140407551137,8.20262957814005,2.830336104333106,1.8521794400494407,1.560211741725873,1.9194391292333397,3.190400501058266,4.830249679820377,6.745292753785676,1.59729371675215,3.483944620961625,3.3982797327779544
2014-10-06,437.0,1.7567177071844935,4.100457444536928,2.877662706003855,8.310596062556122,23.915092353880233,1.4314229473533986,1.7493143259160937,8.34707791206791,7.504061091594659,2.768116341827823,1.6621574067290814,2.4767998988235607,1.5455842441158147,1.6234530692316873,8.057883370773789,2.7972079309282414,1.7025208463399266,1.4988633083208025,1.9045644738239098,3.1765684379509556,4.8094557879697,6.7534211703672,1.6016539426311505,3.476126056714613,3.0844376511936225
2014-10-07,483.0,1.8946013154902095,4.668607041132511,3.088726226927934,7.296695769583474,22.53749559342658,1.7567177071844935,1.8543247323415053,8.310596062556122,7.518740120287518,2.8683809468877706,2.208553513758685,2.1725972648803684,1.6017054568197553,1.624510695127173,8.173102652339711,2.7862931555001644,1.9440056282087135,1.2665995770231078,1.8957157833309415,3.165270366014146,4.797731702749455,6.764172815585045,1.6033263778647784,3.4693283346777575,2.75557910466987
2014-10-08,515.0,1.8210265630348892,4.738080993014951,3.080464201235384,7.761847470031693,23.910093266882065,1.8946013154902095,1.9076078141443809,7.296695769583474,7.593932860001556,3.1553167792375536,2.807401875972298,3.6449057849213866,1.694247323342701,1.6302644927198453,8.141382030810563,2.930604689317716,2.2260375988200174,1.2211998226521206,1.8874045772003325,3.1568303968239646,4.791706445956312,6.769060327878879,1.6005979545271352,3.462589610972769,2.446186982249027
2014-10-09,426.0,1.759752052193309,4.729626261717196,3.058599543546512,7.651695341827218,23.403471879869702,1.8210265630348892,1.2161718798723888,7.761847470031693,9.160834864427851,3.301720440991763,3.3987264866013787,1.6931164715521931,1.824115195236531,1.6178957425613463,8.165369832243439,3.1084727223723623,2.8048939587774497,1.1945568814892213,1.8826022044188726,3.151698571332963,4.761206489230472,6.775738994427366,1.6014368031670185,3.447189676365447,2.233339657601397
2014-10-10,395.0,1.880264305989635,5.10224940650892,3.1987970126380594,7.993862918856295,25.570744824275675,1.759752052193309,1.5883540690726718,7.651695341827218,8.314468807406403,3.369809924582316,3.1429668647980087,1.4513244384110555,1.825126643572803,1.6955500528929064,7.94977847187192,3.2756157149372114,3.1163650757905574,1.413242708876864,1.879669371562275,3.148333488152245,4.73107765656172,6.784755325931724,1.6004937093589167,3.4341896172429855,2.3807444685928805
2014-10-11,383.0,1.9472484438341395,4.917533612601938,3.173851620723596,8.928849635873267,28.338843888013656,1.880264305989635,1.616975715921373,7.993862918856295,7.966067939630619,3.7030550981751422,4.246462528782793,2.8166876952258764,1.8203476404059444,1.7372515153096155,7.903977630650475,3.458195154583074,3.596051960060722,1.6758359636152627,1.8720303981756155,3.14176353257625,4.721546575233563,6.795751096372957,1.6071521921552812,3.4326069437043008,2.775367805825805
2014-10-12,380.0,1.4156390747819705,4.6656436320343975,2.9608159039100954,9.32176399153011,27.6000270786188,1.9472484438341395,1.4314229473533986,8.928849635873267,8.34707791206791,3.8337138550838032,4.97150220444794,1.9712163636819693,1.8624216006723613,1.784433333582868,8.041517872970854,3.6355262926137537,4.1203105326762435,1.8588239853231368,1.863159923299622,3.1318042154592063,4.712191927142058,6.814427195305536,1.608710796282918,3.4344253778136395,3.205395840155741
2014-10-13,492.0,2.1044474889506657,5.840033028592847,3.45993748390027,8.736418887128586,30.22746318263048,1.4156390747819705,1.7567177071844935,9.32176399153011,8.310596062556122,3.728937780919161,5.389523164173348,2.3182435148673024,1.7477172748685819,1.7821784946440924,8.180758741465455,3.7552355780593687,4.869162632468023,1.9332551286291888,1.8467687700892563,3.1217095870207987,4.722210348695841,6.833150754153544,1.6052216026604775,3.4368303727382385,3.737876662647779
2014-10-14,424.0,1.3898630283363729,4.759070181168192,2.986945581328819,9.783677558901443,29.22331245370659,2.1044474889506657,1.8946013154902095,8.736418887128586,7.296695769583474,4.017597892978269,6.322659665399519,0.5056804144693499,1.822445002522259,1.8318541777535455,8.241590573547235,3.860083176327078,5.561228344673599,2.162030982127585,1.847021258102497,3.1246024137858313,4.750048875670134,6.843338045538426,1.6117922730380767,3.446146202492396,4.325606112882184
2014-10-15,544.0,1.4944787912235358,4.700505912246106,2.986152135498322,8.670276294451444,25.890764072036657,1.3898630283363729,1.8210265630348892,9.783677558901443,7.761847470031693,3.8421966756366897,5.645842442927036,0.6856654607348678,1.6366498640230034,1.7597487081601402,8.596873686306944,3.8629107831780396,5.7860084241666305,2.1156673937744372,1.8332206011000391,3.1182896290465236,4.752342992036142,6.855954512528809,1.6215791109209121,3.4553642686798702,4.731097622447146
2014-10-16,435.0,1.6097609628424148,4.559455027501236,2.9667989999374327,9.2124130069529,27.331377696038462,1.4944787912235358,1.759752052193309,8.670276294451444,7.651695341827218,3.6944595791899535,4.88195124039045,1.1726643046906904,1.6629297695035252,1.713099026472804,8.726649232652623,3.851418049268304,5.616817782905664,1.9457420097765539,1.8304340938897377,3.119492618464976,4.731285639657003,6.876833995400269,1.6280861278836853,3.4553244088597634,4.942986872988443
2014-10-17,393.0,1.6862422080772872,5.271611871417532,3.1964075985130638,8.364063443978708,26.734955946778886,1.6097609628424148,1.880264305989635,9.2124130069529,7.993862918856295,3.5289495486374824,4.229262782519816,1.0218854045755628,1.4980342608007746,1.691671727994105,8.949608899099148,3.688535267821375,4.919018821945763,1.7875441714837692,1.8285376091390348,3.1184223068927555,4.710332032289205,6.896483403829957,1.640790476293379,3.4424329264965787,5.098172004091558
2014-10-18,280.0,1.4337676282094076,4.521715444524398,2.9165624795748863,10.162551265248672,29.639715716980565,1.6862422080772872,1.9472484438341395,8.364063443978708,8.928849635873267,3.854763285532778,5.303690411813973,1.1908415761420117,1.5968273207144128,1.663954285435198,9.00249468840235,3.692724137786738,4.804968144908075,1.716494621464438,1.825412337136325,3.119560145889657,4.732335320123172,6.90903657627568,1.6417945365562256,3.4601498300113116,5.249204558810298
2014-10-19,187.0,1.5768478093401237,5.357860605208304,3.203163191237783,9.548717027568609,30.58609890625322,1.4337676282094076,1.4156390747819705,10.162551265248672,9.32176399153011,3.712686554181997,5.074023105776127,1.6534180830850582,1.5765902663763702,1.5905998832030934,9.178737778313124,3.698799796117419,4.8689921000366345,1.6307702446280163,1.818947344752167,3.1161816739415356,4.731771248443949,6.935266536182944,1.6422849627944665,3.4687617786515736,5.263850401857182
2014-10-20,439.0,1.3136731429788115,4.042285555260246,2.730298242223127,10.581829572433248,28.8915506811192,1.5768478093401237,2.1044474889506657,9.548717027568609,8.736418887128586,3.95705693994105,5.635463253046821,2.131742926727009,1.5656192152089397,1.613629702425687,9.211159640604338,3.841502259885275,5.337725590212304,1.7788586771903243,1.812106456691885,3.116088383566763,4.74485726429501,6.958582138894658,1.6489415940844805,3.4797341317421586,5.298984700267677
2014-10-21,284.0,1.84797751637195,4.928130638120583,3.141191600280622,6.824753773929144,21.437859228649703,1.3136731429788115,1.3898630283363729,10.581829572433248,9.783677558901443,3.3550416948478365,4.371693482775108,2.036481206182849,1.4414295268427813,1.500661938715422,9.474789738505004,3.6749283963236277,5.027059947199348,1.4971020332392775,1.7997642105223166,3.1060243394660816,4.707279475746648,6.98547518068262,1.6520906166123863,3.462311255895899,5.0202752456070465
2014-10-22,525.0,1.9016827797262603,4.664133369278427,3.090353251652528,6.2662447953509295,19.364909978963475,1.84797751637195,1.4944787912235358,6.824753773929144,8.670276294451444,3.124405402601961,3.063788797369801,2.523818243903656,1.5794994895636287,1.5661068655776471,9.052086340651817,3.478834679130282,4.3569818443972395,1.3683673433385315,1.792853961640883,3.1000986052015977,4.715415289455431,6.984993015925406,1.6484731137085986,3.456307506177583,4.65141043909887
2014-10-23,339.0,1.7510888604985653,4.325139291093628,2.9394492158589083,7.589896380948743,22.31011496543015,1.9016827797262603,1.6097609628424148,6.2662447953509295,9.2124130069529,3.0168862117513338,2.511702266582277,2.453580456645813,1.6877778130256742,1.6242788639351795,8.708653269351744,3.1654444364003766,3.3157281822423914,1.3137824319908693,1.7878080183353198,3.0929270722745685,4.734363712749004,6.9827749255774005,1.637887882161158,3.454631610918084,4.31280344284056
2014-10-24,402.0,1.9557458734689668,4.916576338525237,3.177212516029241,7.693333143153353,24.443354352409415,1.7510888604985653,1.6862422080772872,7.589896380948743,8.364063443978708,3.104087245569582,2.6435961569430577,1.5429034077179262,1.8335830521989254,1.6444685636003435,8.47686517992258,3.0817929533076254,2.7396957402983744,1.3428851167739844,1.7886561683383053,3.089000235130153,4.720711930759067,7.0037388113987875,1.6273582509927418,3.4484572170510015,4.0862796391867375
2014-10-25,339.0,1.75088643369814,4.89042081656676,3.101962076878164,6.690465270979484,20.75356954724875,1.9557458734689668,1.4337676282094076,7.693333143153353,10.162551265248672,3.346432450692929,3.3987264866013787,2.792272550630785,1.869505837897931,1.6829690872277265,8.381046565518957,3.1558019693379484,2.8513416367089004,1.29262668437173,1.7850178577179583,3.0843662255395015,4.719964241342802,7.0078102067968935,1.6139650262426142,3.4442377921551075,3.8141419355849386
2014-10-26,263.0,1.7252740103013862,4.802099206710397,3.069422578292961,7.988979854460096,24.521555142807433,1.75088643369814,1.5768478093401237,6.690465270979484,9.548717027568609,3.466272423314216,3.725686248288287,1.3288729646130226,1.819240389221891,1.7282717737261168,7.885034280623358,3.305597373192242,3.256002963944237,1.2917023809127681,1.7752105813391321,3.077054288821049,4.711497013654762,7.012548696289746,1.6043789628293283,3.433078912814125,3.6215223845152473
2014-10-27,456.0,1.5299684238806268,4.054130956564956,2.7857683418209858,7.1328173659085445,19.870376805938978,1.7252740103013862,1.3136731429788115,7.988979854460096,10.581829572433248,3.546539435562957,4.550895673190456,0.942265238741826,1.8106354391561645,1.7494755167205829,7.662214684464999,3.4530814365233673,3.8917694693600366,1.2123814004677693,1.7766321331699173,3.078027573758875,4.676363959541096,7.034928902107852,1.5991122747347597,3.4184914488185925,3.4665841588214805
2014-10-28,445.0,2.083187174374317,4.61593564726661,3.166797717162195,6.869120755876237,21.753115928620318,1.5299684238806268,1.84797751637195,7.1328173659085445,6.824753773929144,2.9565796814073644,2.963266049262922,0.9290963381333548,1.668709622626718,1.7803748425636994,7.169498654961471,3.323130513428179,3.746615990247218,1.2253598373753154,1.7712590735416478,3.0732289755453905,4.648936544148493,7.049739580964203,1.605042399658699,3.4042674392936756,3.2653802397483114
2014-10-29,580.0,2.028210265180516,4.924794905041561,3.21021722310531,8.58984723773759,27.575275546428784,2.083187174374317,1.9016827797262603,6.869120755876237,6.2662447953509295,3.193402003348145,3.006860477073259,2.0264713937683405,1.7794765361854437,1.8139762222783233,7.1758367952396265,3.2321737067728225,3.5070073998422084,1.3576088697468107,1.7713525650071462,3.0709041073401817,4.6604858833759675,7.059470559673143,1.612935864962241,3.399959290874888,3.257247622563091
2014-10-30,468.0,1.9951391401013792,5.288132826262836,3.285436977142109,8.39960577783443,27.596375415913744,2.028210265180516,1.7510888604985653,8.58984723773759,7.589896380948743,3.2808194263528643,3.1932337603912067,1.8535098187908612,1.8804552878118201,1.8320515773432167,7.507780001294863,3.1436003703694575,3.054453428909125,1.5205061115845786,1.7705577499874974,3.0699524987734077,4.655433728266531,7.077105139462236,1.6105225159463668,3.3855267627121246,3.3546092645357954
2014-10-31,545.0,1.858708669755212,5.162881248646173,3.2081401290660345,9.05861461078138,29.06130504659164,1.9951391401013792,1.9557458734689668,8.39960577783443,7.693333143153353,3.453349210938203,3.56215992430993,2.57952243565408,2.0355121932187377,1.8669159030007616,7.623452772278534,3.309190213546404,3.254084720591461,1.6848656996792688,1.7789425429821721,3.0776288524065194,4.6537034068379075,7.094927764943393,1.6053775507384178,3.3785288093823937,3.4858326598739198
2014-11-01,541.0,1.7877397802479755,5.10917737816102,3.1736683932269547,8.941955655413455,28.3788020372227,1.858708669755212,1.75088643369814,9.05861461078138,6.690465270979484,3.452077013332779,3.539574649567851,0.8199760429734562,1.9606860250123692,1.8530534453273684,7.81849298193968,3.3954152168746154,3.431656111422992,1.7429087770000182,1.7802320053147684,3.079387876646616,4.646297572252318,7.1052046467018455,1.6009195313205453,3.3707887385507678,3.505953826011987
2014-11-02,230.0,1.511822762232114,4.536400796631184,2.936259430522659,8.274847192802886,24.297098106001425,1.7877397802479755,1.7252740103013862,8.941955655413455,7.988979854460096,3.5073920815538813,3.980654738692519,0.4277301353078014,1.8805291967015225,1.858318209120202,8.140134465430247,3.4709394352749547,3.694129770856762,1.7860043906617995,1.7765225339816872,3.0783808180879917,4.704524545116248,7.1267626193561835,1.5972389885705747,3.392118445867817,3.542377896069735
2014-11-03,453.0,1.7188276136995628,4.712244831931566,3.041039839823526,9.208870166703935,28.00454105670898,1.511822762232114,1.5299684238806268,8.274847192802886,7.1328173659085445,3.552640485135042,4.284671411079915,0.5601708593081899,1.7194237374117674,1.8278251736817344,8.180972656622075,3.5040365266739006,3.9349669331134245,1.7974051411075183,1.7726649782722628,3.0776508751026554,4.733622596639107,7.14377059459648,1.5976077827759014,3.413835619599918,3.5043458586253715
2014-11-04,346.0,2.029605208545932,5.23000726850089,3.2844443069925853,8.579197187166058,28.17789535995436,1.7188276136995628,2.083187174374317,9.208870166703935,6.869120755876237,3.5298047836445954,4.318133972573201,1.1328151316151602,1.6727967187265511,1.8548050579415825,8.477551628164274,3.529945783444506,4.194486707448541,1.9212428947056568,1.7766917202634478,3.0839560927173886,4.755803177514861,7.171029759015122,1.5967969721061956,3.4407497064619084,3.697898419098269
2014-11-05,531.0,1.8749188040530556,5.069281149968758,3.1878571974519643,8.339478314440372,26.585065967683317,2.029605208545932,2.028210265180516,8.579197187166058,8.58984723773759,3.549345231020042,3.598574872435274,1.674662366952562,1.7534185281592034,1.8471504913946701,8.721848261205677,3.543930166599893,4.067126752029459,2.1193102343880454,1.7798711782994296,3.0888292984330983,4.8044980512255835,7.190287121235834,1.5908884662086011,3.466790669434982,3.782429047007128
2014-11-06,342.0,1.6510215384849036,4.371383435647815,2.9206336675046534,7.103290865451618,20.746110451716262,1.8749188040530556,1.9951391401013792,8.339478314440372,8.39960577783443,3.728431071449991,4.381845984249075,1.847039694578128,1.874450542099517,1.8252517112336046,8.686081272163218,3.6025270287048765,4.099518276419179,2.317200060995716,1.782187387520736,3.092438532179103,4.836792174739979,7.2009879716562715,1.5896852677541948,3.4954590069203895,3.952230793272538
2014-11-07,552.0,1.8924266305565556,5.245074139132936,3.2401420784555754,8.536555258940878,27.659651899555566,1.6510215384849036,1.858708669755212,7.103290865451618,9.05861461078138,2.8896833289560897,2.3512714585086933,2.024275572539086,1.851848517027964,1.7760920538598222,8.5008934275371,3.3891532104753743,3.4438974383976766,2.146373621990597,1.7781259472194086,3.0888426526455963,4.826884721223823,7.202373002104664,1.58715217593849,3.4866045585776737,3.7792467267295042
2014-11-08,302.0,1.66229128878755,4.927321010164889,3.0901978212556616,8.925805860787989,27.58250582395806,1.8924266305565556,1.7877397802479755,8.536555258940878,8.941955655413455,3.341724630630146,3.893650872850957,0.91082510132628,1.8061223243648385,1.7809089054028715,8.426313520131314,3.319946343678742,3.5422561052029042,2.1962541266143063,1.7740805623438014,3.0857293003011628,4.843784492761088,7.214596328867412,1.5850719345564666,3.48793803156562,3.829829044341377
2014-11-09,367.0,1.1315831270155126,3.750753013662624,2.5883721829415123,8.1985383607034,21.22086863362359,1.66229128878755,1.511822762232114,8.925805860787989,8.274847192802886,3.4488774508891917,3.725686248288287,1.3534733619082682,1.7352464859430035,1.7629876923370964,8.42400640661339,3.2267618034918093,3.323536193215975,2.219016738460602,1.7671569480551768,3.0805719509842575,4.850374317709345,7.23312296623642,1.5898757979584788,3.4905736157758493,3.793404974283629
2014-11-10,423.0,1.834643843584273,4.288144995730384,2.962101850311969,8.489221327152228,25.14593820086544,1.1315831270155126,1.7188276136995628,8.1985383607034,9.208870166703935,2.881597656304919,2.399735195693929,1.7004515521725645,1.5621003487865395,1.7086677444490104,8.413105144884893,3.2240665792747527,3.33969077227772,2.026954888303126,1.749227317553141,3.0669781048918905,4.805324437947801,7.2536886709015285,1.5867995381927935,3.4631917010468416,3.5241283720856313
2014-11-11,519.0,1.8296535385681665,4.301260464768119,2.96368342091234,8.185220120891271,24.258401168803562,1.834643843584273,2.029605208545932,8.489221327152228,8.579197187166058,2.910703117263321,2.4093813759019933,2.283332248277992,1.5428394197957787,1.7252129201468258,8.310298167806078,3.0803927414858108,2.8449342732947325,1.951353959809428,1.7423946286787488,3.059898827868426,4.784344817385417,7.2732189139855095,1.5872995592528472,3.4324246764528255,3.2514494297040293
2014-11-12,447.0,1.9411506325859056,4.748057548543514,3.1282034077764957,8.009204824613821,25.054421825936906,1.8296535385681665,1.8749188040530556,8.185220120891271,8.339478314440372,2.904062216074573,1.8878572972747856,2.0809639081978086,1.5986268363893175,1.6966483958642882,8.254015729766822,2.898787663214271,2.2323246229568983,1.7397998476040175,1.7472438040745906,3.0611682551316224,4.7721987118098745,7.289711438763743,1.589313735260363,3.4049288242913396,3.0070612046811034
2014-11-13,323.0,1.7971337289443623,4.701089122551173,3.0621555325711243,9.23081028047314,28.266176770465236,1.9411506325859056,1.6510215384849036,8.009204824613821,7.103290865451618,3.2311913858730987,3.1019928646978667,2.148708990210596,1.8684826715794485,1.7061100856546951,8.206833802648744,3.015318906403664,2.4664105126248774,1.6113645176057463,1.7491616279816433,3.0607152759941525,4.735799529141563,7.298873629812474,1.5851373523606576,3.3787152740545006,2.8242250447452157
2014-11-14,327.0,1.3867406179443782,4.119943723142463,2.7711696422633234,8.644832779035225,23.956298159705295,1.7971337289443623,1.8924266305565556,9.23081028047314,8.536555258940878,3.250116236531397,3.6013735405715543,2.1040808256591195,1.8559793000328118,1.7269832557203324,8.510765147651819,3.1284566128263562,2.8637412341813984,1.7594664005821752,1.7506987797239744,3.0612298073232136,4.733866827187662,7.318157649685756,1.5908626781782809,3.3589792594176573,3.002811056468482
2014-11-15,301.0,1.7059182080421975,4.740839674217457,3.04635294266566,7.484225749195607,22.79959313463614,1.3867406179443782,1.66229128878755,8.644832779035225,8.925805860787989,2.9877440881697868,3.302980996857307,1.77768937651325,1.7083416598248824,1.6547423967757353,8.526233364808153,3.1563505701914276,3.3354491340422388,1.5782445270796182,1.7400217780604363,3.0522745421327935,4.714514754217541,7.329304895273582,1.5977058578808168,3.3354220763836517,2.918429645612246
2014-11-16,271.0,1.6970538168591125,4.423157543469176,2.9501212094323983,6.399293225497315,18.878690669916693,1.7059182080421975,1.1315831270155126,7.484225749195607,8.1985383607034,2.772909367549559,3.0285090079542987,2.7399447396849888,1.6299308516436462,1.6609748138121136,8.320293348866384,3.0035898974169144,3.3109545151277158,1.526892120588981,1.735914865693702,3.0489654028029185,4.720560909108082,7.325776531082506,1.5999946579449709,3.3102207370140544,2.8188328969931047
2014-11-17,421.0,2.0823299625115848,4.4219443328452455,3.12328766384138,6.816808306326356,21.29085328992056,1.6970538168591125,1.834643843584273,6.399293225497315,8.489221327152228,2.8960725223833865,2.996129445421861,3.0856803384262586,1.596570880948563,1.741756340932628,8.06325832955123,2.885575326034244,3.1092064834111515,1.6699496475592173,1.7343910844300297,3.0475653662089672,4.69227909817647,7.320473023537218,1.5975270815869245,3.2782643782424077,2.9040320755256666
2014-11-18,528.0,1.878601587826556,4.32882712450449,2.992536776757756,7.544955469852216,22.57855672253235,2.0823299625115848,1.8296535385681665,6.816808306326356,8.185220120891271,2.963422022634268,3.261595843010229,1.087547175242155,1.8284339958042988,1.7771400722079582,7.824342183718962,2.877467970855738,3.0954114321287918,1.6831967969084196,1.7379433015841417,3.048905704301783,4.688953394453832,7.327653874162899,1.5966825735032715,3.253288893857483,3.0257769993982717
2014-11-19,454.0,1.9291435719215144,4.470512082976155,3.0520407674318557,7.776722011197807,23.73487261516036,1.878601587826556,1.9411506325859056,7.544955469852216,8.009204824613821,2.954879324737437,1.9969842562585447,2.430127440563776,1.8859951223990847,1.7841326506734423,7.732875804999097,2.938124623251697,2.751569848230208,1.6995368128464623,1.7381247376202331,3.046151539925382,4.654652278430371,7.340680822033207,1.5952996932049734,3.2198829733506966,3.04136656496738
2014-11-20,277.0,1.7738368188660607,4.356211035859924,2.957260621432699,7.985166344277366,23.614217985521154,1.9291435719215144,1.7971337289443623,7.776722011197807,9.23081028047314,3.2184889610894385,3.149777558738593,2.3080472731346657,1.9633583740865521,1.782417356292815,7.699663974511095,3.045596769487048,2.8027858860024515,1.645069125759011,1.739121952704383,3.043470508321862,4.668926496020902,7.346273099004222,1.603584591693946,3.21533121555875,3.0481929498303413
2014-11-21,291.0,2.149932576724809,5.089387310017244,3.308764215395412,8.073894209316974,26.71461223867624,1.7738368188660607,1.3867406179443782,7.985166344277366,8.644832779035225,3.2576415021816474,3.136135432062189,0.7596478745567872,1.8605273262047106,1.7790892262816291,7.5217148407688414,3.1436699293361747,2.760965749019771,1.6397563588291146,1.7440176257330613,3.04312249925434,4.649862509278878,7.370235364196287,1.6142970560290208,3.2197724188780725,2.9817303629004317
2014-11-22,403.0,1.9092206606519864,5.298757290321501,3.259403556445295,8.372993385917514,27.290964420152477,2.149932576724809,1.7059182080421975,8.073894209316974,7.484225749195607,3.599797266718668,3.922992555719647,1.248482877057365,1.950970989170795,1.8881166489645478,7.440152187951948,3.3586425766632515,3.4029685155068052,1.8752126675148124,1.751969923708447,3.0508680876371868,4.664037640636839,7.39099345577464,1.6156551061356186,3.2392027873769837,3.070303442737909
2014-11-23,224.0,1.539925955492041,4.876172908205087,3.049651072014805,7.63629783527896,23.288043879582816,1.9092206606519864,1.6970538168591125,8.372993385917514,6.399293225497315,3.7856625514994606,4.668191029258217,1.2590659542471174,1.9443300187476187,1.917159856480232,7.567118993197935,3.5477004401332586,3.909106339013347,2.0594954750877177,1.7512005735740286,3.0530098834819115,4.696491573944436,7.41244006069065,1.6094646749058712,3.261921964241313,3.304543731495612
2014-11-24,518.0,1.865960879458048,5.008732898744632,3.168957572340846,7.335988614025509,23.247436669022367,1.539925955492041,2.0823299625115848,7.63629783527896,6.816808306326356,3.455181069361661,4.250667702962391,2.186633028438356,1.866359730956279,1.894713019142079,7.7438339374524565,3.6135469625265966,4.280617095980081,2.0884143080040998,1.7437643426017966,3.050586465175628,4.695144792933764,7.428297314513635,1.607518466353408,3.2655469181969377,3.48376348257283
2014-11-25,474.0,1.9050548136227416,5.118351368049689,3.2108239911235272,7.585857511405182,24.356853290864375,1.865960879458048,1.878601587826556,7.335988614025509,7.544955469852216,3.438228058985888,4.533658926354368,2.12426035607716,1.7717024985340253,1.8638031501344308,7.818002552838048,3.559690559949003,4.484172552858321,2.0375925194696927,1.7445668851395149,3.050217014143058,4.699088529006359,7.438217584236179,1.6096486541078507,3.26461210605266,3.665486780193422
2014-11-26,353.0,2.109724862073071,5.04014606966265,3.2766219269181,5.338446324203855,17.492070281561684,1.9050548136227416,1.9291435719215144,7.585857511405182,7.776722011197807,3.3894009490251724,3.5451730268747927,1.161574326045874,1.7703138828576106,1.8675821823910286,7.82384570163133,3.4276033591242405,4.109833218730514,2.056836393863921,1.7407844156861147,3.045868339833881,4.709630267717669,7.442652730712198,1.6168381158812744,3.2593741565014005,3.8866566045671713
2014-11-27,367.0,1.9249248045600569,4.51250540574832,3.0608636123555573,5.270726021440519,16.13297348972286,2.109724862073071,1.7738368188660607,5.338446324203855,7.985166344277366,3.372801205408382,3.9759764017598207,1.948580427700208,1.9602468517179539,1.8933795095555368,7.475520603489336,3.400143404473148,4.01826945166299,2.0918979258053967,1.7457713955293956,3.0485539937873756,4.742497438154259,7.4385566097851745,1.6111979383500363,3.2732482073014344,4.004685010713061
2014-11-28,493.0,1.687769770372103,4.140706153718436,2.862964605872504,5.547707496910342,15.882890207387854,1.9249248045600569,2.149932576724809,5.270726021440519,8.073894209316974,2.863339564314436,3.186553480261152,1.76105056334844,1.9799014934186234,1.9149635075118219,7.087743414512645,3.2085139062493298,3.569234302965251,1.9581596961781036,1.7566259798051072,3.0528579577606973,4.739049763436983,7.431083507112542,1.6255787484219473,3.2622461260003113,4.011887589027198
2014-11-29,269.0,1.8390830742155,4.14857542831067,2.9264551491629325,5.194588205716229,15.201729402399298,1.687769770372103,1.9092206606519864,5.547707496910342,8.372993385917514,2.945484909448676,2.71060750620132,1.3412129225017826,1.9074731456684109,1.8489402494614353,6.7268595984545545,3.060541893057165,3.2910457960740938,1.6985328559154556,1.7556002372127073,3.047997376848819,4.712913471726211,7.424267741827094,1.6305118447420035,3.2510683087701713,3.8386897248102945
2014-11-30,289.0,1.704340492276677,3.720510522466865,2.7463208981437623,5.538883744917866,15.211552181056721,1.8390830742155,1.539925955492041,5.194588205716229,7.63629783527896,2.892252928215174,2.0549083419417777,1.3734460658134164,1.8172592163825536,1.8389205942562232,6.272801715568657,2.9003591339927617,2.6506897761347457,1.3923940976401146,1.7553462095772738,3.0425276418494556,4.674928225127806,7.4105986079126644,1.62755814178595,3.23236509934607,3.465363626622232
2014-12-01,441.0,1.9205595932677029,4.393716249205347,3.0288542409393444,6.281296100699439,19.025130333199264,1.704340492276677,1.865960879458048,5.538883744917866,7.335988614025509,3.0880270802208627,2.020309505980632,1.8053592188261975,1.7437311122880939,1.862408385225457,5.973171131231358,2.9752549726282376,2.261941784707906,1.26661203926081,1.7519584208794787,3.03360957018325,4.626849200921829,7.402520599508072,1.6284378309651781,3.220230101575673,3.1467410270534093
2014-12-02,527.0,1.87919357862776,4.7586060232238685,3.106939188885541,7.04752942440599,21.89624535351093,1.9205595932677029,1.9050548136227416,6.281296100699439,7.585857511405182,3.2110471662753968,2.0663946163299087,2.087070987567884,1.8213277199199602,1.870208201483979,5.822500772184776,3.063775724903811,2.047204154750769,1.3589133564686637,1.763698216102734,3.0431213513726143,4.603000496623307,7.40590275712582,1.626863499374519,3.2103519377330567,2.794274697049915
2014-12-03,459.0,1.9738117106951152,5.064549316515647,3.221714376384341,7.511723687989837,24.200628197023658,1.87919357862776,2.109724862073071,7.04752942440599,5.338446324203855,3.2881246565064117,2.892565045631778,2.8097684868457584,1.83469788805738,1.8665137393418387,5.74559675975632,3.1957329676675577,2.326423055980769,1.4494455719926314,1.7685455412619855,3.05022553534399,4.61040733750973,7.4137621438953465,1.634677352487363,3.2015347434454355,2.7010449854437697
2014-12-04,382.0,1.9235742231284871,4.935498428889327,3.1694993354890526,7.16678290010805,22.71511363948677,1.9738117106951152,1.9249248045600569,7.511723687989837,5.270726021440519,3.561625820063054,3.331108365919426,3.238560080710545,1.9245216275301928,1.8470975748592735,6.056064954582889,3.353599214281621,2.7633560092937,1.5243110038747776,1.7744928078415478,3.0570784017897368,4.622150820329199,7.428117679193657,1.6405127931308023,3.2025954446593845,2.6089209803237137
2014-12-05,335.0,1.7019062932039082,4.112667667207653,2.859525870630539,7.130114091348801,20.388745704759256,1.9235742231284871,1.687769770372103,7.16678290010805,5.547707496910342,3.717535556597498,3.954411316862982,1.963482393763115,1.9255265041504543,1.8469046346547635,6.326930222963965,3.522428677722321,3.392694909471391,1.7319621476139069,1.7826953291044658,3.065508284158855,4.612333859008814,7.445838198141308,1.629440115290382,3.2082017888452996,2.7186149569811175
2014-12-06,289.0,1.734422880898525,4.244571841784278,2.9105086207786504,7.60514677912778,22.134845262938388,1.7019062932039082,1.8390830742155,7.130114091348801,5.194588205716229,2.6190503147202246,1.8113995202937216,0.9854604027609324,1.866430742342504,1.8489241379164503,6.552988307883744,3.2994038971269255,3.0323064010253717,1.709834868213695,1.781781805538123,3.0652060035693003,4.580446742916777,7.441390148039745,1.6326285543624433,3.171222430287641,2.590156673280032
2014-12-07,280.0,1.7492126983324936,4.196506014340782,2.901905241855565,7.07608368297031,20.534124331420177,1.734422880898525,1.704340492276677,7.60514677912778,5.538883744917866,3.220559741434712,3.2030591591535997,1.5081531865730176,1.7866344657436404,1.8339726817283106,6.8973538183711085,3.185715204250812,2.9896233321034305,1.7585722200288427,1.7791121649615949,3.0622357101334785,4.576219689787992,7.448681522381379,1.6411456067818675,3.1822516440369286,2.7541782185960066
2014-12-08,437.0,1.7980840771047433,4.318190449106727,2.955412645976463,6.791628777184531,20.072065574868823,1.7492126983324936,1.9205595932677029,7.07608368297031,6.281296100699439,3.112788086362291,2.6006254465758505,2.050789942416525,1.7285139574783093,1.8403829968791416,7.116953809521459,2.984132714172409,2.538361375341053,1.8425110629834835,1.7779152672165546,3.0592597274771482,4.541267418961587,7.464490215688961,1.6385857216512694,3.174620425894666,2.837080495823895
2014-12-09,318.0,1.9998337977289464,4.791715934269472,3.1648530253631413,7.416345407135729,23.47164319891155,1.7980840771047433,1.87919357862776,6.791628777184531,7.04752942440599,3.1861062173189705,2.6006254465758505,1.1509033801768318,1.7605732187785874,1.8228864945701475,7.189858477590756,3.173151348371991,2.8014366841017626,1.868132354595264,1.778554134298412,3.057539945850981,4.520963066926315,7.466746790805185,1.6402325822839139,3.1658613847756594,2.91339918585903
2014-12-10,534.0,1.963581832620642,4.831202983777463,3.1586653329529133,6.5662302271329,20.740523786632224,1.9998337977289464,1.9738117106951152,7.416345407135729,7.511723687989837,3.4752911986338986,3.1832059105369224,0.9923806050072218,1.849043524388728,1.8401208115846026,7.242546475123576,3.258061834105053,2.7948189345628704,1.9080361781099975,1.7805469591607341,3.0569742127297324,4.555661830946543,7.474498114776963,1.6467861663064645,3.1856511695199585,2.954919309416908
2014-12-11,272.0,2.050566620027609,4.816450236146827,3.1952561498177925,7.693705995958065,24.58336139847503,1.963581832620642,1.9235742231284871,6.5662302271329,7.16678290010805,3.545216840397872,3.1898960912583134,1.0955887727831597,1.9204999024847778,1.8386594004311065,7.107475980715443,3.4022047521169134,2.991242482790358,1.858599409788869,1.7808191823071757,3.056721107933554,4.573763763881446,7.469255595322682,1.6485464495132194,3.206801626957777,2.934746127322463
2014-12-12,313.0,1.9265654760095088,4.848870583172086,3.1479540099778087,8.911620750127792,28.05337227576623,2.050566620027609,1.7019062932039082,7.693705995958065,7.130114091348801,3.55502039701358,3.428730202670283,1.0830079851079828,2.004660750125733,1.8568011714166952,7.182750708694017,3.52517614534845,3.2672774014885015,1.826737505226227,1.7914013080612696,3.060628445365349,4.590936756260736,7.472564554081262,1.652886456009724,3.228500232989077,2.859648825294934
2014-12-13,263.0,1.7073220244922716,4.908085696353919,3.095557141502487,7.859971104263672,24.3309896838066,1.9265654760095088,1.734422880898525,8.911620750127792,7.60514677912778,3.651760228990631,3.9640698678465673,1.6315696232159071,1.9802379762192537,1.8888953403889241,7.437251659948158,3.5839991554673607,3.527565387258384,2.0687541148732533,1.7884366078455836,3.055428720799975,4.594297190748355,7.486166204560389,1.6617003129044092,3.2425191944263285,3.1671731606596265
2014-12-14,209.0,1.305991119417093,3.993274486598317,2.7116125996038845,7.454041125092017,20.21247183276503,1.7073220244922716,1.7492126983324936,7.859971104263672,7.07608368297031,3.4103416871514334,4.155034719676069,2.1418786952407918,1.8948180401764632,1.885023789473745,7.473655134967572,3.5390407710518814,3.8492782633976357,2.245636196111705,1.7937275911148487,3.0572389134695355,4.601197076541781,7.499676690753916,1.6548668935496889,3.2478600427803297,3.3031696693056936
2014-12-15,375.0,1.5826742346711835,3.3283913515535914,2.5734537607010384,6.628294689992181,17.057609896995103,1.305991119417093,1.7980840771047433,7.454041125092017,6.791628777184531,2.930436010801935,3.3743530343137427,2.574847965591548,1.6466262066396247,1.821706421057259,7.527649055270672,3.330845975648,3.831152540612122,2.213304669209534,1.7905861299180745,3.0526632545379617,4.596974768656975,7.513592920926342,1.6465399342236196,3.245949773534734,3.413702181839678
2014-12-16,391.0,1.8134339368073185,3.908521012982753,2.8495365698447843,6.317141104072679,18.000924592924754,1.5826742346711835,1.9998337977289464,6.628294689992181,7.416345407135729,3.1369618260411034,2.4093813759019933,2.6044613863507373,1.531995792860183,1.7909335864238933,7.504315614243194,3.1592465079981573,3.312923043297264,2.0661446529817082,1.790134684448554,3.046107500550689,4.549893157901512,7.512636325465032,1.6421298756826823,3.2580848554844524,3.3863816003148415
2014-12-17,409.0,1.7754153406645916,4.302097471658989,2.942239924685201,7.382731492272763,21.721767349795677,1.8134339368073185,1.963581832620642,6.317141104072679,6.5662302271329,3.1963309864255467,2.963266049262922,0.8374896492057367,1.567366430298532,1.7643050348636606,7.34728642809133,3.0879096077561954,2.9156668198262152,1.9090212339368402,1.7922545465940545,3.040326316739551,4.5327386068852995,7.498246320653455,1.6421588414887702,3.268093470952524,3.3549616201328414
2014-12-18,362.0,1.769646417391235,4.829408145418979,3.089618121033837,8.165138474769654,25.227159792398908,1.7754153406645916,2.050566620027609,7.382731492272763,7.693705995958065,3.281409284039791,3.023545193789077,1.4367502354891974,1.7238411707143648,1.737424107441368,7.463929465968453,3.2049006988354805,2.79873087298466,1.833701084802042,1.7979486751349745,3.040754274158056,4.528743711512424,7.498291448384498,1.6412736598066353,3.2786930463327084,3.3311972062086648
2014-12-19,317.0,1.3949505572711978,4.30980733507628,2.838318962844672,8.819147393677536,25.031553283597116,1.769646417391235,1.9265654760095088,8.165138474769654,8.911620750127792,3.499369874686973,4.183701932625872,1.6705798857904663,1.7861652316210488,1.6972926499218859,7.531276962941537,3.3257033817174366,3.390171058559286,1.857013038731474,1.8011619852691598,3.0388618563213234,4.545429745542907,7.508668006211232,1.6381919278652026,3.2968427313310267,3.439050310488035
2014-12-20,337.0,1.8073361976875608,5.045878388663524,3.1616428078399514,7.501377130398703,23.716675053220154,1.3949505572711978,1.7073220244922716,8.819147393677536,7.859971104263672,3.413540421982731,3.848973518194052,1.8109186644983692,1.646670771775675,1.6213476615306988,7.518066483448643,3.398106526903165,3.6854068815363292,1.7290309813685452,1.8025166088406992,3.040662201665016,4.540072920612911,7.524839891207807,1.6382522566648712,3.303344446694136,3.4226079748233897
2014-12-21,364.0,1.8666102008231265,4.946762372977785,3.1524478400126044,6.804586778571214,21.45110489228515,1.8073361976875608,1.305991119417093,7.501377130398703,7.454041125092017,3.5889623332327765,4.575457289044914,2.421205459843928,1.6573110574499983,1.6356354005585971,7.466838772896504,3.500624209967493,4.202710913288275,1.7131827893154503,1.8018392535292926,3.041003055124338,4.563061832373031,7.535784886463182,1.631941613722703,3.3143884743958405,3.482668341876082
2014-12-22,365.0,1.7171322527302175,4.202670799996665,2.891474294427083,7.315648466021796,21.153009486566944,1.8666102008231265,1.5826742346711835,6.804586778571214,6.628294689992181,3.502124655932048,4.0602023019282125,2.228790587343648,1.6896323185939621,1.715723840759459,7.37405958053639,3.501542470382519,4.161544369722389,1.8652417407952764,1.801254710547574,3.0420379649303393,4.558307667805049,7.544563615755023,1.6315190597681748,3.311132720702953,3.580646808678149
2014-12-23,288.0,1.6061098803446614,4.348424773971513,2.900794221046876,5.9586003934535645,17.28467358685774,1.7171322527302175,1.8134339368073185,7.315648466021796,6.317141104072679,3.040180214452754,2.981681240216086,2.3814280544122424,1.797026217080302,1.7349321290536068,7.472252977112049,3.3770890678725265,3.872446943729734,2.0140824455987856,1.800688767084768,3.0412383829064757,4.5217714514608875,7.557554796621728,1.635881627663713,3.2862833094680624,3.662403932151591
2014-12-24,303.0,1.6023580167664566,4.0889594146582775,2.818960847816852,5.924427576127716,16.700729382830524,1.6061098803446614,1.7754153406645916,5.9586003934535645,7.382731492272763,2.9932921880516408,3.31234489695649,2.531605916734923,1.7299507779660022,1.7053144067017985,7.421032875595032,3.1785323528121476,3.4514094797002586,2.007145174724715,1.7948615005326962,3.036631411323436,4.5041798469864345,7.562397858705716,1.642363434029511,3.270887013424395,3.7122723389649575
2014-12-25,317.0,1.4893400543069537,3.899783867124652,2.723566522051009,8.198769765338557,22.329894854880102,1.6023580167664566,1.769646417391235,5.924427576127716,8.165138474769654,2.796341819970206,3.010483356759055,2.6749248041583567,1.6418667166137786,1.680591931859208,7.212703744717169,2.943271407491533,3.101503164643873,1.8713684513446505,1.7923860269171683,3.031914724172414,4.473520730850224,7.566877414586892,1.6454453359150905,3.249490805457206,3.7104063622463834
2014-12-26,354.0,1.5600825543613914,4.13574574506102,2.820857929043032,7.664437848979897,21.620290277952463,1.4893400543069537,1.3949505572711978,8.198769765338557,8.819147393677536,2.9434937787953293,3.7098258946068894,1.4442591974752703,1.565935983806024,1.6405481657043108,7.217508214798441,2.9110425956057253,3.344218049440807,1.7504601747952133,1.7884537943172611,3.0261504565683817,4.432901814152723,7.582375143408789,1.646841370315923,3.2346272331162114,3.6427097853865282
2014-12-27,306.0,1.6734618325444175,4.428124178749845,2.944347036125836,8.197149777379327,24.13525365170638,1.5600825543613914,1.8073361976875608,7.664437848979897,7.501377130398703,3.135192601341826,3.331108365919426,0.780798550903591,1.550593541811601,1.6641384510029098,7.052549708413063,2.9583427333691206,3.350472539095119,1.811696969756872,1.7889556964919404,3.0267352830220826,4.402755136666001,7.5965525695297655,1.6524363238615152,3.226706946313993,3.5687290493472963
2014-12-28,279.0,1.4910591315343054,4.501620442750265,2.9213880352432344,9.48528962859486,27.710211631793765,1.6734618325444175,1.8666102008231265,8.197149777379327,6.804586778571214,3.2720766619224757,3.362143109865844,1.3213415265298496,1.5742948137375878,1.6450135416967464,7.151945800838868,3.116921014019877,3.467692456797382,1.7679530407946553,1.7821269407947755,3.0230277716714764,4.399942429099386,7.61258093220704,1.6529358662090383,3.240331516234261,3.3953984523217144
2014-12-29,410.0,1.4599981871544003,4.913318391820522,3.0475862289157893,9.962925779503829,30.362875405325976,1.4910591315343054,1.7171322527302175,9.48528962859486,7.315648466021796,3.411942598876515,4.141702384566644,1.701549543400061,1.5748678394800384,1.5913633889412004,7.534903350842245,3.2730706207136055,3.6116512867839674,1.8004660031576594,1.773174421900672,3.018213951873775,4.411972905400446,7.638566773897325,1.6584709669303679,3.2558801058818556,3.407041321270062
2014-12-30,320.0,1.6234665734711466,4.599247132806359,2.981896589425544,10.321761294689743,30.77842480149993,1.4599981871544003,1.6061098803446614,9.962925779503829,5.9586003934535645,3.594827789432156,4.605532035860214,2.5446117319182675,1.5415063837443748,1.5546299510017982,7.913085824196822,3.4262823500770487,4.03645917676423,1.9044527031589757,1.7642554060182223,3.01424977273667,4.437464337517441,7.668601342731578,1.6697484595665495,3.2792992679224215,3.63902000636208
2014-12-31,330.0,1.8291511107903653,4.612896251763631,3.047935945479145,8.701366082246304,26.52120645685155,1.6234665734711466,1.6023580167664566,10.321761294689743,5.924427576127716,3.3678944514507165,4.163848988353761,1.6357315151944205,1.5248412973866177,1.5571094785912962,8.536394524373419,3.4582216132531287,4.303694469593535,2.0452072313379768,1.7603347044134878,3.0104790470759952,4.466755557862091,7.6875413207401815,1.6790937095481646,3.2886281802967496,3.760663447990262
2015-01-01,300.0,1.230909985461231,4.04389837998406,2.715702478252003,9.966156353821516,27.065115508720037,1.8291511107903653,1.4893400543069537,8.701366082246304,8.198769765338557,3.1809466040706984,3.6992367601007743,2.563987459786693,1.6375386238053045,1.589508492023283,8.933100025247501,3.3812229483178573,4.156205928104913,2.2588682810487124,1.761024893255861,3.008383506280198,4.474061557947367,7.695946164637522,1.6860989583713006,3.28762482822326,3.859056791324793
2015-01-02,370.0,1.593601859105796,4.734118814728202,3.0170182958982315,9.936851268730251,29.979662081378724,1.230909985461231,1.5600825543613914,9.966156353821516,7.664437848979897,3.290131294659506,5.274481580589529,2.50867185783405,1.5611758899075812,1.5525899107596082,9.185583823602212,3.279657450060307,4.379189109681351,2.389678945759307,1.756343013643013,3.0047075570756876,4.450237969839374,7.716929515773466,1.692192950785617,3.2876917161616968,4.0825790321794555
2015-01-03,240.0,1.2931072856592982,3.841319863627157,2.655038243925893,9.346879148181388,24.816321599775062,1.593601859105796,1.6734618325444175,9.936851268730251,8.197149777379327,3.2467289794233083,3.990212318205515,1.8226834845281576,1.5512209851191312,1.5573783828659518,9.510214312137975,3.239268959384504,4.321310219631935,2.420477532992495,1.754255917733117,3.004307198010266,4.439223619779793,7.732635644887808,1.6927276997464062,3.277195154807038,4.176736739648898
2015-01-04,200.0,1.589379216403744,3.9566137457339705,2.774281087216035,7.789726477554447,21.610890841265284,1.2931072856592982,1.4910591315343054,9.346879148181388,9.48528962859486,3.153167563637185,3.4934663956201355,1.2727806304113565,1.372539710075442,1.5030420190252205,9.674461365109698,3.2300092792399995,4.252720098138389,2.30157067988846,1.7419809523516732,2.9938170969591544,4.40275100093772,7.7533538439559715,1.688671765214085,3.2583828883750283,4.195497209042368
2015-01-05,320.0,1.7219816827575016,4.564895623154043,2.999794373535237,7.866156788162975,23.596852874477303,1.589379216403744,1.4599981871544003,7.789726477554447,9.962925779503829,3.055258638649832,3.09503491337285,0.7511124797396074,1.4920294537229462,1.5170877454351401,9.43223805781821,3.1517183939034417,3.526237875732829,2.1122595286209234,1.7372219592241847,2.9869241617885556,4.397549203555263,7.759802122720981,1.6826904456459093,3.2729231658393485,4.045973284586111
2015-01-06,330.0,1.9736092390654263,4.896422053224492,3.179828995769552,6.845704432842693,21.76816945202135,1.7219816827575016,1.6234665734711466,7.866156788162975,10.321761294689743,3.01744837472748,3.653542969418917,1.6982537960722075,1.5348227282735147,1.554513959092726,9.132699630483804,3.075291525671499,3.41401475947063,1.9751222839031901,1.7384046282953944,2.988243506889065,4.408226662934256,7.766995111966924,1.684872897594217,3.266152786949107,3.909974846523068
2015-01-07,420.0,1.9207590864248871,4.603695729108999,3.0826875660667685,7.778932032738664,23.980017054601973,1.9736092390654263,1.8291511107903653,6.845704432842693,8.701366082246304,3.218986416540926,3.751974689905526,2.0643890799260327,1.7616567127422245,1.604534339891909,8.636120078791368,3.0972311433060793,3.5001841908990934,1.9015706979185807,1.739757671770542,2.987238288844298,4.431557197563714,7.774234887399043,1.6884695085810264,3.2696927312883948,3.851135661030464
2015-01-08,370.0,1.9322210965476707,4.725962420521095,3.118934786272513,8.102913965962754,25.272460238614606,1.9207590864248871,1.230909985461231,7.778932032738664,9.966156353821516,3.314605196736338,3.1156796374729723,2.257779957051175,1.8721166694159388,1.6176211935539835,8.504343786004563,3.1836799960015814,3.5070657655991346,1.910328904407139,1.7440654683978314,2.987113117924483,4.441074040230456,7.77842535857416,1.6930995402829216,3.273976030602307,3.7677703577979207
2015-01-09,400.0,1.852589242898824,4.806994536141925,3.110156177099145,8.039907932246802,25.005369318785807,1.9322210965476707,1.593601859105796,8.102913965962754,9.936851268730251,3.4752506107200305,3.6344410812729935,2.736262594375079,1.9421964740126618,1.7178084951377603,8.238166302024739,3.336280741332432,3.500698469550493,1.860216121167696,1.7574094345567004,2.9959558279799996,4.438882256438843,7.789089906025482,1.6924693958853954,3.273974677671845,3.5334788578955587
2015-01-10,200.0,1.663904559045029,4.799470229210171,3.0530662293637185,9.66052868575074,29.494233888265054,1.852589242898824,1.2931072856592982,8.039907932246802,9.346879148181388,3.531360931945227,3.567840282251354,2.5505903845373723,1.9018564752904608,1.7548066928224788,7.967174396812818,3.4404055798005317,3.439320333665769,1.88653149886637,1.7577085245452764,2.9984234000931194,4.438075308184325,7.797863687969298,1.6947824336542345,3.273512814056757,3.4731399956163926
2015-01-11,290.0,1.3382738401917993,4.507157437359146,2.8958574230894016,10.527178157529969,30.48520701166777,1.663904559045029,1.589379216403744,9.66052868575074,7.789726477554447,3.518385772872467,4.055559622209557,2.258062327664362,1.8162382994971749,1.8077777318775834,8.01198147360844,3.508332438512575,3.7526136619112975,2.0547904930557506,1.754946041553224,2.999913113567309,4.4375093079531025,7.810854205035748,1.6973711836313838,3.2722916599187197,3.55343902798631
2015-01-12,400.0,1.7247360183667615,5.103961531668815,3.156541601024038,11.483891041708574,36.24937981478039,1.3382738401917993,1.7219816827575016,10.527178157529969,7.866156788162975,3.628324539876561,4.76486227523453,2.246739827714757,1.6182558807118843,1.771905535275877,8.403045999319229,3.5593570815647517,4.129420726565143,2.222376665549597,1.7448980950133224,2.9960406804891906,4.426118869759338,7.836909244397576,1.7037471657734486,3.2715104702815836,3.7919857939665502
2015-01-13,410.0,1.421096114733777,4.916863565821688,3.0430206921202125,10.395981250198815,31.635186059248753,1.7247360183667615,1.9736092390654263,11.483891041708574,6.845704432842693,3.80518728753266,4.99746643066441,2.613928449046371,1.5756381392011969,1.7722990117914854,8.91986517839717,3.650632533427229,4.605962776036161,2.3728612766829196,1.7436914665036956,2.9976137816300725,4.432648064269835,7.878878154552546,1.7085898654424534,3.2846719902942914,3.983974859858764
2015-01-14,430.0,1.803963428942149,4.897388413506321,3.1191364159629047,9.294767031807972,28.991646326803682,1.421096114733777,1.9207590864248871,10.395981250198815,7.778932032738664,3.6792280677464793,4.592427118902983,2.2799791905583464,1.4947019910974462,1.6933685654583925,9.427047580876618,3.7042466317185667,4.784918608267303,2.4671550736059893,1.7442640581168523,3.002144632461021,4.463434366910614,7.8990507038188325,1.708651156037007,3.3096317255257763,4.104039492572686
2015-01-15,370.0,1.9015081711098945,4.94761186110471,3.16471652396685,8.720692125043701,27.598518468553387,1.803963428942149,1.9322210965476707,9.294767031807972,8.102913965962754,3.750984964446976,5.1115356893721655,1.4254319853229322,1.6499318540142296,1.6766834715322871,9.643595437886518,3.7451334399087046,4.900476412979849,2.4784013859302085,1.7458981451318514,3.0033576903493087,4.515734268975705,7.91415844444428,1.713481600554383,3.3300991634726382,4.389161785701142
2015-01-16,440.0,1.5699554278822545,4.577816201142885,2.963297205600337,9.831923002850068,29.134909960023283,1.9015081711098945,1.852589242898824,8.720692125043701,8.039907932246802,3.799004444635037,4.82059960254315,1.4110845355023216,1.7088559049286072,1.6722959107554622,9.731849460612368,3.743072492276164,4.8415208036060955,2.58110091304167,1.7493057177026978,3.006934278924882,4.550370630579769,7.926487237422845,1.7209660710084105,3.3501882787462884,4.55861300302545
2015-01-17,320.0,1.7421407454266131,4.849216508484122,3.0878755220248224,9.558513365931816,29.515499449607947,1.5699554278822545,1.663904559045029,9.831923002850068,9.66052868575074,3.653216213965469,4.487264998927135,1.590629671513241,1.7584756759780997,1.6319196514673808,9.98785161355569,3.7344018743491607,4.8064667636141465,2.4666650916002943,1.7407661421255425,3.0042677712875316,4.5595612548958995,7.942118051825092,1.7260201202267509,3.362581843077144,4.68995939112199
2015-01-18,270.0,1.5112172422772217,4.675433792173244,2.9815561750647537,9.87886525101184,29.45439169178697,1.7421407454266131,1.3382738401917993,9.558513365931816,10.527178157529969,3.662367029174602,4.083069417818861,1.7432012257720952,1.7378681148062542,1.6430962495218926,9.973277996438702,3.704862562591703,4.463644673096378,2.513947963309397,1.73849179475221,3.005856750375316,4.5602215336647385,7.9630137413163435,1.7349311075244347,3.368015081560065,4.693889361923319
2015-01-19,430.0,1.7056931728704083,5.284297077418861,3.2041366156372644,10.318396698630126,33.061552676751454,1.5112172422772217,1.7247360183667615,9.87886525101184,11.483891041708574,3.752419316724247,4.709772986420759,2.3080472731346657,1.6077711385286968,1.66780244981981,9.880661866936112,3.6893341866214393,4.426702467722247,2.5027255503258474,1.7315263559248053,3.004682007169198,4.572409082234636,7.98257297560422,1.7373594333062772,3.3793110447181154,4.686019463521353
2015-01-20,320.0,1.3498418260162954,4.59171841846705,2.9305336567892297,9.761104655787989,28.60524572122875,1.7056931728704083,1.421096114733777,10.318396698630126,10.395981250198815,3.847313688532908,5.417536245579596,2.263138966370269,1.6530170535247481,1.665082043320331,9.714162675067763,3.7540333448105856,4.736792883273068,2.524739320084461,1.7303906284915442,3.008796607072607,4.580356371859815,8.003589111940881,1.7421482929349845,3.387922756561453,4.746029437080665
2015-01-21,410.0,1.3967079964207625,4.438262141032843,2.882469710791284,9.451179187575924,27.24273773944858,1.3498418260162954,1.803963428942149,9.761104655787989,9.294767031807972,3.711089179403944,4.864991320270056,2.4641868344490647,1.522250747054642,1.6549028592178339,9.62346601872336,3.7702740615536996,4.997433517423466,2.5628057540214857,1.7170557826464024,3.0024927644291712,4.568521573376123,8.01111595137303,1.7444493693251097,3.3948882406771834,4.784967180133103
2015-01-22,230.0,1.5541190934341558,4.551950739130241,2.95152017156852,8.446954211659532,24.931355744028778,1.3967079964207625,1.9015081711098945,9.451179187575924,8.720692125043701,3.6984284640959935,4.518253357056756,2.603244944648596,1.4840809984358225,1.5967235117147787,9.645810612404494,3.7522771106776154,4.933593640968798,2.4888033731151253,1.7085139049092153,2.9962105336682705,4.576374618077329,8.017986314870608,1.7460762418062048,3.4168298489986246,4.700212561230901
2015-01-23,310.0,1.7234960619171389,4.821562823483726,3.0746431581891924,8.189623646145233,25.18017031176487,1.5541190934341558,1.5699554278822545,8.446954211659532,9.831923002850068,3.143124891097419,3.1294465089447216,2.5841877429592466,1.4335563052904048,1.5470965006182442,9.606705196206757,3.5175475115324524,4.170897062090507,2.2674505645736365,1.7087504572082504,2.9945750186608326,4.583158816915954,8.023752216969788,1.7544914341542672,3.421824272433484,4.458619262145413
2015-01-24,230.0,1.6929584968527436,4.959844805002661,3.107145066462621,7.382601380812849,22.938813458052774,1.7234960619171389,1.7421407454266131,8.189623646145233,9.558513365931816,3.070071810609975,2.959740777347883,2.644021949446501,1.5581077172573528,1.569030876908942,9.37209100239178,3.303875055267796,3.5358135477831163,2.3672238233630387,1.7063760435825688,2.993003111758305,4.607578930543469,8.03001900067494,1.7517902833100871,3.4309486054548097,4.240401516205519
2015-01-25,250.0,1.5959149338866754,4.45062494621224,2.9299394538523,8.686866197558809,25.45199200256346,1.6929584968527436,1.5112172422772217,7.382601380812849,9.87886525101184,3.3495326200625435,3.8986046776596335,2.4032578042335824,1.656857884068013,1.5620048413983896,9.061246433089071,3.187576440589979,3.3292639879840755,2.2335324885146353,1.7028411049697354,2.9912751296806235,4.642914295139403,8.027422649215795,1.7508719564557402,3.44448323349705,4.214049410468486
2015-01-26,530.0,1.8846278106197325,4.849167094035139,3.132841231977993,7.332974331022378,22.973044337263143,1.5959149338866754,1.7056931728704083,8.686866197558809,10.318396698630126,3.079325835605732,2.974333714210021,2.3867714594042,1.6707898308855196,1.5741045116283114,8.890960854024353,3.166310088759417,3.277559723072508,2.2290468415546805,1.694277606166629,2.9854970884628598,4.653410268511109,8.038629964075799,1.7513174436898669,3.4426210079725137,3.966129514438381
2015-01-27,440.0,1.9177558247697075,5.190257674939281,3.233839314079892,8.87060004815334,28.686095175197256,1.8846278106197325,1.3498418260162954,7.332974331022378,9.761104655787989,3.318635543124284,3.725686248288287,2.9820356561505,1.724500413786384,1.5996666027353577,8.464471944366101,3.249164666264187,3.5328748800526433,2.156422094501788,1.6936059896009568,2.986696715456567,4.667445032353953,8.055838422876565,1.7573477794866634,3.44417297067924,3.7244366576824794
2015-01-28,400.0,1.9323178810789032,5.307212206007704,3.268770980027963,8.261209635066168,27.004002315031688,1.9177558247697075,1.3967079964207625,8.87060004815334,9.451179187575924,3.466477560593221,4.400002435841255,1.663136084359435,1.799432856425372,1.6807971739858452,8.337257000418294,3.2881463131077457,3.7000074661131834,2.170860839267593,1.6974390905075836,2.992877960593357,4.690399606760253,8.076731658202021,1.7672214073735517,3.4459908027364645,3.6580096741926513
2015-01-29,280.0,1.9105880452509465,5.060613123367665,3.197755811208993,8.40714349679122,26.883991972532016,1.9323178810789032,1.5541190934341558,8.261209635066168,8.446954211659532,3.4140650610292385,4.128299788926392,2.9342250466123136,1.9115671721561147,1.7573128717941509,8.167261350059759,3.399726054915581,4.084662824351974,2.312215887865477,1.6989930039553067,2.9985832244411075,4.7035294005664925,8.07830805072877,1.7712587655573622,3.4399653784563666,3.602302021602599
2015-01-30,220.0,1.8489759136086177,4.870750217905636,3.126175784185005,8.479985515517471,26.509925368850315,1.9105880452509465,1.7234960619171389,8.40714349679122,8.189623646145233,3.405652769918405,3.803468109456889,2.505630852074398,1.9202205836998527,1.8082370077679784,8.16157410507857,3.4287317971802884,4.110590111408174,2.412226335882438,1.7024304631715448,3.0061071396588614,4.718908266918536,8.07480483105362,1.7721804819219764,3.4412239890719567,3.6985908216757655
2015-01-31,280.0,1.512858993441212,4.102450295690832,2.7975525983892,8.023446678850357,22.446014104455013,1.8489759136086177,1.6929584968527436,8.479985515517471,7.382601380812849,3.4420396299815663,3.9424009015031407,2.798118337756798,1.8972939466461562,1.826162700866761,8.203054372131747,3.420585820309737,3.958056266628803,2.3351469606718345,1.7012374018438934,3.0077291653796223,4.727503399123269,8.077353047440878,1.7792362342259254,3.449927089935652,3.838970839412231
2015-02-01,270.0,1.5009799517206983,3.830474978381257,2.70483407646704,7.793402575276598,21.07986085723413,1.512858993441212,1.5959149338866754,8.023446678850357,8.686866197558809,2.8963562734065333,2.727180203937442,2.669722841792756,1.7574743174335923,1.8004342003793992,8.29460370042282,3.2480162244355015,3.4910164049658197,2.193096201288559,1.6951318254241174,3.0025727222046834,4.729455129646828,8.070531107527405,1.7908191038576518,3.436801255893886,3.671624486023347
2015-02-02,370.0,1.9695367097721,4.899319820488158,3.178376882852838,5.303864509507014,16.857680346800702,1.5009799517206983,1.8846278106197325,7.793402575276598,7.332974331022378,3.106176094715168,3.428730202670283,1.868754793059677,1.6209382862568429,1.786872060069974,8.16696604009679,3.1481906660344223,3.366103769370285,2.003283795328564,1.6872512961078772,2.993958050539395,4.699333668435264,8.062900632861755,1.8025645579877516,3.4321161597369487,3.736538270089098
2015-02-03,260.0,1.9338631235133796,5.105146058495082,3.2174444704926723,8.393187015728449,27.004613153566392,1.9695367097721,1.9177558247697075,5.303864509507014,8.87060004815334,3.0919584662305275,3.2030591591535997,1.4325659963600752,1.6611252183113372,1.7990019028060265,7.877093208451739,3.031496944784076,3.119656521920437,1.9577796889421957,1.6880173375519374,2.994106009662125,4.734600333663964,8.047067888819758,1.8137637533229216,3.4300758564900593,3.6618772573555716
2015-02-04,320.0,2.128658048952216,5.329219067610246,3.351145951956128,7.60036106696661,25.469919222970113,1.9338631235133796,1.9323178810789032,8.393187015728449,8.261209635066168,3.203369655267416,3.7493461177634457,2.3615488958852544,1.801459928335393,1.801302945483694,7.808891346676754,3.1338347387377037,3.460378493195772,1.8378024159119466,1.691883284723762,3.0000713196598268,4.7728847440893345,8.04961826695852,1.8207078137775572,3.4350128903773123,3.5689263547730277
2015-02-05,250.0,2.0141927186596,5.005474383665148,3.223563255681533,5.921955250178014,19.089797346264184,2.128658048952216,1.9105880452509465,7.60036106696661,8.40714349679122,3.4605904367109424,4.259261804706103,1.998385702673488,2.010685960745899,1.8293515408941672,7.714484408376817,3.2519728527362957,3.7372223605410455,1.7999811168629598,1.69845387085799,3.0074152751794516,4.7983621922378745,8.049029950115374,1.8312971176834374,3.4497842924434274,3.587635214170129
2015-02-06,380.0,2.04230828306557,4.963922589963598,3.2262194893134644,5.022528042865836,16.20377785751717,2.0141927186596,1.8489759136086177,5.921955250178014,8.479985515517471,3.02625337234561,3.1832059105369224,2.474231323354715,2.0255712970417323,1.8441522085239745,7.359457516003502,3.230071154774656,3.730604611002153,1.9322166295311096,1.7028702045301085,3.012776242076551,4.80199726991923,8.043613980107395,1.8361357680464563,3.443359857636918,3.4990263286101344
2015-02-07,250.0,1.8839708765693377,4.346914293381976,2.999612784273693,6.424916463896507,19.27226156299449,2.04230828306557,1.512858993441212,5.022528042865836,8.023446678850357,3.1122233792912946,3.3864988405996144,2.2897451083865485,2.061719683559129,1.8717711184463965,6.8655350199104115,3.1996890627826153,3.609655518614209,1.8706567208009977,1.7069406079627891,3.017289689465501,4.814004831947717,8.031887499820533,1.8497744868999215,3.436613797055416,3.419611748481059
2015-02-08,200.0,1.9266309577482068,4.504478228580792,3.0597326812442955,7.22739987287985,22.113911591471346,1.8839708765693377,1.5009799517206983,6.424916463896507,7.793402575276598,2.7704222346910097,2.198135871741802,2.770794055153393,1.9801572927648359,1.9247871017504146,6.63717356063129,2.969632995442638,2.9226135409594423,1.9249686663570518,1.7050095592767955,3.0145356854473433,4.801369894376411,8.030954278107494,1.8575080211423414,3.4131195178544482,3.3440339867388245
2015-02-09,280.0,2.007967947314329,5.0709749511604025,3.23700498623718,6.61848257042892,21.424061081802282,1.9266309577482068,1.9695367097721,7.22739987287985,5.303864509507014,2.9746550442561213,3.1832059105369224,2.8582401332448626,1.9509700391277052,1.9855943883257727,6.556316031717469,2.952433552746142,2.9226135409594423,2.012186355677748,1.704393711362255,3.0128868079188664,4.7912860174577085,8.021238946257546,1.8590458203057767,3.394562654931478,3.3089590878626294
2015-02-10,350.0,2.046508593108116,5.075114723942146,3.2545016216408547,6.846411012300935,22.281655741953198,2.007967947314329,1.9338631235133796,6.61848257042892,8.393187015728449,3.022735415940524,2.918785944457976,2.132639132478804,1.939523260543958,1.99108456511752,6.74411861184917,2.9226042316292187,2.766709242245563,2.0236425795193917,1.7036837334837003,3.01358262185919,4.8003361748560485,8.002206511870641,1.858231823921525,3.3780409763670805,3.268348628620398
2015-02-11,390.0,2.0977361452989234,4.9844743301235575,3.2577848643514966,7.378696857854078,24.03820694215496,2.046508593108116,2.128658048952216,6.846411012300935,7.60036106696661,3.293422870555323,2.930080684939344,1.82199326941103,1.9937024993902177,2.007176775059625,6.523150611359525,3.0969377769173225,3.0106908466447435,2.0603764179087487,1.7056827854353436,3.015358415386907,4.819268084408815,7.987673586286414,1.856896817009449,3.366877587389706,3.151310709645526
2015-02-12,350.0,1.8925338647285077,4.825064329345583,3.1297359289502698,8.065648528946577,25.24334999132899,2.0977361452989234,2.0141927186596,7.378696857854078,5.921955250178014,3.4752911986338986,3.505147747992979,1.0040303869905591,2.050737561907123,2.002759360252012,6.491484295772019,3.263816495043249,3.118004792463429,2.053393659625365,1.7121896874487879,3.018062210767724,4.81528517769064,7.982818121458774,1.850300629819196,3.35588105109308,3.0435801301150796
2015-02-13,340.0,1.6456323560231616,4.8802673953628215,3.072927599559836,9.58145472180935,29.443116658580866,1.8925338647285077,2.04230828306557,8.065648528946577,5.022528042865836,3.442208626119412,3.2680590892940566,1.1455444816347509,2.0122595343785163,1.9853795239761418,6.797726192738957,3.4036408984362114,3.2344291740754554,1.9771846352165225,1.7219653998706448,3.0250309329234972,4.812225203141437,7.989968596348786,1.848014260145322,3.3479804030388447,3.0557020127946712
2015-02-14,490.0,1.1339426704059723,4.006912390776504,2.686293240414076,9.727272058745696,26.130305179077272,1.6456323560231616,1.8839708765693377,9.58145472180935,6.424916463896507,3.5842111727682937,4.1682976357278285,1.9712163636819693,1.8786341220168647,1.9287115343986545,7.449001432588032,3.5005703325072015,3.6471681576716173,2.1925875334144074,1.7230147018931778,3.033355496904477,4.811654502536653,8.004521053730663,1.8566939094930057,3.342421276649555,3.1673875549558437
2015-02-15,240.0,1.4746129341138663,4.305891836182446,2.854488716023992,9.28695087458098,26.50949647776055,1.1339426704059723,1.9266309577482068,9.727272058745696,7.22739987287985,3.245686033048578,3.5451730268747927,1.9309531439416507,1.5573696303858808,1.821564647803888,7.920766517566486,3.4240352773120946,3.6605099172988886,2.1803520669979615,1.7116898474531554,3.0306347747472984,4.780297853525713,8.018799675824363,1.8674173520219324,3.3239773295966732,3.359821434260557
2015-02-16,290.0,1.4545720302365388,4.443672566080794,2.8954835453632364,7.438188233891705,21.537151638547865,1.4746129341138663,2.007967947314329,9.28695087458098,6.61848257042892,3.2513131545123217,3.83897424133906,2.593491039901956,1.418062653514334,1.7569906444275538,8.214988089238076,3.3604034534430647,3.850814967980556,2.2331650092002144,1.7066764740106433,3.0291722546029454,4.771233708027032,8.026448436987478,1.873618491798236,3.310580560948235,3.4535026243751483
2015-02-17,360.0,1.3491189710569296,4.417570789885807,2.8671478406757176,8.027476690791243,23.015962460076768,1.4545720302365388,2.046508593108116,7.438188233891705,6.846411012300935,2.9518480043947077,3.2161460545055727,3.058287721155851,1.3543758782521262,1.6779340848450126,8.332088898304189,3.149615730651869,3.5334311075731377,2.2507706861565198,1.7014252342247316,3.0259366783417687,4.757715576613588,8.028877010790199,1.8819317415899635,3.286896593455572,3.4959826400962335
2015-02-18,290.0,1.9057464659638836,4.593170520533396,3.073771475122146,5.602272561940773,17.220105596753015,1.3491189710569296,2.0977361452989234,8.027476690791243,7.378696857854078,3.267631556328146,3.4642884098951625,1.3910739083002468,1.4261013118024453,1.5783069959805573,8.500812566659947,3.156930905078392,3.506469568579927,2.2767047896979817,1.700661374454494,3.0264171596389526,4.749120143204007,8.026776576817376,1.8886208797238866,3.270737001442369,3.5722980293756357
2015-02-19,300.0,1.8388377263870288,4.400350146621947,2.994705173243937,7.527150254262069,22.541595806223036,1.9057464659638836,1.8925338647285077,5.602272561940773,8.065648528946577,3.138605687847937,2.7595549171600187,1.3842140058829389,1.5698124890857843,1.5508798989326942,8.247037667243761,3.1193617495235966,3.146663127186913,2.2884365740726937,1.7023015455924326,3.0249526374269893,4.726082591307825,8.014353422637177,1.8920018034714259,3.247113401419536,3.46578476782807
2015-02-20,370.0,1.935274148171888,4.622716790744562,3.0938885698376417,7.3467240821904465,22.72994566363996,1.8388377263870288,1.6456323560231616,7.527150254262069,9.58145472180935,3.027434340632173,2.823241250949408,1.756068306879622,1.6979010544692812,1.5432090220267687,8.17010934228883,3.1445571949360853,3.0156948593348587,2.2387463465130013,1.7018386710184976,3.0223235929808445,4.719703648912987,8.012436519349642,1.8935339234082418,3.2243249067938105,3.402239362350263
2015-02-21,320.0,1.653818505269542,4.408551157428832,2.9329599969684628,8.19506640230105,24.03580193044924,1.935274148171888,1.1339426704059723,7.3467240821904465,9.727272058745696,3.5237037292734854,3.966364009512576,2.051409930573477,1.8932861135076005,1.584586420905158,7.85086210805756,3.2299145859178657,3.1830533925406628,2.1604760910521827,1.705474369275859,3.025697164237687,4.7258521372367115,8.010265205925437,1.8953347259201514,3.2185007489663935,3.37339170146237
2015-02-22,300.0,1.3812289119827954,3.501309343344929,2.556741677703773,6.83339727370448,17.47123160998758,1.653818505269542,1.4746129341138663,8.19506640230105,9.28695087458098,3.501790637201277,3.723155576546104,2.188090012667151,1.8093101266094866,1.6588543973142396,7.631975585708324,3.350976235702312,3.5042536123360244,2.26356551417652,1.706269513024607,3.026233260503047,4.721072151179998,8.009570263032174,1.9003926508830769,3.230456273836522,3.398817779986843
2015-02-23,340.0,1.6965943010084945,3.6866092078292207,2.7328777691984296,6.228839089474346,17.02265587553863,1.3812289119827954,1.4545720302365388,6.83339727370448,7.438188233891705,3.015479163150101,2.331363221709563,2.5446117319182675,1.6567738551414088,1.6455138227240866,7.281467928440252,3.3469911765416214,3.3402942692560766,2.118538682606623,1.7025840279448792,3.0218629410011624,4.677063701842038,7.990780830300687,1.9073658492202574,3.228636518921193,3.183444777182629
2015-02-24,420.0,1.711228558592607,4.125787578915505,2.8675398186532948,6.776501044832873,19.43188657720392,1.6965943010084945,1.3491189710569296,6.228839089474346,8.027476690791243,3.0242697954343702,2.7230491787812348,2.5248245502939555,1.5772139060869443,1.680088432834366,7.108703764952058,3.1805131985952495,2.9258559923456295,2.036044482555941,1.7060382653899049,3.0220181284536194,4.63462251526959,7.985740258639791,1.9111287189684036,3.217794424766921,3.1130023663648667
2015-02-25,360.0,1.94786837970896,4.972381487626537,3.188571699312167,7.075265699343751,22.55999197404159,1.711228558592607,1.9057464659638836,6.776501044832873,5.602272561940773,3.156061747597038,2.959740777347883,2.8988941956854397,1.596350590527966,1.7318183739108914,6.929992958386577,3.0652702353938364,2.671384392612889,1.950422027865111,1.7085573654604251,3.022796159947124,4.623794603026366,7.982877464024147,1.9113518203080866,3.220352288499964,3.040924133143826
2015-02-26,360.0,1.7736450763181777,4.926939902603424,3.118625483276665,8.393187015728449,26.175206913157563,1.94786837970896,1.8388377263870288,7.075265699343751,7.527150254262069,3.5446200455997063,4.004367556880058,1.2985657409678169,1.7852304131033543,1.737835790160188,7.140420549444145,3.241650529543705,3.2290525043363876,1.9471359383086655,1.7131308079131673,3.0268665710002294,4.6279017494794115,7.967643892928892,1.910486994673831,3.227885105249145,3.2187545102466895
2015-02-27,290.0,1.7729252560435071,4.910535619360155,3.113857356544324,9.740651038053082,30.330997892372697,1.7736450763181777,1.935274148171888,8.393187015728449,7.3467240821904465,3.596055456817832,4.459790283838326,2.125758902295395,1.8109140048732486,1.7285225544360665,7.264140086796486,3.4322457500048587,3.8079662060220847,1.9584348002142775,1.7178405736595654,3.0301538618007866,4.619124490401551,7.973571399089784,1.904936582189205,3.2322043684566313,3.4525472292308206
2015-02-28,200.0,1.5197946274592178,4.204293511965646,2.832860403256746,7.923267708876986,22.44551135688041,1.7729252560435071,1.653818505269542,9.740651038053082,8.19506640230105,3.6280212006809394,4.668191029258217,2.174649669267612,1.8314795706902152,1.7053298555605834,7.606129651919718,3.5895655676994926,4.377449623325529,1.9927966656989915,1.7230560248077174,3.031258380594595,4.605901937513298,7.988384138541555,1.8974469513883123,3.239336239778355,3.552808232051627
2015-03-01,360.0,1.6969389835662494,3.0733543541135213,2.557867396622629,7.179407467358503,18.363972287825355,1.5197946274592178,1.3812289119827954,7.923267708876986,6.83339727370448,3.3654880833326506,4.050908364386894,2.369628737457385,1.6887883199403013,1.6861835873019655,7.567301267144852,3.529854913610474,4.392963225827809,1.9118260758898213,1.7213281590408516,3.028774444158449,4.577357950466564,7.990579704200724,1.8908342058879024,3.2379974168921635,3.599630058886025
2015-03-02,400.0,1.8048536893559293,3.700837430819692,2.7895341576834323,6.716343164817293,18.735468672981487,1.6969389835662494,1.6965943010084945,7.179407467358503,6.228839089474346,3.1537352531851472,2.4041046454076307,2.626734222541251,1.6632196223563251,1.731285026099602,7.616731294809712,3.3824148457329124,3.707734679684243,1.8671908657763256,1.7191246235871165,3.0206066350108403,4.517444755006827,7.977370188220261,1.8986251413694621,3.2283872709989496,3.610021690842892
2015-03-03,380.0,1.7670728981496695,3.983399062686806,2.848877451414665,6.535109450233177,18.617725955296187,1.8048536893559293,1.711228558592607,6.716343164817293,6.776501044832873,3.328965840431668,2.95231916731785,2.1769929573761093,1.6738624334604657,1.7467506530063783,7.68637473414442,3.2827297256498222,3.1357773923707875,1.8145257750928947,1.7286903519853611,3.021837163001364,4.504057659511123,7.966716017269667,1.9044627913622487,3.2428075898997872,3.6427745463481225
2015-03-04,420.0,1.829946334204861,4.209760457262053,2.9391017388671945,6.513379268632394,19.143484334339004,1.7670728981496695,1.94786837970896,6.535109450233177,7.075265699343751,3.313175143819752,3.1156796374729723,2.35100240745971,1.7562885236906165,1.7547284158002443,7.651890220630178,3.2652920791455227,2.82403448339948,1.8228991500894591,1.731581535969426,3.019034815593305,4.509155128987974,7.957176294007019,1.910853631815298,3.2497075582032733,3.6650515263659926
2015-03-05,360.0,1.9494446604551827,4.548815886152402,3.081584123871039,7.1374103582528985,21.994530445544836,1.829946334204861,1.7736450763181777,6.513379268632394,8.393187015728449,3.219290271388764,3.0602522808198023,2.020191702838176,1.8006243072368202,1.7378824092996588,7.571620730528555,3.2871437518800612,3.0427503618702043,1.711320848501177,1.7405288534451853,3.0237692071756594,4.486169816880437,7.944951636384115,1.9096371106972163,3.2539519517085482,3.530177915500242
2015-03-06,370.0,1.8720305432373288,4.909767318885982,3.14437706315924,8.030912251341185,25.252216279361758,1.9494446604551827,1.7729252560435071,7.1374103582528985,9.740651038053082,3.298511798445904,3.331108365919426,1.1105710813061165,1.848821297603238,1.7629966356049454,7.392224065174905,3.2769924045514736,3.169013428070729,1.687785254461185,1.746529944179376,3.028890924453243,4.467625477802348,7.937130398355427,1.9130352589554014,3.2571233564811646,3.3689376415118275
2015-03-07,310.0,1.855817532973564,4.876953418343059,3.1301447896092034,8.36847325278761,26.194532949197118,1.8720305432373288,1.5197946274592178,8.030912251341185,7.923267708876986,3.531910573995312,4.177066267318524,1.5971902689128388,1.8838071792991242,1.777154533775491,7.147975667073205,3.3499042146099938,3.52280897135258,1.7559941220011337,1.7490307585207066,3.0313006359469763,4.453643752844873,7.942025174900479,1.9135083533200774,3.2595006943906437,3.2987769612347284
2015-03-08,310.0,1.487614758948993,4.455943124113204,2.90629010119132,7.257963874398754,21.0937485629693,1.855817532973564,1.6969389835662494,8.36847325278761,7.179407467358503,3.386130077186911,4.128299788926392,1.7702715546215744,1.8924309122220253,1.8251578059918263,7.211576459060438,3.4055174832093758,3.87882480738811,1.9145791283542704,1.7470675634191755,3.0304725658443044,4.44935972066747,7.946069346785518,1.9200985359840195,3.27149658455202,3.3098328790260854
2015-03-09,390.0,2.019496547554476,4.817955221035413,3.180614010671736,5.489203547457117,17.4590377104711,1.487614758948993,1.8048536893559293,7.257963874398754,6.716343164817293,2.8759288704135213,3.650804802461274,2.603731595646134,1.7384876117199621,1.7952543453322183,7.2227988029233305,3.264656507198582,3.985390286235393,2.0326671340682365,1.739848491294577,3.0275326080963794,4.432427071805789,7.943444470335994,1.9226139243889528,3.2636201009227603,3.4879329014623197
2015-03-10,440.0,2.235201000113892,5.039920076091804,3.3496491076304085,3.474981785372715,11.639969636405638,2.019496547554476,1.7670728981496695,5.489203547457117,6.535109450233177,3.1305075278170302,3.672493817088797,2.2560849907153937,1.7876429464923447,1.8259176107891535,7.047493143300448,3.1308554918058213,3.81719946949215,2.1467476667256853,1.7413030821446904,3.0285605951697003,4.448128436060904,7.926746741193335,1.9204312745351557,3.2756229440269617,3.5908149942867413
2015-03-11,450.0,2.242456379062206,5.006484592029411,3.3478976327263945,4.182955418576168,14.004106543651199,2.235201000113892,1.829946334204861,3.474981785372715,6.513379268632394,3.34220138099604,3.833898791371742,2.5915354658527088,1.9141041022057876,1.8927930539268996,6.610332048320381,3.1162125930755304,3.7190658036406,2.1630564677625665,1.7476799447649418,3.0325521440118877,4.465976497644605,7.890387622189996,1.927253866925956,3.287874488584959,3.693417730557994
2015-03-12,460.0,2.0285595030093604,4.730985489643957,3.164207457821014,5.719379866345063,18.097304427200406,2.242456379062206,1.9494446604551827,4.182955418576168,7.1374103582528985,3.306933114356427,3.5735070638578628,1.4533975741739824,2.1657179755768583,1.9517230603350917,6.277414355455207,3.2598806743898323,3.693299890772797,2.266260331408318,1.7573224750985614,3.0374660007345993,4.463826819006906,7.856128898370304,1.9396537390059492,3.297347745198822,3.766739842420574
2015-03-13,360.0,2.0180366565001915,5.315316134957606,3.300869364457149,6.849942724532654,22.61076608769597,2.0285595030093604,1.8720305432373288,5.719379866345063,8.030912251341185,3.273242498016128,3.650804802461274,0.7981246105116472,2.1687389607284864,1.9630251806999741,6.074838570896945,3.3074589977895315,3.6860702192302885,2.2606009065509647,1.7688272361455206,3.041938501313459,4.4523558445303,7.836015304898413,1.9420172278761023,3.2966750661141826,3.8124107619265524
2015-03-14,300.0,1.7946798730210898,4.873927344786315,3.1099240610444507,7.835782387383461,24.368688183632155,2.0180366565001915,1.855817532973564,6.849942724532654,8.36847325278761,3.5537851781005654,4.3368368842151535,1.2285346341288237,2.0963508461905858,1.9838831968803832,5.9061286384957254,3.3779869301577072,3.8537162501780924,2.169969202108453,1.7737155801144113,3.0443439640373446,4.463383904691435,7.816457072669288,1.9389731732361994,3.2992915320964045,3.835235135768928
2015-03-15,370.0,1.688062918890575,4.783372386394403,3.0543906187087284,8.670927565575123,26.48439981179557,1.7946798730210898,1.487614758948993,7.835782387383461,7.257963874398754,3.420681876035481,4.248514691083293,1.8288851795975245,1.9470920108435477,1.9751492454586013,5.8300299434379905,3.415903184050725,4.078718792586569,2.050986534739947,1.7799419760858661,3.045459020186082,4.465012671872791,7.810893779955501,1.9318929986790379,3.298573973760274,3.852408693219914
2015-03-16,400.0,1.794725447660226,4.8649703481248165,3.1074880322780505,8.48121019930065,26.35525919356131,1.688062918890575,2.019496547554476,8.670927565575123,5.489203547457117,3.544750631445311,5.042351914959494,1.8226834845281576,1.8335931494706188,2.003784696878827,6.03188189932033,3.506405895193786,4.542567830085976,2.1230310309569527,1.7780103009183401,3.0443799235651787,4.461782838240511,7.807283877012983,1.9182415619056474,3.297258622382841,4.051201137862517
2015-03-17,400.0,2.115079402338086,5.219710729519087,3.3200045632585864,5.110810623248153,16.967914591134328,1.794725447660226,2.235201000113892,8.48121019930065,3.474981785372715,3.527922093031483,4.408117496055542,2.091335832435452,1.7591560798572974,1.9716745397510773,6.459311421012262,3.4977848668374256,4.566328034032772,2.2007528496981643,1.7762305888608456,3.043426115370366,4.490384770152121,7.808064855381796,1.9187559291261103,3.3066664910489374,4.1562902348577655
2015-03-18,500.0,2.230731600753644,4.972474770018814,3.333351162832197,6.777215437623324,22.590838959766025,2.115079402338086,2.242456379062206,5.110810623248153,4.182955418576168,3.3091925852969077,3.519530468849835,3.068997538632347,1.8659559229629625,1.9545143114973906,6.693001254994468,3.460621769924568,4.323333293288286,2.1676611652456588,1.7853159884351093,3.049371237998003,4.52084539993001,7.774386584435127,1.926438643507677,3.308595805408424,4.111380474497493
2015-03-19,370.0,1.966394121773656,4.768947915581044,3.1443513410309114,6.409312914557677,20.15313165797617,2.230731600753644,2.0285595030093604,6.777215437623324,5.719379866345063,3.4511163545895487,4.412069318262482,2.5634926186459404,2.046845483583986,1.952839343167596,7.063609829144061,3.42941034430598,4.113239094389282,2.020443967983183,1.7934591693572266,3.0534624986781265,4.538472140061277,7.755909907168824,1.9227012921442739,3.325238083748252,4.231175082269582
2015-03-20,480.0,1.931930596482229,4.439225041948999,3.045681912624606,5.664763004387895,17.253066221769235,1.966394121773656,2.0180366565001915,6.409312914557677,6.849942724532654,3.326249529952342,4.123780597556128,1.6247406505094086,2.104068374955129,1.9439585744196386,7.162171693174435,3.362186156612933,4.01846012822281,1.9458262140464824,1.8010454506821671,3.0561757514442287,4.550184710917785,7.728093129449653,1.9268367528254122,3.3271920162023916,4.298743052997418
2015-03-21,390.0,2.0905371069657823,4.951477491811788,3.246858162373515,4.260306060078646,13.832609505375702,1.931930596482229,1.7946798730210898,5.664763004387895,7.835782387383461,3.01797506248842,2.807401875972298,2.0270983627309667,2.0430187730031766,1.9316577087027866,6.992860304582327,3.265113649010104,3.781083930596965,1.823878618462251,1.8048160744090311,3.0535348397273507,4.545053194964972,7.720359857652713,1.92107111322079,3.3231709953570747,4.080252337534153
2015-03-22,270.0,1.7004847337221702,4.144400934035606,2.869043464033217,6.985892621361913,20.042829565756275,2.0905371069657823,1.688062918890575,4.260306060078646,8.670927565575123,3.2491574645497514,3.570675365431219,1.9430467868556915,1.9962872750738896,1.9739230278377424,6.48207797211021,3.197794018996838,3.5006192796532107,1.8635351751507885,1.8171609957581891,3.058806914820422,4.5634241064713,7.706986932750897,1.9230207411944056,3.330561766154327,3.9834181481552853
2015-03-23,590.0,1.9212573690777104,4.724914432680179,3.114291228057496,6.039760133450929,18.8095720031776,1.7004847337221702,1.794725447660226,6.985892621361913,8.48121019930065,2.956843874429403,2.727180203937442,2.545110530048419,1.9076508123900606,1.9756975728136847,6.2413586943654655,3.0746588004891913,3.0350858151136486,1.7787796858709388,1.822223941379879,3.0585831440411213,4.547480244581001,7.702960241020318,1.9266398690170319,3.3116664376595244,3.652679332294992
2015-03-24,380.0,1.8865194878963536,4.494077824115534,3.039484226059853,5.302572503553309,16.117085482088985,1.9212573690777104,2.115079402338086,6.039760133450929,5.110810623248153,2.828065819463582,2.442560405387757,2.051719858433978,1.904093069921888,1.9937735615876113,5.892580113529791,3.011355719480912,2.9134719915854688,1.588968744024165,1.828342912640605,3.0612959949826046,4.55802568708938,7.691936420955635,1.9310146748497443,3.2892089437349346,3.3718854621995944
2015-03-25,490.0,2.037961328731245,4.505701778767629,3.1163881728019813,6.280211202154764,19.571575913093618,1.8865194878963536,2.230731600753644,5.302572503553309,6.777215437623324,3.0666331257132247,3.0390840442043108,2.4345756075347684,1.836087196898745,1.9611221452387926,5.919974667859099,2.9505142732020695,2.7362748845098324,1.533815528061848,1.8310599697402588,3.0607100127804485,4.591117969781733,7.682683802506127,1.9363533287160946,3.290914075820372,3.3032502586788053
2015-03-26,450.0,2.11482536415206,5.027044628576997,3.2764590616749096,6.877985040570908,22.535436412243023,2.037961328731245,1.966394121773656,6.280211202154764,6.409312914557677,3.248544338600708,3.4818667590287875,1.7306139470663962,1.9485793952351032,1.9335835349498782,5.848974062792162,3.047747761259172,2.9878370695402805,1.6102825965839926,1.8368100169382338,3.060864064552771,4.61842105547968,7.671292011490758,1.9423566237580507,3.2983898939259166,3.170364178788278
2015-03-27,360.0,1.8214110488879336,4.791614382126039,3.09543111549782,6.595281452593866,20.415239423824712,2.11482536415206,1.931930596482229,6.877985040570908,5.664763004387895,3.342987421551054,4.172632893281208,2.129052124028449,2.0131020602598864,1.9547879981467928,5.915927223651195,3.2193882952883293,3.5645278988380977,1.7395566830648441,1.8454585241093233,3.066639391349815,4.648462957135063,7.669593129321841,1.951793820128366,3.3046207497243842,3.1773430781775747
2015-03-28,490.0,1.7427604094385745,4.937300857301178,3.113355284282909,6.813968208015682,21.214303927361367,1.8214110488879336,2.0905371069657823,6.595281452593866,4.260306060078646,3.5324219801376087,4.023042790033792,2.57115109391945,1.9913992472570798,1.9389994913476076,6.048858430537762,3.3746512467631233,3.892514147447925,1.7993728847708723,1.8444049114137935,3.066015889408478,4.642437386951713,7.667767533966624,1.9546721514078258,3.3042141475423135,3.3510060659006453
2015-03-29,370.0,1.74038009601723,4.221453968364371,2.905884013584156,7.510574851696563,21.824859394372236,1.7427604094385745,1.7004847337221702,6.813968208015682,6.985892621361913,3.432050011509875,4.2335993066419775,1.7114049956881523,1.8929989408261896,1.889317105986578,6.413667308814482,3.4358198043995127,4.143091663318988,1.7674972961040933,1.8414883211582744,3.064007822245195,4.642782752108304,7.655928340435145,1.9519272143700028,3.298747299365382,3.4457094860736106
2015-03-30,540.0,1.8367051088976651,4.785053924758727,3.0987406525181043,7.061207492913991,21.880850714158026,1.74038009601723,1.9212573690777104,7.510574851696563,6.039760133450929,3.2379166586597408,4.0693520364940605,1.5145901492110898,1.768183851447913,1.8950164434573011,6.488621913148004,3.400796216769075,4.108664711056606,1.8395629123886796,1.8382893580739135,3.0579597061377988,4.6198133637417795,7.650001467594226,1.9486157484955182,3.2857438146313416,3.637448319295985
2015-03-31,390.0,2.081298548258216,5.018068041972074,3.2574584575166945,5.767707040368262,18.788066079126178,1.8367051088976651,1.8865194878963536,7.061207492913991,5.302572503553309,3.093147147570583,3.0462191609279525,1.5293955808770714,1.7732818714511567,1.882937549145866,6.634542964499869,3.254371272580066,3.783056834687993,1.8812910177591131,1.8370579758013585,3.0563094534929505,4.639172044168215,7.636685420141777,1.9452121906969175,3.276665783439273,3.7236852843731554
2015-04-01,550.0,1.7854624600957212,4.452897320296914,2.9886133889489006,6.002981912209956,17.940592116448748,2.081298548258216,2.037961328731245,5.767707040368262,6.280211202154764,3.490910516667805,4.4321220635494205,1.5809424384451485,1.8861279177243706,1.9107631291975604,6.700990755473434,3.273991440966043,3.8492310869904736,1.9834627399775848,1.8409300197121854,3.058497498048479,4.7039958337635,7.6155237627081425,1.9518935715124541,3.287904958888695,3.9226907157081716
2015-04-02,400.0,1.9009838762092448,4.28756154081505,2.9922191860246983,6.233371546991561,18.651613936528605,1.7854624600957212,2.11482536415206,6.002981912209956,6.877985040570908,3.1244981908293186,3.2487690667396105,2.008209843886158,1.901155372417201,1.8746918622496285,6.661386571195604,3.2361852850225694,3.5757034304056567,1.876135041706401,1.8454734108230937,3.0616818445578065,4.729064496746074,7.600377994170857,1.9469565535644755,3.281089370568617,3.8893910453811458
2015-04-03,480.0,1.966010519026441,4.332381420532774,3.036081321745163,7.048214016563127,21.398950927349762,1.9009838762092448,1.8214110488879336,6.233371546991561,6.595281452593866,2.975430625813781,2.826995364035245,1.5357636990695014,1.9225816281877275,1.8441430782577979,6.569298929255697,3.196946444436968,3.5026288314414216,1.7327886962637018,1.852140142897903,3.066471596383768,4.7392032460170155,7.580541336706107,1.954327904517287,3.2698312199684176,3.6971571126317224
2015-04-04,400.0,1.9002837195462092,4.469445230458683,3.039021361609181,7.965828883211225,24.20832413900232,1.966010519026441,1.7427604094385745,7.048214016563127,6.813968208015682,3.048853649059639,3.074197197286677,1.242474500992034,1.884152285110469,1.8648001454204415,6.6340035812513065,3.0495941552342463,3.0499872093538403,1.6123016641277395,1.852081373052142,3.0641000036986403,4.743290611459373,7.570334782235421,1.9595835625727844,3.264149999224114,3.561607742239278
2015-04-05,460.0,1.684945458029834,4.529387920930004,2.9782610257587536,7.691468576398047,22.907201091934468,1.9002837195462092,1.74038009601723,7.965828883211225,7.510574851696563,3.119161700123022,3.0531622883249185,1.3253324839519334,1.9224260382606317,1.887303475435818,6.798555106279241,3.047815324998814,2.984784949882276,1.6179690982771877,1.8515217163193556,3.0611262852172483,4.740644922936249,7.567843786027227,1.9675832678120848,3.258171662613351,3.392973882479698
2015-04-06,790.0,1.8303642471998545,4.162151344170029,2.9264551491629325,6.405367755934082,18.745021451635512,1.684945458029834,1.8367051088976651,7.691468576398047,7.061207492913991,3.2329593020825107,3.0177112998767406,2.049859628866102,1.8504132322008282,1.8793842414376185,6.824397066950881,3.133658217088391,3.048356928496108,1.62726449417672,1.8441265064706494,3.0549115364472925,4.727965609671049,7.571764970766869,1.9712144658130921,3.248206620216257,3.242739491534366
2015-04-07,450.0,1.83165704553343,4.186984400950099,2.933698893075588,6.527676321613344,19.150236799072793,1.8303642471998545,2.081298548258216,6.405367755934082,5.767707040368262,2.8834102862259243,2.731107039120679,2.434314186243032,1.8051978082586329,1.878478404052217,6.730705675953751,3.078510429477152,2.9339935424407755,1.562971791233647,1.841062698612987,3.0499597346719822,4.704138873865281,7.557557054080157,1.970267100325741,3.231449293850891,3.197723474133327
2015-04-08,710.0,2.1352602565822187,4.682933577187374,3.2127886491980915,5.995988539906389,19.263843921733084,1.83165704553343,1.7854624600957212,6.527676321613344,6.002981912209956,2.9745441887710573,2.911403789574942,1.9996558503873456,1.7823222502543732,1.8428153322343908,6.83927271613162,3.030304592359831,2.886740709524117,1.4084853783466027,1.837551844654118,3.0450843914013515,4.695173583093179,7.5415695238189935,1.9631675517494542,3.2347364711294757,2.980478006422687
2015-04-09,630.0,2.0658374406663573,4.460175826793847,3.121978574099853,6.089450250502916,19.011133210117087,2.1352602565822187,1.9009838762092448,5.995988539906389,6.233371546991561,3.337253729952554,3.5309463241445447,1.7850807232187056,1.9324271831051678,1.892786446018176,6.838273662945396,3.065069401649845,3.057819050946718,1.5356850933948674,1.8417400009876659,3.0486373224834242,4.690672861631578,7.526885858347014,1.9678970153354782,3.24162801120066,3.020789043194821
2015-04-10,690.0,1.9241018422385128,4.329843275239091,3.013997336456918,6.596017007557006,19.88037769200135,2.0658374406663573,1.966010519026441,6.089450250502916,7.048214016563127,3.1879146301824703,3.196407913769326,2.0402230130616035,2.010918247594002,1.916336955226335,6.817713477732733,3.166570849635361,3.2129193424962668,1.5307298139590344,1.8440601090363018,3.049674754031017,4.671348053321645,7.510887384502684,1.975585097356394,3.2364851195068742,3.073562264585404
2015-04-11,520.0,1.860650360998279,4.56348017991386,3.047358039632638,7.903880313462341,24.085953217523603,1.9241018422385128,1.9002837195462092,6.596017007557006,7.965828883211225,3.007946855447022,2.5874334772899936,1.534571238585071,2.0417331798290297,1.910350001399488,6.753113905017572,3.1777050718606823,3.1049292384012843,1.5425847511352226,1.8426623406183715,3.0459579598680127,4.648793342761967,7.5002926970804555,1.985238690586914,3.226518910876561,3.0040245903001632
2015-04-12,590.0,1.8261234089548397,4.638727083515971,3.054796361307588,8.280798452722514,25.296152982098242,1.860650360998279,1.684945458029834,7.903880313462341,7.691468576398047,3.0384005010946287,2.7996280390015484,2.040534539481234,1.9501965479677166,1.9046880930354981,6.744264109339161,3.0780873289080404,2.861156476686952,1.5631402810977002,1.839564703416541,3.042505566834542,4.643209832437631,7.499590533672779,1.9879250143699425,3.2186908443125106,2.9678054118253963
2015-04-13,750.0,1.890491387616776,4.91456466458781,3.1522068603918054,8.142552433576546,25.667009642219977,1.8261234089548397,1.8303642471998545,8.280798452722514,6.405367755934082,3.228983040208637,3.09503491337285,1.2985657409678169,1.8702918707305438,1.92485637173907,6.828454091671228,3.091776798916763,2.827365476554793,1.5405207938994943,1.835037824477473,3.0391224251171436,4.620656864056243,7.493257121487775,1.985043761930206,3.20786410638278,2.9788516423248406
2015-04-14,930.0,1.9995100719824936,4.938201502187368,3.200687334143792,8.497890311772327,27.199089887832926,1.890491387616776,1.83165704553343,8.142552433576546,6.527676321613344,3.2384566665632297,4.055559622209557,1.4308897681441366,1.8590883858566316,1.933445963227202,7.076623331334438,3.168613402622165,3.3167408581946476,1.6416527226228825,1.8350037831922774,3.0394969406411696,4.62201144138296,7.489908585851384,1.9815657138593645,3.2017899327337047,3.1680591541946805
2015-04-15,680.0,1.962748930846745,5.222039982405743,3.257363658617221,8.195876675053249,26.696950831826996,1.9995100719824936,2.1352602565822187,8.497890311772327,5.995988539906389,3.2165238831918503,3.2260292479955903,1.1562466254356083,1.905374956184703,1.9574249670056396,7.3580824727857195,3.227987863321239,3.458874594525995,1.7068824908626836,1.8409017451249328,3.041626269550902,4.627172411909393,7.496666349601895,1.981736274234878,3.190849041125256,3.213005648254773
2015-04-16,730.0,1.9189933239345516,4.963501109692863,3.175278773605263,8.120246174550266,25.784045314498798,1.962748930846745,2.0658374406663573,8.195876675053249,6.089450250502916,3.437845934053433,3.7309920556752343,1.8247527622648436,1.9509167968153382,1.9327804919005722,7.672352206378129,3.297608827936171,3.6708603086267897,1.6693206265047753,1.8547151827989456,3.0511441098542877,4.639074733052089,7.508643572598935,1.991892868134323,3.1878465024926546,3.2415836099020146
2015-04-17,790.0,1.762764640825299,4.38804803991097,2.962207420177246,7.684751953531302,22.763829258972013,1.9189933239345516,1.9241018422385128,8.120246174550266,6.596017007557006,3.67152855156472,4.483330693470501,2.1052907843583304,1.9604174422545968,1.9118027609388852,7.9624659098134645,3.441966122936668,3.8134506657137712,1.7897294868873241,1.8621215226292904,3.0564906108139756,4.630534412391214,7.517333158387094,1.9962007513908502,3.1999243680349148,3.425429721287897
2015-04-18,800.0,1.9701796089832608,4.898064605064396,3.1784495766643484,7.509808852452672,23.86954876790837,1.762764640825299,1.860650360998279,7.684751953531302,7.903880313462341,3.073430772875374,3.056710118064028,1.084522317983558,1.8815022985355319,1.8887545893084263,8.117999473524078,3.3942684194978425,3.757010955736584,1.7590530433773313,1.8672580661391034,3.057602675394209,4.61105352138762,7.518265134944954,1.9967649458644914,3.187334848644442,3.492469241398473
2015-04-19,580.0,1.4772230942284472,4.456002800460832,2.9041211000236227,7.542160599962046,21.903347738116604,1.9701796089832608,1.8261234089548397,7.509808852452672,8.280798452722514,3.3828008667191387,4.013722578105669,0.9591296492719246,1.883979191247704,1.904401624734852,8.061703550522695,3.3759200637197444,3.851254463213395,1.850058148683883,1.8776090767712086,3.0627910376606864,4.615357411037066,7.516485713886653,1.9951442176297156,3.1892198932033358,3.665911318413347
2015-04-20,860.0,1.7729252560435071,4.912407193565131,3.114304781269801,9.314273986678076,29.007488010768462,1.4772230942284472,1.890491387616776,7.542160599962046,8.142552433576546,3.4731779772729974,4.211947128148558,2.1889637463056686,1.7367224480123358,1.8545587226310818,7.956183857271201,3.309803205622503,3.760793274772747,1.8457991648991439,1.8704670205756182,3.0599635314090445,4.615916669654126,7.513532342257886,1.9915015998322971,3.204393323696155,3.8254702062384487
2015-04-21,720.0,1.75386242247156,4.610129299180386,3.022728195200633,7.074993015156749,21.38578086776184,1.7729252560435071,1.9995100719824936,9.314273986678076,8.497890311772327,3.4681987054742014,4.400002435841255,1.3962028120933072,1.7401093197517385,1.8377635609777576,8.12357265057142,3.4413925164887793,4.2085573806984895,1.8886715959797715,1.869368479403226,3.0619568582094754,4.614614326379238,7.521801540773627,1.9907804368274349,3.2116946983936363,3.874676322471548
2015-04-22,850.0,1.8714654377022104,4.286199488352294,2.978072662949126,5.865458637668358,17.46776202449896,1.75386242247156,1.962748930846745,7.074993015156749,8.195876675053249,3.4644444538806565,3.86897003701554,1.2392311856689258,1.6680035909145048,1.8026710396190528,7.920301608197766,3.4686070455426186,4.160306533668447,1.9524222903559638,1.866344950641554,3.060770851965525,4.630138605217398,7.513148204968553,1.9854103362628257,3.2286147177086786,3.9665250066172555
2015-04-23,550.0,1.9347295949387375,4.306470010734278,3.0134009455085384,4.759517104199817,14.34233334195979,1.8714654377022104,1.9189933239345516,5.865458637668358,8.120246174550266,2.6532449899545587,2.543273306665919,1.968641472002187,1.7994177054057594,1.7896305405984052,7.58738474571421,3.1952960497698055,3.604081926507567,1.81491155618129,1.8699723995154318,3.0615227297318697,4.615514773739801,7.501342610317817,1.9830983388736982,3.222787356725044,3.7968508996159236
2015-04-24,740.0,1.9478374068802704,4.442050942049959,3.054059804110889,6.596458298286385,20.145978138290165,1.9347295949387375,1.762764640825299,4.759517104199817,7.684751953531302,3.0896082892231083,2.959740777347883,1.9469543739708903,1.8533524850375027,1.791878579313289,7.107280592807003,3.0690992443527745,3.1239947070097767,1.6700832819760763,1.8791974108980307,3.0691337175286155,4.609261179960426,7.484166133585645,1.9725403514453694,3.223553195508707,3.579195197312693
2015-04-25,670.0,1.4038923297832666,3.857594662354018,2.6869313972426667,7.46317500143227,20.05303923446495,1.9478374068802704,1.9701796089832608,6.596458298286385,7.509808852452672,3.199673965068837,3.0390840442043108,1.7924458190472752,1.9180108131737397,1.8183175458925704,6.951810070629158,2.980842414748835,2.8473660427393668,1.8478361736250426,1.8833847959958936,3.074486751443823,4.60713948540317,7.477570138831521,1.964134167604293,3.2219241830576446,3.5766771867613047
2015-04-26,770.0,1.6376869296846377,4.028965952531646,2.812126956380326,6.072452473961938,17.076507293366767,1.4038923297832666,1.4772230942284472,7.46317500143227,7.542160599962046,3.0585767703110083,3.340507428541787,1.4157380269505306,1.7621531105340917,1.7374193631497141,6.945148091911958,3.1159530082009845,3.113110750031323,1.5956524564243348,1.878262525515738,3.07147661108698,4.568157819862405,7.4917349966797095,1.9709191249984008,3.2124438280163097,3.4805035939664646
2015-04-27,730.0,2.1378109733131163,4.411968687289239,3.1575981716818484,4.880843626303087,15.411742910679632,1.6376869296846377,1.7729252560435071,6.072452473961938,9.314273986678076,2.6395001620437126,2.3215736951789,1.92603069580031,1.663138888782725,1.7603427682148844,6.735189788197657,2.965916965807853,2.9003883893083287,1.4537939957117156,1.8730928346819993,3.0652025320381155,4.5427362055425915,7.49707983969652,1.9619484241811995,3.18267976741318,3.210450246399371
2015-04-28,850.0,2.0098359788280638,4.752148775786349,3.1602310705093872,5.920471338812429,18.710057476975347,2.1378109733131163,1.75386242247156,4.880843626303087,7.074993015156749,2.9541982239876914,3.1019928646978667,2.2390648347711504,1.726463410927007,1.8124692992533997,6.101842593858372,2.884091718780804,2.921357996139514,1.3418394700632574,1.8791622662985816,3.0658520768448683,4.525225133208861,7.492634080559137,1.9529556400221144,3.166751374495774,3.025020307664601
2015-04-29,560.0,1.8043642849074235,4.460592661913448,2.9977772333336365,5.683028604737236,17.036453767665108,2.0098359788280638,1.8714654377022104,5.920471338812429,5.865458637668358,3.1106841947196853,3.229314097254066,1.0244960810989758,1.9284446272752727,1.8490369501614718,5.936910925809184,2.901460860250363,2.88429355237694,1.390746708954785,1.883110778344991,3.0666249720776197,4.542914960122926,7.497473301446445,1.9624844125004404,3.1625102923644386,2.933640887698676
2015-04-30,600.0,2.033389309552593,4.4830356333233645,3.1082829271389225,5.227087210606228,16.24726593539355,1.8043642849074235,1.9347295949387375,5.683028604737236,4.759517104199817,3.105100669522661,3.389561804219099,2.6056772091480487,1.9840037456828679,1.839451071190788,5.910849492533308,3.0566610294100127,3.240289588723673,1.4406656950853787,1.8878536059691278,3.0693735859122344,4.532099584694749,7.498434267178574,1.963469212067347,3.162908743096174,3.0545392444919877
2015-05-01,890.0,2.089928703462017,4.402617907461715,3.123927763430919,6.35292484565552,19.846078304333364,2.033389309552593,1.9478374068802704,5.227087210606228,6.596458298286385,2.875098135169726,2.907612957247911,1.9171414874777148,1.9491965244293603,1.8535453161356246,5.977645222019938,3.0302943331373573,3.1754962862403544,1.4021815941352231,1.8934611114022333,3.078547178087506,4.514265171073125,7.491406207911286,1.9633369802768255,3.1423816637129054,3.0470924130491346
2015-05-02,610.0,1.8635837479507464,4.483212305761019,3.027013709154837,7.34960138503786,22.247344149332978,2.089928703462017,1.4038923297832666,6.35292484565552,7.46317500143227,3.160428817985572,3.4347419791434484,2.0925528366116706,1.9758940993073448,1.8738440727901597,5.9428547287869575,3.0468758742259863,3.2439722468701486,1.3594905915012774,1.898212361637335,3.0841204048499637,4.512589190645286,7.486775510719616,1.9618837032339176,3.14357935128478,3.103614975183297
2015-05-03,590.0,1.8715031364624903,4.525699469388798,3.0417623258346804,6.426882976176338,19.54905050948145,1.8635837479507464,1.6376869296846377,7.34960138503786,6.072452473961938,3.219980439985385,3.5735070638578628,1.8619928875838765,1.9956339203217857,1.939514275385514,5.926629926444899,3.0851691310468943,3.3052873334164032,1.5401473298449317,1.899820875800686,3.087089342478967,4.519110882810152,7.485694695366603,1.9607016633532088,3.151731011757167,3.136900637371308
2015-05-04,860.0,1.948580059972785,4.697056348448686,3.1185851271316567,5.712197113417442,17.813972961148018,1.8715031364624903,2.1378109733131163,6.426882976176338,4.880843626303087,3.186249884985896,2.959740777347883,0.9634555565775952,1.9416718626250848,1.9729165906394928,5.97726285533267,3.188886380985618,3.3226632734497272,1.691974228664808,1.9005134891716466,3.0888003522617584,4.525554817772019,7.480762029207058,1.964907473306552,3.156310886288042,3.2280673633954478
2015-05-05,910.0,1.6948667655517742,4.245829995592604,2.89707582084126,6.271680086829261,18.169532735604665,1.948580059972785,2.0098359788280638,5.712197113417442,5.920471338812429,3.372456607455584,3.848973518194052,1.2252669153346514,1.894555648128674,1.9458836030194457,6.0960276392061505,3.259562310808955,3.460740453133262,1.8118239600570374,1.9004990791636065,3.0894170356494355,4.5331418550383535,7.471309249354182,1.9613551906348872,3.164754049865794,3.334778885323474
2015-05-06,820.0,2.2321367068351257,4.769615048739074,3.295060863430397,4.124295579464196,13.589804953111463,1.6948667655517742,1.8043642849074235,6.271680086829261,5.683028604737236,3.046277953146598,3.199735982761013,2.2687663226417403,1.8383166539956832,1.9008880011228328,6.1462003174942685,3.201661481862693,3.3361500927676455,1.625919917301282,1.8975463495355138,3.085295348277469,4.523689924193773,7.462419471405527,1.9624550581845666,3.158531338234597,3.330553440395896
2015-05-07,630.0,2.1674620933531283,4.711242719788738,3.2391200892379985,5.008283292812194,16.22243102634301,2.2321367068351257,2.033389309552593,4.124295579464196,5.227087210606228,3.2881246565064117,3.56215992430993,0.840391188743095,1.9585278441198952,1.9619983471125042,5.923524171026693,3.235619739036198,3.536956475088328,1.68518242192308,1.9038183357665401,3.088043949507822,4.5439387143460745,7.442740884048819,1.968440737599696,3.1720218172439467,3.3552103146945855
2015-05-08,870.0,2.0745198824298057,4.788006111686734,3.201083268366121,6.004444564260716,19.22072703048688,2.1674620933531283,2.089928703462017,5.008283292812194,6.35292484565552,3.279484293951438,3.961658741983928,0.9241322624893812,2.0314885219133427,1.9811516019411524,5.892266468484687,3.204628967868149,3.574518216351619,1.8695912246418218,1.9151491246732755,3.093591115975267,4.561413991640696,7.430851914153003,1.9661144043682661,3.1821864874166264,3.5057882839425885
2015-05-09,500.0,2.2807281629980034,4.769358484065866,3.3313534518828245,5.6452243371533,18.806237582228576,2.0745198824298057,1.8635837479507464,6.004444564260716,7.34960138503786,3.0996390873446438,3.1156796374729723,1.3088711570724625,2.158039560872687,1.9789503417936936,5.842483571142572,3.2224160126008314,3.5464994345889393,1.8059736074309787,1.9160661802545313,3.0939322702701735,4.56491640945734,7.421439241867171,1.9714498576370785,3.174265999329696,3.4602079494182343
2015-05-10,610.0,2.055135650783439,4.74862769034084,3.181277408108638,6.580256873569358,20.933622531437777,2.2807281629980034,1.8715031364624903,5.6452243371533,6.426882976176338,3.3706623874775383,4.041691224165509,2.20434355982457,2.1742367129269793,2.038542401086159,5.599001135730492,3.2499285895912067,3.7063432012074657,1.8293704596442737,1.9168249663025996,3.0936273426743806,4.575222498033075,7.415299202600639,1.9703169943031438,3.1803575912395314,3.527091400890755
2015-05-11,830.0,1.85215419312218,4.528466426940467,3.0345279580964024,6.417498454996692,19.47407848272793,2.055135650783439,1.948580059972785,6.580256873569358,5.712197113417442,3.236348657895604,3.499314328683395,1.31288845949175,2.1367945654037492,2.064775617417723,5.620911692500925,3.2355500442392624,3.552228396773954,1.88002411125556,1.9137029541646202,3.0908503389307507,4.589181978536468,7.407876208451381,1.9655355566349166,3.187970984654484,3.6041733367958284
2015-05-12,840.0,1.9110654952219903,4.373994366970227,3.019593055195821,6.4753888328829285,19.553039149465864,1.85215419312218,1.6948667655517742,6.417498454996692,6.271680086829261,3.125301926094312,3.6670575182490666,0.9558782086835624,2.062672668967874,2.0510004935819226,5.721669027012245,3.244104323822485,3.736021023699319,1.8481991915255187,1.9107628656665006,3.0886890139353413,4.588014853437354,7.391248726483839,1.956358442014072,3.190867698821141,3.578185336803688
2015-05-13,830.0,1.8581632998173907,4.286264368885731,2.971943828227147,6.058786054121606,18.006371820095417,1.9110654952219903,2.2321367068351257,6.4753888328829285,4.124295579464196,2.964020908321578,2.974333714210021,1.9699293042041195,1.9394517797092032,2.081886026391953,5.750770276448484,3.1085571641038316,3.38023518704749,1.8972219046453964,1.9089800129785306,3.0840010754476523,4.5791904295524954,7.382018178007969,1.9496915964328354,3.1820356277582382,3.5459850127249744
2015-05-14,560.0,1.9919025441899347,4.416110855331913,3.070081386301108,5.46562348120371,16.779908914173774,1.8581632998173907,2.1674620933531283,6.058786054121606,5.008283292812194,2.8966804441087537,2.4564878309801075,2.104988357148676,1.8737943293871873,2.0284612539608484,6.0271260585423985,2.9953344261748813,3.0326263544797274,1.8091989787803529,1.9100380700918023,3.0817014049006968,4.558247086362426,7.3727164775348335,1.9512903065166605,3.170643087009756,3.388031856535
2015-05-15,980.0,2.1609695574718164,4.452359354513707,3.1813497319060926,5.412186959004333,17.218059531054084,1.9919025441899347,2.0745198824298057,5.46562348120371,6.004444564260716,3.0308636517478886,2.6006254465758505,1.9869205542285155,1.9203771130764389,2.0033813183661064,6.092460371169759,2.9638550013927403,2.677148997255322,1.662070105471677,1.9151020638467917,3.0819629176939034,4.540844064800578,7.364965336142909,1.9563610607571185,3.1644544126282903,3.1935985286195603
2015-05-16,670.0,2.0616997823579366,4.411358834316798,3.1083787885525327,5.630307575203783,17.501128639790085,2.1609695574718164,2.2807281629980034,5.412186959004333,5.6452243371533,3.25102073306151,3.362143109865844,2.147819276818068,2.003678467159714,2.0157312719435363,6.007852141847418,3.0595216096393845,2.806418795807263,1.6408458068837617,1.9212061323436516,3.0831939460210376,4.515188043870844,7.358932308509122,1.9482917357326286,3.1582269059285597,3.2288075961042564
2015-05-17,790.0,1.9853996110071075,4.444272841239169,3.073247835000553,6.2794361531376,19.29826356265433,2.0616997823579366,2.055135650783439,5.630307575203783,6.580256873569358,3.0830381196502032,3.088221613816792,0.9030152605342808,2.071523961339896,1.9844415032806697,6.005721175854631,3.1216408348198676,3.0169967234194908,1.5445208253764722,1.9203164720106491,3.0796668497759367,4.496783301358308,7.347249482395328,1.9467799282813787,3.1386105581980757,3.0925976517687253
2015-05-25,920.0,2.346716546554497,5.852479672638967,3.5763809426414115,6.409616281221353,22.92322951780416,2.2429484324157323,2.05668424623607,6.670876862583589,5.257151199301664,3.6055514457412183,4.968210238825742,1.1115655107890312,2.2066096508755266,2.090477099023991,5.325407545604997,3.450710662940098,3.7908647828831015,1.84551523778103,1.934531854656853,3.0920114784845034,4.564755719523755,7.2463801023554195,1.9536493562478365,3.1719328320168727,3.590599135019978
2015-05-26,910.0,2.049179778592216,5.392226975444117,3.3314733339864118,6.677268030195341,22.245140386475754,2.346716546554497,2.0353767916794743,6.409616281221353,5.06154497288317,3.889661765833034,5.658719718722505,1.2168377145540277,2.265383076396711,2.1319102847837663,5.490045414450667,3.6454761635001467,4.683210942385241,1.8934082014366542,1.9383967076968938,3.0970101765006115,4.631251886533253,7.23801462523703,1.9500911230814708,3.199635665200941,3.7664012960730098
2015-05-27,890.0,2.130213115939167,5.6512965246151445,3.4244899942145928,6.290432374212115,21.541522724772932,2.049179778592216,2.087674733751872,6.677268030195341,4.975544588714365,3.688203688598711,4.92871861045227,1.3760358936128092,2.2129482525208153,2.133882140057015,5.7208629940666915,3.7278056333909877,5.185216189333501,1.9666000799550984,1.9421928531919652,3.100944213475422,4.676693920630337,7.227882080255802,1.9504720971218297,3.23459244941944,3.9941831469573725
2015-05-28,700.0,2.1061754566244626,5.069727015665891,3.2817885145237105,6.2203900466019615,20.414004610795924,2.130213115939167,1.8337749688739409,6.290432374212115,5.29481380731291,3.690611867017383,4.733019119338269,1.5944914520907156,2.1753698136952937,2.139959051798057,5.9087041062806565,3.7561591071497094,5.106819149504343,2.089454728440676,1.9486503983003083,3.106129791974283,4.718004848541199,7.206583031893251,1.953377571543272,3.259139570853763,4.245423919118551
2015-05-29,720.0,2.0842984397076343,5.050111429595518,3.26635049470728,4.952875955482307,16.17782882741343,2.1061754566244626,2.1703962699909427,6.2203900466019615,5.458636835092022,3.8313000953663794,5.564587204043569,1.2949680155027292,2.095189450385282,2.1788734071909888,6.040929283321948,3.736705216994158,5.075441644611364,2.2351056598075845,1.9547469876437622,3.1123948669899426,4.728590789870518,7.181632793673906,1.9474002417025007,3.28316010087532,4.608234143029419
2015-05-30,370.0,2.0865317000079013,5.188738691206765,3.299356968881268,6.237276045582619,20.579000187829212,2.0842984397076343,2.2064842502199045,4.952875955482307,4.559284553347259,3.381733599355829,3.859051977819399,2.065621168591643,2.1068956707570883,2.1665737171505164,5.968677729091989,3.6345485205798638,4.7188861004004075,2.183459245931023,1.9588735431572617,3.1151883643597618,4.74824141545992,7.1458402247458555,1.947666746604488,3.2923811985364257,4.7335728198298925
2015-05-31,620.0,2.2183618313839197,5.402901582108549,3.412922000309745,2.8768504109127746,9.818466059004338,2.0865317000079013,2.2429484324157323,6.237276045582619,6.670876862583589,3.5367844094900187,4.181491958526743,1.5929476347292195,2.0923351987799994,2.1494376385488017,6.208390799411327,3.5832727014040757,4.5350437134632315,2.1591671117005427,1.9589607623530898,3.1158866728825045,4.7717648507227,7.129412957834764,1.947400533678457,3.3144374076804355,4.841971261104071
2015-06-01,840.0,2.013387881361662,4.5308269307888445,3.108844174224413,5.680963830380445,17.66123130805785,2.2183618313839197,2.346716546554497,2.8768504109127746,6.409616281221353,3.5705140395410857,4.483330693470501,1.4891217633988283,2.129730657033152,2.1459252669728284,5.666387020601211,3.496344016128978,4.1746248766055425,2.1011676944892304,1.9661757518745597,3.1229584830718524,4.805107639877594,7.0821509182153735,1.9433567931582756,3.3281069150656193,4.772702754624751
2015-06-02,790.0,2.1140621272540594,4.890808503746553,3.245643991714425,4.7514997743509495,15.421676694254606,2.013387881361662,2.049179778592216,5.680963830380445,6.677268030195341,3.275930652359036,3.788109446251411,1.1533340619541044,2.106093804251161,2.098306886230995,5.562293813338223,3.461076367130047,4.15097736608288,1.9518509140969524,1.9680491519604333,3.124902232875181,4.806694794045188,7.053778335293041,1.9338317894797095,3.329971922144741,4.505472715700309
2015-06-03,770.0,2.154992651547327,4.939954302029103,3.279666885614884,5.415260039110234,17.760249027263395,2.1140621272540594,2.130213115939167,4.7514997743509495,6.290432374212115,3.0858278110332265,3.1832059105369224,2.043958385224715,2.1152706133332138,2.107575793182687,5.28718406250331,3.3107575009777825,3.818215350086273,1.8706034125382927,1.970516678764227,3.128394944041335,4.818865095190447,7.023142472800837,1.9316138315684679,3.326624519679652,4.256113758569545
2015-06-04,600.0,2.078446508994303,5.130350025963607,3.2821312587107774,6.280521193411765,20.61349492989227,2.154992651547327,2.1061754566244626,5.415260039110234,6.2203900466019615,3.2170225093169798,3.4046714147098056,2.292805730131692,2.094147553387683,2.1111157268409952,5.162159443203042,3.1929269909030804,3.4586622571660417,1.7545254083454125,1.9747618276309125,3.1324057027747636,4.826961693643127,7.007312696544544,1.9345207593261375,3.321443383075032,4.066349800765479
2015-06-05,530.0,2.21790244848383,5.627397906481877,3.4597042275872925,6.651080549216605,23.010771494148297,2.078446508994303,2.0842984397076343,6.280521193411765,4.952875955482307,3.284147928036041,3.672493817088797,2.280817920437009,2.115833762598563,2.107154448608115,5.170749607033014,3.195666082795416,3.4201237141118366,1.822444542380349,1.9813201784803203,3.137470206657297,4.856445694655494,6.996741792579534,1.934885388440024,3.3293723822380135,3.796050745486226
2015-06-06,610.0,2.119311809943498,5.310569160136324,3.34246495688905,5.142505605437652,17.18864477678086,2.21790244848383,2.0865317000079013,6.651080549216605,6.237276045582619,3.7669101062280728,4.778924366564372,2.40087191418101,2.1504472030084867,2.1262407355761432,5.41335026328077,3.4226935145270314,3.9520298661209865,1.9150373582222397,1.9877791485017198,3.146357691297703,4.885038456580253,6.995444300022027,1.934171667831295,3.345331897228735,3.9274610867355078
2015-06-07,420.0,2.286276164999972,5.031178585620389,3.383303662442476,5.723992448159861,19.366004613652333,2.119311809943498,2.2183618313839197,5.142505605437652,2.8768504109127746,3.637139574008269,4.198909376098436,2.1052907843583304,2.138553589140544,2.130923608424086,5.256954486117204,3.562732536090794,4.21677585325053,1.9458183461558587,1.9925733945752209,3.1531704590279275,4.9050160045918405,6.977868123840022,1.925840709721858,3.3572537398972964,3.929949289245749
2015-06-08,1000.0,2.3666019691650217,5.37604091138177,3.504364430099674,5.432760980222859,19.038374336326427,2.286276164999972,2.013387881361662,5.723992448159861,5.680963830380445,3.604823539047855,4.3098337855838125,2.3491043027978726,2.2078301411424337,2.1406256560835217,5.663689062866788,3.669624406428065,4.429222509415536,2.08366665284586,1.9950903263821835,3.156012375915334,4.913121753722963,6.962008647054669,1.9287066407445062,3.374093221620737,3.905164016690508
2015-06-09,700.0,2.37578200570023,5.562801703576631,3.543659381273154,5.615524346650004,19.899505531774086,2.3666019691650217,2.1140621272540594,5.432760980222859,4.7514997743509495,3.713673841428645,4.885266131069889,2.172890581522461,2.257396648036164,2.1910848114840014,5.628231512844275,3.6518789848282562,4.464669764250708,2.257731595634039,2.000103068523828,3.162385473515331,4.933344501300159,6.944627667374508,1.9222330419107896,3.3855269367524405,4.061900685950291
2015-06-10,600.0,2.428179604117357,5.674267652515782,3.6020493065400565,5.459174591792884,19.664216052648655,2.37578200570023,2.154992651547327,5.615524346650004,5.415260039110234,3.804264211667773,5.160817162074542,1.682433488088788,2.342886713288408,2.2284733655477402,5.751663594601283,3.7075871973814247,4.78530569290941,2.4260446027954843,2.00763107124819,3.1712131742622685,4.960483635074684,6.917660971780505,1.9154360412812215,3.4044574552115128,4.344416579027093
2015-06-11,720.0,2.410986640190917,5.870261119358118,3.6221789150439383,6.2205466204793645,22.53193280874818,2.428179604117357,2.078446508994303,5.459174591792884,6.280521193411765,3.959639670658619,5.626359635194002,2.122760790518328,2.3901878596608697,2.2675000730577444,5.757937102127376,3.825859241251679,5.2241476427794735,2.504819932597754,2.017089891966841,3.180458028710725,4.998677009260529,6.883874281342257,1.9109737117973944,3.432268713363656,4.6618006105248355
2015-06-12,630.0,2.250693573966966,5.124576327976651,3.376481016119644,5.80923247865665,19.614763182409842,2.410986640190917,2.21790244848383,6.2205466204793645,6.651080549216605,3.995148504585991,5.505603048691404,1.874821999957824,2.404982750002835,2.3150058060858325,5.749369305994175,3.9196841289707947,5.4309266153199784,2.620370429834007,2.0268376124874425,3.1899144046063315,5.048552567673458,6.848785318534062,1.9161148968294832,3.466639633239136,4.923673357896637
2015-06-13,530.0,2.1092682689219453,5.080533419477206,3.2856673446720657,6.41855872965919,21.08924881790102,2.250693573966966,2.119311809943498,5.80923247865665,5.142505605437652,3.750303124594072,4.8616519995646845,1.355654451435064,2.3632866060917466,2.3196902525834235,5.629105295914182,3.9016970999462273,5.331204894483359,2.518883557494607,2.0328409822599456,3.1936523072017953,5.076496299643156,6.818206993390447,1.9263928518320972,3.4950937225886474,4.935491591182396
2015-06-14,510.0,2.432597990054568,5.076581774891675,3.5119983701228112,6.126957538595336,21.517864889358492,2.1092682689219453,2.286276164999972,6.41855872965919,5.723992448159861,3.4192281009911354,4.220671398626076,1.5365582734477112,2.256982827693276,2.3182554610089157,5.811398599374401,3.7215599100570658,4.862642148960717,2.469198210138096,2.0346702855422696,3.1950686407106,5.098643718447999,6.799032271376123,1.9302766126611959,3.5080392042300885,4.938600451543487
2015-06-15,660.0,1.9718402051605304,4.470512082976155,3.073000395885658,6.04072906743678,18.563162815671227,2.432597990054568,2.3666019691650217,6.126957538595336,5.432760980222859,3.7425598994951694,5.950546500272169,1.5365582734477112,2.2641866109811595,2.3391585788738576,5.8689650408651834,3.6373637083601253,5.010956632820972,2.417566716600859,2.0425011031957334,3.199312552569026,5.119451132460598,6.781740707466467,1.9325198315562295,3.5244238431112103,5.172987982213252
2015-06-16,609.0,1.9647981311298208,4.788158698715437,3.1486692747397123,5.731159972968779,18.045527315504874,1.9718402051605304,2.37578200570023,6.04072906743678,5.615524346650004,3.2909173908706557,4.463759763398922,2.648324519767016,2.171235488045681,2.2827640411589307,5.955817624752887,3.4842351304523205,4.878325887432385,2.286092954508517,2.0433818845495,3.1976079129403656,5.12142290741591,6.7564660812303785,1.9315032370716103,3.5313531521518926,5.112772786831686
2015-06-17,630.0,2.084106356156677,4.93103325146138,3.2388153074627333,5.489560029238275,17.779671053932493,1.9647981311298208,2.428179604117357,5.731159972968779,5.459174591792884,2.732513392621257,3.736286255422216,2.3305831989820245,2.1230787754483065,2.2240520590774433,5.972336999941284,3.255330227662361,4.716864173031097,2.0259122417216417,2.046749109387908,3.200715610516407,5.132885769331785,6.730950391943958,1.9289221817944289,3.517413161385598,4.909268371595639
2015-06-18,550.0,2.4754025496122987,5.423529401698528,3.603247518308667,4.481144154330724,16.14667155327557,2.084106356156677,2.410986640190917,5.489560029238275,6.2205466204793645,3.241259091305132,3.7309920556752343,2.3382277060536603,2.0069148974823428,2.1748987379402034,5.976677776719197,3.0882299582656816,3.977012691498786,1.9326396761924562,2.0486478885074653,3.201721706029714,5.1341765402008,6.701688357132134,1.9264041831076626,3.511905423166334,4.638501574521529
2015-06-19,470.0,1.88633799033113,4.4771968899121175,3.034994401702689,7.426694070708357,22.53997492775842,2.4754025496122987,2.250693573966966,4.481144154330724,5.80923247865665,3.889759562093877,5.83129588191616,2.839760146787832,2.1747690122995986,2.1841010107146865,5.728191710126533,3.2878440153400885,4.432858064337865,1.916721273297672,2.0652842127638626,3.213373813001131,5.158596209978825,6.662773340170138,1.9225666575104925,3.5287383142453237,4.685029122125066
2015-06-20,330.0,1.7579639403288918,4.4474513603088415,2.977524355769526,6.916673726385582,20.59456448122424,1.88633799033113,2.1092682689219453,7.426694070708357,6.41855872965919,2.9357529492035046,3.863956258039129,2.574109050952321,2.1486156320333683,2.132050213052424,5.959257651848206,3.3555905342008376,4.475414731876836,1.8115392042201497,2.0671744250019897,3.2120519733416795,5.152913924948013,6.6472106029362745,1.9217401305958497,3.518652689307909,4.542501159049986
2015-06-21,460.0,2.047622027966033,4.789938065961716,3.1878095319946853,5.722796961377575,18.243186703149654,1.7579639403288918,2.432597990054568,6.916673726385582,6.126957538595336,2.892049275828577,3.1156796374729723,2.714749323577822,2.039901493424107,2.081863880396274,6.0304169370948335,3.2391872623753195,4.270310592476083,1.6890227552283041,2.0672427836329454,3.2112985760178274,5.150453869306171,6.6303138998616715,1.9168127542685924,3.5059937529798875,4.3846451931709725
2015-06-22,590.0,2.3948380090296246,5.408410830519607,3.531550403257209,3.616124741287161,12.770526788321044,2.047622027966033,1.9718402051605304,5.722796961377575,6.04072906743678,3.221138641568674,3.772653377993746,2.0879855820635997,1.8973079862086848,2.026867314383626,5.972679711778011,3.016313622200252,3.584096424501945,1.601987416206341,2.0701787268040093,3.21479419050192,5.14058128533965,6.612152851526459,1.9106505893411043,3.5031861988937467,4.073517604274055
2015-06-23,640.0,2.382607667517408,4.939433349382162,3.4451917339114755,5.247273425887912,18.077863032442384,2.3948380090296246,1.9647981311298208,3.616124741287161,5.731159972968779,3.509458513743114,4.704426594683612,3.457178000420789,2.0668079924415164,2.087295572079211,5.626307665185207,3.2075488103801213,3.864253203383439,1.734480213424782,2.0778472003721906,3.223430014797731,5.155691610639077,6.581662858827404,1.9113914312619356,3.5054609733876445,4.1078985801718675
2015-06-24,460.0,1.8332361574604403,4.453196129062015,3.006767632679442,7.700910521457012,23.15484849807751,2.382607667517408,2.084106356156677,5.247273425887912,5.489560029238275,3.548472928973286,4.8171231447887335,1.6201750926062244,2.2750225681710217,2.146982648706009,5.557181015602227,3.4263566947616915,4.431401039155359,1.909619329992644,2.08509337138281,3.229948880294408,5.150309804871847,6.567427339127906,1.9122279228482384,3.503558356162047,4.262303850081369
2015-06-25,520.0,1.9928105408628043,4.625192178703632,3.120974700206864,5.958108967879858,18.59510734982867,1.8332361574604403,2.4754025496122987,7.700910521457012,4.481144154330724,3.0908968710636198,3.772653377993746,1.9904302745580804,2.203560611335824,2.111144048892261,5.873088228776332,3.382942771260007,4.431401039155359,1.9043095855021566,2.0922491018440956,3.2352794842183537,5.1036670200859495,6.560854301287227,1.9192792218365968,3.476932859669733,4.268255467555443
2015-06-26,480.0,2.162978074310544,4.56975736099551,3.207265699266687,5.569528830527685,17.862958779228347,1.9928105408628043,1.88633799033113,5.958108967879858,7.426694070708357,2.9280578320169037,3.428730202670283,2.4783396920271743,2.0695514552802172,2.042202333356619,6.084083202140495,3.189142544017937,4.006168908484249,1.6568178813752181,2.0981678286970653,3.2404269466154627,5.078099193527933,6.551688532199609,1.9231951016579962,3.4515946644503397,3.9250317990917467
2015-06-27,390.0,2.1236643930261696,4.450804435973162,3.155999979628755,6.274938870519872,19.803706947532397,2.162978074310544,1.7579639403288918,5.569528830527685,6.916673726385582,3.0915404220912728,3.677788840810095,1.6537927163059287,1.9963415908779292,2.081722345353678,5.818773882114684,3.036831708390599,3.6263908071580366,1.7683502275328558,2.0985872803803556,3.241254738741877,5.042047888073946,6.529681390748772,1.923396304544123,3.431625616286136,3.898436453773313
2015-06-28,360.0,1.8891598596377035,4.422308371796877,3.022061198174178,6.877844434465176,20.785266792475433,2.1236643930261696,2.047622027966033,6.274938870519872,5.722796961377575,3.209707283838972,4.018443161760141,0.8934843340696965,2.093151002733172,2.1339652671675746,5.727097474133869,3.076435179315716,3.708320735080168,1.8252891834448692,2.100484420616991,3.241184220560533,5.02141713541752,6.5164395856517965,1.927240445746907,3.4109058559018886,4.027402671528622
2015-06-29,700.0,2.253559592719031,4.819258675928402,3.3198350885036976,4.453202208442015,14.783896947787959,1.8891598596377035,2.3948380090296246,6.877844434465176,3.616124741287161,3.2536488442041103,4.326407707800202,1.4350776233592992,2.058600775658139,2.111327814549242,5.892104256003526,3.184965516711452,4.007546570123474,1.8515116203663007,2.1018976801958287,3.241588953307875,5.000490366824233,6.506244258569622,1.9279732605235953,3.406636364063498,4.106510432929545
2015-06-30,500.0,2.406181824089324,5.149600415240551,3.506607291700331,4.495704198690474,15.764669124455809,2.253559592719031,2.382607667517408,4.453202208442015,5.247273425887912,3.4597223508039803,4.522136223320541,3.345749180157302,2.088794615127634,2.0911451836477286,6.011686751311362,3.3076928262823544,4.288995697626956,1.836114178035719,2.1055671849152695,3.2451148226639552,4.988174366314953,6.4793990365224525,1.92871662304979,3.4040676287739635,4.080468951306249
2015-07-01,630.0,2.2110645418875965,4.668122407495955,3.26019019004342,5.865791644315998,19.123596375637675,2.406181824089324,1.8332361574604403,4.495704198690474,7.700910521457012,3.659533578268305,4.977996365758915,0.8839006090635676,2.182967092148686,2.0945129203008594,5.904319718854585,3.457634924425465,4.608846765626548,1.8559551084494863,2.110838070259058,3.2514928148017788,4.9797309940860215,6.455880753321388,1.9254086086438194,3.4070349467315375,4.103450840016274
2015-07-02,399.0,1.999671970283931,4.82491438353391,3.173216179642404,5.875440314957306,18.644042269945786,2.2110645418875965,1.9928105408628043,5.865791644315998,5.958108967879858,3.4601565077533496,4.733019119338269,1.1328151316151602,2.29026865289865,2.148488403790453,5.642159879263011,3.5264708122752118,4.744383902805904,1.9190427571238775,2.116629416824672,3.2553790894832546,4.984307509976259,6.44303001378165,1.9308296489836474,3.4131758085780146,4.240645945922635
2015-07-03,680.0,2.3016200247073817,5.134161811482819,3.413422510491713,4.509354163747207,15.392331010314251,1.999671970283931,2.162978074310544,5.875440314957306,5.569528830527685,3.417401843735392,4.271997860916097,1.869092318873433,2.205639445420284,2.1494686079934713,5.6303500717026465,3.5123639765856822,4.661004448671089,1.9060855616232166,2.1187655640550296,3.257569987046717,4.982111039302503,6.446840519151318,1.9256090975727984,3.4242282763347536,4.361112754243465
2015-07-04,460.0,2.329469489274232,4.458567238670166,3.320653736516052,6.055565728371453,20.10843696263521,2.3016200247073817,2.1236643930261696,4.509354163747207,6.274938870519872,3.6810784858969,4.668191029258217,2.581242296835016,2.17078551229297,2.1692746009073054,5.478896547876864,3.5195456124618807,4.557736003170857,2.085201866188802,2.1246495634672726,3.262483943436051,4.9885846229509605,6.420948300138111,1.9229668230071577,3.4396968088874176,4.502598781164626
2015-07-05,320.0,1.5935293856671726,3.913305816223192,2.761444299353513,6.842594543684212,18.89544369544422,2.329469489274232,1.8891598596377035,6.055565728371453,6.877844434465176,3.532554515089257,5.209188639316753,2.1194581500447307,2.2102538280885144,2.1986753289427425,5.447557527569947,3.54367828157385,4.716459176497018,2.192383082879462,2.135226275529314,3.269543575363964,4.966191863374513,6.410649664547477,1.9196088499130026,3.447977028455858,4.6727052779584275
2015-07-06,520.0,2.1330427591574503,4.549785349080582,3.1830707301569268,3.4444423308423806,10.963903565017883,1.5935293856671726,2.253559592719031,6.842594543684212,4.453202208442015,3.042501874796666,3.725686248288287,1.3979094119258877,2.074872966549595,2.15644240408981,5.442521828886952,3.4187116252609413,4.534355305621081,2.0773702818073505,2.1245828201765145,3.260649965962683,4.90905546036589,6.416787259837517,1.9195465607926454,3.4238300874081444,4.586887926599583
2015-07-07,600.0,2.240935530595696,4.863449296783792,3.3193829021589782,5.2722115396639415,17.500488841325748,2.1330427591574503,2.406181824089324,3.4444423308423806,4.495704198690474,3.462509387577184,4.4321220635494205,1.613307251268731,2.018680544699618,2.1392257135810127,5.298413274944147,3.3458552591543693,4.455665650384815,1.94713565815433,2.1240091646065866,3.2597158099779984,4.8836959999973635,6.4062666884240285,1.9059416227090282,3.418009081193775,4.574028760917995
2015-07-08,590.0,2.372081959740632,4.873243441544186,3.4253063782619955,3.7299885615222257,12.776353610626366,2.240935530595696,2.2110645418875965,5.2722115396639415,5.865791644315998,3.3900985677321493,4.101280369360979,1.6646270321670298,1.989169225140106,2.11561910022478,5.409342895083213,3.2983699433686664,4.086362893732891,1.8942161418921295,2.1267827587426846,3.2616874705412124,4.878105023702812,6.398581988929144,1.8988046011842608,3.4108515821499177,4.448783618575432
2015-07-09,530.0,2.3787816402482718,4.929130343468374,3.440135335717346,3.819714696468749,13.140335499681001,2.372081959740632,1.999671970283931,3.7299885615222257,5.875440314957306,3.562721584454801,4.326407707800202,1.531387822999255,2.248686749831259,2.1386215884894995,5.104228168969818,3.4717765132547114,4.286603380236863,2.0182845497040636,2.1283053220217285,3.2632533526475322,4.861345108041559,6.375265913520093,1.9024554734669308,3.40581984025079,4.3906962740699935
2015-07-10,530.0,2.360465736436149,5.012581683783724,3.4379006331314943,6.25940477307683,21.519211632387133,2.3787816402482718,2.3016200247073817,3.819714696468749,4.509354163747207,3.660003800120245,5.080284747758282,2.052649377323453,2.3305997101948663,2.19278011277012,4.81055308061431,3.5376079841023986,4.502657608306483,2.0814972721715495,2.1336994218461425,3.267567651441011,4.840222729371283,6.356607461027026,1.890549991915403,3.4010111598658725,4.506165829333163
2015-07-11,420.0,1.988859761395296,4.740943704501579,3.1476088301421576,6.574059576382405,20.69256797250187,2.360465736436149,2.329469489274232,6.25940477307683,6.055565728371453,3.659582234436613,5.105342919710584,2.473460200520946,2.370443112141684,2.201186643017086,5.060560310518541,3.6274358730038863,4.837345125089684,1.9819525245461147,2.142171280901375,3.274290529358262,4.818166530413548,6.3526940860988645,1.885643727505773,3.391009245325139,4.568616099397787
2015-07-12,440.0,2.236938954442357,5.400755412622038,3.4230798162467853,6.909402543167476,23.651436387840796,1.988859761395296,1.5935293856671726,6.574059576382405,6.842594543684212,3.497929795021036,4.479484410599111,2.2583446629411017,2.2427023793599052,2.1525281104629523,5.134630860234393,3.605838609859298,4.888370692689321,1.909352172786732,2.143467852004264,3.2764241256073676,4.780522616584998,6.34732983755572,1.8885539029891951,3.3744352883396407,4.464372638152409
2015-07-13,730.0,2.447041323585452,5.628160467871013,3.6096764770196175,5.018629345436489,18.115628295102454,2.236938954442357,2.1330427591574503,6.909402543167476,3.4444423308423806,3.797608855662325,5.341150581743771,1.839522952646626,2.195421484091267,2.2444437631451217,5.144174860160573,3.651706961706658,4.975325970684485,2.1084021690447594,2.1497807795813464,3.2839430587410288,4.789728586073177,6.33962153098386,1.8900185256621937,3.3760121460419152,4.695153257217478
2015-07-14,610.0,2.4822786500258758,5.631208155901478,3.640199631757562,5.05980431779753,18.418697814411892,2.447041323585452,2.240935530595696,5.018629345436489,5.2722115396639415,3.8465146678609368,5.5109963892655855,1.5226068827641046,2.2242800131410347,2.2893007009205504,5.3690587193883035,3.7140177728481,5.110543793869485,2.2936366651190054,2.157366425904605,3.2929363102530034,4.807982821019637,6.309202695141374,1.8908256753113355,3.390255031604242,4.849278160891217
2015-07-15,700.0,2.320412535765925,5.444269166478867,3.4836188544778293,6.040890540616857,21.044160185129652,2.4822786500258758,2.372081959740632,5.05980431779753,3.7299885615222257,3.878484429289877,5.224201176876063,2.918441164126129,2.3887529760178947,2.3237782894105763,5.338714830550244,3.8408693176043798,5.358782715961802,2.4732349279720443,2.1627215774471726,3.3005838085838612,4.826470367053298,6.278086243535053,1.8836501959018097,3.394785849264066,5.009695419107657
2015-07-16,570.0,2.057559584735764,5.090447350481044,3.2630650960073475,7.108718631843025,23.19621164490408,2.320412535765925,2.3787816402482718,6.040890540616857,3.819714696468749,3.894233310021976,5.596295921755792,2.2816563398338743,2.4165775031257506,2.316396943128475,5.66884368470662,3.873077469057596,5.443831162632475,2.458512925452903,2.167033456670639,3.3068378096826163,4.8589289365033865,6.256445841308626,1.8791406101876909,3.414896379902443,5.191108021101313
2015-07-17,650.0,2.074080888179106,5.203965116629322,3.297379781813973,6.463524273834513,21.312694259805763,2.057559584735764,2.360465736436149,7.108718631843025,6.25940477307683,3.822794975908956,5.274481580589529,1.247559769818672,2.2867502568425215,2.27050807805526,6.1387013897600875,3.8651709050736027,5.36499289307379,2.5045332037529073,2.1682361228994504,3.310001430699396,4.869005224895574,6.2542493772949665,1.871766163367782,3.4512390993453663,5.218850425791492
2015-07-18,460.0,2.1359227066709807,5.134767616817776,3.311418887540176,5.443377984485623,18.02530466984607,2.074080888179106,1.988859761395296,6.463524273834513,6.574059576382405,3.830774413997295,6.0630329085120165,1.5618178349498015,2.1506843362269312,2.229595956875682,6.167861318439756,3.8492675666427423,5.644603470285774,2.577953724119136,2.168526066931834,3.3113567089441887,4.878102953734507,6.243823027848589,1.862920481299478,3.470889610101772,5.355663281334552
2015-07-19,340.0,2.126812814129952,5.1271394839845685,3.30496624857993,6.654578620602313,21.993157739612233,2.1359227066709807,2.236938954442357,5.443377984485623,6.909402543167476,3.910218118087902,6.110039685287131,1.887908049105698,2.0891877265286163,2.250604949057923,6.006335376740217,3.854595835998051,5.815851391462886,2.6332935603599887,2.170201832181692,3.31391326914118,4.868477560905147,6.242763730665556,1.862387216265109,3.471571561968239,5.588599749147127
2015-07-20,550.0,2.3515328190688645,5.034760991248618,3.434168260865655,4.7379020023219685,16.27075267946594,2.126812814129952,2.447041323585452,6.654578620602313,5.018629345436489,3.8672638194712663,6.07653570018047,2.7080018073301635,2.112272136326679,2.2348726432990076,5.969931959230907,3.8694187838521543,6.083202764659867,2.5687298464572463,2.170854133521327,3.316048975562592,4.8901423140408955,6.236946586441157,1.866730329139175,3.502621924310498,5.693654766066656
2015-07-21,580.0,2.1535471590648982,4.508088518338005,3.1881311961683743,5.900317787063328,18.81098720424374,2.3515328190688645,2.4822786500258758,4.7379020023219685,5.05980431779753,3.642423184401101,4.37570062145451,1.965095940036509,2.2047561132899323,2.22122857122521,5.92982805307169,3.8066350406534233,5.5207586689740324,2.538847031473739,2.1794834310245763,3.3228561784266195,4.909719301738888,6.219554439242033,1.8750924243121787,3.527634387929582,5.531469656379358
2015-07-22,600.0,1.81395612490442,4.636267760945853,3.049969256013961,5.374260820799232,16.391330277238012,2.1535471590648982,2.320412535765925,5.900317787063328,6.040890540616857,3.7267596816129056,4.412069318262482,2.221627930748084,2.210630930754571,2.174266929659356,6.049901405823946,3.745482228495091,4.954768546632482,2.323061519574472,2.179202612509142,3.3206650380153486,4.900324316818097,6.204256115140447,1.8797189474522578,3.5444884225977233,5.415450819434561
2015-07-23,520.0,2.153843728663964,4.740163351787085,3.236272660630536,5.038675758657815,16.30652860352611,1.81395612490442,2.057559584735764,5.374260820799232,7.108718631843025,3.0623149182052165,3.570675365431219,1.773453877518195,2.1063453676793937,2.101916013821998,5.954668588707143,3.4771659280730742,4.119481768382732,2.206288786894347,2.1726604770872173,3.3162633517429914,4.874586214498972,6.194528538787746,1.876728217579472,3.5295836360797934,5.126076454245337
2015-07-24,380.0,2.300704547455081,4.954489728297061,3.380105575756052,4.984583601604199,16.848418824604536,2.153843728663964,2.074080888179106,5.038675758657815,6.463524273834513,3.3547835381903752,3.8838318762322266,2.640909743624864,2.040449004211094,2.1156708915260265,5.658948178252112,3.3812860460028324,3.9555255199753048,2.071016824097966,2.171175398691354,3.3140918762708194,4.867943881245804,6.186594116582303,1.8833114710473686,3.523127323053696,4.9274122107657226
2015-07-25,350.0,1.925023442085684,4.802048680290334,3.135681762152172,5.4995319748419895,17.244782113884742,2.300704547455081,2.1359227066709807,4.984583601604199,5.443377984485623,3.3688642795772687,4.271997860916097,2.858459307469522,2.089501467007821,2.148045699994023,5.447670939362069,3.2619875786576205,3.908835034193176,2.0123007138811237,2.1704085320396973,3.310820620156063,4.884653667886971,6.174648000294112,1.8812325730469148,3.532392903337484,4.671550061109163
2015-07-26,300.0,1.3899741817895088,4.010269815922751,2.7359845877780096,6.393820896574046,17.493395430039566,1.925023442085684,2.126812814129952,5.4995319748419895,6.654578620602313,3.276395031020355,4.271997860916097,3.145095889076974,2.126523906068243,2.117917233624695,5.455692937984407,3.333347616262666,4.142609199354802,1.9687857705855643,2.168339259764588,3.307557427292159,4.890548884606528,6.164143108797433,1.8691610533713332,3.544004143304266,4.408972657627586
2015-07-27,510.0,2.0254545294275026,4.6934946827598685,3.1537271329621848,5.001635072417973,15.773792237059844,1.3899741817895088,2.3515328190688645,6.393820896574046,4.7379020023219685,2.9727314880930926,3.661608881520988,2.604947789696173,1.8719007237767575,2.0126545718617743,5.418441834551797,3.2059969328969053,4.068534867784389,1.8354840005618787,2.156001944195428,3.296082337184883,4.871899299770769,6.150814001336404,1.8702993462156636,3.540043845504327,4.063983112104803
2015-07-28,490.0,1.8923193670635683,4.609464681477781,3.0722282890961496,6.281141127338467,19.297099459214518,2.0254545294275026,2.1535471590648982,5.001635072417973,5.900317787063328,3.3681947574751443,4.941971201772382,2.2872378881365414,1.7801507177675646,1.9660719590558655,5.4561179874226555,3.2057737588628643,4.2918593147364845,1.7247510184450727,2.1546565954088113,3.2939479808255236,4.87998897466366,6.119220561565504,1.8736573065038153,3.5453267612921997,4.1448789092930705
2015-07-29,460.0,1.8907427913218784,4.825614039818491,3.1289437567961804,5.844606656234692,18.28744550795494,1.8923193670635683,1.81395612490442,6.281141127338467,5.374260820799232,3.324790705288539,4.4715867045518,2.735571573311684,1.7692493594268595,1.9287537030556756,5.5105213217476745,3.221905650285592,4.358388929281719,1.7335829065548491,2.1514569441980766,3.290712610732005,4.886227518319689,6.108273051021913,1.8800035298401523,3.5476981566616805,4.153381393048687
2015-07-30,270.0,2.016622446213145,4.967431707129295,3.215348424329561,6.582616102967158,21.165404314641847,1.8907427913218784,2.153843728663964,5.844606656234692,5.038675758657815,3.4014920297593334,4.90876051627856,2.1608327312041613,1.9361722292709826,1.939723226829598,5.5777135839527405,3.364825830841006,4.774106140867576,1.7186206409431957,2.1481937957199766,3.287872390530587,4.886439363782693,6.099374378947755,1.8794281032365727,3.5457571459601924,4.344536414598307
2015-07-31,370.0,2.0813415841542886,5.352733924987435,3.3352409473996456,6.568742617576661,21.90833935107081,2.016622446213145,2.300704547455081,6.582616102967158,4.984583601604199,3.3527153907526923,4.110282792815526,2.1889637463056686,1.9332282015328637,1.9201201864794812,5.798276490282647,3.359666041933522,4.496876671215291,1.7513794761365769,2.144831472633797,3.284579497597584,4.880367073512318,6.098482865202087,1.8796516893571122,3.535529873043005,4.376886545538779
2015-08-01,360.0,2.0709261307731364,5.4757086726409225,3.3599024308472742,6.597487853469599,22.16691547635787,2.0813415841542886,1.925023442085684,6.568742617576661,5.4995319748419895,3.773481806072155,5.789700854351903,2.6492796025849694,1.9962356072297702,1.8887826202936537,6.0245849211358555,3.509229742194727,4.936248054481992,1.678843842818504,2.1459640343470077,3.2883527771505046,4.903187457428701,6.09870708631771,1.8745106369944449,3.545974049653632,4.593701258886751
2015-08-02,350.0,2.1947445387248843,5.243963136031928,3.366604445828689,6.364703426972156,21.427438853625553,2.0709261307731364,1.3899741817895088,6.597487853469599,6.393820896574046,3.9383859179156384,6.278734002988561,1.6345973057821028,2.0562967203801894,1.9096258615347181,6.1814357609398,3.688194371580162,5.392905883385325,1.8147124839640196,2.1452451010723257,3.2902570844693853,4.924880600398934,6.099267810216625,1.8752845382833179,3.56334018545964,4.880377850611389
2015-08-03,460.0,2.3553430740953747,5.210870359236512,3.467147593971536,5.471170504476553,18.969355650803916,2.1947445387248843,2.0254545294275026,6.364703426972156,5.001635072417973,3.69813455981136,6.136587298687918,1.7875386609353012,2.115670751217436,2.024593055382629,6.177276122425245,3.803334094599718,6.068340718676123,2.126066165516671,2.145907632525285,3.2917060438062817,4.928540644550571,6.094116430674754,1.8750149723618783,3.5639087212567886,5.23394619592095
2015-08-04,530.0,2.362666235386928,5.628507002064441,3.5459789059496085,7.366317445581424,26.12080627656033,2.3553430740953747,1.8923193670635683,5.471170504476553,6.281141127338467,3.743775094381884,5.80197994990247,1.3403341485618747,2.2070045811977983,2.071719990335182,6.244352612719326,3.7934318573696273,6.0724337505263115,2.1990691670102764,2.150522575276969,3.2947896493939615,4.953617415236115,6.077051485695656,1.8873251733492724,3.5709494072332095,5.356804588510962
2015-08-05,560.0,2.2300682411514323,5.786138868040558,3.4992477824005057,6.728306002321993,23.544009857937247,2.362666235386928,1.8907427913218784,7.366317445581424,5.844606656234692,3.9729602359433343,6.001535405716198,2.324558801793788,2.3042512827357284,2.1389124000956623,6.3993778010397495,3.804956630045526,5.98003421810219,2.34006809704375,2.152935305058688,3.2962275606999993,5.010790788097491,6.070370446980948,1.8905197659319446,3.6019646859380985,5.5753686886773055
2015-08-06,310.0,2.0939579989693877,5.689600322508535,3.419007994757051,6.622731524306948,22.643172028735005,2.2300682411514323,2.016622446213145,6.728306002321993,6.582616102967158,3.960188838005133,6.105610951365717,1.8562281281352448,2.3160258502112447,2.1873874643570272,6.525620564766506,3.8923080561101173,5.969708768994789,2.433193646821757,2.15478124557882,3.2988406077918575,5.052002572062824,6.066839394500436,1.8912703540577374,3.6185540009523636,5.746347322261185
2015-08-07,450.0,2.197508911692424,5.376816199055376,3.3949930623348656,5.905280211534847,20.048385349304173,2.0939579989693877,2.0813415841542886,6.622731524306948,6.568742617576661,3.927458031102154,6.038143111766924,1.2558513561398694,2.2288974918359155,2.198435400465062,6.531351339243619,3.95353570168354,6.048429822949608,2.6146700700620444,2.1515759428116437,3.2994356799971007,5.079540939586981,6.074396247679435,1.893709972963433,3.636465983064697,6.021755939254242
2015-08-08,208.0,1.8060968204802947,4.671297403158859,3.0570603074492277,6.5242540390727,19.945038058564453,2.197508911692424,2.0709261307731364,5.905280211534847,6.597487853469599,3.774074048553904,4.541282523318522,1.874148727767328,2.1738450506044145,2.2150307329705092,6.43657099552336,3.8872403058870635,5.561678862150383,2.6937978612107343,2.1487577251871004,3.297612823867687,5.096326698170687,6.090598237187183,1.8906039630211853,3.643511065201334,5.84341046339233
2015-08-09,310.0,1.7020765667111857,3.8263821155018567,2.773655249228915,7.429795558955631,20.607691452794967,1.8060968204802947,2.1947445387248843,6.5242540390727,6.364703426972156,3.554744016557206,3.762336035946359,1.6964205225505378,2.032521243714035,2.1771979743572465,6.426109022038088,3.752092032071088,4.780587223677263,2.498182880134022,2.139262972100101,3.2895028393039545,5.087732266827037,6.106206894657159,1.890683768280716,3.640002405749232,5.483925039529159
2015-08-10,430.0,1.9814823275705504,4.416475936985737,3.0647603129604124,7.266046251595129,22.26869018402352,1.7020765667111857,2.3553430740953747,7.429795558955631,5.471170504476553,3.2548936413998844,3.169926178907204,1.6828028016537275,1.9018940996279678,2.106816835498147,6.578265040892871,3.5279039021703316,3.824514912724023,2.1748766508388933,2.1271612548099985,3.2756962716821025,5.048192281217641,6.11760966594123,1.8926722829148839,3.6265127859813413,5.060116308131913
2015-08-11,590.0,1.951106572976035,4.663377827745185,3.1113017313876066,7.262072549289123,22.59449889606566,1.9814823275705504,2.362666235386928,7.266046251595129,7.366317445581424,3.390570814843344,3.255114215408517,1.5696459949155408,1.82988523825401,2.053408157423172,6.83467586190981,3.4000694909334777,3.395792143420689,2.06214298521481,2.120002849599659,3.266405961647377,5.037376688967114,6.12038368945498,1.8901016536011772,3.622934153308752,4.696278346061349
2015-08-12,490.0,1.9371580872455327,4.732918259418951,3.122940645056503,7.071856320747351,22.08498754006164,1.951106572976035,2.2300682411514323,7.262072549289123,6.728306002321993,3.4091994215532635,3.736286255422216,1.81680936856728,1.8782218224192568,1.9946139199359014,6.819783733868053,3.3515546259321645,3.387108883245974,1.9554904242093158,2.1150097329164765,3.2619863069018433,5.012797436137886,6.1165589572010175,1.8946147707987049,3.6099871721717833,4.3726713245907805
2015-08-13,380.0,2.0555523499406343,4.998067021975975,3.24042442860988,6.402331257514212,20.746270606901664,1.9371580872455327,2.0939579989693877,7.071856320747351,6.622731524306948,3.45432809497415,3.3864988405996144,2.8073086161538545,1.956582329264039,1.9527696122350586,6.868862350785961,3.4180327771235857,3.4592997704767776,1.8888812189297823,2.1121412298885365,3.2592741952415833,4.9829560291894825,6.105898482235499,1.892902396663032,3.59691428640889,3.984226737338479
2015-08-14,460.0,2.001475034074658,4.908566295214065,3.194373356149467,5.70980079474791,18.239235527663773,2.0555523499406343,2.197508911692424,6.402331257514212,5.905280211534847,3.5340865843280747,3.949567941407332,3.435327127008427,1.9812723367207337,1.9472830909452365,6.8373765983869985,3.4658713669518293,3.6907843458097163,1.8234882757643678,2.105857135886638,3.254747962883035,4.961851324725299,6.092039289290256,1.8965976449775133,3.585434358243497,3.685858855858538
2015-08-15,310.0,1.7077142755861798,4.667691527548846,3.025641339257969,7.288254909988454,22.051645346710934,2.001475034074658,1.8060968204802947,5.70980079474791,6.5242540390727,3.545291409328567,3.844039208790498,2.3851697382225687,1.998061823753608,1.919278251285556,6.809450967417436,3.511235362876931,3.726701996932477,1.7784941334863331,2.106351049701873,3.2567708455540987,4.943994562349807,6.096032557100255,1.891614288527441,3.573802961553717,3.5862526680688203
2015-08-16,200.0,2.0170601494169698,4.867029392029039,3.19133784809329,7.298409004810774,23.29168888791751,1.7077142755861798,1.7020765667111857,7.288254909988454,7.429795558955631,3.470528823319676,3.617964595165669,2.6834130327848507,1.9215805532004904,1.9052236020149682,6.91859394897683,3.5166356056587724,3.803857248454495,1.8753292569436362,2.1020663187761457,3.2547203799627358,4.929902701585401,6.0994394869160224,1.8849460642969373,3.562060756467407,3.5656281765287217
2015-08-17,439.0,1.818926861682293,4.964484434791585,3.142393067548848,7.217135768557801,22.679077406674864,2.0170601494169698,1.9814823275705504,7.298409004810774,7.266046251595129,3.627700887491028,3.971174840279617,2.3346816500997787,1.908749819692602,1.9502212566872228,6.89982444124185,3.5478403733797568,3.8110595480785903,2.095695800034393,2.1009488819971507,3.253929088973245,4.91867151076539,6.105366794184376,1.8801634860430347,3.5552916389171982,3.6800922710104946
2015-08-18,540.0,2.0806308194041256,4.76226493525479,3.199054093515941,6.42627796376362,20.558010826049294,1.818926861682293,1.951106572976035,7.217135768557801,7.262072549289123,3.655859806589009,4.379799134530988,2.839980957597553,1.847900428895147,1.9269990472746146,6.892837229379375,3.5846965057999043,3.9896461899920865,2.1449895470504985,2.0900076205316505,3.2462481814605817,4.912995404697851,6.115715945945508,1.8817836390322118,3.546813028533902,3.840761545170848
2015-08-19,380.0,2.075986558683212,4.948083653332992,3.2386519635264963,6.433836261782948,20.836956442231315,2.0806308194041256,1.9371580872455327,6.42627796376362,7.071856320747351,3.569211361847173,3.3864988405996144,2.370703906608109,1.9722059435011292,1.9455025110500561,6.773438002875731,3.61759068530907,3.9124909384700683,2.1602470104206937,2.093245834349534,3.248982509657469,4.900832919740192,6.130155758636743,1.8876814936398254,3.5368779466130986,3.7907919144819044
2015-08-20,468.0,1.40948018238815,3.580452863762607,2.592837702409607,8.972276423002606,23.263656586001968,2.075986558683212,2.0555523499406343,6.433836261782948,6.402331257514212,3.765144858396534,3.816295137416084,1.4380037486168713,1.9918480799232097,1.9653351498268674,6.682292280166531,3.663405342277572,3.8608643708488906,2.2670945340687068,2.098546211322106,3.253334636453418,4.897943675143003,6.126475382906215,1.8899555693784036,3.540968669079613,3.852191385455686
2015-08-21,410.0,1.7335800601225897,4.2437105447924965,2.9101438104161206,7.553713744185908,21.982393298297797,1.40948018238815,2.001475034074658,8.972276423002606,5.70980079474791,3.195791459313534,3.3373786706838358,1.1721835219425225,1.855365853491829,1.8730391258907984,7.049427303807731,3.510049226519081,3.51339088289984,2.109705625121205,2.0879105138958076,3.2434184392936674,4.867022486657158,6.146025491503226,1.8898750639715354,3.523269728336301,3.7647357753523294
2015-08-22,330.0,1.7133897760568555,4.412151607599839,2.952415206347882,7.782123045579684,22.976058417439752,1.7335800601225897,1.7077142755861798,7.553713744185908,7.288254909988454,3.109205179015954,3.31234489695649,1.596034078853984,1.7396822670646503,1.834768415326217,7.312843439441729,3.3567138322420074,3.488672901685465,1.9739693145475885,2.0768895480806906,3.233061662746316,4.853937246118712,6.1610330997741105,1.8964392315157068,3.524832737029992,3.6887794450903284
2015-08-23,259.0,1.723927758997259,4.724599934223226,3.04682524981312,8.282056750498695,25.233979627804626,1.7133897760568555,2.0170601494169698,7.782123045579684,7.298409004810774,3.3876430493430845,3.4046714147098056,1.936845105746393,1.6188166728558648,1.8355792011077423,7.383396030240477,3.230879895890858,3.351464994116706,1.925559950072566,2.065735916556348,3.224848720620256,4.84300352131247,6.171045845396944,1.9053991734795268,3.525928054068416,3.658308990739491
2015-08-24,409.0,1.846133956470691,4.3820546141631525,2.992720566664652,8.48833162843238,25.40320464107964,1.723927758997259,1.818926861682293,8.282056750498695,7.217135768557801,3.54028029349408,4.61295364030807,1.8684172131430432,1.7236325317255676,1.7937031453334977,7.523917136767324,3.3457095072843726,3.776656650658117,1.8226318390390486,2.0639141099152947,3.225516347572484,4.835340528176675,6.180406323463129,1.9008403214767948,3.5316419211989762,3.7499916764578414
2015-08-25,430.0,2.0908513847452097,4.696684517610041,3.189416032636865,5.587413375052047,17.820585799360654,1.846133956470691,2.0806308194041256,8.48833162843238,6.42627796376362,3.485596569488106,4.813642280153405,2.3822303554396536,1.7611504971749348,1.7975898731604119,7.705516545320834,3.4711733041084236,4.277089111723756,1.754437547782644,2.061469500175426,3.2233787786801136,4.821340725972436,6.193026657968719,1.9016397909043876,3.538615305814568,3.811969268689615
2015-08-26,380.0,2.10889062923103,4.7914620447495215,3.220770795416934,5.701405514279535,18.36292037322059,2.0908513847452097,2.075986558683212,5.587413375052047,6.433836261782948,3.438885749509584,3.951990808516692,2.0557449106618644,1.886971033404386,1.7990499539234237,7.585678746933468,3.488254204163923,4.459528909659384,1.6621283412838257,2.0602673886826706,3.2230812842362835,4.8442212160286795,6.184849625748962,1.9063727309016565,3.554153781195118,3.892753835534912
2015-08-27,370.0,1.9637600726638296,4.652283077966494,3.1140472156053294,7.019260836654829,21.858309663992504,2.10889062923103,1.40948018238815,5.701405514279535,8.972276423002606,3.442968681674989,4.254968336104175,2.1158496128179918,2.0152919901489765,1.803750535430255,7.481045783004409,3.455817000224226,4.340200474924752,1.4662569303627067,2.060021159286085,3.2241607978327527,4.847486794761668,6.1727884968328475,1.9117919482007673,3.556646245335112,3.955421435347496
2015-08-28,400.0,1.8548753596541576,4.587411983741662,3.051693510362238,7.876575199093703,24.036893418954406,1.9637600726638296,1.7335800601225897,7.019260836654829,7.553713744185908,3.351066587762647,3.4227028696074897,2.714749323577822,2.054500695546689,1.8829333768982093,7.2020435563832965,3.4109736729824065,3.876554004742781,1.497739550468172,2.0612644961698536,3.2256938981232723,4.848914074644625,6.172508852457787,1.9146429956657836,3.557522108084249,3.967610606622304
2015-08-29,400.0,1.8714654377022104,4.591103761184024,3.058733846353932,8.505439649626023,26.015876134431846,1.8548753596541576,1.7133897760568555,7.876575199093703,7.782123045579684,3.205113083265989,3.6832009455572927,1.94109030796672,1.9758420205163387,1.9002612768312903,7.2481666213701255,3.3330494509012083,3.7869573837563144,1.5522970896486779,2.054619758952106,3.2212248718209144,4.840974006108731,6.186567973515956,1.907262283789573,3.550976143201138,4.020590042136704
2015-08-30,290.0,1.9665120748564144,4.960407719552154,3.192402716391439,8.440464565253528,26.945362005721048,1.8714654377022104,1.723927758997259,8.505439649626023,8.282056750498695,3.495755052263785,3.823837713545354,2.043647349337761,1.8967002900067322,1.9228435142091982,7.351497564805316,3.3506449077641403,3.6432471762367076,1.5471634912841778,2.0457078191789875,3.2137603143984745,4.828429741243888,6.20325102509873,1.901398708212963,3.555744131918174,4.080470941970354
2015-08-31,360.0,2.4359411853716715,5.831866997553137,3.633922263909872,8.2484658017608,29.974283520117762,1.9665120748564144,1.846133956470691,8.440464565253528,8.48833162843238,3.6346187097013622,4.733019119338269,2.6163498786791344,1.897617624070927,1.9574984164747917,7.374127252627434,3.445162281743712,4.0800192594803,1.6717469491163404,2.0416319447284677,3.2126305231709416,4.815352201062712,6.21796497855381,1.8958084313550914,3.551115362039148,4.097623153260382
2015-09-01,300.0,2.3826160578189866,5.601211968373508,3.555321496555424,9.284143203980587,33.00811391021113,2.4359411853716715,2.0908513847452097,8.2484658017608,5.587413375052047,3.912824092121616,6.43696604653282,1.2805079928071397,2.0913062326434315,2.041756592032075,7.339860705960066,3.6810659513622546,4.997940959805476,1.9738682824583496,2.0489030983132634,3.2203089579087325,4.827224145226453,6.225966657121795,1.8971833057462915,3.550263301179347,4.329526548457443
2015-09-02,400.0,1.6178694915943292,4.083005624295799,2.8223046379563423,8.359650985782688,23.59348174887079,2.3826160578189866,2.10889062923103,9.284143203980587,5.701405514279535,4.14948801210253,6.674666670227933,1.10559073664655,2.2616897726823573,2.0834372596140427,7.867964967235571,3.8989769379751693,5.948217278699669,2.2299606264171685,2.050253032198457,3.2226739410097944,4.839132439637838,6.234755419260257,1.8954457396737219,3.5653084162557196,4.718480242987619
2015-09-03,350.0,1.8049426093623957,4.420851826022702,2.986928710639847,7.077446759310827,21.13982892341045,1.6178694915943292,1.9637600726638296,8.359650985782688,7.019260836654829,3.390795599905048,3.6013735405715543,1.7769840614928356,2.1454755782616624,2.0132913828088,8.247714320307452,3.817702568043065,5.5710020857774305,2.2082937298995673,2.038393032237125,3.2143681227004657,4.801536948473148,6.239209968656154,1.8941862680838566,3.5535424331064918,4.6251095579115304
2015-09-04,380.0,1.9869941575929215,4.725910033559205,3.143076647955552,6.376916430623463,20.043137119056677,1.8049426093623957,1.8548753596541576,7.077446759310827,7.876575199093703,3.508191976286323,3.751974689905526,1.9942525463431988,1.9351427195919033,1.990603173765738,8.256026594972594,3.682825196097967,4.676004966901666,2.329777601818935,2.041916585965379,3.2181261962219048,4.761281775938424,6.243690495345333,1.8964818675170148,3.538050157784591,4.672148389382678
2015-09-05,330.0,1.7106170164693173,4.210501730137827,2.89210808200913,7.237116001141583,20.93052167733917,1.9869941575929215,1.8714654377022104,6.376916430623463,8.505439649626023,3.728744076221689,5.3640384236184016,1.463730269171888,1.8032687528498819,2.0094772877569897,8.041789628048274,3.54257721747102,4.239128884698489,2.5198534804949815,2.03948244260597,3.2174596281852152,4.725940814789045,6.2426854294054,1.9004902639410606,3.530335332391809,4.912268029105694
2015-09-06,240.0,1.7832662796356846,4.460235379864455,2.9898401640210603,6.044280434168739,18.071432404684348,1.7106170164693173,1.9665120748564144,7.237116001141583,8.440464565253528,2.8452832398452323,3.010483356759055,1.3974829038460332,1.8341845944748776,1.9864989418665766,7.86060053540764,3.360739764117748,4.042165490094323,2.4634860789562274,2.0306438007038636,3.210338381182718,4.676637528376688,6.250959612480301,1.9083926222257326,3.4942628393499127,4.796074549564794
2015-09-07,300.0,2.039609664499085,4.773408557369352,3.179732303568994,5.6452243371533,17.95030218574021,1.7832662796356846,2.4359411853716715,6.044280434168739,8.2484658017608,2.977753109281138,3.741443262160628,1.2452500022312996,1.8269591512326404,1.9603209711207583,7.518288516681241,3.1839268084493533,4.038655014179357,2.2849183322674054,2.020830206035448,3.203080610945369,4.646084834403657,6.250658480371407,1.9107936080225427,3.46771880804082,4.654420855682274
2015-09-08,400.0,2.187872025657531,5.38937688766233,3.393808966973334,5.761434586430159,19.553208362056974,2.039609664499085,2.3826160578189866,5.6452243371533,9.284143203980587,3.206796817945096,4.653542116571534,1.5008863335453984,1.8444976535346953,1.9037021824246743,7.14639687888017,3.009944389023822,3.8018229118304006,2.079037355239079,2.0151773397729618,3.1987405604095627,4.6494885395440075,6.244319862568715,1.911029858058887,3.456120568087083,4.399646008544948
2015-09-09,548.0,1.8554252303696408,4.587411983741662,3.051602887451165,8.166649444115919,24.92137102446559,2.187872025657531,1.6178694915943292,5.761434586430159,8.359650985782688,3.434014944829081,4.759538548820702,1.4874935109100924,2.003582656597433,1.8758816064016093,6.64315279065868,3.206188290685105,4.384841309184282,2.0002692788450624,2.0123007779266513,3.1980056993069272,4.7015883652826895,6.230036891055168,1.918233765922951,3.4620912782013895,4.126056276915343
2015-09-10,290.0,2.200795710562275,5.294577998548649,3.381201761460714,5.861294397875238,19.81821894253557,1.8554252303696408,1.8049426093623957,8.166649444115919,7.077446759310827,3.056768501459376,3.966364009512576,1.7410488729413365,2.0276356401754185,1.909818140512368,6.615581141849141,3.2325267547445176,4.459814891634932,2.135147488150119,2.0100768690762236,3.1964056002620773,4.7072862335078876,6.229275897664457,1.9184873225350516,3.450964534421924,4.178197772478346
2015-09-11,340.0,2.127924910109772,5.051910210795723,3.288862618710675,5.836913681432408,19.196807215503956,2.200795710562275,1.9869941575929215,5.861294397875238,6.376916430623463,3.4381219308773496,4.387879736063308,2.866336751168335,2.0813643221964817,1.9663685835409221,6.4418450902154865,3.309635125721936,4.3712607647988575,2.1608734403091594,2.009474481678222,3.1957076326823093,4.728326239201336,6.214067510759781,1.917022377553016,3.45192861806606,4.269041350500887
2015-09-12,410.0,1.4757333132867878,4.338839313812636,2.8655152891783,8.172109539665891,23.41730483075245,2.127924910109772,1.7106170164693173,5.836913681432408,7.237116001141583,3.2714801599221914,4.301406464934273,3.578579602565952,2.0613819503472293,1.9865015481861865,6.364701840331049,3.2554568640863053,4.218550070170047,2.059097512924148,2.004155874786961,3.190360735043827,4.738959304247229,6.196327666557515,1.915203207103861,3.445833686897662,4.117236784974582
2015-09-13,150.0,1.5513467245469224,4.079770146808911,2.800924065996186,7.869308173588349,22.0413346461441,1.4757333132867878,1.7832662796356846,8.172109539665891,6.044280434168739,2.708297035811837,3.2161460545055727,3.190129311557767,1.9348179779862782,1.9529467334458253,6.498272345834522,3.139299708870459,3.9684774185010467,2.1202455847618853,1.9873801191746425,3.1774493293341726,4.716985047308452,6.196169218988267,1.9122694628378618,3.418307368613787,4.146617170366942
2015-09-14,320.0,2.034298524012171,4.76442637211228,3.174803453668521,5.5075318302916445,17.485331075999223,1.5513467245469224,2.039609664499085,7.869308173588349,5.6452243371533,2.432340966722687,2.4378213493364203,1.0935817266080885,1.7183349826478274,1.919815368433145,6.758990594323038,2.804039387485572,3.3184579562587504,2.0503941909855232,1.974562355654326,3.166071082859479,4.689358509028279,6.194496298981854,1.9086966256297588,3.3812090205269243,3.9603854685349122
2015-09-15,360.0,2.124463713175514,4.759121747954508,3.222689995412752,6.690899867485527,21.562696063254116,2.034298524012171,2.187872025657531,5.5075318302916445,5.761434586430159,3.0510503155563145,3.1932337603912067,2.351273436980975,1.68712618728196,1.9190566340778716,6.739320236199944,2.730562772696946,2.9490670547443947,1.9678299911646313,1.974174671308933,3.1646000554871647,4.6925830038470595,6.179981498160256,1.9061126401672743,3.367226403601479,3.7517699890805796
2015-09-23,470.0,1.8407963434366448,5.072177636467675,3.178376882852838,10.515843491375932,33.42331385668774,1.850528471259216,2.332190021006993,8.547707515651735,6.432476466598106,3.925472177952842,5.697084295107735,2.10559316994734,1.615297977065474,1.943245209249633,8.68160897772452,3.7118834298680023,4.700432835794543,2.5063754766401134,1.9511209944720274,3.1583554640575024,4.809776737242192,6.25555694626506,1.9279275177621384,3.430700450054864,4.752483633464914
2015-09-24,338.0,2.071346915005744,5.6682486230617855,3.4055761722023856,9.301975153087875,31.67858493577471,1.8407963434366448,2.308103777320793,10.515843491375932,8.150826679927139,3.9493836929104233,5.767436833572002,1.7745135650342194,1.756981894676213,1.873046112453869,9.264947124121353,3.8162538818557667,5.119390667176893,2.376300272236396,1.9497172094945434,3.1590670494025135,4.832780837985677,6.285179553047822,1.9363725252221213,3.446160020835608,5.038926604554292
2015-09-25,360.0,1.972246950547039,5.216337248058256,3.2592775924853337,9.919980023307186,32.33196860786725,2.071346915005744,2.3494071333162245,9.301975153087875,8.041208998054215,4.177483695256325,6.398631814828736,1.1274027679120433,1.9208905765672013,1.839223703551719,9.42939690600146,4.017446522039863,5.954384314502819,2.4413935177619615,1.9610734217148142,3.1702269091429196,4.865166308167401,6.314653763226387,1.9487651586379249,3.4707799523604996,5.27007349114819
2015-09-26,400.0,1.3534406943916502,4.6899802374951305,2.959315034620346,10.14485855566538,30.021832447877404,1.972246950547039,1.7671216019069966,9.919980023307186,10.521296335073194,4.209726909627115,6.069791604535989,1.5594633646214255,1.9614634029964755,1.7853436774418354,9.697792766751883,4.112198099264622,6.078620084312237,2.344779551680103,1.960186628733473,3.171986083468305,4.879328814944359,6.341317154456351,1.9431485807436872,3.4963385599589034,5.3537866446599915
2015-09-27,339.0,1.388638699982501,4.25830255371786,2.820412091413365,10.28032122607613,28.994742289638584,1.3534406943916502,1.4157445906044277,10.14485855566538,10.04725302613096,3.7453828077058895,4.912123520988357,1.7731005277237393,1.7990115199814776,1.7262464049396429,9.644015941122195,4.044197804196443,5.793515646784354,2.266057733397651,1.951205317522274,3.1701041958937086,4.880585386928646,6.371062687462539,1.944616312158709,3.509482433957012,5.321326040186961
2015-09-28,459.0,1.5696500814626342,4.824864399236684,3.03976176839771,10.132198458259294,30.79946950323482,1.388638699982501,1.5796208693327798,10.28032122607613,9.030493822636297,3.649201903027985,4.49502278355182,2.937624793556984,1.5714421149737297,1.7223741348507962,9.677311398257219,3.868103873453663,5.158979303025383,2.338536782217379,1.9428369159999515,3.164962001470662,4.869615072594521,6.404750914232339,1.950604189343367,3.524285394615745,5.319105960776513
2015-09-29,327.0,1.9105539192149383,4.702096103276594,3.1039387652413244,8.83222892663704,27.41469774887448,1.5696500814626342,1.850528471259216,10.132198458259294,8.547707515651735,3.52786497456733,4.229262782519816,2.724257091917086,1.4372431586122616,1.7209497365836328,9.83469777477479,3.640816561767068,4.545469695686659,2.337453850195996,1.9353873765874428,3.162035557205131,4.877407093862942,6.429946071649697,1.955071598042017,3.5253557253591965,5.367050519300636
2015-09-30,399.0,2.1515691932151104,5.55955333702706,3.413152451058828,4.637007174769384,15.826812404141494,1.9105539192149383,1.8407963434366448,8.83222892663704,10.515843491375932,3.2013968907808628,3.186553480261152,3.223402434678937,1.622947566886691,1.7295248005773074,9.875343690629833,3.4594879227920594,3.9702796821109243,2.248354368874873,1.9325409155051205,3.158180520835826,4.8687967066537565,6.439830255260358,1.9556767634938346,3.5109149980618466,5.008403260036839
2015-10-01,430.0,1.512513835676564,4.362343606356243,2.881543627018739,8.975719212210233,25.863926493854052,2.1515691932151104,2.071346915005744,4.637007174769384,9.301975153087875,3.877988470309216,5.137797455731664,2.5038551143894296,1.8772577312975607,1.7739209219742311,9.035509931114612,3.5357501118858026,4.184537906170872,2.3153731136445566,1.93388496654582,3.159068021172685,4.8597195846362204,6.427897749917645,1.9606028253808143,3.5097538106681,4.91845477748822
2015-10-02,409.0,2.0244472515434024,5.061553093203035,3.241368185656929,8.22809819233358,26.670295709091352,1.512513835676564,1.972246950547039,8.975719212210233,9.919980023307186,3.544806590465619,4.736604117956354,1.893253321463975,1.8582123160355373,1.6940876249272054,8.988901939560664,3.5413973171852327,4.353651684649718,2.0741224519021286,1.922514454828348,3.150983674192519,4.818423972568979,6.449654563909598,1.9652018596674596,3.4895977632802024,4.681022249363593
2015-10-03,279.0,1.6830523632719978,4.597074977601506,2.9977275441136766,8.848469970376911,26.525302153461595,2.0244472515434024,1.3534406943916502,8.22809819233358,10.14485855566538,3.6964774376114073,4.810240030190412,2.1031729190912607,1.8961767601450255,1.7015448107838285,8.747204535135863,3.706424166128747,4.894880534626139,2.0129442326953257,1.9169995244524818,3.1472206840539423,4.851042221532554,6.462697351279626,1.9641917454623523,3.4997871578704145,4.501086310171368
2015-10-04,378.0,1.2081735786407442,3.9097771844640272,2.6628421113675547,8.60814753036812,22.922137744728847,1.6830523632719978,1.388638699982501,8.848469970376911,10.28032122607613,3.656104152461623,4.307729522106945,2.159062661383121,1.7400044834973212,1.7486321920524497,8.562006165808938,3.632462726846216,4.618191223417899,2.000744484431986,1.9056726265838997,3.138083161356677,4.856916326585179,6.494191847219045,1.9567806650166248,3.5047175637429246,4.414744310331166
2015-10-05,338.0,1.8051648251796584,3.983096737337351,2.8667143040432848,7.498308440717379,21.49550806313301,1.2081735786407442,1.5696500814626342,8.60814753036812,10.132198458259294,2.885424351398016,2.634990327958314,2.0270983627309667,1.6385577311520478,1.7228514604321987,8.323124209279223,3.4126686471570156,3.9176532934185517,1.8155283840314216,1.888641048875388,3.1241430668394607,4.829711898282008,6.5181909421360835,1.9603471135734412,3.4766069062488025,4.149025388103523
2015-10-06,457.0,2.0946423282920907,4.401331109950619,3.127011555923591,6.707681000382585,20.974996001645458,1.8051648251796584,1.9105539192149383,7.498308440717379,8.83222892663704,2.6037153233178207,1.545584930694509,3.1799098105960404,1.5654635890307997,1.7564964238203449,7.946854206773234,3.048414609059153,2.8294349269199177,1.680364244666007,1.8838278293122257,3.1149381719942313,4.822131731855325,6.528150034645795,1.9547966023639458,3.468554642364555,3.765642837842764
2015-10-07,539.0,1.845410255394798,4.41525874381516,3.001294460909292,8.19506640230105,24.59580740000998,2.0946423282920907,2.1515691932151104,6.707681000382585,4.637007174769384,3.166716504640457,2.838778144865981,2.5471046721059287,1.7026602440374976,1.7827947679742238,7.643347360165456,2.885285393118765,2.339784467839596,1.6779121622184157,1.8821133862555537,3.1104718135540432,4.820168256191531,6.535233079067323,1.9615998244044746,3.474853422209866,3.7159606470720257
2015-10-08,450.0,1.9668657126680336,4.768229228117278,3.144441363420158,7.833712129399795,24.632648448810922,1.845410255394798,1.512513835676564,8.19506640230105,8.975719212210233,3.29559324667993,2.6690015701238785,1.9528023864122657,1.9150724696221821,1.7390577768570366,8.151641535527123,3.022008358212736,2.351121548561451,1.5661582765525919,1.8827686101707954,3.109542382778378,4.808229929073058,6.5459984759255345,1.9658111861065106,3.4778133031676934,3.363275520556628
2015-10-09,308.0,1.9548347046505985,4.796483383101482,3.1465720384225766,7.799892272153946,24.542922926267945,1.9668657126680336,2.0244472515434024,7.833712129399795,8.22809819233358,3.525042201504201,3.1898960912583134,2.4006066632020686,1.9689727654516405,1.8039651878558178,7.988497666554203,3.3291173176081963,2.8992252687493854,1.6521156770839485,1.8871817626034095,3.1157221513482316,4.787525007088222,6.555439900421555,1.9748872497538112,3.480847545056865,3.1423172310283363
2015-10-10,308.0,1.710227400474792,4.651034609188033,3.021520690308088,9.08035940525453,27.436493818410206,1.9548347046505985,1.6830523632719978,7.799892272153946,8.848469970376911,3.767293967954024,4.367582225469881,2.095592394941581,1.9223702242378096,1.794020538299703,7.927325392242826,3.5293098053793854,3.408826628950686,1.6674524666250234,1.8867376355547438,3.117085680105935,4.794494053733549,6.564269923350028,1.985156580139223,3.5045317272733523,3.0790804017825457
2015-10-11,249.0,1.780256937074368,4.703155560010923,3.0572697636377164,10.262512960910042,31.375270574330447,1.710227400474792,1.2081735786407442,9.08035940525453,8.60814753036812,3.538797295717356,3.7283406065950127,1.5353662921352589,1.8773092725978078,1.7979026864715308,7.960452454368201,3.610377821725194,3.7619396411077304,1.6080125080310474,1.8827229826797232,3.115589329421276,4.773042607421529,6.584413745690915,1.989609822846752,3.5078875727680194,2.996310556709413
2015-10-12,239.0,1.3334475775912793,3.648047265067329,2.5952513847196297,10.772185187878208,27.956528525297202,1.780256937074368,1.8051648251796584,10.262512960910042,7.498308440717379,3.737120624788514,4.664514347179794,2.4962295761187523,1.8151063473999194,1.879628880533477,8.196790373017047,3.6810706294866313,4.253479059748224,1.796846675646234,1.8801079635102036,3.114494814730963,4.761417452395369,6.616393008888957,1.9885058668230822,3.523408921596897,3.286242559455338
2015-10-13,419.0,1.632398836123005,4.155028617267037,2.849068882670424,9.331041861396896,26.584781010201006,1.3334475775912793,2.0946423282920907,10.772185187878208,6.707681000382585,3.5925429543410807,4.627824400470315,1.491155178399046,1.6079773050468127,1.8122407023065656,8.664487051182878,3.6228202916156502,4.3402264514150355,1.86114056534424,1.8680728839710476,3.1037419306661254,4.738391050770526,6.652126330414783,1.9972970099740155,3.5528837855478717,3.726562483709025
2015-10-14,439.0,1.779406619488276,4.478436800983776,2.9938221006383423,8.513978927060379,25.48933827620248,1.632398836123005,1.845410255394798,9.331041861396896,8.19506640230105,3.3593014053798207,3.886319896090024,2.118857137658307,1.5820344502628838,1.7462059177109823,9.039252888470639,3.562988328169805,4.392886214580039,1.8755449034057887,1.8619216140051866,3.0979868561081414,4.740899666452463,6.676797892322737,2.0046501173089597,3.583782466836443,3.8762113053124594
2015-10-15,428.0,2.062971060174477,5.398952565944381,3.338691879500223,9.682518319243114,32.32694528556913,1.779406619488276,1.9668657126680336,8.513978927060379,7.833712129399795,3.6949567453052574,4.724121591845035,1.8674041485688888,1.58175101106752,1.736776826867193,9.084811820579114,3.5489337016753866,4.41275529613512,1.979460601670464,1.8631164864035552,3.097456535464481,4.73136668074818,6.6916948441488895,2.0171237083324502,3.6052460144947407,4.169799879844054
2015-10-16,455.0,1.8636606515377507,5.103215386736288,3.19371330586785,10.370313928622435,33.11980957986817,2.062971060174477,1.9548347046505985,9.682518319243114,7.799892272153946,3.981167033230588,5.656185784036872,1.104093960398116,1.824925505261919,1.7505061622252565,9.348926990556732,3.6784750613052224,4.755542423990639,2.0498959241071573,1.8638816682495134,3.09991243598793,4.752694374681175,6.721197291615165,2.019408782414326,3.6291611577963296,4.522126978812419
2015-10-17,298.0,1.2002145185427124,3.356591116531007,2.453909221955605,10.214604671469118,25.06571260194887,1.8636606515377507,1.710227400474792,10.370313928622435,9.08035940525453,4.105037880682108,6.474803382862681,1.149443419383678,1.9020127770668342,1.7374812974948497,9.716130084337944,3.9270538864059845,5.618370252914858,2.0837075365075184,1.8646272314137713,3.1007677732932466,4.754452510716908,6.756589084653427,2.0236748752604625,3.6451607775390533,4.823158572725676
2015-10-18,248.0,1.2045270598684048,3.1355035676821568,2.370712933001382,8.31207706023882,19.70554858681228,1.2002145185427124,1.780256937074368,10.214604671469118,10.262512960910042,3.5728789071021105,4.128299788926392,1.5182017150021212,1.708948743418313,1.6646223143616954,9.878165122368598,3.886361273671602,5.41976298527531,2.0274582907589154,1.8499536263994143,3.088348692100574,4.6925875117695,6.791516151871791,2.033306398290586,3.6397732174942954,4.880295598773016
2015-10-19,468.0,1.7182268007397616,3.954697328780365,2.820122120807952,6.857141302984188,19.337975874051573,1.2045270598684048,1.3334475775912793,8.31207706023882,10.772185187878208,2.779955845150835,1.6692601892496564,1.713952376457986,1.422800743316289,1.582375189046558,9.599531422272708,3.4859575443116846,4.090787787012904,1.8480075172504156,1.8354293014191674,3.0738830415918224,4.602095003529349,6.811631240224631,2.0341441522288357,3.5994840241386026,4.452402147640139
2015-10-20,316.0,1.8773035083782228,4.586067886512962,3.0600900553829997,8.178145685193712,25.025862282734668,1.7182268007397616,1.632398836123005,6.857141302984188,9.331041861396896,3.089705001398961,2.399735195693929,2.0928569821185428,1.3743227930502926,1.6373436494963411,9.040239438716421,3.1475132512173025,2.732431724623321,1.8613287139280215,1.8405750783916943,3.077671115231795,4.552539184788354,6.820954603343913,2.030346671795413,3.568890570097296,4.134103689814942
2015-10-21,419.0,2.017985326298164,4.976668285994028,3.218212957234249,7.795484835453787,25.087530305380476,1.8773035083782228,1.779406619488276,8.178145685193712,8.513978927060379,3.4108025405403217,3.1089291849469274,2.2262146644458323,1.6000191229954626,1.6723300312470866,8.875539984973111,3.093487795696706,2.3926415232968323,1.8959890196158156,1.8429704691959548,3.080170219314576,4.562912170330664,6.845080344222888,2.0337420652746814,3.561374910217069,4.023047873937356
2015-10-22,416.0,1.7734052741573478,5.06852296739299,3.158577524460463,8.803483975362619,27.806486621528215,2.017985326298164,2.062971060174477,7.795484835453787,9.682518319243114,3.737695667324369,4.575457289044914,1.4513244384110555,1.8711718784720492,1.706412703648499,8.772897971886454,3.412734403087884,3.3613738898952517,1.917616965788513,1.8480470616999767,3.084600181829349,4.580877102871505,6.85257773070869,2.0293643046185545,3.566834573304414,4.0018101163944815
2015-10-23,436.0,1.737150571703262,4.471874475648828,2.977507212946071,9.342400075049222,27.817063609686972,1.7734052741573478,1.8636606515377507,8.803483975362619,10.370313928622435,3.6589332476031786,5.453173001184111,2.4259331337044205,1.889564702944578,1.6650461627889093,8.647321637046383,3.602477151822623,4.379186491725313,1.8704999302942267,1.848871686952645,3.086462719740138,4.583421005345968,6.868536848669632,2.0374699171327144,3.5579499422927583,3.972808290272659
2015-10-24,327.0,1.35224391415195,3.785553205897583,2.6487593247898404,9.648073707532594,25.55542519908665,1.737150571703262,1.2002145185427124,9.342400075049222,10.214604671469118,3.379731610966357,3.9205411961984153,1.5995006472697242,1.8428470573862576,1.646973294241125,8.500476800821637,3.592120175297968,4.649723828809142,1.8019098383910455,1.8470552972065208,3.0862091638448286,4.563410899985339,6.886304395635324,2.0384011048442114,3.5389615395612894,3.607913692177764
2015-10-25,247.0,1.6916235138424256,3.6783041918648607,2.7278116719505188,7.848677239962035,21.409713384540822,1.35224391415195,1.2045270598684048,9.648073707532594,8.31207706023882,2.909666405612202,2.4187537322563517,1.6190320814329595,1.6209332533375196,1.668691779328159,8.419543805973563,3.3161104213939123,3.9308226432129545,1.8118845597826467,1.8347451726966333,3.0771982187140448,4.500654386079865,6.908688671190793,2.0307834657287676,3.4967009632398183,3.363692826939186
2015-10-26,486.0,1.9888042069331329,4.404944333140982,3.0657488408949334,7.172829617939936,21.990094087136207,1.6916235138424256,1.7182268007397616,7.848677239962035,6.857141302984188,2.76773927705005,1.560716083390255,2.441362264310712,1.593672666565879,1.7382769870387331,8.353343831648308,3.01904576454287,2.6333370039483355,1.7568302944848886,1.82779072077349,3.0689822333229375,4.449386617540085,6.919543919146528,2.0282823819664704,3.4486347088205833,3.348186526102129
2015-10-27,408.0,1.9579539406633484,4.873292299070679,3.167316829798716,7.623753986328587,24.14684430714358,1.9888042069331329,1.8773035083782228,7.172829617939936,8.178145685193712,3.416400040888776,2.7996280390015484,2.585904239175397,1.6775572116425026,1.7769309022092152,8.398442162356272,3.0312685745170094,2.2596992848827133,1.7126311185077199,1.8282081230113116,3.0681772604110975,4.43988542072828,6.934343610229578,2.0232786179155395,3.437668616593346,3.4053140751460744
2015-10-28,434.0,1.541226900335226,4.2821728070182825,2.86290225864738,7.881052781007445,22.56268380726543,1.9579539406633484,2.017985326298164,7.623753986328587,7.795484835453787,3.662609440591573,3.947258251124557,2.4628959512483592,1.8794605538129687,1.7884523925356615,8.319243348232682,3.2822495861767997,2.7692007911721155,1.7753740752555653,1.829926099361465,3.0701043157350387,4.460385078906708,6.9435867965012195,2.0190949929885424,3.4381155345121317,3.525075370314308
2015-10-29,444.0,1.7927153901990018,3.86836883262482,2.8287833600008043,8.35534911511347,23.635472543830428,1.541226900335226,1.7734052741573478,7.881052781007445,8.803483975362619,3.469997971291538,3.833898791371742,1.057579718170834,1.829328349310569,1.7203440459695276,8.331467340454633,3.5163358175906283,3.526928360499277,1.541379099130434,1.8244221237386817,3.06684045593993,4.442295359166095,6.976948145635183,2.020213740611281,3.4361866344029393,3.4191384420752833
2015-10-30,247.0,1.94388324540484,3.940302467179909,2.9283768381116944,7.216735543637898,21.133321212766628,1.7927153901990018,1.737150571703262,8.35534911511347,9.342400075049222,3.094141777288109,1.9850711382855943,1.169777719144924,1.7639654103991917,1.723102633975478,8.267448074704756,3.4089163963904063,3.2554093935939594,1.3782311293829086,1.821525512327725,3.0607801333334193,4.414504450144369,6.994777380866736,2.0267473433584304,3.4326114639531804,2.9236953188040666
2015-10-31,197.0,1.7524527068962448,4.200572844402106,2.905148485100113,8.007897892186577,23.26413243032222,1.94388324540484,1.35224391415195,7.216735543637898,9.648073707532594,2.9832572758509683,0.8918021354341834,1.6927490240129637,1.7592751786463554,1.7526358730757035,7.9637817130745665,3.182465674810205,2.236924021697168,1.272343001845534,1.813324546661611,3.0490210429034494,4.360529421149464,7.011212285995318,2.0290124028759107,3.4027870908045723,2.4910183101234615
2015-11-01,319.0,1.0532025084483356,3.539537093843884,2.493725775992546,9.314673630902892,23.22824172834062,1.7524527068962448,1.6916235138424256,8.007897892186577,7.848677239962035,3.096735106761316,1.717883702570523,1.86165422124752,1.8296837808333617,1.8098085577534597,7.729470882310849,3.058044719966798,1.5315856587634284,1.3737809269712107,1.802821824146232,3.0381848260458613,4.355137062417659,7.028496538349159,2.03707303900358,3.387851374681096,2.3908940201683433
2015-11-02,347.0,1.5319604017322883,4.274486796891236,2.8579562851839726,7.806009087215986,22.30923273301213,1.0532025084483356,1.9888042069331329,9.314673630902892,7.172829617939936,3.2708572676699568,3.0177112998767406,2.5927578875195936,1.5831794869164735,1.7186055569828758,7.938898938159544,3.1169498834274134,1.8757990459604772,1.4283532740362659,1.7934107077604655,3.032708511679798,4.3044031957723545,7.0487242212657675,2.0385628040279595,3.3736640356830474,2.599036193952127
2015-11-03,433.0,2.004655945827785,4.743023229308642,3.1555082967915054,5.974957125763689,18.854026783320847,1.5319604017322883,1.9579539406633484,7.806009087215986,7.623753986328587,3.039461936446106,3.4525430227472893,2.2560849907153937,1.445871872358956,1.6533421562398978,8.029353148056122,3.135684770292459,2.729379341731512,1.4051678893541595,1.7888610042999638,3.030558971255533,4.293650256415345,7.056423744852429,2.038726408223574,3.3531092951491965,2.692309763058661
2015-11-04,338.0,1.694231607864116,4.561723683121306,2.9906286532161883,7.123350987840251,21.303297571150893,2.004655945827785,1.541226900335226,5.974957125763689,7.881052781007445,3.2824085242104486,3.803468109456889,1.9827653079260903,1.5299396186694694,1.660013871263389,7.793810739403994,3.1975759094421705,3.424574144026968,1.296096119393875,1.7891553674372114,3.0307661654027993,4.321425124576833,7.061973421654602,2.046369036548961,3.3663421009096113,2.671768314248994
2015-11-05,443.0,1.6899344070155955,4.251778975384133,2.897252478741034,6.467581862960548,18.738217583923003,1.694231607864116,1.7927153901990018,7.123350987840251,8.35534911511347,3.2184889610894385,2.974333714210021,1.1274027679120433,1.7436159851413962,1.6818716866246588,7.685567626094395,3.1801198072486643,3.4101149488047278,1.3354684439232472,1.7888822772937913,3.0324081749229164,4.340712689436298,7.071302478585805,2.0498375903528525,3.386834555501998,2.5489733032258917
2015-11-06,433.0,1.927415871249644,4.418057202536027,3.0382027351079195,5.141553778638491,15.62108275296392,1.6899344070155955,1.94388324540484,6.467581862960548,7.216735543637898,2.9524172048619275,1.9969842562585447,0.7843978620606156,1.7962739869024986,1.6671886890270293,7.415886590072548,3.151104896720605,2.92492869330848,1.3455533015998424,1.7873267460834563,3.0308650468349163,4.335727618284081,7.0782012844707225,2.055637245796314,3.3796912455093806,2.550675177222027
2015-11-07,317.0,1.9137148777007549,3.894886477196668,2.899837477967745,6.371271009335042,18.47565045515914,1.927415871249644,1.7524527068962448,5.141553778638491,8.007897892186577,3.049191970854543,2.1441512632067656,1.3833547921727822,1.7705272953764515,1.6648362070048586,7.119432052215491,3.07336604560197,2.371823077891772,1.3450234513724288,1.7854568495292993,3.0285062206938984,4.335820900241443,7.075041480683979,2.052760298828127,3.371477869648535,2.729582195475253
2015-11-08,326.0,1.7278469837396022,4.075447911860612,2.859107714819671,6.801741156162919,19.446910613791868,1.9137148777007549,1.0532025084483356,6.371271009335042,9.314673630902892,2.558228302011585,1.0810355549990365,2.300854918482441,1.8436883853219979,1.6878736599769313,6.885628211808128,2.8532791592426854,1.740723691488111,1.2083953760162451,1.7808875637300197,3.020273362543805,4.306709475210757,7.081122123467594,2.052869923209399,3.3392507396654474,2.638603888679327
2015-11-09,453.0,2.088645504097174,5.100008433709346,3.2799300014722426,6.2775756222152745,20.59000861981466,1.7278469837396022,1.5319604017322883,6.801741156162919,7.806009087215986,2.9712859429272545,1.8113995202937216,0.9547930546436704,1.8563259108966665,1.784251442161398,6.526637858273846,2.859568738597794,1.6788621128331698,1.1736272216929629,1.7787612596195188,3.0170651096666132,4.282674959502728,7.084996753705485,2.0505285274679874,3.312717138831222,2.4662736344531813
2015-11-10,416.0,1.9638194673053304,4.951100664179632,3.189320959272327,8.578318156348029,27.359009891347114,2.088645504097174,2.004655945827785,6.2775756222152745,5.974957125763689,3.6127265302140823,3.961658741983928,1.114049202482716,1.910069121845843,1.8637778853563816,6.308290220416602,3.0474135917176404,2.2846979390922235,1.1870642950464958,1.7768920895117672,3.015377247000139,4.297640753653439,7.088119041329208,2.0476541840754265,3.315181446647779,2.5390044514869863
2015-11-11,481.0,1.723009881400902,4.767150736919306,3.0589277844933225,8.832335189047795,27.017475511736382,1.9638194673053304,1.694231607864116,8.578318156348029,7.123350987840251,3.787480972102621,4.97150220444794,1.2415484151644691,1.926770651714035,1.8579441027103167,6.680198939071508,3.4571644817479856,3.5815201555751917,1.1340716897258607,1.7741569987983599,3.0137182193428336,4.305905590459062,7.102517437507134,2.049733783855977,3.316860124891583,2.705866465057137
2015-11-12,325.0,1.3317038613869994,4.102379156989286,2.755395026844773,8.982079137171924,24.74917618528971,1.723009881400902,1.6899344070155955,8.832335189047795,6.467581862960548,3.794425627316444,4.99746643066441,1.83746824379178,1.9251582842678017,1.8620552846441432,6.924339539244014,3.7315443765443823,4.643542459032088,1.1862501479133905,1.7782782749335952,3.0169417609314166,4.3432090395207945,7.12055328851015,2.048768537699539,3.323589547324095,2.994885424550621
2015-11-13,308.0,1.808086853824096,4.708233504429906,3.068029298148374,8.741044539913421,26.817780744874252,1.3317038613869994,1.927415871249644,8.982079137171924,5.141553778638491,3.4805708747198163,4.220671398626076,1.1664042915160031,1.67284440336441,1.8108794924114864,7.283553435559925,3.687492491379627,4.729880011246138,1.1235300313303982,1.7746175605475965,3.0161829436122267,4.341454057511537,7.140162288975051,2.0479517011899913,3.327631862968761,3.312555016317411
2015-11-14,237.0,1.5947598669110012,4.719508988509585,3.012755514494269,9.276918932728172,27.949088672093087,1.808086853824096,1.9137148777007549,8.741044539913421,6.371271009335042,3.393264221107224,3.510828355880437,1.2210570993980372,1.6209335322039988,1.7938324899221227,7.797766401456343,3.5560869077144948,4.242988728390303,1.103637989513883,1.7708473660444617,3.0144033743535577,4.349113947626407,7.160228186088016,2.0398070242907522,3.3175754454954935,3.5077946009850787
2015-11-15,275.0,1.3585547901029835,4.115920470364772,2.7655824649341736,9.230204457026602,25.526891594110026,1.5947598669110012,1.7278469837396022,9.276918932728172,6.801741156162919,3.574571651845005,3.628917649765837,1.5373525287604497,1.5781835273740317,1.7482674883807294,8.212858961941077,3.482802249224015,3.786805801424112,1.220901374225816,1.7620189686067202,3.0109044663382503,4.32646582837858,7.1854772454446145,2.0305504061610065,3.304022266115974,3.8717777573803356
2015-11-16,628.0,1.8332361574604403,4.048070922615338,2.8969383841366168,6.614817326091096,19.162718216005235,1.3585547901029835,2.088645504097174,9.230204457026602,6.2775756222152745,3.384931289777228,3.088221613816792,1.2303993263492747,1.5871338369460266,1.6955114607183552,8.559782290635889,3.4509223875764854,3.409322539821017,1.2536635121443975,1.7457917147583197,2.9999739137062438,4.293555997832864,7.217137647462587,2.028556548188233,3.2800187130858114,4.054180913597917
2015-11-17,375.0,1.9529446565645785,4.217630858583452,3.0007838726368714,6.874468951608176,20.628795562928715,1.8332361574604403,1.9638194673053304,6.614817326091096,8.578318156348029,3.1131329982980485,2.043352825214375,1.1846432062188832,1.5955169381581413,1.6590244111988217,8.607959676903862,3.3575453133067605,2.9201640295989963,1.216286506975681,1.737877254427314,2.991049301834322,4.316605324702341,7.211725135831806,2.0297438423746605,3.2646938494590096,3.780137211202267
2015-11-18,519.0,1.7908795416368128,4.373932240938206,2.968803166760924,8.129831166667929,24.135868512835405,1.9529446565645785,1.723009881400902,6.874468951608176,8.832335189047795,3.114761576206094,1.9249407134493608,1.2378394635725742,1.714911868042667,1.6574708668072857,8.364552647655312,3.20427528809379,2.3521717174935044,1.1781798066961924,1.7312695464814531,2.981442358291227,4.352676234399051,7.211443770666622,2.0236103160725665,3.275854040494185,3.3449141410596126
2015-11-19,392.0,1.7790281419431613,5.029907442718033,3.149166877351888,9.76526495164566,30.752448934287802,1.7908795416368128,1.3317038613869994,8.129831166667929,8.982079137171924,3.2496369882320426,2.380535928475548,0.8810717162984932,1.8590201185539434,1.667166532555273,8.264194930172474,3.1591771875787287,2.116276489046423,1.1770207113534912,1.7316655121436169,2.9765668866585924,4.36665073147098,7.227490665368558,2.021999614412884,3.281185106721954,2.971066926461204
2015-11-20,267.0,1.459323237970146,4.406106550161566,2.8840768890948265,9.627145176671766,27.76542691199977,1.7790281419431613,1.808086853824096,9.76526495164566,8.741044539913421,3.661299565152925,3.956829471721464,0.9230272112530282,1.8409507800481837,1.7310700012061535,8.376078617954436,3.3418993765303537,2.7541020378821197,1.4017622792093185,1.7377202379992625,2.9818645453429053,4.381445383344482,7.268484933437615,2.020032882024329,3.2895350075423746,2.9333752226176877
2015-11-21,306.0,1.6442747739593968,4.270632752517425,2.8882753229892795,9.411200805428876,27.182139046017056,1.459323237970146,1.5947598669110012,9.627145176671766,9.276918932728172,3.244695364981397,3.0531622883249185,1.3151166128727678,1.676410307183373,1.6812466275127318,8.502664423205628,3.3852106394554546,3.130175896173972,1.4731552250028714,1.7357152774765516,2.9812367264080963,4.362426658816732,7.297684078442841,2.0220389484932895,3.273101664130942,2.867994355824042
2015-11-22,280.0,1.822987909147073,4.271090398356616,2.952880090075273,7.71529703340877,22.782346998969572,1.6442747739593968,1.3585547901029835,9.411200805428876,9.230204457026602,2.8540612111207238,1.420756741549666,1.1664042915160031,1.6275420512909011,1.6883201856625027,8.521847547877158,3.253352047085015,2.810249500532011,1.3038832109071048,1.7322777158548883,2.9767141428670567,4.335830318320881,7.30908601366932,2.012159480304949,3.2462725962481938,2.552542797507446
2015-11-23,384.0,1.9951118296342687,4.6226067050501785,3.1215638522611027,6.432627570080499,20.07985769782146,1.822987909147073,1.8332361574604403,7.71529703340877,6.614817326091096,3.148612154645791,2.7996280390015484,1.5956485336619832,1.6421953070255382,1.7546677740973726,8.305432201646038,3.0824562435826373,2.424515689625373,1.268262222885845,1.7319809086167284,2.9729558629874306,4.329137515744473,7.320800600772847,2.004762639641056,3.238568614370841,2.511315143962412
2015-11-24,429.0,1.7479402864567388,4.488094220759061,2.9857296534780757,7.24854402570922,21.642192842101366,1.9951118296342687,1.9529446565645785,6.432627570080499,6.874468951608176,3.155018606400789,1.9850711382855943,0.7456023901379373,1.8207915042469125,1.7777928701222052,8.279405093644526,3.0525639907224345,2.0684853062789315,1.260745535826662,1.7307103238605372,2.9682223243217423,4.35703929904956,7.326554592369865,1.9994234717924348,3.2467470210637943,2.5029891886868714
2015-11-25,421.0,2.0051081310148797,5.074492038266098,3.236841115557878,6.324376581217146,20.471002148355026,1.7479402864567388,1.7908795416368128,7.24854402570922,8.129831166667929,3.1100236797488123,2.6690015701238785,1.0985951708569688,1.8553466750793597,1.7485065315353712,8.332844389944674,3.1378848135984643,2.484566915803669,1.339732849453233,1.7269718794590323,2.9636631920049554,4.3840323000127,7.33304529340446,1.9886943996561774,3.2581565011537523,2.6092835967832313
2015-11-26,330.0,1.909699792716184,4.105506843031609,2.9504443403855136,7.617976086848327,22.47641443063383,2.0051081310148797,1.7790281419431613,6.324376581217146,9.76526495164566,3.496586085376636,4.263446163385779,1.7019154092820228,1.9160534157019622,1.7791106157322376,8.074922306308848,3.2538761238420792,2.9725062905984125,1.3800999502591045,1.737833003402753,2.9682886266872472,4.406350556850203,7.329355507716141,1.9794312940246213,3.2608293693033477,2.8782707731989783
2015-11-27,270.0,1.946658568388198,3.982794365245951,2.9403078906788163,6.75201963568133,19.85301661281212,1.909699792716184,1.459323237970146,7.617976086848327,9.627145176671766,2.8880068603491287,0.8918021354341834,1.1523621766831005,1.8875827367292672,1.7977779944140981,7.768166754194944,3.1648722084915257,2.608083289647942,1.1789616268587546,1.7465173549483142,2.9704558308367828,4.380757708315569,7.35045400023885,1.969585228291253,3.235009283295267,2.4404097251579384
2015-11-28,243.0,1.631666801825546,4.4425315573895015,2.936994233825001,8.625857398144547,25.33409344014726,1.946658568388198,1.6442747739593968,6.75201963568133,9.411200805428876,3.1553167792375536,1.2323498861409814,1.053477576691751,1.9538221640397537,1.8673973273309628,7.357434534053453,3.1799699083211066,2.1291993949869763,1.0774626977725834,1.752800829730407,2.9687982662081347,4.370778426923157,7.365496103152123,1.961539135852819,3.2245199102268005,2.18029366770309
2015-11-29,161.0,1.5251192301966083,4.208614312828474,2.835345706782322,8.99353470334418,25.49978000992474,1.631666801825546,1.822987909147073,8.625857398144547,7.71529703340877,3.35436092683654,2.2863179459843885,0.8996573895595835,1.8293417209766423,1.8655961884546985,7.2452426187271195,3.1325615221410743,1.4701566558531793,1.2492325672062026,1.7481527111072501,2.9660158573511954,4.389917184415313,7.383896541510979,1.9446447972583674,3.2331938818784147,2.303945268336622
2015-11-30,317.0,1.4811118818672435,4.414832554457766,2.891414842394977,7.740648434252692,22.381425772559673,1.5251192301966083,1.9951118296342687,8.99353470334418,6.432627570080499,3.13026183551514,3.081220455529829,1.5875348662630748,1.7011482001367837,1.8230435200332031,7.427848000146464,3.213313180529745,2.199962762551728,1.3827258505287023,1.7377118783902752,2.9563857449465876,4.398860912603599,7.404683837433558,1.9426110740601443,3.2380940338672204,2.34417275641209
2015-12-01,307.0,1.9041191312227688,3.998531076774949,2.9201994726654643,5.844940895305281,17.068393320231287,1.4811118818672435,1.7479402864567388,7.740648434252692,7.24854402570922,2.81013404770553,2.198135871741802,2.3187933651287285,1.5459659712964655,1.7496149560664855,7.614708123599635,3.09825227001907,2.5218914244186683,1.3575548781980264,1.7371885124934534,2.956550265202858,4.406002902938787,7.426225799236927,1.9371175675065304,3.2285406652320274,2.374610575477263
2015-12-02,326.0,1.9818221363061452,4.054932695711301,2.978552013519319,5.07506319713437,15.116339704562371,1.9041191312227688,2.0051081310148797,5.844940895305281,6.324376581217146,3.1115012561530544,1.285769477270439,1.5983457914118402,1.636783414428873,1.7719262196044898,7.414193390684786,3.0172990464579086,2.188375268180685,1.3422737540217162,1.7351830438214428,2.9511974533196668,4.4213027023698235,7.424821633683153,1.9312329597840956,3.2232287981814647,2.1770059907839143
2015-12-03,336.0,1.8251514494949888,3.613362106427492,2.777257053540405,4.764239132948593,13.231516736734704,1.9818221363061452,1.909699792716184,5.07506319713437,7.617976086848327,3.302570662039693,1.1394783284067065,0.5170113106116566,1.7890177164653853,1.7685996489318134,7.235720050101532,3.074735321966092,1.5411278924729774,1.2619059804608983,1.7401625400386787,2.9508778611430944,4.413984232330492,7.41303809137282,1.9251783576096428,3.2319990890345838,1.73072487150119
2015-12-04,252.0,2.031885340295976,4.202738439315048,3.0433271988086674,5.02973275645831,15.307122500468466,1.8251514494949888,1.946658568388198,4.764239132948593,6.75201963568133,2.774360751762679,0.3304516085015503,0.9030152605342808,1.9036975723413005,1.7565213141859284,6.82804334240157,3.062810889985142,0.9185664713928935,1.302316016134855,1.7504455045529161,2.952784776845975,4.376328861567786,7.421836736720196,1.9265457631882241,3.2150641632863253,1.6505319390822424
2015-12-05,250.0,1.7952264368727928,4.555592586923525,3.021091107251608,7.553333184355583,22.81930771336512,2.031885340295976,1.631666801825546,5.02973275645831,8.625857398144547,3.07896676448062,1.158656270078061,1.0008607672774692,1.946286308699036,1.7686965673156112,6.582002359655425,3.0519660594276643,0.8761954023287676,1.3242843040765988,1.7542241798048546,2.955728325092065,4.364362686774244,7.420220211498825,1.9283246817610424,3.2104134233993644,1.6400042796446823
2015-12-06,230.0,1.541632702126546,4.276834794882201,2.8612372761379,7.907737963804851,22.625914631969255,1.7952264368727928,1.5251192301966083,7.553333184355583,8.99353470334418,3.3683795071843528,3.725686248288287,1.4525685849455807,1.8840877422212519,1.7920622294652178,6.42878461482843,3.0739023411425506,1.7382647089559609,1.3770699323924778,1.7492339149478662,2.953962984280865,4.374489807158891,7.4457091756510465,1.913702101737881,3.2242788334767787,1.8456283228309533
2015-12-07,296.0,1.703379773085837,4.498758677559016,2.974671796136285,7.199101441433926,21.414964015357576,1.541632702126546,1.4811118818672435,7.907737963804851,7.740648434252692,3.427332250597689,4.10573134936245,1.870104571904175,1.7895814930984377,1.79442129688378,6.273670794894239,3.2915595074208874,2.996691289242927,1.37347535624905,1.7441709557267289,2.9516286978680086,4.36978239357043,7.472962664099954,1.9148326148554025,3.2368835094682162,1.9919870219498996
2015-12-08,270.0,1.916547961075056,4.512447350341003,3.0573744634230944,6.24944151515224,19.10688289908259,1.703379773085837,1.9041191312227688,7.199101441433926,5.844940895305281,2.8344542850820718,2.187406411449904,0.91082510132628,1.6800796373617246,1.8261738527721505,6.196306938777274,3.210055347621371,3.339608003033542,1.448020084992953,1.7397795234003588,2.9487992050799443,4.3899114669158426,7.479227308555669,1.913278229908365,3.2460910422372327,1.9904542419081996
2015-12-09,391.0,1.8088361381490103,4.405250244029637,2.9839519092263584,7.52600403235519,22.457234101191542,1.916547961075056,1.9818221363061452,6.24944151515224,5.07506319713437,3.03918814560806,1.9730826904929075,0.8878532878086414,1.7205201454291459,1.827949399893906,6.254092741612554,3.100324893762607,2.755406817101749,1.410506837763892,1.7391414110074332,2.9473125788299526,4.404478114865188,7.477063188147466,1.911401180224296,3.24835444899326,2.0886418437971237
2015-12-10,377.0,1.9321242876118263,5.019984970734785,3.194679547014037,7.782736533950887,24.863349224811817,1.8088361381490103,1.8251514494949888,7.52600403235519,4.764239132948593,3.204213703321139,1.6482086911124705,1.7194003966469904,1.8095879574366338,1.8032371144428867,6.604227146644099,3.0259520446704236,1.9362325976850894,1.4328211395058117,1.74078488996867,2.946686432478591,4.381319508542531,7.481173864742053,1.9096515206795877,3.234737354763495,2.161317609897947
2015-12-11,235.0,1.533118486040393,4.0013787570741055,2.7703711374215727,8.82914667538656,24.460013117552563,1.9321242876118263,2.031885340295976,7.782736533950887,5.02973275645831,3.6446724801698345,4.575457289044914,1.83746824379178,1.8858361289452972,1.8185189484595778,7.035441061072999,3.2960247763663446,2.732249556883426,1.5171541506341177,1.7433160124776277,2.948976595534863,4.383615652094369,7.499601245998815,1.9061774382887018,3.2299770716990683,2.767746992832713
2015-12-12,180.0,1.723927758997259,4.625906742346711,3.018075158112977,8.664955476621987,26.15148687014781,1.533118486040393,1.7952264368727928,8.82914667538656,7.553333184355583,3.0994797882361813,2.166028255522708,0.8246639609627373,1.7580263039337425,1.7472665407087804,7.5782144780627485,3.316121990575718,2.796564745226693,1.5733607677710395,1.7466438609517796,2.9518952580798947,4.358089919432863,7.524730195049407,1.90030478427994,3.206812210396393,2.9116572764676625
2015-12-13,254.0,1.5565608448680208,4.288728281688115,2.868899441955914,9.58271124536626,27.491834944255924,1.723927758997259,1.541632702126546,8.664955476621987,7.907737963804851,3.4355707629142573,3.209690900104298,1.3456007157114078,1.7297235108831588,1.7370810152979899,7.737017662672234,3.3932410104400907,3.3170588148906357,1.5846463580098191,1.748169342999684,2.954712029337271,4.375540838944777,7.542223961289442,1.8955695043417105,3.205312206669541,2.8379436552985218
2015-12-14,268.0,1.8805223230491368,4.702413996591422,3.092341890980832,9.319567650968676,28.819289452920266,1.5565608448680208,1.703379773085837,9.58271124536626,7.199101441433926,3.0124813703378592,1.9730826904929075,1.3075301569784517,1.6045356966352238,1.7392136071182003,7.97629956003815,3.182510640496099,2.4496006153732997,1.568928500699247,1.7444552467560128,2.952629985025897,4.36155733152005,7.558717245379597,1.8911443959091132,3.1926194449772294,2.5332795611743015
2015-12-15,279.0,1.7161447667504828,4.666290553021935,3.0275963849874894,9.338117729634826,28.27205148082998,1.8805223230491368,1.916547961075056,9.319567650968676,6.24944151515224,3.0668318937527626,2.433071214010814,1.1936953510439765,1.7203369756381381,1.764519685684386,8.2792233042574,3.1716280090016262,2.538614934869335,1.6796546922511797,1.7414144344705906,2.948524151883907,4.3609874984561126,7.577757534560492,1.8906189343220887,3.1756947863741543,2.5683745329687175
2015-12-16,198.0,1.2796189732206158,4.085374943337453,2.7395342883735565,10.477839498036827,28.70440057294666,1.7161447667504828,1.8088361381490103,9.338117729634826,7.52600403235519,3.4439599262687417,3.331108365919426,1.0416313034008464,1.7177426448892128,1.7358906579237328,8.720462763469198,3.1744243967864545,2.5790874234743772,1.7731473522290135,1.7389558363908029,2.945755536535901,4.379333167878017,7.603722466194821,1.8894019689526267,3.1776624075905384,2.7623782008867908
2015-12-17,306.0,1.591932043713464,4.33713187626192,2.893571148351312,9.09444578993383,26.315425947997586,1.2796189732206158,1.9321242876118263,10.477839498036827,7.782736533950887,3.306510334533823,2.7757514134763164,2.0888997948581443,1.6254286876734112,1.6602882057911048,9.14215354428086,3.272434051518443,2.8466436644688478,1.728249230830698,1.7402792439687678,2.9505159543095334,4.38057663523542,7.629210872044382,1.8789844016246624,3.184108318798397,2.923455732653055
2015-12-18,311.0,1.674551321150403,4.780107394864944,3.0498783640554965,9.61916291881235,29.337276866410704,1.591932043713464,1.533118486040393,9.09444578993383,8.82914667538656,3.372456607455584,3.0426544777096467,1.8123062107877868,1.5292319278948536,1.6116893138056247,9.329540580849851,3.374308956086049,3.0498380857017913,1.701503304759724,1.746735993699519,2.959230257898699,4.38456000249137,7.658254497295129,1.8698477924571124,3.1926981531733802,2.7044839024623024
2015-12-19,221.0,1.5875469768255868,4.486272213420103,2.938735753595156,10.752648393887885,31.599192280955855,1.674551321150403,1.723927758997259,9.61916291881235,8.664955476621987,3.6303439376849287,3.859051977819399,1.346477062170058,1.5153674460281605,1.631894004535626,9.442400044196393,3.436436959891445,3.225819289668449,1.7752321503925004,1.7460080690396962,2.9630595286194916,4.398099174288928,7.683046798173456,1.8690469754171155,3.2053883848218097,2.946344434218972
2015-12-20,215.0,1.1550839980508767,3.3280708205772256,2.4319577341939405,11.278353734945592,27.42847959467605,1.5875469768255868,1.5565608448680208,10.752648393887885,9.58271124536626,3.529405784486604,3.83643782978837,1.0830079851079828,1.618010113896484,1.6124110356539585,9.740641889520093,3.510735443209039,3.579381428439134,1.7521934932362668,1.7411787935138188,2.9610369569230275,4.379977999978997,7.7189027153273795,1.8711460511572997,3.200991925466266,3.035879709888125
2015-12-21,301.0,1.7650711512676838,4.366089110680116,2.956834677777344,9.533854552504154,28.190031753729688,1.1550839980508767,1.8805223230491368,11.278353734945592,9.319567650968676,3.078476874887029,2.4796383679353937,1.463730269171888,1.4723940986756217,1.5550572003943668,9.98287653088857,3.4127421990195206,3.391709391847716,1.6579625396002757,1.7267971047096975,2.947932703205689,4.344043475659519,7.760500568502633,1.8571875364695438,3.195451309129787,3.1082448066656236
2015-12-22,183.0,1.9545609264431585,4.751579587988867,3.1350546538092923,8.662239328097927,27.156593717963283,1.7650711512676838,1.7161447667504828,9.533854552504154,9.338117729634826,3.406447129141029,3.0034045666224016,1.7840264289421182,1.5025673753813817,1.538564175854159,10.013488945393636,3.338109929504887,3.106493588115384,1.5705631108954596,1.7266582026615362,2.944570322427637,4.347225354264942,7.7908290415086325,1.8509471656420604,3.213864173063797,3.1897209998958505
2015-12-23,323.0,1.7459988547783107,4.161046572691205,2.8909786801777257,7.326810454108002,21.181652816529514,1.9545609264431585,1.2796189732206158,8.662239328097927,10.477839498036827,3.5785735264536176,3.8212855730741264,1.4350776233592992,1.624905358587239,1.5726236272388268,9.916934888031223,3.354499176827225,3.1014428358773025,1.6612956307442945,1.7302817085738682,2.9471961131086903,4.3632416605860165,7.811913757197004,1.8513469682231258,3.2281962187907243,3.2597463152036648
2015-12-24,298.0,1.9509222744669088,4.32882712450449,3.0276121249187,8.688274120479413,26.30472407178082,1.7459988547783107,1.591932043713464,7.326810454108002,9.09444578993383,3.3994260412617163,2.122290123086442,2.167898926529603,1.8218769774963839,1.639249324604212,9.466787881755677,3.4614822322854537,2.9823267542609853,1.8004695211562145,1.7368442909176407,2.9512331023651557,4.347856322840718,7.8181336875805645,1.8488928183304203,3.236343133286089,3.166394702290826
2015-12-25,290.0,1.35152448428582,4.01265382566435,2.727993324601873,10.804261194814,29.47395241670765,1.9509222744669088,1.674551321150403,8.688274120479413,9.61916291881235,3.4079455103494807,2.751604515858625,1.702281209613779,1.8838273518961255,1.6905336432832756,9.408763357547903,3.4619816926882714,2.8983934040063932,1.9214555125366337,1.7411659369280488,2.9562297765812917,4.342547419632232,7.842711281234307,1.843250973359055,3.246273860972778,3.1248161363121083
2015-12-26,211.0,1.3457319435169732,3.9841546716683287,2.7169981327878374,10.197917245759772,27.707722115054185,1.35152448428582,1.5875469768255868,10.804261194814,10.752648393887885,3.613172896398875,4.185804894754523,2.1215604030335884,1.6828152045103462,1.6443869523026209,9.578063111262423,3.4735148160033575,3.0198998445665253,1.9960670350698066,1.7305446082172604,2.9506005179764077,4.307152812545508,7.872865415017477,1.8391236266092414,3.2501600880068526,3.1714951244456975
2015-12-27,227.0,1.4229710634592576,3.829248032446684,2.6823107505615518,9.254502064193012,24.823450377878988,1.3457319435169732,1.1550839980508767,10.197917245759772,11.278353734945592,3.489874387315218,3.741443262160628,1.7374566049528204,1.5493929007565665,1.6098419475442474,9.49881580438698,3.503664264687858,3.559617557591254,2.0101616719158586,1.7203409082648204,2.9430952063595597,4.303107740166732,7.901887485614311,1.8381050284142497,3.270222338905722,3.1579244719274486
2015-12-28,226.0,1.825066821310935,4.22051563538753,2.9398330327109745,8.56534044924935,25.180670789118697,1.4229710634592576,1.7650711512676838,9.254502064193012,9.533854552504154,3.371007731218385,3.2680590892940566,1.149443419383678,1.3734091637540162,1.648111528316873,9.20969413713661,3.4913516716441593,3.731769082069731,2.087058515384902,1.718369977650221,2.9400853478914626,4.297989529073423,7.91970005868915,1.8322706892903962,3.2774120373050835,3.270556003550115
2015-12-29,235.0,1.9281339720236237,4.621119977170637,3.090395634502784,8.123988181336314,25.106337610353958,1.825066821310935,1.9545609264431585,8.56534044924935,8.662239328097927,3.169036612695254,2.6178786574218638,1.5968049464452987,1.5312566094290547,1.6566823383230518,9.071334979528782,3.3433062437429526,3.209127002958845,2.1201504229190236,1.7189091681687534,2.9419361757699654,4.290588998340024,7.933010710900302,1.8276677166743283,3.2712345601670405,3.2154808736643234
2015-12-30,343.0,1.8175066585091053,4.36995221583204,2.9777643029454475,8.540863550782698,25.432678597848618,1.9281339720236237,1.7459988547783107,8.123988181336314,7.326810454108002,3.2139428987664607,2.735222402337281,1.951179542788735,1.7253906189312715,1.6529070591202613,8.994441958562836,3.251329080893367,2.8737200496843958,2.175476943336108,1.7186466802790663,2.94463648904315,4.304339187151429,7.9431873797527475,1.8198198535113084,3.2740239289420847,3.060328992130489
2015-12-31,216.0,1.6060393775037989,4.214271228213496,2.8591495434853367,8.67993106019857,24.817220928250933,1.8175066585091053,1.9509222744669088,8.540863550782698,8.688274120479413,3.4386736484083333,4.023042790033792,2.006628326435968,1.8569024839478872,1.6631224596532321,9.167878115230652,3.273884386623349,3.1253812832643075,2.1519017715459188,1.7197309128059473,2.945846752673906,4.302843175863904,7.957695113911483,1.812656967654459,3.2949752489655113,3.3318650874086813
2016-01-01,279.0,1.1079872418827066,3.681400732994903,2.5589911158322254,9.038154370525024,23.12855673769374,1.6060393775037989,1.35152448428582,8.67993106019857,10.804261194814,2.9981934180939893,1.468667743711464,1.0426645341618432,1.7838933360121754,1.6138534743727875,9.166686249476244,3.216936655089594,2.7423109786941744,2.065443052129821,1.7289448606235385,2.9519371487987853,4.3100345142451895,7.9790868509496296,1.8012568458830078,3.2911983210302087,3.148588405673373
2016-01-02,225.0,1.4870686305161087,3.335428870859186,2.5362699845883587,6.865599740892828,17.413014549024094,1.1079872418827066,1.3457319435169732,9.038154370525024,10.197917245759772,3.531872679422146,5.799563472628067,1.5097644020998726,1.5105110926318694,1.5790624397437714,8.91438527457782,3.3229132486414894,3.763758002124437,1.909713708080083,1.721878641292712,2.9469543959762565,4.29758344882131,7.990232430449254,1.7983431867952304,3.2988417216096244,3.3791253453695935
2016-01-03,351.0,1.612201912155539,3.043201046051004,2.5015567976822,5.552114006913897,13.888928535502016,1.4870686305161087,1.4229710634592576,6.865599740892828,9.254502064193012,2.7601152160923155,1.5753631402499702,2.3725842438946656,1.400365083300871,1.599253395029362,8.438339916739684,3.0967271045361504,2.9478647855298292,1.7482094063939881,1.7132521860375176,2.9366337574395374,4.288319007635699,7.991147722039726,1.7944434756050789,3.298366870420612,3.0696853279537852
2016-01-04,305.0,2.0602184885361017,3.4344542794885697,2.901613068324705,6.19434088178135,17.97358045223474,1.612201912155539,1.825066821310935,5.552114006913897,8.56534044924935,2.861610211837282,0.5973719799578053,2.123660652267118,1.4024192615181175,1.6262863734145454,7.909427337128384,3.051199369117248,2.6574328642786096,1.6152635300159868,1.7118850244423747,2.928482559847304,4.249667761193565,7.984010271923773,1.790350067803225,3.2911216519991675,2.6881585980486062
2016-01-05,333.0,1.828690004591344,3.485384024420006,2.746069010508745,6.835945552457881,18.77197823912967,2.0602184885361017,1.9281339720236237,6.19434088178135,8.123988181336314,3.248330971769714,1.850022231076869,2.443706886108233,1.7198296770692494,1.659879468732426,7.570713113204383,2.9566854665664373,1.3409191170948767,1.477776138058097,1.7180564258010496,2.9285552363403653,4.212296484279066,7.985937343058749,1.7875275602948826,3.2871200341520126,2.578464822856464
2016-01-06,171.0,1.8131290188160345,3.70241179013488,2.79439514044116,7.398975509117054,20.675661206919855,1.828690004591344,1.8175066585091053,6.835945552457881,8.540863550782698,3.2100145299492957,1.7982388147948478,2.473460200520946,1.833703468427661,1.645673187670672,7.386707023364607,3.1066519045187637,1.415211008609836,1.2528801769942122,1.716410994690078,2.9236863409303795,4.185914791930326,7.988015286481317,1.7805974247820693,3.2798761101303997,2.4446100246361167
2016-01-07,261.0,1.7392369457794417,4.061334888784458,2.859609466917369,8.239727387177131,23.56240244119004,1.8131290188160345,1.6060393775037989,7.398975509117054,8.67993106019857,3.2493706202040835,2.037548799394742,2.1052907843583304,1.900679170647826,1.6450478105716617,7.223580160269514,3.2359053739743646,1.895269948422148,1.1942807943878837,1.714734563708666,2.9219289686382695,4.159369895682855,7.987809819482393,1.7735809270744718,3.293706654634467,2.160968025973395
2016-01-08,261.0,1.810242849961568,4.539268048306142,3.0220453080140484,8.290401773596193,25.05396978144772,1.7392369457794417,1.1079872418827066,8.239727387177131,9.038154370525024,3.3091181949444257,2.930080684939344,1.5809424384451485,1.7936853230622727,1.6640760346110395,7.160693921266452,3.2561677816992685,2.2552894330429734,1.2291374266794948,1.71492439640933,2.9219373311732313,4.14433281363097,7.99430102705294,1.7756914753211825,3.302704322945679,2.3697413032916637
2016-01-09,207.0,1.5269644865930831,4.293259194652016,2.862715178161483,10.279253764820226,29.426575772724426,1.810242849961568,1.4870686305161087,8.290401773596193,6.865599740892828,3.649546758943852,3.833898791371742,1.741407754838723,1.787536271519014,1.7643982643365912,7.053872121705191,3.402678524697454,2.933842758568604,1.288328263873409,1.7102843521737365,2.917639252948928,4.14880007377352,8.001156555214987,1.7771520730911867,3.3175487581331025,2.0889320631121886
2016-01-10,207.0,1.6834079450438246,3.847084363094421,2.7746418558533605,9.10799417138478,25.271421850792656,1.5269644865930831,1.612201912155539,10.279253764820226,5.552114006913897,3.590569370115316,3.5091671579212496,2.759869886814258,1.6921480941113636,1.7700976723475874,7.541536982266247,3.5164114413345313,3.4243822114107743,1.3341364687683082,1.7030034358285324,2.912195823263747,4.124575881237428,8.022539204842138,1.7751676089951867,3.3157453211312857,2.3651897799223716
2016-01-11,252.0,1.7600493325806592,4.596740597828118,3.0208045431180968,8.023328114522416,24.236906019276468,1.6834079450438246,2.0602184885361017,9.10799417138478,6.19434088178135,3.5220371629093945,3.9759764017598207,1.958634449735792,1.6735384271994913,1.7802699627601997,8.049519862904944,3.5873844306561877,3.773014117017599,1.4190602404261252,1.7023434035559144,2.9074577244530815,4.119432734771438,8.040576957601278,1.7697356463305602,3.329830566953726,2.8478475544655164
2016-01-12,216.0,1.7651690197009011,4.326793289741897,2.945506381781119,6.433080857832362,18.94868072125918,1.7600493325806592,1.828690004591344,8.023328114522416,6.835945552457881,3.650350858452607,4.410142343665583,1.838495850195548,1.6568072547391886,1.737388654766565,8.310803753296527,3.5876524638257727,3.9650953011155465,1.4866566315786482,1.7094824947424754,2.9118812163909698,4.118460529954152,8.05600047306644,1.7731780204356233,3.3369899034716703,3.2135789991210473
2016-01-13,180.0,1.7708065952418022,4.203008973691154,2.9126736821440447,7.1845041067601,20.92611603101595,1.7651690197009011,1.8131290188160345,6.433080857832362,7.398975509117054,3.11184669685697,2.767668554064198,1.3833547921727822,1.7362087657751275,1.7283142283536448,8.253251654064309,3.428078239406324,3.717929099829862,1.4762934850556337,1.7087671975070888,2.9098391677848485,4.119729363555945,8.050299312718732,1.7789634157431382,3.340302081022308,3.3520689618738113
2016-01-14,333.0,1.6818055401661491,4.271155767832435,2.900345328422426,6.763771206308105,19.617272220733827,1.7708065952418022,1.7392369457794417,7.1845041067601,8.239727387177131,2.981939542075861,2.5025296781024347,0.9747606725556665,1.7653416491744538,1.72226816784304,8.22261288229903,3.2480456991284794,3.2267801919440675,1.4197111143687207,1.7117013096459355,2.908171137245678,4.103082529459269,8.049539946731727,1.7827604701320778,3.337472335966411,3.418494801689196
2016-01-15,306.0,1.7366797220002912,4.2568547000957455,2.9150785823712844,4.634057207645935,13.508640915491945,1.6818055401661491,1.810242849961568,6.763771206308105,8.290401773596193,2.8913157222225885,1.9969842562585447,0.6503213037991384,1.7392603850362836,1.7140636813268553,8.01176199931774,2.9950339870518063,2.422394162808388,1.2342690552006903,1.7170888221469884,2.9104171849704827,4.089911369952953,8.046517516316731,1.7879407346518803,3.319050862498206,3.2851953118776533
2016-01-16,153.0,1.5878406301263157,3.2979044547768512,2.566667288882332,4.90862514587548,12.59880759530386,1.7366797220002912,1.5269644865930831,4.634057207645935,10.279253764820226,2.988216914628448,2.97801055305071,0.7789960111334924,1.7297639524694137,1.7035546630466727,7.489427061324846,2.953824059642299,2.4925081624705583,1.0787451136883985,1.7154795482226526,2.910719521607727,4.095627361844896,8.034569377942613,1.7907573212032446,3.3084410818346934,3.1629255635460773
2016-01-17,225.0,1.572694460325137,3.398712126223207,2.591514296247236,5.382813219627494,13.949637412693264,1.5878406301263157,1.6834079450438246,4.90862514587548,9.10799417138478,2.9337387699749438,1.7449555148549891,1.1855981593670657,1.6687752974309182,1.7122512549799918,6.722194401475597,2.9377571356086603,2.2399834413880764,0.9727265481476032,1.7093944811153479,2.903484245211818,4.060986447795393,8.024401303836564,1.7908326308267752,3.2938171539186722,2.9108953288223254
2016-01-18,261.0,1.8351807844945769,3.858642552834565,2.847450437295481,5.533405810426386,15.756098794631967,1.572694460325137,1.7600493325806592,5.382813219627494,8.023328114522416,3.2422538434392325,2.2811951221952507,1.5484387714914918,1.632404937483914,1.6964350428773223,6.190025694081699,3.0547365093475416,2.3347203967003116,0.8523455942603364,1.7057580630934868,2.8971960973699233,4.014939938840668,8.000471549147397,1.790329953401918,3.2808808174438155,2.6687837174559585
2016-01-19,216.0,1.9811989173185287,4.243843076097286,3.0228551560167896,3.838338953487484,11.602742696089729,1.8351807844945769,1.7651690197009011,5.533405810426386,6.433080857832362,2.8272309053822355,2.0085421012797195,2.082492276236827,1.665238624982009,1.7071681074364535,5.834322507782266,3.001074506265471,2.0115642461099816,0.7760925384386084,1.7066939404693438,2.8921674900356495,3.9940189501544845,7.987002829588998,1.7900136952063208,3.257474988140337,2.3256979685436923
2016-01-20,135.0,1.8480574795653608,3.8905316398486423,2.862486445136021,4.195244605440292,12.00883081710285,1.9811989173185287,1.7708065952418022,3.838338953487484,7.1845041067601,2.7168960160023725,2.3114953887942797,1.7976906525301828,1.7963580540460804,1.7380295213818286,5.463645092875855,2.9287935882746132,2.200410870756412,0.7623205952028006,1.7153918684584835,2.8944804611510153,4.024544692005152,7.960710935641717,1.7801690773578367,3.2454222928441814,2.2605303735051328
2016-01-21,189.0,1.8605728744513312,3.4306179599096267,2.752634532274121,4.626463270502288,12.734962560682465,1.8480574795653608,1.6818055401661491,4.195244605440292,6.763771206308105,2.746401630473048,1.9730826904929075,1.2954181068199595,1.8881457271261548,1.7490653619994798,5.036608021258739,2.7635095172858857,2.097706726855631,0.6485347582349741,1.7187882468852498,2.894050646520128,4.00869277631077,7.933465521341327,1.7765245847709896,3.223420776221915,2.1848950895609143
2016-01-22,99.0,1.8893040263667968,3.689076035982591,2.834082531912924,4.406996300402994,12.489791233177007,1.8605728744513312,1.7366797220002912,4.626463270502288,4.634057207645935,2.8184367084212893,1.337548270639466,1.244787705403858,1.8966097571117395,1.774603552611649,4.731278316143623,2.7605781182989033,1.8740421166422132,0.587985173407643,1.719414662973654,2.890713220556776,3.9646607220414625,7.90771973228846,1.7678575298335757,3.1980828822875043,2.0906899487581887
2016-01-23,171.0,1.9004238513235467,3.558125852135929,2.8091354505681267,4.492231253695337,12.619286066905671,1.8893040263667968,1.5878406301263157,4.406996300402994,4.90862514587548,2.806402814328943,1.6904021386274406,1.2521707492011518,1.8659781267944957,1.7964070246640067,4.698841043680345,2.7904137177410937,1.6670110332532666,0.5288633768097551,1.7176511995858628,2.8859218652176395,3.9489283708178418,7.899850285124133,1.758791389983282,3.178315441389745,1.9067458895548646
2016-01-24,189.0,1.7690166407666637,3.680604962041599,2.76555806095506,6.5957227961350045,18.24085434667621,1.9004238513235467,1.572694460325137,4.492231253695337,5.382813219627494,3.078215483732228,2.2191682274634714,1.1130561337059652,1.8834335840472243,1.8410617705493255,4.639356201940325,2.9010183354941534,1.7490395455767878,0.5142102872518963,1.720192592333643,2.882978628502473,3.923238328405557,7.891789123386905,1.744193658957959,3.1673244405025036,1.974490562784648
2016-01-25,306.0,2.020746898797664,4.563423542019789,3.1204788087608724,6.517999692728031,20.3392799166677,1.7690166407666637,1.8351807844945769,6.5957227961350045,5.533405810426386,3.23012883712416,2.7996280390015484,1.1523621766831005,1.8529148394856687,1.8691077963266862,4.8126289985842545,3.038249045061777,2.2363994683641484,0.5850467133003414,1.716257734162839,2.87512391092576,3.912170032951465,7.888965536450106,1.7335822729881283,3.1545563051933465,2.0485524080426907
2016-01-26,306.0,1.8773777992672505,4.5765221403079455,3.057494097222296,8.302274110664353,25.384154086877746,2.020746898797664,1.9811989173185287,6.517999692728031,3.838338953487484,3.246568610936483,2.484281322638311,0.7843978620606156,1.8967291302959577,1.8956172412271275,4.95328526748449,3.1849709772642907,2.501025863034439,0.6202090007877062,1.7181085192641972,2.877957818732016,3.931478995296514,7.879908366407668,1.7318995690597963,3.146446112647389,2.1165151539510605
2016-01-27,234.0,1.828060377608928,4.513434069531503,3.021663814553736,7.964274819545824,24.065361031383098,1.8773777992672505,1.8480574795653608,8.302274110664353,4.195244605440292,3.471691421709472,4.185804894754523,0.7090230619441394,1.8890471129438586,1.8807856529340878,5.590990289938328,3.316129623256705,3.156571418798123,0.6836647298314844,1.7169538397788482,2.8799109221744073,3.9563881322252223,7.878553929481259,1.734407937390123,3.149802235663758,2.384273654802524
2016-01-28,252.0,1.5543559553299249,4.232479884874418,2.8505132895563787,7.356005457647307,20.9683913150729,1.828060377608928,1.8605728744513312,7.964274819545824,4.626463270502288,3.591856262241385,4.330584399503695,0.5532881480343909,1.9087283585579469,1.8779289240831687,6.1294231776676895,3.4367054316291132,3.6668902056321713,0.8542584656615911,1.7202270660419046,2.8813220818532197,3.9661520800300214,7.87537933117654,1.7376509920393417,3.1638962239819626,2.7210596132326366
2016-01-29,234.0,2.0114072307570776,4.6765068398711405,3.142625318522695,5.419414926342531,17.031190559103845,1.5543559553299249,1.8893040263667968,7.356005457647307,4.406996300402994,3.3546192148858043,3.5079204894928435,0.4021210281929909,1.7532647107353672,1.8341836499229678,6.519357775831265,3.4727222996122205,4.008103261250349,0.9240464114285428,1.7207143447941264,2.881574874899454,3.953197410286814,7.869429595549116,1.7367232956845668,3.1685854345192737,3.0311127873545476
2016-01-30,180.0,1.9808585410125816,4.177691110525075,3.010588123211931,7.076220003523497,21.30358389984253,2.0114072307570776,1.9004238513235467,5.419414926342531,4.492231253695337,3.311000703899171,3.433455046313288,0.7183993584490563,1.7979411878986429,1.8516269648358652,6.663989008108341,3.419158727008787,3.7573199784366036,1.0605632920880415,1.729552600608957,2.885761716168249,3.963415897754784,7.843664740364863,1.7329033016424134,3.164329669702302,3.2801203455953827
2016-01-31,135.0,1.5702605717666005,4.492202491715027,2.936498341401937,8.23984243460914,24.19628364264304,1.9808585410125816,1.7690166407666637,7.076220003523497,6.5957227961350045,3.4521604961396166,3.570675365431219,1.0166525310553107,1.848873909033194,1.8631176347914415,7.033130258083793,3.372593471641531,3.504016967079112,1.1855717041499787,1.7308315907721203,2.887268193677357,3.9621965604985037,7.835108533816467,1.7253203506421744,3.1794619056371562,3.4731927938764895
2016-02-01,288.0,1.8950277057406528,4.679240619088677,3.091736151949238,9.183721063749406,28.39364242221175,1.5702605717666005,2.020746898797664,8.23984243460914,6.517999692728031,3.380664956819263,2.9448722774523994,0.3558613179083147,1.8541754478454193,1.8347239106485753,7.268004492151526,3.3812753856193503,3.316334229732297,1.3340282683476794,1.723972231363128,2.886567299142067,3.989223285789174,7.842857838318457,1.7199631895657699,3.17442164821706,3.4939419707980397
2016-02-02,260.0,1.623330885758625,4.446372417310716,2.9360204234341265,8.843484551156891,25.96465125652081,1.8950277057406528,1.8773777992672505,9.183721063749406,8.302274110664353,3.4770953439644914,3.0285090079542987,0.3605507682692989,1.8153822728399442,1.816764025926145,7.648821830868864,3.436640265641124,3.1813522169459674,1.423966873861097,1.7251368356338892,2.891808617448881,4.034017010730158,7.861569869205964,1.7132778997050229,3.198320985812799,3.5716887829860378
2016-02-03,396.0,1.5323743323822936,4.1065719708639765,2.804116593960212,9.23656329684772,25.900400411854537,1.623330885758625,1.828060377608928,8.843484551156891,7.964274819545824,3.580629681680304,4.444042658556744,0.2951704857589234,1.6962063877552922,1.7804716097106272,7.726137608082085,3.4794633274880193,3.4724746479878092,1.4393985780202634,1.7183275947249335,2.890020171192639,4.080789389772147,7.872278992872731,1.7028619853923914,3.222288301474234,3.6085798921006407
2016-02-04,252.0,1.6894088642818683,4.337637933881941,2.9222543775010905,8.380332679457442,24.489463857459953,1.5323743323822936,1.5543559553299249,9.23656329684772,7.356005457647307,3.512761825864873,4.293052461515193,0.4507165211293794,1.6835776412938566,1.7382307461068223,7.907893104839499,3.5234956171698895,3.9218680426754067,1.4060321177400683,1.7139467263167585,2.886403929304449,4.103193312817995,7.8935608786239255,1.6951507024196841,3.2311026632774054,3.603218186673712
2016-02-05,288.0,1.8440397014639531,4.639819183712315,3.06169552279673,7.953386800457301,24.35084875803073,1.6894088642818683,2.0114072307570776,8.380332679457442,5.419414926342531,3.551420188342746,3.971174840279617,0.8979760105321059,1.615038027474262,1.7575240188142427,8.05422556509809,3.5482705652959745,4.236089986783846,1.4315403263208328,1.7164096623526806,2.8874208809938358,4.131601776466725,7.911794934239285,1.6862532071703933,3.2424828518905207,3.669397379643251
2016-02-06,162.0,1.4260801494562154,3.9251775886114815,2.715728947429473,8.550465405432208,23.22074641552653,1.8440397014639531,1.9808585410125816,7.953386800457301,7.076220003523497,3.6279706332339616,4.4321220635494205,0.9645353708606106,1.688607632709371,1.733614371772368,8.416221547114485,3.5640508824805273,4.232116455114738,1.4469567755283361,1.7187539944923154,2.888871276438176,4.1628486895859735,7.926407948999466,1.672499462299428,3.2551028523248493,3.8120640963912704
2016-02-07,180.0,1.2737893454913771,3.331380270298853,2.4639789371425582,7.261940051324474,17.89326732925545,1.4260801494562154,1.5702605717666005,8.550465405432208,8.23984243460914,3.493495161842521,4.013722578105669,1.4608426343617582,1.6531762384006783,1.654360315835744,8.626828033101445,3.557628661139743,4.13900649397823,1.4417829342407382,1.710579530965335,2.8831771845049494,4.158310112913541,7.928966722074909,1.6666435492020006,3.2612487512214523,3.875356555344763
2016-02-08,207.0,1.6357112296500786,4.089675529255291,2.8301234877993107,8.711413137143664,24.65437493135376,1.2737893454913771,1.8950277057406528,7.261940051324474,9.183721063749406,3.344842384818061,3.2807781044754947,1.5500174687190618,1.514636398803848,1.6120072835107122,8.487127692632205,3.488769393298181,3.9088742487101897,1.364623554426166,1.701662084421041,2.8745109683035523,4.118047186979965,7.93830435976457,1.6640622733473507,3.251091938750593,3.923343102062348
2016-02-09,180.0,1.301908429896878,3.720770307551948,2.614015869835446,8.552119650724118,22.355376487724417,1.6357112296500786,1.623330885758625,8.711413137143664,8.843484551156891,3.517229332701307,3.720495517103238,0.8490663886379607,1.4451935748658897,1.5749620726406304,8.419655131688529,3.4518556264539626,3.6716653998947955,1.4812371447210861,1.6967218667883452,2.868435033983307,4.111261064800074,7.957467689469311,1.6589933964777672,3.2486472708367926,4.022198317655054
2016-02-10,369.0,1.4992076409912647,4.039863835961546,2.7732457001989603,9.409028816740957,26.09354870907497,1.301908429896878,1.5323743323822936,8.552119650724118,9.23656329684772,3.481256169601066,2.86970353941686,1.2507886503754129,1.403803001679444,1.5290445789460951,8.378031574483847,3.4477759623734783,3.290325720331859,1.5952477231673328,1.6928683658526202,2.8658291128568716,4.107050596281992,7.9600010902097,1.6480707882882013,3.2472879043931817,3.797292729206499
2016-02-11,333.0,1.5074805019257254,3.8253165448581927,2.705291891011086,8.644397099927032,23.38561737711235,1.4992076409912647,1.6894088642818683,9.409028816740957,8.380332679457442,3.5281314935186323,4.146083092379607,1.3257754055629405,1.4789424335127397,1.5243064801759478,8.402669505897167,3.508872331940335,3.5787607162998967,1.7284700998286897,1.68912303055252,2.8617486218916377,4.088488037553105,7.970265894497385,1.6407162582821841,3.2432139255620496,3.776297105044272
2016-02-12,306.0,1.808659959133022,3.637219871850312,2.774617811245486,6.72715395705633,18.665281188239042,1.5074805019257254,1.8440397014639531,8.644397099927032,7.953386800457301,3.0554601101796472,2.3609172455541145,1.9371719599160104,1.436198857604622,1.4983167141250704,8.44039299453568,3.354949257766449,3.1255679591168555,1.6706392514975243,1.6883050248368152,2.859021829375891,4.071772146056983,7.991178329628286,1.63336750882827,3.241334372672805,3.546260305797772
2016-02-13,207.0,1.8509652879702956,3.813556168048232,2.844050357366548,6.5291636718615775,18.569270274262603,1.808659959133022,1.4260801494562154,6.72715395705633,8.550465405432208,3.116980123468571,2.5565353086882405,1.5941056094545356,1.60511603401667,1.4932624652206514,8.265216874049825,3.2335239090556165,3.021178548873982,1.5655112680056982,1.6871073187715466,2.8537264280469685,4.052912509328954,7.991420023558757,1.6280706189542573,3.2458357253858954,3.2783193408176032
2016-02-14,243.0,1.5687328245826484,3.797152908729942,2.716125848728669,7.643813133841003,20.76155843567724,1.8509652879702956,1.2737893454913771,6.5291636718615775,7.261940051324474,3.3183167760452017,3.3956756149956404,1.5688645634759222,1.7223685830096802,1.5539603421512342,7.9764594835397356,3.1635856698978064,2.771042723079327,1.5238151179192236,1.6893543274585434,2.8506673275866192,4.037659189336147,7.992064604927182,1.6240512168008352,3.2600690938466497,3.1900269175161706
2016-02-15,297.0,1.7144938931702178,4.227275198682974,2.898468038194904,7.645940971396428,22.16151552751744,1.5687328245826484,1.6357112296500786,7.643813133841003,8.711413137143664,3.264079271105065,2.892565045631778,1.3164522467576965,1.7427860238953212,1.5960951248785589,8.031012781042097,3.233125390206279,2.9482586564385485,1.4593910106050454,1.6941728916479106,2.8502771869258714,4.022335796290621,7.9886845146199414,1.6205648292005055,3.269264505729203,3.1345679091099257
2016-02-16,333.0,1.6934218784518478,4.275530689880723,2.90524531697978,8.19112949942739,23.797240618986354,1.7144938931702178,1.301908429896878,7.645940971396428,8.552119650724118,3.426320869140598,3.516633335415658,1.0276238487033125,1.7113973352410534,1.6073497910957215,7.878802471649635,3.336238972096955,3.268291332014354,1.3748886867263361,1.6962155891388566,2.8503588017565975,4.053314821087492,7.986049394442223,1.6186967876099747,3.285683909034725,3.1054447402974144
2016-02-17,270.0,2.095449358838604,4.761234899121253,3.206597460417851,7.841381188392201,25.14415300486674,1.6934218784518478,1.4992076409912647,8.19112949942739,9.409028816740957,3.292360860165739,4.096712698491943,1.358703794827934,1.6588828654015708,1.6632802837464316,7.827232450035816,3.327587000137134,3.5019703598464544,1.2490208712078934,1.696530098427214,2.8479482509720024,4.082542106542742,7.970514948871251,1.6099213257269795,3.2873541429256083,3.280731763022426
2016-02-18,360.0,1.4347835567113183,4.201046768939519,2.8108143238716785,8.232590882758572,23.14028437583318,2.095449358838604,1.5074805019257254,7.841381188392201,8.644397099927032,3.195876670940207,4.294967203557142,1.2895585165497565,1.8344550434868896,1.7484576720103373,7.603282788843138,3.3048528000821817,3.9694377458215757,1.108255127619093,1.704995138127431,2.8524126127523806,4.112628518085631,7.955809136619658,1.5917245709674597,3.299642335110874,3.302000921762074
2016-02-19,342.0,1.8877152766391183,4.3174239765346805,2.993488520468297,8.091296688823066,24.22120375369499,1.4347835567113183,1.808659959133022,8.232590882758572,6.72715395705633,2.9921710035210296,3.306156925300655,1.397056301214005,1.7412182646672563,1.7380723941225649,7.544453329247643,3.160136178208992,3.8992789424499077,1.111628154649303,1.7096567974384382,2.8587268892470097,4.1112019745137065,7.950489783687139,1.578795633226244,3.3088181680281625,3.4370351617258654
2016-02-20,297.0,1.651149057345225,4.300745210890664,2.899798394655967,7.86761144983686,22.814487052013835,1.8877152766391183,1.8509652879702956,8.091296688823066,6.5291636718615775,3.303295165006888,3.918204310344106,2.410400741518975,1.8059827307296796,1.74936601090915,7.739330862357177,3.163780946489375,3.839776146400629,1.2335794880015911,1.7117008661946291,2.859337786625192,4.1254317190699075,7.947447044841616,1.580343591085943,3.3273812858459575,3.6315593048195605
2016-02-21,270.0,1.2936449700977286,3.624326778348345,2.576770210320896,7.730766261150669,19.920408204686897,1.651149057345225,1.5687328245826484,7.86761144983686,7.643813133841003,3.1594207684101585,3.6670575182490666,2.366938612599651,1.6578826302318868,1.7208208351055685,7.930537687782218,3.1516289789793586,3.6304729179646045,1.2386735457614577,1.7066440017096633,2.855416848972637,4.154435960769275,7.929792164564689,1.5775829145721765,3.3387474211789203,3.6703281481414787
2016-02-22,252.0,1.9129355282457503,4.573198887877629,3.0716156993810824,6.868416709531225,21.097136594887466,1.2936449700977286,1.7144938931702178,7.730766261150669,7.645940971396428,3.0549899349394187,2.823241250949408,2.2490088833871944,1.6108364346940232,1.6815225701791514,7.9429595631121686,3.1725686227854886,3.469501026514189,1.2943659211552847,1.6991047702983204,2.8501800411416895,4.152277652181467,7.919317438618441,1.5694234542242573,3.3470336585326024,3.6604247489011397
2016-02-23,243.0,1.6682188133428122,4.215615757538404,2.879141226816448,7.154133890212966,20.597761825476887,1.9129355282457503,1.6934218784518478,6.868416709531225,8.19112949942739,3.187025264537293,3.623513384317529,0.6228079103851532,1.6192431852295674,1.7098713751899417,7.831884668559998,3.1338119892956233,3.3712707178386627,1.349679284349806,1.6984716578613008,2.850913434049396,4.186113420039524,7.898973683193267,1.5709060375662967,3.350660651226105,3.6756933273156926
2016-02-24,279.0,1.720951008668968,4.354330004157914,2.9380397589530216,6.33252521730564,18.60521086301659,1.6682188133428122,2.095449358838604,7.154133890212966,7.841381188392201,3.384908654480587,3.499314328683395,0.6228079103851532,1.6249331038954298,1.7062709373172225,7.683742438672222,3.2089746179857666,3.3153563213167723,1.3445079177041421,1.7037498966789175,2.853432565752972,4.203947113222751,7.879035518756918,1.568906635715704,3.3558199784713185,3.5903507030573287
2016-02-25,414.0,1.770903131504067,4.427337591166885,2.975927935993566,7.68612068593896,22.873341268703783,1.720951008668968,1.4347835567113183,6.33252521730564,8.232590882758572,3.3966856699014074,3.762336035946359,0.997685465944433,1.7673684500858429,1.6527711730072743,7.4681915856598575,3.322873196306429,3.6283879163157557,1.370011861769287,1.7100035477647841,2.8571165928557254,4.196977328627354,7.852716878698447,1.5615080429512749,3.3608238804368162,3.514260536255788
2016-02-26,342.0,1.917554775723714,4.617094971415792,3.0848311023525072,8.52306194840314,26.292206585711163,1.770903131504067,1.8877152766391183,7.68612068593896,8.091296688823066,3.4340789402407306,3.539574649567851,0.9460875500147568,1.7200243178386152,1.7007882551205242,7.390124414685627,3.405224421540908,3.6004083380658636,1.5057262117941093,1.715802415565531,2.862010212612925,4.192004510322652,7.836409693549646,1.5529743830714635,3.359570131054525,3.5476059254368164
2016-02-27,306.0,1.5676603762722938,4.136025534395374,2.823392952648005,8.63295150041009,24.37421442680987,1.917554775723714,1.651149057345225,8.52306194840314,7.86761144983686,3.3322040944144256,3.8888054088305934,1.8188844743680104,1.803136305298916,1.705051040704038,7.451805166054208,3.3876562348521877,3.7302386981149294,1.620833050350215,1.7173438814724105,2.864426847106951,4.195459873718796,7.834348580361421,1.5479865785701719,3.350915058793626,3.5434060823634574
2016-02-28,270.0,1.5716312193063815,4.266902325280008,2.866032399395656,9.591018768654823,27.48817053417655,1.5676603762722938,1.2936449700977286,8.63295150041009,7.730766261150669,3.186795597325724,3.661608881520988,1.485863903970553,1.7520394278333578,1.6931240862650478,7.561139458993241,3.31769287732696,3.696662979973139,1.732113384710827,1.7113359882098886,2.8599768024093715,4.1922447287028275,7.860988209199025,1.5404245865643036,3.3453209382082902,3.5426277056880173
2016-02-29,369.0,1.6788823661101897,4.299327583527793,2.907776728573604,6.382404177575151,18.558606339903974,1.5716312193063815,1.9129355282457503,9.591018768654823,6.868416709531225,3.130046795726383,3.650804802461274,1.263648678265591,1.685615457100796,1.7328364075805696,7.82688981720812,3.216348829155511,3.73373969760428,1.8795535079401016,1.7072380642231764,2.8581146040168752,4.1785912448831235,7.865090206241989,1.5424566370414479,3.3392891412691976,3.6608510701897123
2016-03-01,333.0,2.031885340295976,4.8305550231230505,3.189546732505644,3.5542352317308272,11.336399369923502,1.6788823661101897,1.6682188133428122,6.382404177575151,7.154133890212966,2.844594301686953,2.8036132854781464,0.646419099596623,1.6060579872296212,1.6994002415612037,7.7574594555001095,3.0538122315796863,3.372008989820131,1.7779437940446556,1.708452114033283,2.8589250571016795,4.182645793983213,7.852785579476933,1.5464061373585507,3.3190369347874418,3.5437224846412296
2016-03-02,324.0,1.9561703371175216,4.972568048355503,3.191645682144171,5.82485136492088,18.590861707981308,2.031885340295976,1.720951008668968,3.5542352317308272,6.33252521730564,2.876634356870479,2.907612957247911,1.4764672438511697,1.7607996419041818,1.751352602554513,7.24318821857409,2.9504251514279383,3.120677015062439,1.8367027065421904,1.723850415673504,2.8694343173795698,4.193924211696814,7.817490681219292,1.5538835114617184,3.302235914789149,3.4591937172933034
2016-03-03,405.0,2.008363392992166,4.947187159179928,3.2068855912265,5.402413669354032,17.32492255409653,1.9561703371175216,1.770903131504067,5.82485136492088,7.68612068593896,2.973619827217817,3.09503491337285,1.0333438702634994,1.8889793478412285,1.7849553637614493,7.170663382519124,2.89828282859175,2.9354203853662972,1.840311332752807,1.7316687774501944,2.8803572456721667,4.203701792672375,7.798935373449643,1.5476391417668098,3.2854533975642597,3.363864985497088
2016-03-04,288.0,2.093251529934384,5.002302922864949,3.259770789612965,6.136336437822673,20.003050275252022,2.008363392992166,1.917554775723714,5.402413669354032,8.52306194840314,3.2165515924487327,3.7467146938476015,1.3359341777715463,1.998806356801887,1.8188782582597491,6.844419523006992,3.02226859217901,3.249787521489449,1.8920563184621515,1.7382714687974714,2.892112725564572,4.220395617401349,7.784962741640555,1.5399705243178858,3.2733174612565406,3.3934564203941946
2016-03-05,198.0,1.6335941299131111,4.68047233045171,3.0098584655064378,8.059988841572176,24.25942564669344,2.093251529934384,1.5676603762722938,6.136336437822673,8.63295150041009,3.240020717317139,4.023042790033792,2.206078016729659,2.0192617533480233,1.8439777945755587,6.503458735781211,3.1433973789945626,3.621597465751409,1.8326528159734714,1.7388220194874429,2.898082020919376,4.250253315801381,7.781153777890156,1.5270375954671358,3.2642260909716163,3.412633189137509
2016-03-06,279.0,1.4282448390868334,4.858486045375599,3.025499185793352,9.50570667721267,28.759507812297365,1.6335941299131111,1.5716312193063815,8.059988841572176,9.591018768654823,3.197267233641793,3.70460092734586,1.4496643374509053,1.911736350946553,1.8533969022385328,6.421606927375795,3.217946514469222,3.8247861370757463,1.8060205605285176,1.7355704215761387,2.9024785118360037,4.261681129020373,7.78025326081863,1.5151831318544533,3.2524209924815843,3.418774909969634
2016-03-07,423.0,1.7761308796766029,4.475306058692718,2.9915500124822385,8.032214961357196,24.028772767908144,1.4282448390868334,1.6788823661101897,9.50570667721267,6.382404177575151,3.498758641130548,4.77017564114736,1.442176286721605,1.7183634996447754,1.8329131336357403,6.409419485741203,3.312015530696493,4.165939786175666,1.8107522882920097,1.729155685247319,2.906330245925207,4.268970024409149,7.791399891137383,1.5058196787857139,3.2481139260781378,3.578685029781932
2016-03-08,270.0,1.765902305170389,4.601361405667127,3.024139083572313,7.6949486929464035,23.270595088422905,1.7761308796766029,2.031885340295976,8.032214961357196,3.5542352317308272,3.2887856028739577,4.094425766843343,1.5964195497703806,1.6126566162255151,1.8468057784309422,6.645106740567208,3.3282704925487665,4.18973411177885,1.8795446992857718,1.729770584145605,2.908529255017955,4.287307640078525,7.792948709065404,1.4990330707162547,3.241290274112519,3.7630868128341026
2016-03-09,315.0,1.9197605891374776,5.060389260790579,3.2007106320580854,7.631283052899073,24.42552880365875,1.765902305170389,1.9561703371175216,7.6949486929464035,5.82485136492088,3.4272677312491453,4.6259589414710085,2.282215113743908,1.6567593413112747,1.8088082019844296,7.236637235026576,3.40493732508455,4.4968534498205655,1.8457423932854489,1.729031575065752,2.9085641512772598,4.329640344590801,7.783712637650016,1.4948357064282656,3.2440377856602214,4.008564810580259
2016-03-10,405.0,1.9283621779020257,4.929796553997,3.169954510423496,6.759044569471524,21.425863819149697,1.9197605891374776,2.008363392992166,7.631283052899073,5.402413669354032,3.46283908079469,4.141702384566644,1.8123062107877868,1.8205979246614892,1.8036068094158522,7.494698904737746,3.3929641383059312,4.28736236429366,1.8785591589259094,1.7355781767748253,2.914197408842203,4.36199746897531,7.766171104929943,1.4851240142983013,3.242224777263334,4.158088735036515
2016-03-11,369.0,2.018523934580434,5.268927687358135,3.289767938393952,5.846277653469328,19.232896783332425,1.9283621779020257,2.093251529934384,6.759044569471524,6.136336437822673,3.4158332678855103,3.918204310344106,2.368015040376466,1.87134169073663,1.792178064402975,7.688503319040245,3.435313359976449,4.228621878793914,1.9686590270236104,1.7396607473224617,2.9207859530850384,4.4022983438568115,7.739416834140566,1.4805733781814217,3.240044013872816,4.182587251678873
2016-03-12,270.0,2.002707882851517,4.556445216884096,3.109432211952667,6.917931357256329,21.510838602330264,2.018523934580434,1.6335941299131111,5.846277653469328,8.059988841572176,3.4124682508084123,4.506663499322023,1.4948100194615366,1.9555489005399787,1.7815026936381249,7.64706634984691,3.4303801998295373,4.188856731410919,1.9725918749179954,1.7439686573557913,2.925268676339636,4.443267138903365,7.7161850727543815,1.4739483482316387,3.236188572449142,4.251675924434335
2016-03-13,288.0,1.7475323041615038,4.387245821891064,2.9565327819643623,6.038467968293886,17.852928501102614,2.002707882851517,1.4282448390868334,6.917931357256329,9.50570667721267,3.2524021870921445,4.092136765323128,1.8609767249336504,1.9831979984446584,1.8342332297721826,7.483915280658932,3.360234568595356,4.172334858329748,1.9760437085167701,1.7479276384083018,2.928000773509162,4.467638094637562,7.705544755622355,1.461655177346142,3.242753308346225,4.307038187002516
2016-03-14,306.0,2.0469828163846198,4.692217385780783,3.1646048166836898,6.542978698578561,20.705941904980495,1.7475323041615038,1.7761308796766029,6.038467968293886,8.032214961357196,2.9438004116322563,3.088221613816792,1.4674366701959207,1.9229213738644846,1.87984572478285,6.988595465099105,3.2028902831776045,3.8956739594873095,1.8443572432366206,1.7475397335569633,2.928731758506167,4.49263895963892,7.681251086616026,1.4593816663103,3.2369806512850148,4.066759040241007
2016-03-15,342.0,1.9577427654095367,4.6731785958137175,3.116644692256308,6.590130101089764,20.53909400083994,2.0469828163846198,1.765902305170389,6.542978698578561,7.6949486929464035,3.3486581715269343,3.908365227398672,1.958634449735792,1.9324076677992128,1.918538858598281,6.775847427559301,3.181620256750445,3.6962412021795257,1.7601333068504437,1.7536260214939376,2.9331360833105213,4.521927666896672,7.6557355184157325,1.4560274126505577,3.2379920311344055,4.040178963177483
2016-03-16,333.0,2.0548575817142045,4.921788285563426,3.222084637470968,4.3251282402900255,13.935929258130333,1.9577427654095367,1.9197605891374776,6.590130101089764,7.631283052899073,3.152449932150761,3.639951782439412,1.8663905963231469,1.9174192953185527,1.945944638632445,6.618016200151209,3.1483028384366505,3.5455128745516205,1.6912426626043011,1.7573104055507585,2.936495518475272,4.551128523132798,7.631572354613206,1.4496378768073546,3.234271053169262,3.89932079760154
2016-03-17,351.0,2.07946465201049,4.683040522187932,3.1799860855195266,5.700719623483869,18.12820908012682,2.0548575817142045,1.9283621779020257,4.3251282402900255,6.759044569471524,3.1185078220909768,4.108008093329029,1.6258804226731114,2.0198610545027864,1.9652442090005486,6.145708369778489,3.2065386419228905,3.8854417010556994,1.681386091555756,1.765094021410557,2.94741914095175,4.574278959362146,7.6049926958135465,1.4463100578395467,3.224010618267608,3.8945073274247375
2016-03-18,342.0,1.9345051421227373,4.663593724676439,3.103911165950371,6.257382343918889,19.422358926910544,2.07946465201049,2.018523934580434,5.700719623483869,5.846277653469328,3.155257153155203,3.570675365431219,2.4011371347209094,2.030688333044743,1.9868302767303292,5.994519091780252,3.1420716357989797,3.7728784137332148,1.5108168655191048,1.7735401912719795,2.9572270041062874,4.587862620439053,7.597283217950211,1.4512890499836042,3.2194404947005903,3.844860335294325
2016-03-19,306.0,1.8419344915664144,4.777399741704352,3.0984342363334183,7.219536606046854,22.369259390637943,1.9345051421227373,2.002707882851517,6.257382343918889,6.917931357256329,3.009082770585808,3.299800660586325,1.9763568964178728,2.0229424586158102,1.9748275920935154,6.0532483332730465,3.0942825819439954,3.6594947064488523,1.4452081102623882,1.7751955972324487,2.961501349583869,4.584607914624225,7.584478129008379,1.4467295608813977,3.2132140313554434,3.6724513583320824
2016-03-20,315.0,1.598144557176177,4.4761335119233365,2.938534365414522,7.848677239962035,23.06360779267524,1.8419344915664144,1.7475323041615038,7.219536606046854,6.038467968293886,3.124807410862321,4.018443161760141,1.6243605829313903,1.951968095233213,1.9518599647670725,6.096334797385978,3.096382444867777,3.6296397292592233,1.4350034291198477,1.7728745234699135,2.9627610009224794,4.603819680383053,7.580638474145665,1.4525752932945806,3.217635244933487,3.661923700680227
2016-03-21,387.0,1.730138843460391,4.715300950425658,3.0458344873815486,8.000408096766094,24.367918894256746,1.598144557176177,2.0469828163846198,7.848677239962035,6.542978698578561,2.951240434874601,3.2807781044754947,1.6971540296791428,1.7915280636217756,1.9305188580548829,6.35493612191,3.0283768721075766,3.533007308940648,1.4310616240600675,1.7687093080967602,2.964028466260454,4.609109998229342,7.574273095909661,1.4484149791732688,3.205900087262411,3.6894317707743274
2016-03-22,351.0,1.9161108603459505,5.320649298200576,3.2673033884837004,7.632537092749777,24.937814305868876,1.730138843460391,1.9577427654095367,8.000408096766094,6.590130101089764,3.136413155487958,3.5451730268747927,2.5893335264196984,1.72340596406766,1.8852554333514215,6.563140321651076,3.070820333741627,3.614798097703471,1.4626011536836288,1.7665354075802449,2.968915132178912,4.622928522880509,7.565326482721108,1.448372129682367,3.2051331668316703,3.6375471706994875
2016-03-23,378.0,1.7989871376479665,5.241080138972653,3.2133015330919577,8.01787201773459,25.763840446721666,1.9161108603459505,2.0548575817142045,7.632537092749777,4.3251282402900255,3.437782229398852,4.205488694772935,1.8939205315838428,1.7481314203275053,1.8793080183423376,6.712055606173935,3.175145273253804,3.677146608707736,1.638265796552526,1.766982188146564,2.9761354797884247,4.679472606875582,7.55188957195589,1.4507944144143525,3.217892909980318,3.718338158175705
2016-03-24,306.0,1.868627776220131,4.649513723888544,3.07356789353396,7.882988148032464,24.228899276901313,1.7989871376479665,2.07946465201049,8.01787201773459,5.700719623483869,3.657113342422521,5.097489243376179,1.6500432578645354,1.8150789471514353,1.8427550977614466,7.239590431523159,3.4104362424364436,4.282716988341297,1.6521283193742708,1.765291576251971,2.982871581163822,4.701735315245417,7.553017537141039,1.4561890212833666,3.233562512576492,3.859692608182441
2016-03-25,315.0,1.7622229825257856,4.729364770791959,3.059255840052808,8.144301306585747,24.915501335322162,1.868627776220131,1.9345051421227373,7.882988148032464,6.257382343918889,2.925124660448841,3.149777558738593,1.4793318777598623,1.861241924738015,1.8126355440771096,7.5513430778872435,3.3400067440900716,4.1509184989625645,1.7423334560545303,1.7669517618428618,2.9880050783734697,4.716198580790421,7.557751927341656,1.4585102804921735,3.218236379442101,3.7995643500834944
2016-03-26,270.0,1.9896643701055048,5.009604059650944,3.2144282411658027,6.114853958964021,19.655759256298463,1.7622229825257856,1.8419344915664144,8.144301306585747,7.219536606046854,3.0898017024511044,3.528063192704715,1.3867893417146342,1.809945965464627,1.7880238069918306,7.820902929696794,3.2240132351074884,3.9251099982731574,1.6569405281688192,1.7626430299049973,2.986984695561669,4.728699739678222,7.561222242810038,1.4579231341336076,3.2080069138604244,3.8321732832432644
2016-03-27,261.0,1.7721560770327844,4.471992901786164,2.989269107727063,8.315265882603331,24.856567425402947,1.9896643701055048,1.598144557176177,6.114853958964021,7.848677239962035,3.4148077311696485,4.377750681230345,1.142126073208392,1.8735050429504732,1.809128075354558,7.663091122970676,3.1432446980231976,3.685197144224546,1.7066189172397814,1.7645144727523019,2.989600264627394,4.748108621961024,7.549447583996415,1.4599783351509568,3.2073645402247215,3.8835029288818648
2016-03-28,540.0,1.925877244778559,5.312804300368983,3.26824433039582,8.687407737390231,28.3925710835624,1.7721560770327844,1.730138843460391,8.315265882603331,8.000408096766094,3.161672383840619,3.903548568122953,1.628158032339326,1.841347809888024,1.8339868639055017,7.729746643348003,3.2220939391537904,3.9364541473526664,1.7571360567376093,1.7635827344093657,2.9890603528469497,4.743271886306704,7.549180362446346,1.4583126166974372,3.201680149872261,3.972470137974359
2016-03-29,342.0,1.7778906397085683,5.084654978637076,3.164294403747182,8.908675385786614,28.18967166804485,1.925877244778559,1.9161108603459505,8.687407737390231,7.632537092749777,3.4875183336215447,4.773628002639761,1.395348944163139,1.8958992306389486,1.8619494926652405,7.827889449151451,3.3546661495439376,4.351642417331015,1.8187661154942198,1.7697747559001764,2.9960225368609406,4.78249784517249,7.558984843738028,1.4594661909942392,3.211704241082122,4.147963705940783
2016-03-30,369.0,1.9284925205143832,5.2420690213044585,3.2507621952821557,7.532369480461193,24.485941947980336,1.7778906397085683,1.7989871376479665,8.908675385786614,8.01787201773459,3.559723029571554,5.080284747758282,1.4346592447868274,1.8253079871733033,1.8422037468599,8.010194919585285,3.402971249011239,4.5858204395069935,1.720920724031357,1.7658828127160349,2.996383688281348,4.80975626695106,7.564990027028695,1.4546076636340706,3.2260267822102944,4.272934570652976
2016-03-31,333.0,1.822987909147073,5.401982048335618,3.263377830872415,8.50654920045202,27.760084077980586,1.9284925205143832,1.868627776220131,7.532369480461193,7.882988148032464,3.509769978607735,5.366835635964401,1.578610489866753,1.8774201350005029,1.8607045158408169,7.940837414260515,3.519003780600278,5.073582795454143,1.7437828159362907,1.7650100457077316,3.0003865894825186,4.841180981543616,7.553107999359084,1.4612065494950706,3.24819930477432,4.311412626737007
2016-04-01,360.0,1.8281443843435967,5.392342442604788,3.2619273531305737,7.950153060075604,25.932821728235346,1.822987909147073,1.7622229825257856,8.50654920045202,8.144301306585747,3.726296459161449,5.799563472628067,1.4517392423414013,1.8431236897900074,1.8541845348303798,8.029917564606166,3.598596489113579,5.415561285450245,1.8140318412553909,1.7692221679974058,3.0058345809736933,4.860228549050701,7.557778266780658,1.463039139162743,3.2765213748506863,4.689953471578361
2016-04-02,342.0,1.9223513331084143,5.108958476917654,3.2141325555854543,7.821277675173442,25.138623202048674,1.8281443843435967,1.9896643701055048,7.950153060075604,6.114853958964021,3.6617202474946806,5.589728278964296,1.6075660490795618,1.8598749380016837,1.8636018779472099,8.002182100819002,3.6325955617546217,5.585375795852251,1.9273924582074957,1.7681074459741215,3.0086711009933826,4.874221028859011,7.570946239676071,1.4577636791197686,3.299458055526581,4.984477055329729
2016-04-03,306.0,1.3666542568446198,4.618529429300897,2.937544739837134,8.105141391703613,23.80921546083518,1.9223513331084143,1.7721560770327844,7.821277675173442,8.315265882603331,3.448017943882624,4.8616519995646845,2.3717785732906727,1.857827875533027,1.8539857298047686,8.245956917420347,3.6120115501795844,5.416981250385678,1.9717391026931632,1.7730911200966182,3.0133063031959044,4.879613406116934,7.575599084258292,1.4503865300436651,3.307173600574378,5.053605815091778
2016-04-04,540.0,1.725435275927022,4.834340296510929,3.079054039453636,7.267767446536861,22.37784871406896,1.3666542568446198,1.925877244778559,8.105141391703613,8.687407737390231,3.1801076875090293,4.487264998927135,1.725195692091542,1.7057166580988763,1.7960568983493166,8.215939133006103,3.429948626295445,4.979548425818701,2.0755244578237533,1.7703291188376569,3.0155301056271866,4.866820956331466,7.586516147783247,1.443212485980107,3.305176499580774,5.136993876635232
2016-04-05,459.0,1.988109075390279,4.903177392278357,3.187308802853741,7.057790690868309,22.495358397703747,1.725435275927022,1.7778906397085683,7.267767446536861,8.908675385786614,3.3647694486880377,4.424080970955645,2.026784900924954,1.6714802886266844,1.7674223313705253,8.013133377169906,3.3309650266932302,4.59099932314915,2.0656145947185975,1.7709295590317427,3.0181434333263955,4.8719498885334405,7.600690905569234,1.443776128347024,3.310759906748982,5.087058586394645
2016-04-06,495.0,2.056868706119057,5.295221481724937,3.3114380087397253,6.969974776346043,23.080639394349454,1.988109075390279,1.9284925205143832,7.057790690868309,7.532369480461193,3.2667449027068733,4.442043767204425,0.8369087495868501,1.6933995360539729,1.7974535364679127,7.7487212778958625,3.2705406796346472,4.451129912362397,2.080698164146689,1.7733307152638484,3.020236987994012,4.873439600096867,7.605267703446123,1.4468319971016534,3.303026115468193,4.99588130345838
2016-04-07,522.0,1.866686521930185,5.353791538556289,3.261666076637324,8.092705847599062,26.39570413131836,2.056868706119057,1.822987909147073,6.969974776346043,8.50654920045202,3.3750948747580654,4.220671398626076,1.9263592133634877,1.9234710191454518,1.8157929915542945,7.668379177307984,3.3355364087176587,4.3622653789287105,2.1874181493654974,1.7838438578748954,3.030165472349183,4.90077011419794,7.606389260914011,1.4448493299026544,3.3059030911976635,4.83214355526719
2016-04-08,360.0,1.80751294631434,5.166423404759134,3.19482081010879,8.389468331739499,26.802848011990022,1.866686521930185,1.8281443843435967,8.092705847599062,7.950153060075604,3.5025370806126355,4.649933483299109,1.8053592188261975,1.970554767813173,1.8220356505233102,7.609258698328991,3.3814589526925247,4.437549549709865,2.1798762743582376,1.7937254774822091,3.0434602580074293,4.925851118627578,7.618490129083237,1.4420026967262498,3.3084120695097794,4.667910699648767
2016-04-09,297.0,1.790096831371197,5.373946282955926,3.2473945692295136,9.719766562583644,31.563917149512744,1.80751294631434,1.9223513331084143,8.389468331739499,7.821277675173442,3.726176875182203,5.493350246242569,2.038976460375835,1.9103560581211931,1.819088302233417,7.672018022852405,3.5346029435176347,4.787985042722581,2.2194647231618174,1.7965888394266132,3.0495385467125873,4.929385590093196,7.617231130252512,1.4352417140752307,3.317189995989364,4.654142409259949
2016-04-10,315.0,1.3007170589485395,5.030043672443257,3.0635037819704816,9.691488510736516,29.689911705564786,1.790096831371197,1.3666542568446198,9.719766562583644,8.105141391703613,3.645019248082177,5.519100356402215,1.686860833050633,1.8214320998719062,1.8001948019852427,7.943230721053861,3.6245777346256713,5.220794695314626,2.215984792405932,1.8047253127845186,3.060094858369155,4.944190581058494,7.623147339409418,1.429879409086071,3.3248295286625855,4.7480636030938825
2016-04-11,540.0,1.6217675222173753,5.000324137937935,3.1037317383291376,8.309228721339279,25.789616903456757,1.3007170589485395,1.725435275927022,9.691488510736516,7.267767446536861,3.553582203601491,5.179070810415135,1.8852303354260764,1.632775612211358,1.7907752022858026,8.169851738058563,3.641592775621957,5.397173804353301,2.0959547322632237,1.8014171364171399,3.064932493065347,4.936227780561331,7.627876735233182,1.4273780806937608,3.3295333270890217,4.8468930047350245
2016-04-12,513.0,1.7563181317060566,5.325414377447164,3.2265645497328608,9.022203672506166,29.11072253017802,1.6217675222173753,1.988109075390279,8.309228721339279,7.057790690868309,3.4601565077533496,4.789402758510051,2.518528078158656,1.5708604708457032,1.7759655231844247,8.318631920173193,3.5529193198123394,5.162524641775796,2.05153319354416,1.8033219200886674,3.0715731571873146,4.951023744596458,7.624997963109355,1.4356739193962849,3.336458471111062,4.899081831528512
2016-04-13,531.0,1.7884344244618022,5.287204783068638,3.223384235590212,7.95937130392269,25.65611198627351,1.7563181317060566,2.056868706119057,9.022203672506166,6.969974776346043,3.5700981307391064,4.624092187230579,1.6304330682515855,1.5596009042906562,1.7428525312295358,8.599262346121458,3.527945614031316,4.86418858538525,2.055310144304265,1.802449556298218,3.0791056028287707,4.982296029781663,7.623299861374541,1.4419459049298244,3.3573350617479565,4.925088748675106
2016-04-14,423.0,1.9657447189497197,5.958713167791188,3.4440896767298703,6.856859160159898,23.615637848297354,1.7884344244618022,1.866686521930185,7.95937130392269,8.092705847599062,3.59354554942088,4.885266131069889,2.236785724763158,1.7221733594617437,1.7045047767070707,8.740604707203836,3.541266729304445,4.766253692270168,1.878668100525228,1.801407375239743,3.0854278341324983,5.002128943024591,7.61482764035385,1.4462354389881722,3.3654979743444216,5.020030853309935
2016-04-15,450.0,1.978724138737731,5.985904326281893,3.454171379831056,8.591492802631137,29.67648854887298,1.9657447189497197,1.80751294631434,6.856859160159898,8.389468331739499,3.502124655932048,4.387879736063308,2.531856704740329,1.8368324250391919,1.7186559477098613,8.564055180426813,3.555256112030678,4.63241268478792,1.8568507228549151,1.808024240145861,3.0975605645991853,5.04498009542384,7.616441252580973,1.4364757978622016,3.3771537984704647,4.982594603704821
2016-04-16,297.0,1.8854656351654504,6.06043688928823,3.451624127236309,8.197034050065987,28.29308049898532,1.978724138737731,1.790096831371197,8.591492802631137,9.719766562583644,3.779412938025241,5.955201476529988,1.9696074186397436,1.9109677607164166,1.7431146894846314,8.592915819125619,3.62502771445939,5.0761157812210564,1.8849262393952693,1.812428077571986,3.106822286959788,5.0804506301144565,7.627888078254461,1.4429529055870005,3.399183969001607,5.048573350888738
2016-04-17,378.0,1.7272051921016112,5.400256898867082,3.241606586035937,7.30078044520983,23.66625797439457,1.8854656351654504,1.3007170589485395,8.197034050065987,9.691488510736516,3.764246530697743,5.872388897492296,1.7924458190472752,1.9433114976176329,1.7567388043123822,8.375382603051667,3.6819280415516773,5.40515670336186,1.7680178424881383,1.8156288068505462,3.115928600464063,5.1263638423511315,7.628336097477114,1.4475616390292905,3.419483614919691,5.099043142473035
2016-04-18,450.0,1.999023951383841,5.351440601074314,3.3027079606051126,6.48228663104031,21.409099659260928,1.7272051921016112,1.6217675222173753,7.30078044520983,8.309228721339279,3.501515461335516,4.259261804706103,2.6322702319577336,1.8637983220015968,1.8176656804771067,8.033852879404998,3.681724976686166,5.362284059576125,1.7342190153734847,1.8094914040715964,3.1165120858910313,5.150919281490821,7.611906200767541,1.4528778259973663,3.4358980379446815,4.967641855943173
2016-04-19,477.0,1.986659030256924,5.28098084743566,3.2807590166613863,6.678719649996736,21.91126971148037,1.999023951383841,1.7563181317060566,6.48228663104031,9.022203672506166,3.4225009199790963,3.9424009015031407,2.4657349531078383,1.8705649262169668,1.871559456072316,7.7728611522194315,3.5627543040041183,4.691350534567175,1.7635088374150565,1.8188954106494717,3.124710313169922,5.170053976803152,7.5909404771299975,1.451873776592425,3.445821154915241,4.846641590656472
2016-04-20,576.0,1.9907989577204293,5.181170259316583,3.257416326652465,7.199502743426381,23.451777780216307,1.986659030256924,1.7884344244618022,6.678719649996736,7.95937130392269,3.516341628253121,4.008993081232635,1.9075522098766424,1.9042960579141246,1.90446529872244,7.43807772043237,3.4801193365225775,4.070218595813955,1.7621229026875855,1.8205444732097684,3.12949815477314,5.196882221320231,7.572723936093785,1.4566659502184924,3.464657861361191,4.758770289799623
2016-04-21,342.0,1.8052536778465704,5.153550271411596,3.1907216783131784,7.947397224253898,25.357932609592893,1.9907989577204293,1.9657447189497197,7.199502743426381,6.856859160159898,3.58470885022833,4.290934518623169,2.212426209471961,1.9921606464537305,1.9333745177593866,7.329525068932897,3.5078504661535157,4.080776167119644,1.8338101178426685,1.8262053048826885,3.1354584536397483,5.212411198283261,7.569285307493901,1.465315756743563,3.479601051185871,4.673865773735806
2016-04-22,486.0,1.9190601031228085,5.2012808485105655,3.2371688091868576,7.891328311567688,25.54556187326011,1.8052536778465704,1.978724138737731,7.947397224253898,8.591492802631137,3.788478681294006,5.25980088353853,1.6916462837413733,1.9275705552746405,1.9104472261732224,7.485316220946325,3.6298430532584853,4.519909494464773,1.7524083916078748,1.8347321166785024,3.1456909781062867,5.206841230723628,7.579383771855058,1.465936293673504,3.4912909329157094,4.798425937660838
2016-04-23,270.0,1.5363295369977803,5.285549476197797,3.174791260753963,9.665218362213109,30.685050789632907,1.9190601031228085,1.8854656351654504,7.891328311567688,8.197034050065987,3.8166247621986633,5.487924525895686,1.658656647606296,1.9050375795632686,1.9019237925139478,7.385292722222976,3.7299374312403333,5.01288664268579,1.6718439756737904,1.8348341929264538,3.1484501966030494,5.205514587708225,7.583669000427447,1.4726455363295967,3.4966079802415804,4.731672087570223
2016-04-24,432.0,1.5969951501708524,4.986977401606144,3.094786552420204,7.875122396363266,24.371822890928208,1.5363295369977803,1.7272051921016112,9.665218362213109,7.30078044520983,3.871575729371671,6.096681105484329,1.8188844743680104,1.753547772655719,1.8520472070614236,7.595033338243994,3.8255597242881136,5.614802171639511,1.7169176988995678,1.832636038320703,3.1533776971686747,5.226715779451867,7.60594127896742,1.4816269596530727,3.5281563492056747,4.763713831569085
2016-04-25,612.0,1.9928105408628043,5.174935183954698,3.2567207096850344,6.995286346350887,22.78169391433789,1.5969951501708524,1.999023951383841,7.875122396363266,6.48228663104031,3.687639713215903,4.932057546204065,1.395775925504474,1.6841282634304795,1.8334457724998867,7.677082188408769,3.791946734928746,5.505554392528022,1.833683714702989,1.8305701073457346,3.155990143726461,5.235302867145673,7.607655587697519,1.486505412686854,3.5480842828978343,4.859827508925936
2016-04-26,504.0,1.743842645546595,5.2063530259140425,3.1902472456775195,6.774500311775435,21.61233096048308,1.9928105408628043,1.986659030256924,6.995286346350887,6.678719649996736,3.790097353553541,5.17295060724435,2.31301330941565,1.7087117426771448,1.8325581424254527,7.750367862024566,3.7831042653803717,5.4005630863109095,1.844974490368801,1.83426856416838,3.1606700232879854,5.240813904622466,7.60927736576865,1.4925812400385126,3.560593936977298,5.035620324031823
2016-04-27,558.0,1.8276821319623344,4.670167873402987,3.0641545612033183,5.3250451466371125,16.3167613746817,1.743842645546595,1.9907989577204293,6.774500311775435,7.199502743426381,3.739506611489045,5.043955410538139,2.1040808256591195,1.777882778860083,1.797870087466834,7.764050813707237,3.7390812260861632,5.049654521328846,1.9677396449736069,1.8313733619987613,3.162426959010069,5.265292575426728,7.596934985192856,1.5039761935098772,3.579855077898912,5.183472085361181
2016-04-28,378.0,1.491690916296574,4.007435034684719,2.760534561328591,6.904363772444871,19.059734817819116,1.8276821319623344,1.8052536778465704,5.3250451466371125,7.947397224253898,3.672279417104292,5.521818310519241,1.3940674311220451,1.8547784394572435,1.7745676837871065,7.496271157023057,3.7339611273822926,5.246241442767238,1.9337135702626196,1.8357070579269286,3.166439652485991,5.243871361194528,7.572478388148142,1.5116469824447776,3.58601378068167,5.3593126270606195
2016-04-29,441.0,1.8083073737682611,4.722764419612307,3.0720970743755305,6.060717389033855,18.61911215946781,1.491690916296574,1.9190601031228085,6.904363772444871,7.891328311567688,2.9900330152777146,3.407710492900522,1.4550544939387966,1.6877385646018335,1.7297730035656784,7.347266378193195,3.4672730146236836,4.657828071319296,1.8204627822223052,1.8343747195434321,3.1646813551848734,5.20796402972945,7.566903157069425,1.516587968567182,3.567024113538542,5.094728285540904
2016-04-30,288.0,1.8456114141595203,4.687473921263663,3.0752670584351,4.960772266676659,15.255699536109153,1.8083073737682611,1.5363295369977803,6.060717389033855,9.665218362213109,3.37220381130088,4.410142343665583,1.8636854018973004,1.7092268073423889,1.7139511850864575,7.085750532116934,3.3448387478942956,4.446557049028445,1.8437839684319177,1.8365318030043996,3.167420027614905,5.19065387633971,7.568341667027614,1.5206998197392485,3.5624385746283136,4.940759402365175
2016-05-01,387.0,1.4770371244697034,4.268801126871152,2.842912723314076,7.833833926266696,22.270906141313052,1.8456114141595203,1.5969951501708524,4.960772266676659,7.875122396363266,3.033934705469259,4.119253344432942,1.8091829312757133,1.715203234741451,1.7581343103952776,6.413686804183156,3.1320571773492847,3.979035393666344,1.7473265987461268,1.8334272375687921,3.1655153663803963,5.166836938770646,7.567579727491229,1.527006779029938,3.5393598495052405,4.6582697222149765
2016-05-02,423.0,2.0997427363356507,4.898354335782577,3.2395117089056984,6.105919400720078,19.780197392267155,1.4770371244697034,1.9928105408628043,7.833833926266696,6.995286346350887,3.1737451329550384,3.751974689905526,1.8975864315900544,1.7103186374658275,1.7409974495808276,6.407788451312216,3.1932945499083925,4.093790126001346,1.4830516876068836,1.8254416840246617,3.1597031503998942,5.129385561579524,7.588043692780017,1.5307405222082668,3.5230940123539196,4.489686457029472
2016-05-03,387.0,2.190053697750704,5.126488120455831,3.3394194777713877,6.105919400720078,20.390226176466825,2.0997427363356507,1.743842645546595,6.105919400720078,6.774500311775435,3.425653110681448,4.284671411079915,1.7432012257720952,1.8074637583216238,1.7562734775055198,6.280736030507816,3.211110983035249,4.051966481806123,1.3967451947858067,1.8269646730803866,3.1602469190278812,5.122365423541689,7.595218270408429,1.5315203159755069,3.5223485179138803,4.362789429005981
2016-05-04,576.0,2.080177767718325,5.015509480604993,3.2563198109146643,6.569776831957547,21.393294451191544,2.190053697750704,1.8276821319623344,6.105919400720078,5.3250451466371125,3.5671264049917784,5.061382128816502,1.5401299141205274,1.9222778528520184,1.8200179135346783,6.185224471785622,3.388841549542755,4.366009409933977,1.3272345166171864,1.828578042543992,3.161574397163855,5.139297379913519,7.585568845184192,1.5331430743009826,3.535249141829972,4.365278960188605
2016-05-05,540.0,1.8990202667572529,4.873341155474652,3.14437706315924,5.986542100191754,18.823945667480096,2.080177767718325,1.491690916296574,6.569776831957547,6.904363772444871,3.613224384564347,5.2568274092764895,1.7095834937024883,2.123324733934892,1.8560887186426769,6.363043283974255,3.5353346334125244,4.86762698305763,1.355836969265884,1.836021103174079,3.1656820862539923,5.145336352716655,7.576649104305211,1.5415399791858089,3.5435309730258493,4.327423117153926
2016-05-06,432.0,2.145368284981804,5.058552712896512,3.299708601945607,6.078391324107632,20.0569201381495,1.8990202667572529,1.8083073737682611,5.986542100191754,6.060717389033855,3.475412950406472,4.649933483299109,2.272416604562744,2.0564172440754263,1.9142786258513453,6.231925902223809,3.551921246654199,4.989381007130695,1.4665672042895217,1.8438673603019191,3.16766338421009,5.1443418114898645,7.568565375363595,1.5495694687598056,3.5504865746158356,4.504883544353723
2016-05-07,360.0,1.9499686391481807,5.158905483584946,3.2367646262326426,6.708114395031849,21.712587382561072,2.145368284981804,1.8456114141595203,6.078391324107632,4.960772266676659,3.4643827664101727,4.338818661429535,1.942720831557984,2.041522106485793,1.9624301845961372,6.234450750091491,3.517673367126997,4.748526518001706,1.5014567366312583,1.850021317057006,3.1727993607011467,5.136452852528918,7.567425040756633,1.5482796858588654,3.5534628376709056,4.494694446891431
2016-05-08,378.0,1.391195234422514,4.513550123036456,2.9066186364505824,8.071774800149074,23.461571063345474,1.9499686391481807,1.4770371244697034,6.708114395031849,7.833833926266696,3.6782775087136215,5.007150911109617,2.668539013509355,1.998119063629078,1.977338359594517,6.484071054142233,3.5393577418434217,4.665301018612749,1.7280394211631591,1.8530890892899692,3.1763431197454848,5.129956650696539,7.561972443174476,1.5425214267175993,3.5593208519409387,4.62153695641667
2016-05-09,729.0,1.919160250286973,5.109308708316817,3.2132673553151267,6.6299041439570825,21.303654554645775,1.391195234422514,2.0997427363356507,8.071774800149074,6.105919400720078,3.481336755139259,5.224201176876063,1.6594039086131436,1.828844052850832,1.9650752324449188,6.5180626075540005,3.541332343421017,4.8567235831384,1.9007647635385683,1.8442796667113863,3.17144158648536,5.108194207972449,7.563899364949131,1.5442903574541689,3.551159514606174,4.831855025983891
2016-05-10,603.0,2.207242219624192,5.281102260864938,3.381471255565713,5.514632893351404,18.647572613864952,1.919160250286973,2.190053697750704,6.6299041439570825,6.105919400720078,3.559521515199584,5.160817162074542,0.950445709489893,1.7534413746192217,1.939277734437965,6.592917570873573,3.573045259684155,5.130723083353403,1.939301493660377,1.8441263012511357,3.172163467233554,5.099372955484481,7.549237748072934,1.5529048349252625,3.5483095901767543,4.957018704697409
2016-05-11,594.0,1.9922329817672515,4.903755426510928,3.189249643792704,5.777356248095439,18.425431356301928,2.207242219624192,2.080177767718325,5.514632893351404,6.569776831957547,3.880860814396608,6.469853725428331,1.7033782175878156,1.839199234777892,1.941733237562749,6.508448069820906,3.64057302824515,5.618290688126308,1.950051614152411,1.8472716060018648,3.1736918558530838,5.107741575098536,7.5282355975177975,1.559535309398968,3.5592188772032576,5.158228932784813
2016-05-12,423.0,1.6610462797295058,4.37982574546831,2.9264177732620604,6.2216425211405655,18.207125252748725,1.9922329817672515,1.8990202667572529,5.777356248095439,5.986542100191754,3.618527482283149,5.437040261441079,1.034381905901952,2.039545150559471,1.9291696967125955,6.395245129269177,3.6863032706264467,5.689237049647979,1.913934219194121,1.847097024317127,3.1750221463837507,5.104522618050969,7.502866564202659,1.5644842457889319,3.5644979096875846,5.183973625951182
2016-05-13,567.0,2.0332908794068367,4.733962259481114,3.1672921208729803,4.753968042779935,15.05720552477883,1.6610462797295058,2.145368284981804,6.2216425211405655,6.078391324107632,2.906468548801466,3.528063192704715,0.4224922265880417,1.9535071603736487,1.895173412851489,6.428830903690434,3.468618948493741,5.144985726524704,1.8360459941444112,1.8456555905765937,3.1745202295720456,5.073002996985007,7.482213730003803,1.5650679879834315,3.5423769236229963,5.023706441580555
2016-05-14,423.0,1.9529446565645785,4.649731061194807,3.1085293956761597,5.696945705225616,17.70912319026488,2.0332908794068367,1.9499686391481807,4.753968042779935,6.708114395031849,2.69659316072013,3.567840282251354,1.338575381810447,1.8955233803011973,1.8791623549122076,6.239627577786479,3.0738630639349154,4.177647912132378,1.725889008735925,1.8454273916269641,3.1745650179752003,5.05456157953209,7.451652732091438,1.563997847462087,3.512478510666305,4.913566673126529
2016-05-15,468.0,1.877823251732433,4.582423237002426,3.0593005605490973,5.931508965285547,18.146268702400068,1.9529446565645785,1.391195234422514,5.696945705225616,8.071774800149074,2.877505031587728,3.274350833029936,2.1819642663290115,1.8824272719003063,1.8795875002574076,6.09517490781416,2.826855580369775,3.4567514359953306,1.5435782575580785,1.8453474231462148,3.174429763032198,5.010928842645544,7.41978010680603,1.57307512415033,3.491657856521494,4.666023804829431
2016-05-16,621.0,2.216347204547525,4.933551998088557,3.3161787853991918,5.802838045297258,19.243248420922082,1.877823251732433,1.919160250286973,5.931508965285547,6.6299041439570825,3.1414595626865194,3.744080411031475,1.859621077154028,1.9546862625679484,1.9491057884445386,5.789422645690798,2.905185918331459,3.5287571754375833,1.5595768445886837,1.842396850979852,3.1717166950834996,4.964146139669562,7.398693861308375,1.5801075744419923,3.470392744010203,4.454577981137347
2016-05-17,567.0,1.6763611349966754,4.358340764034847,2.924620961438456,7.204851090902354,21.07145852449575,2.216347204547525,2.207242219624192,5.802838045297258,5.514632893351404,3.4483534675692624,4.301406464934273,1.7255573546553562,2.0157050376148447,1.9915610676246176,5.6712703458822515,3.15577268728117,3.77327923633189,1.6325947956432014,1.844678226855469,3.173986573414828,4.926583309962906,7.37325169548494,1.5864351652210749,3.459862975239254,4.331805024403024
2016-05-18,522.0,1.900493898364724,4.6178674948892136,3.077857025577254,4.856130194070717,14.94647443493839,1.6763611349966754,1.9922329817672515,7.204851090902354,5.777356248095439,3.097980898779367,3.8212855730741264,1.9476049439799716,1.9235105304255438,1.9157209126778294,5.912730088389531,3.229264643011716,3.95559081634662,1.4378564130410543,1.8403758267367014,3.1709984033396292,4.891852772135165,7.349599713465038,1.5852480696532172,3.4464118231540493,3.9534381454952796
2016-05-19,611.0,2.07170087285867,4.808556635042527,3.204333414623706,4.430816320838448,14.197812790922711,1.900493898364724,1.6610462797295058,4.856130194070717,6.2216425211405655,2.774360751762679,3.2680590892940566,2.620460697625257,1.9310674126363072,1.9026153293346113,5.781126366385998,3.10689837270377,3.7969170424341474,1.3579288966910728,1.8413518168500067,3.1706554498270263,4.867400335262328,7.3067848898592045,1.5860866146433983,3.4248071508801687,3.6435836923314193
2016-05-20,602.0,2.193121185621307,5.706036724301792,3.464400887625849,4.438070522463127,15.375255457367372,2.07170087285867,2.0332908794068367,4.430816320838448,4.753968042779935,2.678470148906741,3.373325768239335,1.6315696232159071,1.8828519687400227,1.9612802712102062,5.525294052057125,2.8502705998162625,3.4875568102025016,1.324074382519569,1.8492444221113817,3.175085433980513,4.85165286151589,7.272764634981433,1.5884717979892409,3.396878101568623,3.6214783459792224
2016-11-19,238.0,1.3000539970093627,3.4936079471057946,2.5308515477259266,8.534787034746854,21.600278976400247,1.720951008668968,1.5571888893788093,6.835662461202287,8.48999972613873,3.0962234779261117,3.3926207249333222,1.904899247676548,1.7402066695116318,1.6384317683530571,6.852371339030165,3.174328018706561,3.7982723840109593,1.4535470201435279,1.7091201866533752,3.007625468753058,4.506085421279441,7.668187457343469,1.69064084948699,3.1842585442140683,3.4021570816248974
2016-11-20,131.0,1.6005060590110491,3.856707541574634,2.7456657749380087,7.312230457562639,20.076940905789034,1.3000539970093627,1.4181652332767434,8.534787034746854,7.649694369110936,3.2770653437487014,3.83897424133906,2.233077235135018,1.6035007644300687,1.6016982123002792,6.858769525974182,3.2038251759807888,3.7999642006667322,1.3588094294974127,1.7060032760949293,3.001083286272172,4.456710616122792,7.681670467829517,1.6936220639580994,3.1718534447379723,3.388757142016161
2016-11-21,285.0,1.8867371745378452,4.731821500352131,3.1024603436381053,7.801605522015705,24.204171748761784,1.6005060590110491,1.9169845689544411,7.312230457562639,4.446409954184888,3.377998723799427,4.442234203187681,2.1769929573761093,1.5405036882297924,1.6277469016908945,6.810560395752998,3.2504291818247464,3.8912763898200162,1.4730578777199723,1.70591575614121,2.9982214000660545,4.428722009079688,7.688166002225823,1.7017481275717334,3.1679533207613324,3.6145095256861404
2016-12-02,227.0,1.9418120215954475,4.251646967237716,3.003512824355175,7.2023111697745845,21.632233963414485,1.8980699898789668,1.86119234581956,6.791628777184531,9.030700963453535,3.329595145392166,3.8137351118029703,1.7755727102645873,1.6323162593497405,1.6547289812498467,8.16381063600148,3.352066991403678,4.0858099870293865,1.8047821522917962,1.7035163238351063,2.9911689931163234,4.482941661004179,7.825154186158042,1.7664885836122137,3.2403422394143604,3.997523662815729
2016-12-03,211.0,1.8347678163199512,4.498232613680883,3.019497304449074,7.8821414906326,23.80010498425134,1.9418120215954475,1.771192606532304,7.2023111697745845,8.25834135047528,3.4068660673959057,4.0370142190897305,1.893253321463975,1.8026163521773937,1.6662460777892592,7.9026120940473445,3.3350969535175463,3.9253969410403786,1.7955096264299635,1.7066546836063674,2.9909484441160528,4.460450956119445,7.839714665216333,1.7611243410249957,3.2377018606537615,4.033222381198413
2016-12-04,192.0,1.3246688152466335,4.231613375724787,2.7990328051744817,8.134735605189269,22.769391820345653,1.8347678163199512,1.3566579162516208,7.8821414906326,8.36836021382743,3.375323893318381,3.751974689905526,2.392634938206595,1.891549942598121,1.6753282506160658,7.848869256926962,3.3705950353688174,3.8675746735994045,1.8069041611958834,1.7040712269761542,2.9876000713461677,4.45898003626201,7.85888023408708,1.7522594969413587,3.2376911766600984,4.039990061564079
2016-12-05,333.0,1.5225912266782966,4.338080630516124,2.87609920907218,7.753474205523731,22.299761030068353,1.3246688152466335,1.697111222096218,8.134735605189269,8.648099569648283,2.9260252466158185,3.365091165737557,1.6728077112094943,1.7004162177206767,1.6707583790439249,7.8154943128357965,3.236071735776702,3.7180266915776,1.6938769059154353,1.6960971090455657,2.9838578048114055,4.4388559721807335,7.866291068368596,1.7454052146143983,3.246140812752893,3.959590512208507
2016-12-06,286.0,1.6994012156072635,4.373062276857164,2.93629619230285,7.342929372155693,21.56101555580952,1.5225912266782966,1.4309117431124885,7.753474205523731,8.489110120639095,3.1085434995252688,3.788109446251411,1.3743097308643453,1.5606759527482932,1.6458269511270789,7.687690689389432,3.1366308798198226,3.635058433964827,1.4817534773006769,1.6891791729457473,2.979451028909661,4.426558058711578,7.873260133771875,1.7446786306680933,3.2592341144960675,3.885659926010343
2016-12-07,260.0,1.955381668717079,5.009191448433885,3.200512569223204,7.745707584320447,24.790234481145088,1.6994012156072635,1.567967045057769,7.342929372155693,7.560433456782214,3.2872850071227537,4.110282792815526,1.7063006949467547,1.5155537525107305,1.6841825900549041,7.523950582463232,3.1072845844212806,3.75449446826816,1.461965637632695,1.6884789155847855,2.9779501056439464,4.4186816715678,7.8807698339422405,1.7425440032215174,3.2643650002580977,3.827378416833024
2016-12-08,246.0,1.8951342308307952,4.979133972965814,3.170949705997411,9.062328903422644,28.736189171959875,1.955381668717079,1.8980699898789668,7.745707584320447,6.791628777184531,3.4687716244026383,4.671862713792937,1.8528296914135467,1.7257913703342123,1.7395275362919482,7.550418314968693,3.288200043683554,4.19008498428662,1.7034989758668337,1.6896248042922364,2.978976799628895,4.432168576356468,7.887846333108305,1.7497957379106757,3.2711514571964297,3.934010019913665
2016-12-09,330.0,1.6008627926178076,4.516854899379066,2.951717195376104,8.830528527586777,26.06522289913712,1.8951342308307952,1.9418120215954475,9.062328903422644,7.2023111697745845,3.499153037205151,4.141702384566644,2.491642339135702,1.8499723717183787,1.7391081421422094,7.874804047288423,3.418403222910181,4.307949297058364,1.8554907162111156,1.6956172001246737,2.982486086144765,4.440609374336687,7.90478370385847,1.7490156302343307,3.2801753294456817,3.9808624874513328
2016-12-10,183.0,1.6739463841623448,4.602862343657883,2.9970148695108474,8.410740883858162,25.20711549252572,1.6008627926178076,1.8347678163199512,8.830528527586777,7.8821414906326,3.1834294939577283,3.8263871958882176,2.539367992872208,1.8171262307218932,1.690401109431118,8.10740652697588,3.3837847185218393,4.213317431415929,1.8868598177853622,1.6911222534822092,2.982042832951293,4.42991713662729,7.920189638334394,1.744289978378019,3.279761370309973,3.95077291270826
2016-12-11,198.0,1.4727398060186143,4.459818471985489,2.904489611290688,8.200736405877192,23.818953695803643,1.6739463841623448,1.3246688152466335,8.410740883858162,8.134735605189269,3.302970465789211,4.050908364386894,1.4740084977624894,1.7233144692036486,1.6674266191228886,8.182920726008103,3.328517665650697,4.006332648280581,1.8909959746495606,1.6907543728802383,2.9829145878541885,4.424751474779947,7.9225445021151915,1.7451619144126058,3.2856517451345795,3.9934777233484553
2016-12-12,235.0,1.8651190050826776,4.5518368278329415,3.045926013046744,7.34528496415952,22.373194545574602,1.4727398060186143,1.5225912266782966,8.200736405877192,7.753474205523731,3.449547665313649,4.235764828435995,0.9362418167949362,1.5825163275995884,1.6885796178046,8.192349411820663,3.311982541686863,4.037686796237032,2.0353309179141315,1.6899418443043825,2.98139907047041,4.4084854041636845,7.921746067187996,1.7480860005808851,3.289911892545477,4.117859675162518
2016-12-13,210.0,1.8355520955543705,4.932839446304684,3.1387291224899,6.943866960677337,21.794917452173387,1.8651190050826776,1.6994012156072635,7.34528496415952,7.342929372155693,3.098363848177374,3.449561918558971,1.633084033116936,1.6706017317545447,1.7375121575766546,8.134036663054347,3.283627326426745,3.9120783704606157,2.2095588282353473,1.6907339465170177,2.97987337289859,4.413058302604895,7.923786823317552,1.7541067094009115,3.285958450114653,4.069495742635026
2016-12-14,244.0,1.7020198163270246,4.810973093898407,3.0660141287772715,6.624635277438158,20.311225358621734,1.8355520955543705,1.955381668717079,6.943866960677337,7.745707584320447,3.197125445337433,4.032440155830781,1.641393013913926,1.7244703022185535,1.7569622832833842,8.077027747128868,3.2483456529428185,3.9059223009419113,2.2805834634362974,1.6937744661324772,2.9812265423809747,4.443106246611576,7.917456725624825,1.7544069034113166,3.296605558174121,4.058375365922919
2016-12-15,201.0,2.00436305961638,4.57173270763883,3.114060774568961,6.588952042576347,20.518397101303034,1.7020198163270246,1.8951342308307952,6.624635277438158,9.062328903422644,3.164891149402902,3.7151665977227646,1.9325914347749875,1.8008969723213568,1.7207677329419477,7.9168745604314,3.1534601476392363,3.7323895573708348,2.0918356764000707,1.6968143863871872,2.982518517553848,4.450314243544551,7.902215064044679,1.7516942192605556,3.3097874378915515,3.9217044921986095
2016-12-16,250.0,2.076793915597281,4.689393922043117,3.179877335701889,4.569977119849522,14.531966668085689,2.00436305961638,1.6008627926178076,6.588952042576347,8.830528527586777,3.439670051014036,4.1505628403889,1.7004515521725645,1.8473116571659245,1.7363718513398883,7.563535008881928,3.2672288819181237,3.9660565313141443,1.885625049376225,1.7030126819593965,2.9832118390237947,4.4636730834086915,7.889335760339901,1.7486502503641228,3.3343609360822155,3.922970271601789
2016-12-17,116.0,1.928329585347992,4.335866178258065,3.017739090794115,5.071590495028506,15.3047368893474,2.076793915597281,1.6739463841623448,4.569977119849522,8.410740883858162,3.225207175022738,3.6992367601007743,1.0545039925688977,1.9277255971802278,1.8043620117655277,6.9548848077766054,3.276589458479892,3.8549887327374748,1.871552925680754,1.7072349883925855,2.983641141066398,4.473932166995125,7.8753724138258185,1.7447684592273962,3.3355820461854404,3.904805923632154
2016-12-18,132.0,1.7565679108357657,4.368955989173603,2.9544151857244625,6.215220772603698,18.362342633210492,1.928329585347992,1.4727398060186143,5.071590495028506,8.200736405877192,3.054855550924553,3.3186665370210724,1.335493620086618,2.0031621868538836,1.840702469077763,6.477863323658084,3.239910925653776,3.7228220458369115,1.8045285946694556,1.7149479044943954,2.983626478277127,4.461643304509365,7.869718705283821,1.7426505986888325,3.3294710076740066,3.8001999482941797
2016-12-19,181.0,2.020032936266754,4.4263085189959686,3.0875632828238726,6.4669809100962885,19.96721280873621,1.7565679108357657,1.8651190050826776,6.215220772603698,7.34528496415952,3.0523992682569463,3.2357137051625995,2.6269751844339067,1.9205638039270123,1.8812493411944988,6.1942182331904405,3.110820664734746,3.417872334094811,1.6389284168384557,1.7137479670527194,2.979423632503671,4.466201393928881,7.8702774409530125,1.7474307959380622,3.3280102006850343,3.6573355021122667
2016-12-20,282.0,1.8787496686949727,4.627994059818337,3.071732433072352,7.598975102954582,23.342018281854905,2.020032936266754,1.8355520955543705,6.4669809100962885,6.943866960677337,3.200606480253956,3.623513384317529,2.69702621552691,1.9016434774835034,1.903379902792224,6.068746225467122,3.1026204331451517,3.392631208833729,1.6471537701983663,1.7199976652733446,2.979202363894209,4.4972914129918875,7.87501389097835,1.7394530560115535,3.325461571901876,3.682185711506346
2016-12-21,214.0,1.856091916041096,4.708180672578093,3.0847455132909976,8.182785441640194,25.24181067732248,1.8787496686949727,1.7020198163270246,7.598975102954582,6.624635277438158,3.2487309898399404,4.004367556880058,1.8609767249336504,1.8851168385991635,1.9095509846694527,6.1623331029353,3.167245579450281,3.6211982154533913,1.790139967455902,1.7276252245060313,2.980866661083645,4.523000963600011,7.880558060882833,1.7234078278142904,3.32115264743656,3.678175340227671
2016-12-22,173.0,1.6904593153410945,4.917533612601938,3.0943938569349485,9.33761963378634,28.894272833183617,1.856091916041096,2.00436305961638,8.182785441640194,6.588952042576347,3.189089438256395,3.83897424133906,1.961544532824376,1.9182915070009405,1.9315612846286059,6.384925983535591,3.2128089694500974,3.8222850608455445,1.999595470439887,1.73282037612737,2.9858480401116054,4.522212936007543,7.885893488714976,1.717431063680037,3.3103739123917477,3.6958621464585706
2016-12-23,157.0,1.8118633599522105,5.410587818282356,3.2629608122126625,9.22343628258671,30.095711144020875,1.6904593153410945,2.076793915597281,9.33761963378634,4.569977119849522,3.245418400849556,4.179280071362104,2.7107961550245614,1.8084336333590538,1.8867178925892796,6.777592782279876,3.227746276315297,4.007540623193736,2.3639794938238246,1.7361693430175864,2.991556915139134,4.516525725071711,7.888520773698914,1.7088405578105563,3.2925395739187455,3.699964608026171
2016-12-24,140.0,1.5795461420046593,5.1351137156067805,3.136321228013177,10.197917245759772,31.983944339398043,1.8118633599522105,1.928329585347992,9.22343628258671,5.071590495028506,3.508523412486541,4.660920369676379,2.2740993648174084,1.7861381971114663,1.8488706703542694,7.442372662670904,3.314343750530831,4.22639156079251,2.7458353033916407,1.736000969396764,2.9969232120882734,4.532677502360381,7.89288020113083,1.705544617901976,3.290730534884118,3.837347980822686
2016-12-25,186.0,1.0945407253345476,4.426792852891579,2.8348668824156587,10.544800107150031,29.893104605452713,1.5795461420046593,1.7565679108357657,10.197917245759772,6.215220772603698,3.321938615398547,4.408117496055542,1.8326660664932688,1.6939562724326542,1.7990444641623646,8.174705055632511,3.358626809578215,4.416105979031337,2.9682041323302495,1.7307636922903737,2.99891079294642,4.556506472052465,7.911304209468325,1.7082899254443122,3.2893508117255457,3.9929838321133246
2016-12-26,271.0,1.8415283789808652,4.80083568356178,3.104531830456421,10.76023237579104,33.405483913751,1.0945407253345476,2.020032936266754,10.544800107150031,6.4669809100962885,3.273087147375999,4.295168673001549,1.305740675180322,1.4953167424304719,1.704469151947905,8.79321638913913,3.3678497250870287,4.454735512911152,3.1020955174998797,1.7172303652011098,2.9959150874136253,4.555377827053513,7.928172551087065,1.7095713944827071,3.2891907298169505,4.144334541804603
2016-12-27,242.0,1.7379863516500875,4.8890148586320565,3.0980858384094496,9.359009831455886,28.99501582036829,1.8415283789808652,1.8787496686949727,10.76023237579104,7.598975102954582,3.378820016377881,4.267725553895561,1.2535518263599874,1.5052050821066902,1.6789685009070638,9.406538027095523,3.3246152597174756,4.323670574317546,3.2445707480833192,1.7156201006533471,2.9950781006914053,4.571402171200237,7.9562490148480975,1.6987635960786869,3.288077151415541,4.236364851744321
2016-12-28,177.0,1.5559319470114072,4.962704754128012,3.080018501118639,10.708957763546728,32.983788039422,1.7379863516500875,1.856091916041096,9.359009831455886,8.182785441640194,3.5271220738694398,4.605532035860214,1.762471859065355,1.5580184853218328,1.6588594556149374,9.657971559738568,3.39300974587444,4.389475420919103,3.2646159072135963,1.7219222937477487,3.0001012778888754,4.594021521386292,7.970528175267418,1.6960291554439613,3.29104382284861,4.32224549159863
2016-12-29,232.0,1.4316272795585347,4.653476566072407,2.959774528767017,10.000600334181664,29.59952214148981,1.5559319470114072,1.6904593153410945,10.708957763546728,9.33761963378634,3.5053204571338066,4.806750418813472,1.4923742157452848,1.7118155592141193,1.6159794600392676,10.018853320010932,3.4704208491270427,4.560002669523078,3.219655674902968,1.725178452303975,3.006462680662649,4.600974550636901,7.986089222617127,1.69276362548632,3.289842883161186,4.460499231237831
2016-12-30,208.0,1.6596726970335975,4.918920898057447,3.087719423513228,9.73268318817422,30.05179492302619,1.4316272795585347,1.8118633599522105,10.000600334181664,9.22343628258671,3.530962686162247,4.598000049756994,1.551594910207565,1.575181859406676,1.5790034549274732,10.113564848638832,3.5211350723884975,4.670094168143556,2.986312326583614,1.7198929891069012,3.0079095905634934,4.610591563331535,8.009281736239021,1.6827229694284547,3.2922824333314513,4.52031637100853
2016-12-31,184.0,1.8273456174408609,5.170300378818324,3.20130440518712,8.404894238333629,26.90662495030929,1.6596726970335975,1.5795461420046593,9.73268318817422,10.197917245759772,3.58470885022833,4.6259589414710085,2.331676838336781,1.5490773078678461,1.5572619316533856,10.186314406579907,3.540330664508128,4.676903136680487,2.7114181128788375,1.7177554485135151,3.009499032132767,4.649351741276781,8.027056063498403,1.6853643041817672,3.302811740080243,4.515321881264906
2017-01-01,184.0,1.3473073075097977,4.511053528825081,2.898565959502451,11.152872288813382,32.32733596703266,1.8273456174408609,1.0945407253345476,8.404894238333629,10.544800107150031,3.59955299611289,4.6754421717163135,2.83356944729602,1.6395485313443305,1.5926618567157003,9.930168262661885,3.5717415108344888,4.633133720981434,2.6892097293628887,1.715923648243607,3.010056847722409,4.685661985187784,8.031148194383134,1.6825042521444156,3.3118103351042674,4.553511120645015
2017-01-02,296.0,1.5296356022803197,4.774330270969887,3.016136116940953,9.897028979965018,29.85078655688377,1.3473073075097977,1.8415283789808652,11.152872288813382,10.76023237579104,3.59934356343916,4.491193465284514,2.771929196068215,1.6114418739947514,1.6287713684550216,10.017035717185221,3.59453513659346,4.597531526157273,2.7014269829269395,1.7091981731717212,3.006493103391701,4.69430887057403,8.052517229204787,1.6763525398487753,3.318226251639042,4.581514662399726
2017-01-03,280.0,1.6436916810294866,4.659271534712581,3.006082190761296,8.656912839232115,26.023391512988464,1.5296356022803197,1.7379863516500875,9.897028979965018,9.359009831455886,3.3628655391590363,4.6092006949159545,3.804239990047552,1.5680961757436587,1.5842152574978008,9.893720946352932,3.520587366237029,4.591945443972256,2.614008163821764,1.7082146464845185,3.0074853081717325,4.703512125816997,8.067499459943814,1.67098662279356,3.317810973167064,4.630296825402639
2017-01-04,280.0,1.6956738053272096,4.9069318171080765,3.092553045883012,8.938812236088882,27.643751007293012,1.6436916810294866,1.5559319470114072,8.656912839232115,10.708957763546728,3.1764529478839885,3.83643782978837,4.435462526040067,1.5068781969398675,1.5707445902662862,9.793421376035251,3.3795540168273948,4.312277329996275,2.535729245606973,1.7058930898691291,3.0059914924191182,4.717767397783257,8.08075908149648,1.6743193323397563,3.326158563209337,4.520426224535233
2017-01-05,168.0,1.795908625349783,5.019117999937382,3.150720688687504,9.128477570072484,28.761283136247208,1.6956738053272096,1.4316272795585347,8.938812236088882,10.000600334181664,3.227398160972208,4.21631297168904,3.048956018315547,1.6230003628790046,1.5907077128828295,9.540543443541273,3.2555722160050777,4.2206504987977835,2.4876080729452403,1.7063885917092234,3.007100635462477,4.736729104002989,8.080224570626672,1.6745172464930023,3.330120385257568,4.436078017803171
2017-01-06,248.0,1.810593774396684,5.040100872841393,3.160643709155066,9.065938330141009,28.654200950747963,1.795908625349783,1.6596726970335975,9.128477570072484,9.73268318817422,3.5381582202974897,4.573645636087825,2.4888346063949776,1.7117580372354924,1.6427479051387224,9.415954477239962,3.3140031097178952,4.208798812521741,2.525732904400025,1.70664394967848,3.0090917741093626,4.758264294772329,8.073655097019415,1.6724941983396107,3.3384828256967256,4.432598815850432
2017-01-07,160.0,1.4526192805323723,4.79212209399372,3.00802219838085,7.967860605356481,23.96750157451657,1.810593774396684,1.8273456174408609,9.065938330141009,8.404894238333629,3.048244327185266,3.3805070699684383,3.3290034524208583,1.7673920683578916,1.6643080590477344,9.320705211806645,3.2712669028183217,4.056821892581763,2.4896102805192357,1.7044428342636064,3.0102249766216738,4.759294608919246,8.071572279100893,1.6721151712631013,3.3244652491228135,4.254677119921494
2017-01-08,200.0,1.2490681128102372,3.7503267696967617,2.6123614228866647,10.380431662669467,27.117439228468996,1.4526192805323723,1.3473073075097977,7.967860605356481,11.152872288813382,3.1919193893348963,3.992596008038871,2.973885561207958,1.686373893426279,1.6107757252036645,9.258271835667054,3.2594406456058835,3.9822495713650405,2.296102101905954,1.6969630994651461,3.0085818527347286,4.753060879620176,8.069186458720697,1.6725696910106356,3.3142241275271385,4.157127667967574
2017-01-09,192.0,1.744716720449616,4.238933575237177,2.912463269145418,9.46835039806041,27.576222753749345,1.2490681128102372,1.5296356022803197,10.380431662669467,9.897028979965018,3.117042532954612,3.3559399132125933,2.45720756989382,1.5040937225797641,1.596741554532299,9.147923174789351,3.1190687498249248,3.576347663739963,2.1941424609875075,1.6835247811756102,2.9987444398484167,4.7275099419641,8.07987752623732,1.677976831574516,3.3120112288270342,3.9949485891001566
2017-01-10,200.0,1.6690153915123267,4.21736229568902,2.8794243624801235,9.670861570137172,27.84651441122575,1.744716720449616,1.6436916810294866,9.46835039806041,8.656912839232115,3.1961890393373444,3.431738029707675,2.170836551812068,1.4821347045974076,1.627467428556484,9.086683377374408,3.1683836538756176,3.5934246503197094,2.1429678277943083,1.6825143513282643,2.9959396348739924,4.715378983016743,8.091295251276241,1.6859020791893127,3.3084518479453053,3.826739636927545
2017-01-11,144.0,1.4724582057512092,4.1649795250120825,2.807907387717412,9.794234576658727,27.501303624837362,1.6690153915123267,1.6956738053272096,9.670861570137172,8.938812236088882,3.360887354225365,3.6832009455572927,2.511203030106631,1.554266741590726,1.6310851014826042,9.23153319607513,3.224706308839107,3.4902929628258494,2.130204772725653,1.6823969408802655,2.9922597951873273,4.707297110473528,8.108422345519365,1.6871259122732938,3.3054965042423627,3.8048486534659625
2017-01-12,168.0,1.9124264120958236,4.533759398930564,3.0608487459740137,6.832689235754799,20.913828278890218,1.4724582057512092,1.795908625349783,9.794234576658727,9.128477570072484,3.344961151588517,3.992596008038871,2.893497333703905,1.6287301059043833,1.5991971586860327,9.353736387585107,3.3006791817170757,3.702511661101276,2.1274034351708955,1.6809847628198054,2.9905808545752866,4.694401867046165,8.123103635644766,1.702570888800877,3.3137164143560676,3.7728890872302236
2017-01-13,272.0,1.7875543448946123,5.172257551410956,3.191314161628961,6.75718158031994,21.564289269973386,1.9124264120958236,1.810593774396684,6.832689235754799,9.065938330141009,3.2384026814864084,3.9327738186002144,2.5743553813433357,1.6846333364531194,1.6158425567926098,9.025766625539722,3.3147503957667634,3.869523590732122,2.09356918246799,1.6892224491334569,2.995768148625751,4.681099198800362,8.114133152446774,1.7151599411604377,3.3150923222277,3.681335970446279
2017-01-14,192.0,1.5186883562744415,4.559965692212463,2.9462840451501853,8.622471699460759,25.404250797880238,1.7875543448946123,1.4526192805323723,6.75718158031994,7.967860605356481,3.0238516050904822,3.751974689905526,2.717071718684628,1.7241463209138812,1.6125512097208854,8.695944232708142,3.202405146055136,3.8924481721815334,2.082031144039165,1.6870652787324594,2.9976441944134202,4.693142014050779,8.099702958874367,1.7188278201263159,3.310391004083953,3.7344027732944345
2017-01-15,144.0,1.5009799517206983,4.474773948065107,2.915059534026954,9.369435498911455,27.312462279552427,1.5186883562744415,1.2490681128102372,8.622471699460759,10.380431662669467,3.140124915101672,3.650804802461274,2.4259331337044205,1.739556371088292,1.6219896491126096,8.789460103294468,3.1341264005595213,3.7785177703223343,2.1654341021973633,1.6897756900315917,3.0003486160844113,4.692749780203234,8.106379495191105,1.7302347625262666,3.300406166220207,3.685575458211921
2017-01-16,224.0,1.74956828793924,4.750906712837142,3.061725211848774,8.284458352329288,25.364735003837737,1.5009799517206983,1.744716720449616,9.369435498911455,9.46835039806041,3.203594818055052,4.011358946240643,2.120359361261695,1.6024075509632503,1.6579770546712467,8.645032079900465,3.1225237794157352,3.8047128128691434,2.235911827384195,1.6862891606893693,2.999894396509619,4.685595781070633,8.09843395023531,1.7423925830123668,3.299685754321284,3.779206748644499
2017-01-17,240.0,1.887606718654892,4.824064489945577,3.127091089783314,7.385073065293442,23.09379617987787,1.74956828793924,1.6690153915123267,8.284458352329288,9.670861570137172,3.196217430681815,3.971174840279617,2.437710371995561,1.589745531978126,1.658670135741193,8.47590464479602,3.1799790546128466,3.8777795296605073,2.3871284105031476,1.6856236773614919,2.9999117301962497,4.699430465556603,8.087773496758706,1.751394485205113,3.3043978169798596,3.856269150154777
2017-01-18,264.0,1.8006975166602814,4.700877064875487,3.063340973075086,8.310482127225827,25.457840406339074,1.887606718654892,1.4724582057512092,7.385073065293442,9.794234576658727,3.109394134604025,3.2455122476882377,2.2583446629411017,1.7127183194382762,1.6898974681901309,8.149363429818345,3.1697354611136306,3.7426820114028287,2.411385513927795,1.688401272527924,3.0036606093040445,4.714600748915669,8.091149397031918,1.7591487522691742,3.3062976458580957,3.7937421933163407
2017-01-19,216.0,1.4381212021271157,4.26408355519484,2.832729314150173,9.106660899314104,25.79670528351224,1.8006975166602814,1.9124264120958236,8.310482127225827,6.832689235754799,3.1517616250248075,3.510828355880437,1.538940083410938,1.812624174418137,1.7367887983199986,7.937398794185073,3.1524577301035492,3.57583848128276,2.4281614730938874,1.6967453311887726,3.0125354330598637,4.723753033778319,8.095071067681172,1.7565392955192445,3.3046694840171242,3.724918243007992
2017-01-20,232.0,1.3997686208305316,4.223396259844625,2.8108369795548147,8.472744619412731,23.81550389456939,1.4381212021271157,1.7875543448946123,9.106660899314104,6.75718158031994,3.214304161041202,3.863956258039129,1.86063789491421,1.7088084791474294,1.6690309111816115,8.262251888979259,3.158486640223345,3.5400989538692644,2.389180107084854,1.6940389169073737,3.013986492046733,4.711622683624202,8.0975960520354,1.7588928017434182,3.303521923057166,3.715087162927838
2017-01-21,128.0,1.5393556488058442,4.457792282205611,2.9183269228128386,8.474639074700066,24.731767372818886,1.3997686208305316,1.5186883562744415,8.472744619412731,8.622471699460759,2.95970695706641,3.798441116073623,2.358849286332232,1.5461957798726422,1.6136329506010287,8.507332323135373,3.108590914377473,3.7244085766643926,2.3333598636880892,1.6859227743455854,3.0091261026453453,4.695463203199753,8.116740680242367,1.77243422638938,3.295875840350833,3.7217252238089946
2017-01-22,80.0,1.5050313115254934,4.337448177104009,2.8717323805253847,7.996481714556345,22.963755469970604,1.5393556488058442,1.5009799517206983,8.474639074700066,9.369435498911455,3.217631537539999,4.030094111740922,2.3365917482238325,1.4590818239211634,1.6165854209626576,8.486213376740988,3.1305475518825365,3.8974971619512204,2.3832760979868204,1.679706626681282,3.004345833976466,4.680138492186543,8.120862741320915,1.7808588777410876,3.294949611573848,3.775909410848944
2017-01-23,160.0,1.8505682015347955,4.780311604999512,3.1023219794068275,8.388679278453644,26.024384103741347,1.5050313115254934,1.74956828793924,7.996481714556345,8.284458352329288,3.202412036547664,4.307729522106945,2.100749998378395,1.4813851937206224,1.6171641866490571,8.290077121833116,3.126583510384691,4.045421583307159,2.4507434383311364,1.6766844834852372,3.000608656349083,4.644367170813931,8.120847668590226,1.782169057336244,3.284745899042552,3.81824806454413
2017-01-24,208.0,1.8312821417400305,4.932744421454182,3.1373637222172754,8.631205880298255,27.07923220783617,1.8505682015347955,1.887606718654892,8.388679278453644,7.385073065293442,3.148311587133444,3.8888054088305934,2.200870603075219,1.6316517206220436,1.6315927457341364,8.304965825565166,3.189451720407036,4.07554301422615,2.393585422481654,1.6826597608371359,3.004052355515982,4.6325404337936895,8.128225201857697,1.7805848743272974,3.2789583314337154,3.8064810029085554
2017-01-25,224.0,1.995766726112884,5.100316155261397,3.239294176102001,7.794627509664505,25.249091496940675,1.8312821417400305,1.8006975166602814,8.631205880298255,8.310482127225827,3.311742628793942,4.17041331560085,2.1775783939393265,1.7289605516001059,1.6235463776034418,8.482984799137283,3.22082208415835,4.122316082179459,2.4547045045410747,1.6821612574358105,3.0060120090583045,4.649405486079108,8.136536222481968,1.7870576472731503,3.28024684748098,3.9386097268960714
2017-01-26,176.0,2.0441997074663387,4.785970562853821,3.18525357695502,8.276564401342831,26.36295636427584,1.995766726112884,1.4381212021271157,7.794627509664505,9.106660899314104,3.2944078118885147,3.4642884098951625,2.122760790518328,1.8925390231292358,1.651413407525242,8.409291282342807,3.2514873426053,3.8411690447755316,2.599608187850826,1.68590415942882,3.010895210023239,4.659388168469096,8.13555772212118,1.7960252006393114,3.2774331073313343,3.9319611631838893
2017-01-27,232.0,1.7457427385026765,4.822763992366311,3.0814406651385235,9.663113123967518,29.776309732027265,2.0441997074663387,1.3997686208305316,8.276564401342831,8.472744619412731,3.267057946948084,4.183701932625872,2.35398197122203,1.9570828584397504,1.7379960511451311,8.29070606834691,3.2910694625435135,3.9394678860406245,2.7299225746709013,1.6973631892823986,3.0173565070664,4.655953358609821,8.138267108920388,1.7989250085816537,3.268764303100623,3.977639116696281
2017-01-28,152.0,1.6819838759776506,4.321189669739684,2.915269032321376,10.109998027748844,29.473364167126395,1.7457427385026765,1.5393556488058442,9.663113123967518,8.474639074700066,3.3007441169704737,4.516309793535164,3.417365368164901,1.9285697240272992,1.7874209250982944,8.460758711854737,3.287403291935691,4.054766712018729,2.8676541891183938,1.6981737145558398,3.017915172405707,4.651288666551098,8.15147277873549,1.8032055812470447,3.261945091761845,4.080191784905073
2017-01-29,112.0,1.5787233358195825,4.100599857640011,2.8155760149271654,6.590424580417576,18.555841376810154,1.6819838759776506,1.5050313115254934,10.109998027748844,7.996481714556345,3.3294499634424755,4.114826075206382,2.5063914721963663,1.823975440648888,1.8077963861228386,8.694381419433133,3.299084009120344,4.271612600455803,2.8398779929669566,1.7023582501035925,3.0187578611527837,4.640212436673341,8.171456900180315,1.8084336263188416,3.255228001004519,4.092296351114425
2017-01-30,256.0,1.9382077882015671,4.305634816524245,3.015220453447504,6.12425234158981,18.465970922435364,1.5787233358195825,1.8505682015347955,6.590424580417576,8.388679278453644,3.1865945868047727,3.6013735405715543,2.2181817125410395,1.6688166500999693,1.8183238181648511,8.493516114556167,3.272262889072574,4.077503136437697,2.7928408345714644,1.7025375216162892,3.0206377411499505,4.612935068659426,8.162066526898117,1.818338447958286,3.2419575255570674,3.991388353752225
2017-01-31,248.0,1.9770938098151936,4.474596547159456,3.076643064519032,6.628294689992181,20.392896887552773,1.9382077882015671,1.8312821417400305,6.12425234158981,8.631205880298255,3.057539164872547,3.0765407488264844,1.9280010410119843,1.7329716666662662,1.830843759117247,8.170026552147048,3.1911945717065984,3.5975801215348038,2.685028863380078,1.7032064849216657,3.0219301967442975,4.584112883249623,8.146060442697214,1.8250742714546773,3.2238903978490554,3.87535054518021
2017-02-01,224.0,1.855817532973564,4.892987930267338,3.1343875983068834,7.634167001352198,23.928438372441978,1.9770938098151936,1.995766726112884,6.628294689992181,7.794627509664505,3.146325134754672,3.661608881520988,1.7868366901619772,1.8313416446121138,1.8516739974136989,7.883896382103323,3.130152962143997,3.4465077236396717,2.548282227927571,1.7037945147253284,3.0231490340803617,4.582897650527437,8.140407238862453,1.8201534267310808,3.2087897835595727,3.8026641974545154
2017-02-02,184.0,1.9735513699555007,5.153249990300047,3.2439095199528025,7.209393759708966,23.386621050208245,1.855817532973564,2.0441997074663387,7.634167001352198,8.276564401342831,3.238321697325949,4.177066267318524,2.4721744306094457,1.9237063769967744,1.8316812555366533,7.860973452344423,3.1473953323177226,3.6384052992219953,2.419748293453833,1.704145343336222,3.0250638723113257,4.586852905837351,8.14491564404562,1.8162904776400282,3.204638322165137,3.904489605657853
2017-02-03,176.0,1.904327254856356,5.092124688671505,3.203719638767108,8.202239946777459,26.277677199371023,1.9735513699555007,1.7457427385026765,7.209393759708966,9.663113123967518,3.301370097425507,4.424080970955645,2.826253353632239,1.935487570914752,1.8215886358922477,7.708520503539584,3.228672309835376,4.087585373265049,2.333220086727947,1.7149600525813695,3.032478484224297,4.6033188543569326,8.14292309181881,1.814201820752423,3.208802227149854,3.9388294682763916
2017-02-04,136.0,1.7953174605226625,5.00492316096379,3.1465720384225766,9.379352130113196,29.512807151133416,1.904327254856356,1.6819838759776506,8.202239946777459,10.109998027748844,3.046210065210889,3.6670575182490666,3.017259257218526,1.9112320525951396,1.8442435667999164,7.499824335369576,3.195300619987448,4.0894015855077415,2.2561222781755004,1.7213223197176708,3.0379388247192125,4.609491950075713,8.147871623055082,1.8109112268313508,3.2027626239578098,3.817507714664092
2017-02-05,128.0,1.5283019468884156,4.683468247474934,2.9874177642912736,9.38955347692472,28.050518855727802,1.7953174605226625,1.5787233358195825,9.379352130113196,6.590424580417576,2.9762792564728007,3.6938606288071822,2.9342250466123136,1.8910653617781723,1.8604340788777751,7.395446349993056,3.1079531397030653,3.928333039337294,2.307455526572607,1.7229209237995942,3.041443422154541,4.609018788776595,8.158326350160282,1.8204878305826613,3.1840333251636537,3.7573697937499206
2017-02-06,216.0,1.645761433435628,4.727481073754185,3.027076729165698,9.536965288837315,28.869125692700457,1.5283019468884156,1.9382077882015671,9.38955347692472,6.12425234158981,3.0008483599934324,3.81117240269172,3.2325074957092927,1.7426488874224775,1.85323102331618,7.795321906636933,3.007779227225708,3.7240301832493192,2.409759547881572,1.7158029284357827,3.0378918420723426,4.597131034597712,8.169413784229283,1.8326892818482716,3.1824534595905924,3.7873410597670873
2017-02-07,192.0,1.675758694514338,4.77161518155504,3.047707893295468,7.831275745935417,23.867440905460725,1.645761433435628,1.9770938098151936,9.536965288837315,6.628294689992181,2.96808956848615,3.4525430227472893,2.840201748752513,1.6564602802822348,1.8114529726353314,8.282852327672291,2.9817390616507944,3.6525253514153935,2.473192114819765,1.7116467151458636,3.0354939591251475,4.594976333923062,8.181626017045396,1.8380256542374287,3.1749924655623007,3.841055670327202
2017-02-08,136.0,1.714383609020817,4.184869885127858,2.8861597935664927,8.62716758212482,24.899384207888907,1.675758694514338,1.855817532973564,7.831275745935417,7.634167001352198,3.210237910767886,3.7372933631921272,2.750957991294426,1.6166073582794602,1.7684050990209232,8.45470676423561,3.059725279749156,3.6670029295437083,2.4893520510633493,1.7128949801774724,3.0370938040904703,4.629019280985004,8.185706945168956,1.8460079319161555,3.178098978156077,3.8518677391373646
2017-02-09,144.0,1.9214896811809503,4.191478821949378,2.978072662949126,7.064076211016895,21.037332253018654,1.714383609020817,1.9735513699555007,8.62716758212482,7.209393759708966,3.0888341910614128,3.844039208790498,2.2777410575493846,1.6786345789902606,1.7482002527419596,8.596563990060272,3.08905389010515,3.677958531576635,2.4206433557394496,1.7135689339251134,3.035246219491398,4.62721715798136,8.191112093289215,1.855666859210033,3.174520483213546,3.8042924450619324
2017-02-10,120.0,1.952026726817817,4.432475184261855,3.053653546922531,6.925751038540288,21.148844223940955,1.9214896811809503,1.904327254856356,7.064076211016895,8.202239946777459,2.985266520041368,2.547774819157773,2.496993244863792,1.7705439949053678,1.7407628686313097,8.575804340247117,3.0947795406235556,3.3763691303801298,2.402357037947417,1.7210480985111523,3.0364726036857044,4.626354375523372,8.190189635533581,1.8559338805760421,3.1619997887407454,3.5362487090908084
2017-02-11,144.0,1.783359971227667,4.576803526717547,3.022902759214808,8.353537046492235,25.251930187044497,1.952026726817817,1.7953174605226625,6.925751038540288,9.379352130113196,3.052803533109488,1.7449555148549891,2.2625754588788243,1.8626333390065275,1.7475770789115184,8.393448781927521,3.042301414737423,2.7122565142677497,2.431632941882954,1.7224965605400715,3.0366013959169678,4.635270897498365,8.191388029288168,1.8656969025935377,3.1522612014581113,3.26166270860594
2017-02-12,104.0,1.6061803722010402,4.22921185401859,2.863899039004887,7.01361972414823,20.086298787933835,1.783359971227667,1.5283019468884156,8.353537046492235,9.38955347692472,3.2021301751840494,2.9180668360208517,1.976998598444764,1.8856254597421442,1.7458688661550905,8.24690376998167,3.080066742778302,2.4035990566778676,2.4105288785951857,1.7216266918012932,3.0346709565290495,4.63670570175793,8.189212069196792,1.8702475079827134,3.1510521179146997,3.1508350239221783
2017-02-13,200.0,1.9090151374228648,4.426005751928991,3.031533856112566,6.563125262794709,19.896336436069845,1.6061803722010402,1.645761433435628,7.01361972414823,9.536965288837315,3.122888407843896,2.176617791065937,2.332769954393127,1.7805223567488409,1.7569943554854655,7.9074846624421715,3.125940705379145,2.279880047313922,2.343063595018872,1.7200293677325267,3.03130237169951,4.605270845178184,8.176649958551645,1.8764915156545972,3.1543533446731464,2.917327222261352
2017-03-16,168.0,1.8836054394127584,4.919399063432087,3.1510385716911835,7.275837836355474,22.926445663726224,1.8270088237409785,1.8510049749971451,7.514531133703387,7.725077611357613,3.2405324423041164,3.7151665977227646,2.8093214199202063,1.7855629475989776,1.765460226452545,7.952411252067738,3.1767264152278094,3.4649707968758876,2.225368416743151,1.7602511888380887,3.089151725186208,5.036600289341383,8.119347637947316,2.0878757207894894,3.271089246414725,3.6621363992017217
2017-03-17,296.0,1.8281443843435967,4.992621775265173,3.152802782665532,7.129708503312027,22.47856480883626,1.8836054394127584,1.918492112133879,7.275837836355474,7.514658717206788,3.1655098603940948,2.442560405387757,2.755760735483724,1.8494213448894408,1.7701174356547753,7.888234141353145,3.144735079816497,2.8129740417685873,2.21585264330923,1.7666282802996227,3.093084709147279,5.051642239962494,8.108365350497433,2.1048233664473908,3.2715175982677764,3.5769187365136426
2017-03-18,248.0,1.536247477366047,4.469563797060831,2.9212937915568262,8.13146635139615,23.754402168586807,1.8281443843435967,1.7461524501527892,7.129708503312027,8.404106835722926,3.402312551949791,3.6670575182490666,2.29141505021049,1.8462528824991107,1.7572106173990207,7.833241253653894,3.2694516182160007,3.2749281737865257,2.235215365280234,1.767937881906362,3.094602668660891,5.064183720109347,8.09333800303712,2.118126360006803,3.2802835079882504,3.7212928180750415
2017-04-11,312.0,1.85148091317128,4.775200408271989,3.101283187602567,7.3039410456948195,22.651589568253655,1.9665710375515408,2.1182682434014146,7.436768672237058,7.83225040131355,3.2290649349888305,3.944830763536905,1.7306139470663962,1.758235497520426,1.9277298132569902,7.429509429093398,3.104501057194133,3.5619686210545556,1.9858515874660339,1.8109156995748679,3.1214101198619284,4.761376303895032,7.902152775216815,2.214778165604957,3.0579177160525575,3.5710096869677765
2017-04-12,368.0,1.8309068906972272,4.92627280076432,3.1354597397721142,6.533326324819405,20.484981658264555,1.85148091317128,2.09497364306965,7.3039410456948195,7.501377130398703,3.0825180847527616,2.6690015701238785,1.671694104108806,1.816528508839288,1.8896173375098286,7.354036664005007,3.166298426565296,3.3087257435390875,1.9982636319214124,1.8092399360140923,3.1222039472065957,4.748841892662377,7.894245717347189,2.219330373710616,3.0469420115155454,3.5251707088032007
2017-04-13,336.0,2.001984753276901,4.977273339350384,3.211510113045993,5.737296220466323,18.42538483356815,1.8309068906972272,2.1589833060680594,6.533326324819405,6.803875493708867,3.3274390078220883,3.859051977819399,1.3591390179711584,1.8829862804733486,1.8518935157423395,7.215743691779394,3.2130073425212267,3.4909614371600575,1.9795021176340455,1.8100323846719182,3.124079896882551,4.7489213662747956,7.88680326371858,2.220071703275569,3.0491405162220144,3.614219033468458
2017-04-14,168.0,2.141682938495093,4.856960341918943,3.253728162265715,6.173859991169794,20.088062123154714,2.001984753276901,1.8471770076985288,5.737296220466323,7.916650688146711,2.7511255374434262,2.5654711438554,1.540922737412192,1.8947908523818022,1.8294651510578883,7.063375224173315,3.053694210006092,3.0311748972662222,1.8238507193937146,1.816629124356516,3.129873414783236,4.759993552319334,7.895409172160456,2.2197911282271052,3.039905936245085,3.393531655045582
2017-04-15,232.0,1.720896693890153,4.457494143882075,2.9679326259163936,7.682760584094495,22.80191579463854,2.141682938495093,1.6766018792146944,6.173859991169794,7.390533546630349,3.1565679481327904,3.261595843010229,1.8707791371224187,1.9915248608230733,1.8715374268859686,6.814405124605185,3.0783774977994347,3.2287063215616727,1.8413035293613014,1.8205069210410534,3.1335766532191216,4.758071810929106,7.8895527718004255,2.2194790217069347,3.037107119772708,3.291575199710369
2017-04-16,296.0,1.5406581836065163,4.66170386850571,2.9830864921144533,7.990528507232425,23.836437654780514,1.720896693890153,1.6315335757950449,7.682760584094495,7.125110071218543,3.0170619279283564,2.771713814170004,1.8949209524191868,1.9548547952207151,1.8778652575538914,6.856151844242921,2.9749184711681913,2.866260267011874,1.859661694546298,1.8189660852628906,3.132987751094908,4.74267498027744,7.899139406010698,2.212220381013727,3.032158855357183,3.1977157156389002
2017-04-17,320.0,1.5918593039430948,4.598411957737633,2.975239971718717,8.454220335251035,25.15333427115609,1.5406581836065163,1.9665710375515408,7.990528507232425,7.436768672237058,3.124003201716058,2.95231916731785,1.9715380079428568,1.8010792719972535,1.864883058669816,6.979783049387761,3.099211025925735,2.9952096081660238,1.9973004983682576,1.8142421828436448,3.131905913558391,4.731644383385457,7.904091280293272,2.2185375443610615,3.022881877016059,3.146283468547666
2017-04-18,288.0,1.7898663403948742,4.5247186133116,3.010426055570009,6.810416281977019,20.50225462454184,1.5918593039430948,1.85148091317128,8.454220335251035,7.3039410456948195,3.247824006814272,3.944830763536905,2.5124675961499245,1.6178047271465876,1.8113528110114667,7.125133286961185,3.1296297121528958,3.222954581674916,1.8902818198652465,1.8099569060158862,3.128965772892002,4.7359393220746835,7.914881666120263,2.21968707000531,3.037929763670737,3.1462834685476664
2017-04-19,336.0,1.9782386429623355,4.762161954318555,3.148043467033724,6.981467278251745,21.97796245561012,1.7898663403948742,1.8309068906972272,6.810416281977019,6.533326324819405,2.9539332033190795,2.538761952571278,1.961544532824376,1.6407946093148278,1.8025507291862655,7.054629749287214,3.108586803949803,3.145303961142007,1.7886670406492926,1.808279223151004,3.1263200913010945,4.741156325912775,7.903385861101797,2.219805338974563,3.043794145953981,3.127677808897295
2017-04-20,312.0,1.860417856197224,4.719193678440744,3.089420041304268,7.536185882832236,23.28244370141621,1.9782386429623355,2.001984753276901,6.981467278251745,5.737296220466323,3.048515191323648,3.362143109865844,1.6705798857904663,1.7866547624334341,1.8235981223669953,7.118649885491834,3.083424133819,3.2819119419913387,1.7046618036878445,1.8116357806642112,3.126440541872766,4.749188550377014,7.901180773239724,2.219400130213162,3.0604984620849445,3.0566908277610727
2017-04-21,400.0,1.746919591515697,4.878513579999963,3.097555870209584,7.337167744102798,22.727287016458032,1.860417856197224,2.141682938495093,7.536185882832236,6.173859991169794,3.0951672588377663,2.574368572834564,1.6594039086131436,1.8761742798514771,1.8033742799270416,7.375634122972678,3.032538551160165,2.8250912117572256,1.8105006472182228,1.8166128355571363,3.127471985544159,4.748581546934627,7.899411308978503,2.214049882084856,3.0626073677488423,3.0579618890438107
2017-04-22,224.0,1.751190037496821,4.894778234289402,3.103331275264579,7.226200999426978,22.4252955628699,1.746919591515697,1.720896693890153,7.337167744102798,7.682760584094495,3.1454809735977203,3.209690900104298,2.2305062285222843,1.8618586968917514,1.7469795160728423,7.541820944820251,3.0963878079197116,3.048734194268232,1.8085750919638488,1.8159386816405616,3.1274985327448457,4.758029736615563,7.8971256172058455,2.20455278447613,3.0701530897019933,3.050546897200106
2017-04-23,312.0,1.6355131775420957,4.5302514474274815,2.964805522583006,6.829572924030699,20.248355522049582,1.751190037496821,1.5406581836065163,7.226200999426978,7.990528507232425,3.162825473380372,3.808607003603379,1.9818052636068355,1.7861758284032467,1.7513071365880803,7.4765981470106055,3.134491235271953,3.1975554921807436,1.7473987617979376,1.8131180732557948,3.1281677520243174,4.764091337371936,7.892746229930344,2.199781268585392,3.0702023766027735,3.1986744956905886
2017-04-24,328.0,1.9984830670411065,4.8824089862468965,3.186556879904757,6.563273153937038,20.91424322337226,1.6355131775420957,1.5918593039430948,6.829572924030699,8.454220335251035,2.695772993159132,2.7434292565212246,1.8402074079312896,1.7112076021848706,1.764857850007449,7.310747349410358,3.001359813379075,3.25390905340963,1.592890689605161,1.8102088382995178,3.126257129126015,4.749704344568507,7.883907598456388,2.203447145715191,3.055416967696892,3.1688330798624986
2017-04-25,312.0,2.125734981400966,5.107688414387331,3.300225879572399,7.113328668875997,23.475591362928853,1.9984830670411065,1.7898663403948742,6.563273153937038,6.810416281977019,3.104023865966458,3.0708449743686907,1.422907808467606,1.7950620940266735,1.8229469590214504,7.040612037794074,2.9875407775019873,3.207627078164428,1.6315210786037786,1.8144889660473185,3.126193645607077,4.747055936392392,7.867458079726278,2.208160062868155,3.046070745843326,3.0439779671241824
2017-04-26,384.0,2.1237596477385328,5.11787178582231,3.301297940912169,5.539060360489975,18.286088562673772,2.125734981400966,1.9782386429623355,7.113328668875997,6.981467278251745,3.2352384645351697,3.1832059105369224,2.083714202597485,1.9199104086613887,1.8709281934508921,7.0838852359225,3.011678441220253,2.9991600471422757,1.6845055364350314,1.8189967457115643,3.1268762920297846,4.776398589496572,7.859824661848949,2.209986845025406,3.0530670559413227,3.1360413896907033
2017-04-27,256.0,1.8652722056799511,4.60780220565465,3.0610717017407434,6.113578433203252,18.714101938250987,2.1237596477385328,1.860417856197224,5.539060360489975,7.536185882832236,3.3125332868778616,3.3805070699684383,1.7990870420854423,2.0826592320602013,1.8917169084189207,6.877827104813674,3.217265205793163,3.2115193182913466,1.8286880039481062,1.8265584915820494,3.128035084672314,4.799263255177175,7.840962662826699,2.214037300681895,3.067664855383505,3.1386648125625025
2017-04-28,400.0,1.8697652758555552,4.713562670867219,3.091115667518907,7.10057527924108,21.948699494059543,1.8652722056799511,1.746919591515697,6.113578433203252,7.337167744102798,2.842826345567653,3.306156925300655,2.6228755353668607,2.0382556116064827,1.8924103869164528,6.67459746915239,3.130199365660228,3.2899566352686684,1.6896288331422098,1.827453740533209,3.123440294819166,4.804007686070152,7.824065855250399,2.212227082666491,3.069440137435056,3.243206005771944
2017-04-29,368.0,1.86354529058898,5.083414903808024,3.1883574431962427,6.206281322647193,19.787843249632,1.8697652758555552,1.751190037496821,7.10057527924108,7.226200999426978,2.875139691241094,2.525168342379252,1.481375479001208,1.9529323764246793,1.9099597703935753,6.640798545600717,3.01016644122887,3.070610779216111,1.5654929199494265,1.83395438429732,3.1234603040555458,4.807968668902088,7.814808956307746,2.208850995522587,3.0651735334135144,3.145417068954081
2017-04-30,248.0,1.8101550718482595,4.885617337397717,3.1178312917950746,6.184266915838663,19.2815009070148,1.86354529058898,1.6355131775420957,6.206281322647193,6.829572924030699,3.2205045871669187,3.3528320507428035,1.2705018090951563,1.8661942573748282,1.9260105208353124,6.495095734632176,2.9794902079918884,3.0613857728075664,1.576276797959226,1.841305956440249,3.1255018154155207,4.827231598013664,7.805781275413513,2.2077601648696428,3.0741097794903474,3.0803063614025694
2017-05-01,488.0,2.0468406150080907,4.626730933794866,3.1492178890302744,6.76463021147878,21.303294474663623,1.8101550718482595,1.9984830670411065,6.184266915838663,6.563273153937038,3.119472891721006,3.031925840684567,1.2521707492011518,1.8478218794309307,1.95095936287905,6.402909162033315,3.0717057233763394,2.9699754112688708,1.6399797731482804,1.8432264666197935,3.124884802608068,4.839436836260679,7.801732196337874,2.2063492459437635,3.089908767637554,3.1215201591401898
2017-05-02,392.0,2.133579975101985,4.914900075263696,3.261801955630008,5.538883744917866,18.06674183118036,2.0468406150080907,2.125734981400966,6.76463021147878,7.113328668875997,3.062847586898473,2.981681240216086,2.1637797131802543,1.906846992481776,1.9578675840171909,6.431674455967849,3.1342750219287994,3.122146377214482,1.5754903204764032,1.8469573450508106,3.1220281653576816,4.851946236095892,7.798814323282568,2.2093573399196917,3.0983864309198776,3.1087824828326753
2017-05-03,504.0,2.1710926785528346,5.42220064063503,3.3923747521854044,6.144907321773881,20.845828452904946,2.133579975101985,2.1237596477385328,5.538883744917866,5.539060360489975,3.2336654220366965,2.5565353086882405,2.0702353158168663,1.996858553986111,1.9589882974030506,6.206753752545258,3.1386619668853917,2.856714129862961,1.4552780145587916,1.8508164819223685,3.12203809905686,4.875166168333195,7.783192604977803,2.2151198321545227,3.1200684755615975,3.019258111140006
2017-05-04,328.0,2.1328016637851697,5.661394121205026,3.427918320718727,6.591896765343972,22.59648369020912,2.1710926785528346,1.8652722056799511,6.144907321773881,6.113578433203252,3.37220381130088,4.387685315933382,1.370852730924066,2.117171089554303,1.9657501589479511,6.29330331844296,3.22290560674535,3.308633954945899,1.4078770976487933,1.8585919226717844,3.123700126031239,4.895637761078248,7.769927083088367,2.2154986232961384,3.1296564737686072,3.1631407177064266
2017-05-05,384.0,2.1837361659304504,5.323628675017674,3.3775759917938832,4.161543398071757,14.055929070135502,2.1328016637851697,1.8697652758555552,6.591896765343972,7.10057527924108,3.660749115637832,5.872388897492296,1.541319030017423,2.1458247724799957,2.0039686529629823,6.361634508748776,3.422206116325136,4.272203174037969,1.609229967843447,1.8687931391333301,3.1293045717151617,4.917687240346146,7.7621832334871685,2.22046328314014,3.1454281390568206,3.529745285162375
2017-05-06,240.0,2.144168201346188,5.079734791864579,3.303639526213645,6.0172674526728285,19.87888259644885,2.1837361659304504,1.86354529058898,4.161543398071757,6.206281322647193,3.631167096790477,4.718717545142694,1.7517882019915327,2.1625435027561513,2.0488216372593957,5.941772811438873,3.5547066745763964,4.992930586189455,1.8030171954991216,1.87408939390787,3.132218993671356,4.917610530216544,7.740973993659944,2.2231122385005144,3.1565988157345584,3.8431094569857245
2017-05-07,232.0,1.6464706893394585,4.834937353563635,3.0595092106812616,7.245622464759091,22.168048668049504,2.144168201346188,1.8101550718482595,6.0172674526728285,6.184266915838663,3.2822804834421304,4.396807490147652,1.641393013913926,2.1535686770206017,2.0889106245104254,5.914770830013964,3.524732231956813,4.995971310927544,1.8397369584412864,1.8787204510993696,3.1332751122493376,4.903600095648424,7.729451059448958,2.2251467851900864,3.148560944160807,3.9922488054721312
2017-05-08,472.0,1.9360096673262577,4.9455347390926665,3.178328415147329,6.661568835580716,21.172653519586095,1.6464706893394585,2.0468406150080907,7.245622464759091,6.76463021147878,3.091636912268644,4.287198682304333,2.2614480217926767,1.991458352205365,2.0655271412948824,6.06639305128831,3.3350281641670834,4.467574572531556,1.7015304221528564,1.8739086608094082,3.1328390648620132,4.880665853312382,7.7173396831912005,2.2267302032641103,3.1388675847087053,4.171573497132098
2017-05-09,416.0,2.0607889447562417,5.364417995421066,3.329339237963944,7.140515546843293,23.773198589396944,1.9360096673262577,2.133579975101985,6.661568835580716,5.538883744917866,3.182968118196755,3.475975134277141,1.1903655175389771,1.908882852670634,2.049694148768906,6.051669997588587,3.1856285046358432,4.053327102243038,1.7415578416286823,1.8753254056815598,3.1343698161401985,4.881773302771385,7.702879951911161,2.2294173617734465,3.1483956560939546,4.242186910569392
2017-05-10,560.0,1.8631605126486444,5.197584597804633,3.218878885745002,7.6240050886926864,24.54074900480534,2.0607889447562417,2.1710926785528346,7.140515546843293,6.144907321773881,3.436358212322404,4.29728315633443,1.2012839234673862,1.881089767140652,2.0392954301480857,6.280474540720792,3.236987747595934,4.020152324305298,1.8771836260594863,1.8776970195585991,3.1360200663561044,4.90214779367801,7.6944117829977285,2.2259280153663563,3.156697187839558,4.490865174518847
2017-05-11,400.0,1.9154374330201345,4.797091219524024,3.1304611268245903,6.823619320514881,21.36107502712106,1.8631605126486444,2.1328016637851697,7.6240050886926864,6.591896765343972,3.570911668540097,4.813642280153405,1.4463398769926623,1.9533197082437141,1.9953051207332013,6.491774221709192,3.396745999686418,4.195633523588322,1.8251411569744553,1.87964715393353,3.1360283421918838,4.9110788198688615,7.690566907549831,2.227731524644465,3.168092078957934,4.551716169407422
2017-05-12,352.0,2.1334133432877027,5.144222266162337,3.312164126376857,6.372644709227254,21.10724519604779,1.9154374330201345,2.1837361659304504,6.823619320514881,4.161543398071757,3.081932660874991,3.759718665891473,1.987239856340803,1.9464622968083398,1.9642530877667677,6.5248774438764645,3.3630675139124975,4.2902147007931,1.5927575122594502,1.8868063910657478,3.136097109761063,4.911808513577261,7.687089136592202,2.2255821938285334,3.168072564828675,4.24990613632159
2017-05-13,320.0,2.151867504703353,5.406575927193367,3.3794721614353502,7.139300649313704,24.127067796472982,2.1334133432877027,2.144168201346188,6.372644709227254,6.0172674526728285,3.194597584353001,4.123780597556128,1.3003620332883925,1.97067042965216,1.9570641131035182,6.840749059755822,3.282480637922696,4.2323805145336655,1.4952380891718673,1.8941627759948536,3.139689274528108,4.919073495757195,7.6832809882492,2.223569160626631,3.1636445173797054,4.164915143809223
2017-05-14,344.0,2.14434758801448,4.918059930442319,3.2686058100020388,7.7758623684625245,25.416228915332823,2.151867504703353,1.6464706893394585,7.139300649313704,7.245622464759091,3.4478081724131817,4.491193465284514,0.7999068724906436,2.0669060936703967,1.958164013583113,7.001039516418804,3.241446139213725,4.124897576244035,1.614986448529818,1.8993997382146661,3.1449974350569097,4.933383582018629,7.6867120907283715,2.2246825559543177,3.1868672718786972,4.178398854543061
2017-05-15,488.0,1.821965777201561,4.526506882653276,3.0227758087380616,8.020956412844418,24.245553007688528,2.14434758801448,1.9360096673262577,7.7758623684625245,6.661568835580716,3.475615830142182,4.935313120499916,1.9296416034226884,2.1432094786685116,2.029289284822402,7.0767880740907225,3.372673862302788,4.516762394446849,1.7304725782739383,1.9046887176192244,3.1472886524810404,4.935420234969408,7.694624826234279,2.2249858060012833,3.19750220127901,4.270986631428144
2017-05-16,464.0,1.9705006468107105,4.515811859051105,3.08325995306436,7.273721966667206,22.426775649549533,1.821965777201561,2.0607889447562417,8.020956412844418,7.140515546843293,3.055627966307079,2.807401875972298,2.599835608901553,2.0393936233064642,2.0129973005188737,7.270986299414109,3.326350656287481,4.07796948725224,1.643009083406892,1.9036613899157047,3.145150939765155,4.937720659595114,7.717631354854245,2.223576228151286,3.1987877358916346,4.175476165956023
2017-05-17,504.0,2.224542693038245,4.992714182583894,3.3334246733023094,5.589513592594118,18.632222521311867,1.9705006468107105,1.8631605126486444,7.273721966667206,7.6240050886926864,3.1085434995252688,3.1764958270042256,2.55779451705711,1.9789380040089168,2.000098972240941,7.290015787960381,3.21326243199151,3.63973694115881,1.5363929567460832,1.9060339942901565,3.143991892605136,4.932857592613294,7.732312231331836,2.2220415993689993,3.198272412485275,4.015363690337423
2017-05-18,408.0,1.9341200599415052,4.762779764386085,3.129155109702675,7.541016912336734,23.59701160359278,2.224542693038245,1.9154374330201345,5.589513592594118,6.823619320514881,3.3794810223108405,4.529792864956703,1.7033782175878156,2.005669705683505,2.051724998010884,6.999374145660587,3.1812174960477293,3.5045635226444056,1.494402863894102,1.9175055812180266,3.1508607406342266,4.94600100010817,7.728140850131772,2.2130482495334443,3.2026609796684937,3.974813773880751
2017-05-19,352.0,1.853576238907816,4.921119572760571,3.1413338409076017,6.216317664443362,19.527529045147638,1.9341200599415052,2.1334133432877027,7.541016912336734,6.372644709227254,3.1570440930512245,2.8309301361957373,1.0197941023217918,2.04305446659682,2.054393944713937,7.101859515920851,3.215022871629111,3.5124062760522183,1.5612874925366425,1.9231147452632056,3.1545999964597233,4.953936371810652,7.7353010901467085,2.21123008570481,3.209431342659565,3.8421296982099316
2017-05-20,256.0,1.9643239445690608,5.136065203627387,3.2361742158575253,5.40621651852957,17.495458502608432,1.853576238907816,2.151867504703353,6.216317664443362,7.139300649313704,2.6618250478013192,2.0663946163299087,1.5805539696191733,2.004079663962522,2.01441721551681,7.079527080951725,3.0661167210544615,3.1423725391607795,1.4446368115724624,1.9241550919266595,3.156789630379518,4.959234959092053,7.726083373889966,2.2146307394394613,3.196541671208821,3.5482174151776147
2017-05-21,264.0,1.5001832306198053,4.42824516532284,2.8999742494223475,6.536297911240587,18.95509562915078,1.9643239445690608,2.14434758801448,5.40621651852957,7.7758623684625245,2.9907946146432702,2.6690015701238785,1.7492873635062738,1.91734008113946,1.9876252783547683,6.831943633696847,2.9365545851652715,2.522108774216505,1.2862009920391204,1.9224158090509604,3.157618178538549,4.973130676598275,7.707572914402562,2.216991778260954,3.1930625830690045,3.287904287297524
2017-05-22,464.0,2.0657025391796457,4.818707312230886,3.203568988244791,5.612562913514616,17.980232494308254,1.5001832306198053,1.821965777201561,6.536297911240587,8.020956412844418,2.781163292456191,1.7652389452181518,1.5653443198274717,1.7726944713655604,1.8956017987269576,6.654862996950857,2.811260984966927,2.1668783772239766,1.1896531586323302,1.913765701461384,3.1538333397002285,4.95812172944237,7.688897436252258,2.214718238390117,3.180918660364287,2.8350365479715576
2017-05-23,288.0,2.15241080712982,5.145944718604623,3.322549851401852,6.905903820619082,22.945209712993414,2.0657025391796457,1.9705006468107105,5.612562913514616,7.273721966667206,2.767031831172687,2.8772287569271167,0.9731500958965156,1.8434032381228367,1.930421336152398,6.310806782760885,2.846329912757383,2.437156424089712,1.2547160245179558,1.9138517761756662,3.1542867896224243,4.9555860320404195,7.66482494712511,2.2071670079748884,3.167725538957364,2.845011816679389
2017-05-24,488.0,2.344317013061213,5.708781394019047,3.548343933345639,5.30921373502534,18.838916347512505,2.15241080712982,2.224542693038245,6.905903820619082,5.589513592594118,3.407152587335452,3.762336035946359,1.8751585554440315,1.9060988589764234,1.956408501912271,6.258261333325438,2.9851159036547763,2.8016012460305397,1.3664454882805406,1.9156932229781511,3.155906781527719,4.976109141079658,7.642878190957505,2.2086949416498887,3.191438192096575,2.9287032750996933
2017-05-25,376.0,2.281716532327522,5.376816199055376,3.445558587969659,5.545414699463562,19.10705124158986,2.344317013061213,1.9341200599415052,5.30921373502534,7.541016912336734,3.539923867064422,4.810240030190412,2.54161673309347,2.1874767864568927,1.9735191190584094,6.218218496529898,3.2380360951908536,3.8166016076879594,1.4819207418123224,1.9245144752161247,3.162704731789745,5.003654888005396,7.607974281810008,2.21899715242544,3.205968192133173,2.9687671558473663
2017-05-26,432.0,2.243346837551345,5.350264197336681,3.4165975517160225,5.123053490691802,17.503412013607836,2.281716532327522,1.853576238907816,5.545414699463562,6.216317664443362,3.3713759395257568,3.626282950241984,1.828197010530632,2.259481450839518,2.0231757579706975,5.933132466119446,3.4394841313085434,4.0662863387929145,1.5196675948210903,1.9409243111299064,3.1735869830587218,5.012625814160998,7.573208830634491,2.22714582507191,3.2105061079661934,3.082388986425402
2017-05-27,400.0,2.313108508522524,5.233194373812742,3.439636168484413,7.209660877599533,24.798610317098426,2.243346837551345,1.9643239445690608,5.123053490691802,5.40621651852957,3.37674239900771,3.475975134277141,0.9683095055498496,2.289793460980026,2.0788572720626304,5.776951869869222,3.429347401865963,3.970832704903176,1.733979407123157,1.9482059032487886,3.1806873029923026,5.020372227878143,7.544969121696064,2.2209885119596025,3.212646411703855,3.2837576318464348
2017-05-28,368.0,1.6428480832143126,5.3278723209480106,3.2046921072448327,8.82829618087428,28.291971091267506,2.313108508522524,1.5001832306198053,7.209660877599533,6.536297911240587,3.4217001669542118,5.0834480081546,1.0029744768806128,2.2793906261337966,2.1286836383416965,6.034586778307789,3.3899395018292267,4.061902030891239,1.8506141052698883,1.9553618508084918,3.1875012628244956,5.041218633483412,7.5216404757897495,2.209806964538235,3.231942205750073,3.6286785515651094
2017-05-29,480.0,2.048661278011129,5.921856739295782,3.458287948076122,7.358356428538479,25.44731535446308,1.6428480832143126,2.0657025391796457,8.82829618087428,5.612562913514616,3.6228641498044056,5.619857915276708,1.271413669863603,2.0664344764293934,2.149064331569483,6.362015102541173,3.4737689052554424,4.726427019236147,1.9981588073222525,1.9460410651815678,3.186922023646878,5.061695621819439,7.513825114767699,2.2079374795028053,3.2568663543688503,4.179338404430617
2017-05-30,392.0,2.164890277237904,5.5494930656478845,3.417039478027177,6.592043964435014,22.52527446736522,2.048661278011129,2.15241080712982,7.358356428538479,6.905903820619082,3.8537032375002345,6.3060139877621735,1.4413424963942971,2.001539289915988,2.1466298656882663,6.6114141761160115,3.632755851419617,5.669773303731158,2.19529833200648,1.947844477837991,3.1934518198643604,5.089643683002365,7.497996269703461,2.2065224317073513,3.2779729760466276,4.669164865978483
2017-05-31,576.0,2.114610262798602,5.716428988034263,3.433112447677124,6.583942771060209,22.603415882120622,2.164890277237904,2.344317013061213,6.592043964435014,5.30921373502534,3.923645562338944,6.484727510348273,1.0586037886947737,1.9521332128211146,2.1484126471322784,6.566577053804002,3.8000709832145283,6.136866471129049,2.199880423389035,1.9532677881915803,3.1999496237242187,5.111772873944037,7.485910601210804,2.1988860861393706,3.304778731733892,5.058077933750185
2017-06-01,472.0,2.17399525341056,5.969914473147616,3.51378776762731,6.999978056283356,24.59643726782805,2.114610262798602,2.281716532327522,6.583942771060209,5.545414699463562,3.6751328021839686,6.087779411429862,1.4325659963600752,2.1093872726825444,2.1155973970947626,6.748681201808983,3.8174938673410495,6.2928403031801,2.221173300925831,1.958641867719079,3.208256582077102,5.148096142418683,7.455451071092451,2.1902130910132316,3.325188238910075,5.240583559641535
2017-06-02,528.0,1.9066782525196624,5.033310607028408,3.1891188754614808,7.321822708567398,23.350163002674794,2.17399525341056,2.243346837551345,6.999978056283356,5.123053490691802,3.7038851166346345,5.283268282026284,1.1523621766831005,2.151165264482355,2.100208642963768,6.956475967068954,3.767554493719182,5.951925067934803,2.3387122693459346,1.9697185217393798,3.2195831860307695,5.183263289014815,7.436137398267904,2.1904963742729033,3.3408622287300065,5.4772957498964345
2017-06-03,296.0,1.9087409373471984,4.944495421700647,3.166612205096776,7.661816323883885,24.262001084420426,1.9066782525196624,2.313108508522524,7.321822708567398,7.209660877599533,3.4528072021817766,3.844039208790498,1.423749566749229,2.0650945895762747,2.0521131308163847,7.270585855336896,3.610608373666793,5.071695634082212,2.1962881779374435,1.9662942129169254,3.2189641002032547,5.170300287894594,7.427236797396807,2.198735547992324,3.3435490084260366,5.5298763319697715
2017-06-04,296.0,1.9911579830231472,5.449264726457138,3.324234004449861,7.520652431444541,25.00040854825647,1.9087409373471984,1.6428480832143126,7.661816323883885,8.82829618087428,3.281563091312956,3.5451730268747927,1.7850807232187056,1.9964714810924733,1.9943463349341957,7.335179490520375,3.479418470043122,4.224160172563855,2.0589011894960416,1.9628020911493553,3.2172046863955193,5.146403664577781,7.418723491315441,2.2025665158867955,3.3309094742818735,5.310122763215513
2017-06-05,472.0,2.362630294260451,5.745450028653061,3.567030563688652,5.7797236833301096,20.616451028113655,1.9911579830231472,2.048661278011129,7.520652431444541,7.358356428538479,3.531872679422146,4.246462528782793,2.0797404445860748,1.935525724296669,2.0441048920497433,7.14837324060184,3.4220809909722933,3.8785582548160247,2.2134649845868712,1.96107183014858,3.217033150499471,5.150591532959097,7.408004657057921,2.1972721001966917,3.327599660369596,5.113923422287812
2017-06-06,432.0,2.2995424824308563,5.800968479025845,3.538769606335624,4.941602261355446,17.48719188908404,2.362630294260451,2.164890277237904,5.7797236833301096,6.592043964435014,3.5964759491208294,4.885266131069889,1.7055704674556749,2.087509738210265,2.088957608656789,6.922854277000645,3.4699705732853103,4.225633895575822,2.117125702393131,1.9644659466184533,3.219759977954928,5.172782040852046,7.386096559412516,2.1940094352709276,3.338072842558886,4.910959442760342
2017-06-07,440.0,2.393475751037613,6.400229524733908,3.705505386713412,8.264994039946563,30.625979936176236,2.2995424824308563,2.114610262798602,4.941602261355446,6.583942771060209,3.742252153230412,5.699644924558287,2.558786474809239,2.2177769199048174,2.1081936379700683,6.687076890846421,3.623533593924462,4.943791194803653,2.3068874298679383,1.9720053711973256,3.2236422031188194,5.204983078367452,7.365921503785841,2.1921415603353007,3.359760017257612,4.798804787647486
2017-06-08,416.0,2.272306819461195,6.42525637989609,3.6511826471057303,7.38845388930717,26.976594629579182,2.393475751037613,2.17399525341056,8.264994039946563,6.999978056283356,3.990630005438685,6.8998720763829615,2.2490088833871944,2.3518828425763063,2.1480315648613555,6.927227072115899,3.7764527025966417,5.8282610440037095,2.592278536600632,1.9839532690610406,3.2339084055967495,5.253472904555494,7.351818586301023,2.186205998055684,3.3866820801656763,4.9148180254979295
2017-06-09,336.0,2.286241434801582,5.325612699915657,3.438522730538987,7.6403070199739345,26.271369356476963,2.272306819461195,1.9066782525196624,7.38845388930717,7.321822708567398,3.995727619932257,6.870132490934703,2.185175091049651,2.321775017643221,2.1620760742971603,6.98272361969073,3.909536592867118,6.489883163958647,2.795960671910979,1.994632823122143,3.2442374490076973,5.288834184037995,7.337952609576002,2.1743728936650095,3.4053277270860045,5.141512912484846
2017-06-10,200.0,1.5651225389794476,4.4620211669543615,2.925800731430784,8.66299994822307,25.346211584895904,2.286241434801582,1.9087409373471984,7.6403070199739345,7.661816323883885,3.53580440460467,4.635184768788953,2.803726239538818,2.3173413351001293,2.21629938605172,7.028221378463093,3.840720676658537,6.135063112035536,2.7577749550150137,1.9999606630763107,3.248463590649835,5.293101787441696,7.324415579241578,2.165443805666955,3.4041574849548235,5.2545337067703395
2017-06-11,376.0,2.1673616092420622,5.376738682454386,3.380544313382454,7.727056803128017,26.12165793499762,1.5651225389794476,1.9911579830231472,8.66299994822307,7.520652431444541,3.210182071158372,2.907612957247911,1.817155362896592,2.0412235977474076,2.167211043427756,7.171247610511548,3.580571365231766,4.804310072323852,2.6128758072264096,1.9951880235064468,3.2455388830469714,5.281932785689373,7.316874015052008,2.147764620244525,3.408432465297603,5.163453696823643
2017-06-12,496.0,2.3973520069648124,6.01914044494994,3.638974109413594,6.318219285239968,22.991836396585906,2.1673616092420622,2.362630294260451,7.727056803128017,5.7797236833301096,3.572536332609461,5.749986644071674,2.228790587343648,2.006241861007697,2.1923829900304583,7.200733949323473,3.4395076027908345,4.430928123369509,2.3533576512811814,2.0007956021488607,3.2496236259404774,5.289683332899108,7.3228364655011635,2.1276865338492534,3.421030423572818,5.378242856150625
2017-06-13,440.0,2.074344350038061,5.561017465143738,3.381243878658911,7.670550854080206,25.93600312130058,2.3973520069648124,2.2995424824308563,6.318219285239968,4.941602261355446,3.874832025011763,6.585834570039348,2.5283432463964,2.0432787183954404,2.1973432347025095,7.277661892453453,3.5525168095931985,5.081144723786308,2.4426161660871943,2.0073850563769926,3.256748025879937,5.310102150157661,7.3199100502006305,2.1192606985486075,3.435264551992771,5.6211812045748335
2017-06-14,464.0,2.0598986344608083,5.374295524804465,3.331436449954728,7.17256099368184,23.894931133875186,2.074344350038061,2.393475751037613,7.670550854080206,8.264994039946563,3.6978560266178064,5.598944140619116,1.5618178349498015,2.2130193220816445,2.1651720729321107,7.667511691414132,3.7150747947463434,5.978255118243376,2.255413462824668,2.006262746569375,3.258873287819824,5.331534067981042,7.313563911231425,2.1165334041365482,3.4426725585419584,5.60679537829781
2017-06-15,376.0,1.8657314539394136,5.133988693269246,3.2026178057241186,7.839555985208729,25.10710158720056,2.0598986344608083,2.272306819461195,7.17256099368184,7.38845388930717,3.2695060691181985,4.601768687537097,1.287299964297382,2.1771983304878932,2.117518199135424,7.511449827662029,3.614064706915922,5.595515799398517,1.899574859917536,2.0119127789122198,3.2649316848871295,5.359793689386081,7.298918081196562,2.1057105175701136,3.449801828635662,5.278494894176972
2017-06-16,416.0,2.152340752686192,5.361883206590104,3.3698820342788194,6.224772543426133,20.9767491615638,1.8657314539394136,2.286241434801582,7.839555985208729,7.6403070199739345,3.164596364452393,4.46574226698462,3.267121656685457,1.9999914794794271,2.059436004060884,7.5758929842193945,3.3773194867294656,4.888818365046941,1.512263313903506,2.0173306667511013,3.268590540113957,5.38039958386002,7.295952065415759,2.102943190327456,3.4516702574665663,4.935010576469817
2017-06-17,288.0,2.114081718497222,5.35793878341547,3.350798832654298,6.051698967695081,20.2780258365279,2.152340752686192,1.5651225389794476,6.224772543426133,8.66299994822307,3.2179912093577863,3.516633335415658,2.1293512641826355,2.0259902803621372,2.040307335187257,7.373673773283994,3.217364547642793,4.194714763312455,1.5257511714517176,2.026672024230153,3.2751679078232923,5.3927052179935595,7.2882167286033095,2.1015551990840775,3.446287263701465,4.775217514559346
2017-06-18,312.0,2.2655137384014057,5.535563962491744,3.4667735395200383,6.446663693566893,22.34912311104222,2.114081718497222,2.1673616092420622,6.051698967695081,7.727056803128017,3.3075793036699968,4.155034719676069,3.1454874552202456,2.0440513083742755,2.1187300751183673,7.0006307760657105,3.2300556258267257,4.045803440692112,1.8121419039906086,2.032075613865192,3.2808407874413636,5.412543851961206,7.273158174206439,2.101650789345662,3.451305104055424,4.953420623477655
2017-06-19,400.0,2.280869551304745,5.637015141484584,3.495829761816799,7.070355624759894,24.716759619664444,2.2655137384014057,2.3973520069648124,6.446663693566893,6.318219285239968,3.571471637676667,5.300761854173024,4.2265283344725,2.1773120698616055,2.1327518078554166,6.817717474699836,3.3656807169014833,4.324143303088247,1.9844524914137611,2.0368635321225095,3.2861529553161355,5.433025331618912,7.255424859501455,2.1036009440752097,3.4816266570512684,4.889245653492133
2017-06-20,472.0,1.7719635606645658,5.047005007459545,3.152118052792774,8.441583876038576,26.608868929825594,2.280869551304745,2.074344350038061,7.070355624759894,7.670550854080206,3.4690374874553664,4.564114254088222,3.95411819356883,2.2201550027344568,2.1161114570468356,6.925165523202682,3.449362809600677,4.673303609312435,2.04766726055871,2.0438710603743018,3.292926450658011,5.449723662880817,7.246075599537105,2.096425330936494,3.4975680861450056,4.600428465499115
2017-06-21,456.0,1.9046392320906609,5.133642415526477,3.214757861790807,7.786293699170379,25.031048883620198,1.7719635606645658,2.0598986344608083,8.441583876038576,7.17256099368184,3.2602488718495826,3.803468109456889,1.2945178166780498,2.106115616790238,2.0729142014220505,7.035313097768165,3.433585998993872,4.5561147392393755,1.9643961486756516,2.0442884598601165,3.293835820367731,5.470348990952042,7.245855231546027,2.0941215656431633,3.513537605458118,4.343931889618797
2017-06-22,528.0,2.158140747892591,5.226276205066741,3.343025087473713,6.477488993102611,21.65440820777687,1.9046392320906609,1.8657314539394136,7.786293699170379,7.839555985208729,2.7988455015617046,2.9038154996789074,0.2730059297771468,1.9858241146866564,2.0507342867977436,7.122989198552241,3.176043953622218,3.757132621074669,1.8985959448462277,2.0468459464366804,3.295692930143168,5.480846827728561,7.244453978110122,2.0928633758279083,3.514598061137752,4.101367148496198
2017-06-23,384.0,2.17828601709447,5.192407764433494,3.346625219982705,5.216026502651221,17.456085841870763,2.158140747892591,2.152340752686192,6.477488993102611,6.224772543426133,3.1257652696698224,3.612402872070124,1.4504945650688592,1.944914513549272,2.0925070430767687,6.9284081996799385,3.0616198810270365,3.4398954937353032,2.016913031236388,2.055556405942522,3.3019965895580135,5.4835245439439655,7.231712709541115,2.0871026071695438,3.5052184838822313,3.9794615206512702
2017-06-24,272.0,2.2756308433906747,4.833444395380748,3.339001225975196,6.061843703303783,20.240503557001354,2.17828601709447,2.114081718497222,5.216026502651221,6.051698967695081,3.098746623155322,2.9669614862979388,2.754160867824728,2.0803553323592396,2.0962135094208088,6.784301622426379,3.0077857981289498,3.1610599526823204,2.022247292216127,2.0585531217767445,3.304664395225979,5.466312089624448,7.208944847023467,2.081548877856449,3.490512575751928,3.9009369707773103
2017-06-25,280.0,2.048543332584451,4.786683228351626,3.187320730111417,7.998385686318858,25.493420505430528,2.2756308433906747,2.2655137384014057,6.061843703303783,6.446663693566893,3.2056466328070554,3.639951782439412,1.8350685323825595,2.2040192027925776,2.119291955834159,6.78575087037048,3.143386175210733,3.4064387136024883,1.8752763210749728,2.0610513861432396,3.3053106509993593,5.448199696168626,7.197392954981061,2.087078286421048,3.4849882655279716,3.8273536940292168
2017-06-26,408.0,2.321652456000284,5.163991458259894,3.4333038707477077,6.072613063501016,20.849125936471133,2.048543332584451,2.280869551304745,7.998385686318858,7.070355624759894,3.20263745726522,3.2871873465968653,1.7356581141225784,2.1674867310231978,2.088296183574594,7.007425440763617,3.169010237742533,3.2980335384447357,1.7019559816765195,2.059797780890672,3.3034110308193467,5.429413663869124,7.195538430214236,2.086218330429325,3.479184767469888,3.5397001929469085
2017-06-27,352.0,2.076881087113515,5.222123124274765,3.302795361258835,6.864472602307686,22.67194826839019,2.321652456000284,1.7719635606645658,6.072613063501016,8.441583876038576,3.29639938668721,4.697166241493983,1.2429373714706198,2.2152755439918024,2.094122312816814,6.864890789155206,3.2348944922531615,3.8747684568434173,1.5051796778117397,2.0674041183960106,3.3096149003027957,5.427106900017363,7.171601763144459,2.096928646241387,3.4750080747943217,3.55870761971916
2017-06-28,392.0,2.254201527960564,5.513067532713847,3.4558335254625185,7.104241052235272,24.551074401281774,2.076881087113515,1.9046392320906609,6.864472602307686,7.786293699170379,3.278275696478837,3.293426708103984,1.3889328195155306,2.149025625232749,2.137681959452378,6.639589178622222,3.259104180143756,3.7592600987316076,1.5572070742610864,2.0708560485836434,3.313142895198461,5.423581926794921,7.149964926974852,2.1127012491717756,3.463521793016803,3.48584456238303
2017-06-29,328.0,2.3172903159479925,5.645904228084839,3.5194073273603426,6.037175513633841,21.24727973924338,2.254201527960564,2.158140747892591,7.104241052235272,6.477488993102611,3.5032632321486616,4.736604117956354,2.2777410575493846,2.2175783570247867,2.187619430290936,6.542153086202921,3.359312771771569,4.2423990225181045,1.8332003859582229,2.07736698587317,3.3176008299028994,5.409955619908857,7.153390370120304,2.123336375220019,3.4518404595050836,3.747671507851237
2017-06-30,304.0,2.4361496760250128,6.075195332298595,3.637651885797098,6.155999042757329,22.393381526851325,2.3172903159479925,2.17828601709447,6.037175513633841,5.216026502651221,3.761488327837545,6.022170001124797,2.656668677030927,2.21612431034069,2.2103550828702785,6.479251160564525,3.514342418821681,4.6840669423950425,2.174830020163411,2.0858192399414985,3.3242937638289876,5.413169325323421,7.1528098579339305,2.116389215676381,3.4464352183550364,4.091923954859047
2017-07-01,392.0,2.31529613597365,5.357000463124491,3.4378399024331627,7.375311090039792,25.35513875819662,2.4361496760250128,2.2756308433906747,6.155999042757329,6.061843703303783,3.8690214360316704,6.665302796593589,3.1966642518393678,2.335880506644522,2.247192748431785,6.6135329520082555,3.7112576653392924,5.808025638558244,2.432998803515676,2.0923077242917807,3.332434330441767,5.425128203465566,7.149661220285697,2.1042042552190394,3.4528981728166266,4.620258427758427
2017-07-02,272.0,1.5374768604912763,4.503720427646029,2.93259020385966,9.125408462510434,26.76108346337614,2.31529613597365,2.048543332584451,7.375311090039792,7.998385686318858,3.746972784028361,5.638076978111957,1.2521707492011518,2.3562453759822177,2.2528592188007814,6.801171150113398,3.7924941826325256,6.108516591943444,2.5588139612622203,2.095336326972975,3.33536829622182,5.404697736464795,7.147935514210282,2.0992017482989973,3.4543344283964172,4.905704884283075
2017-07-03,408.0,2.089718664226844,5.0795128985954445,3.2756746076299126,6.986030864114705,22.883963909699393,1.5374768604912763,2.321652456000284,9.125408462510434,6.072613063501016,3.0074849528314638,2.5565353086882405,1.2750566873166114,2.0963075574966457,2.1798497227874707,6.962174403855053,3.541159724297165,4.953305027797925,2.4767729777758256,2.0847760633386154,3.327705220416391,5.387044730485383,7.160708945562292,2.103045631458233,3.439490353418074,4.8013260217247
2017-07-04,448.0,2.154697090934185,5.088149940676908,3.311218075145298,6.475088750621151,21.44043090922674,2.089718664226844,2.076881087113515,6.986030864114705,6.864472602307686,2.9338551029415005,2.9669614862979388,2.07115697620174,1.9808305535639228,2.1467163239626936,7.092662661085579,3.2294376132671085,3.7205245910327087,2.461369387904717,2.084058013345977,3.325167825198244,5.3915453130485425,7.152600885011207,2.101127683070661,3.4279000871390255,4.554153913839551
2017-07-05,312.0,2.052951644921775,5.162283209418189,3.2781363325740007,7.376613511660285,24.181544763929868,2.154697090934185,2.254201527960564,6.475088750621151,7.104241052235272,3.064742484447221,2.9448722774523994,1.426272646373706,1.9272975385507678,2.157832895937075,7.037036396558932,3.0020275134067282,2.8227896908128565,2.4561983737311976,2.083574028762706,3.3240618599207674,5.379508153522535,7.133239129147927,2.0970055240233316,3.4123290806398616,4.504360423746468
2017-07-06,392.0,2.301399677798495,5.1434898112796,3.414802485339862,7.0769015632224095,24.16622104659744,2.052951644921775,2.3172903159479925,7.376613511660285,6.037175513633841,3.0854067067712374,3.0034045666224016,1.2489442595613056,2.099122466694267,2.1290829126458193,7.075946747905362,3.028001431386653,2.9717461101242435,2.235218520133303,2.082053752822299,3.3236368066934405,5.360069259548039,7.119819529379497,2.0825093373787027,3.3952934392282086,4.256760487841618
2017-07-07,392.0,1.8877876319847184,4.774330270969887,3.114074333212953,7.801483161004671,24.2943984726777,2.301399677798495,2.4361496760250128,7.0769015632224095,6.155999042757329,3.178137270102595,3.971174840279617,1.4434263012417543,2.1696828045514844,2.1268128214816056,7.224479040703729,3.109428820440351,3.306483894784803,1.8475053579402627,2.0929692359632828,3.3295583612710833,5.3381533039564975,7.1034191045420645,2.0750596130274976,3.3764896097906147,3.9637611791494494
2017-07-08,216.0,2.1570888921951203,5.028272014376562,3.299601182101564,7.360184388122426,24.285673107534233,1.8877876319847184,2.31529613597365,7.801483161004671,7.375311090039792,2.905105798803687,1.8878572972747856,1.8192301247859093,2.080712984901662,2.048475386618706,7.459548200453349,3.056216591892506,2.954145568058932,1.632143189884752,2.0921655353742574,3.3284874599055105,5.283956662164363,7.103220487309192,2.075456675327553,3.340305469569448,3.2812689649610483
2017-07-09,256.0,1.9824160586763675,4.8293582670815205,3.1664637519398133,8.17466390975887,25.884776954542055,2.1570888921951203,1.5374768604912763,7.360184388122426,9.125408462510434,3.176772648761081,3.788109446251411,1.6163625243465785,2.115425400659444,2.025874351793202,7.4573872430365835,3.086671905889121,3.215713861268602,1.5367171535553983,2.0937705344982387,3.327991825641137,5.237390516647046,7.094773932682511,2.0803144595676795,3.3130069705304086,3.016987888980971
2017-07-10,496.0,2.1364737674345147,5.02326717185759,3.2871074856490887,7.064076211016895,23.220377792429286,1.9824160586763675,2.089718664226844,8.17466390975887,6.986030864114705,3.2302923941681323,3.893650872850957,3.2070098691965665,2.0090975276187346,2.089437094391072,7.321566592643502,3.1040569472443003,3.189872538792381,1.8307255980687427,2.0957581269320342,3.3271182400777177,5.220848702219241,7.102177850674123,2.089713309978862,3.3028232368491905,3.2080043981470725
2017-07-11,512.0,2.248611786229968,5.352968993800723,3.420350367005317,6.44892453415102,22.057581397173035,2.1364737674345147,2.154697090934185,7.064076211016895,6.475088750621151,3.2318445907989157,3.156406227335878,4.462564415638055,2.0919929061020004,2.096116394849311,7.3327159279152445,3.2129698779093765,3.612722182146079,1.9110704546408184,2.0994420658389403,3.3297290127247927,5.239556902382683,7.103100018490633,2.0815799521028064,3.3035453208372085,3.2350679325810643
2017-07-12,432.0,2.073773268070434,5.438244642653851,3.352168236786189,7.149283088803609,23.965599686080115,2.248611786229968,2.052951644921775,6.44892453415102,7.376613511660285,3.509964584407734,5.25980088353853,3.2334541298395654,2.1225005374469497,2.1095327798915653,7.328978182705225,3.3240338564582608,4.103285994575118,2.2471940221500475,2.101362039887978,3.331532116735267,5.238764579427559,7.090402601741692,2.0712386409940358,3.301459595897151,3.565772019164797
2017-07-13,448.0,1.9272197928426744,5.116694180575729,3.2179531449772703,8.116502216300727,26.11852383315991,2.073773268070434,2.301399677798495,7.149283088803609,7.0769015632224095,3.707915599893394,5.789700854351903,2.1296503637871127,2.152952940578305,2.112507297484231,7.296502408011414,3.483241591700015,4.735302655075434,2.3345402879640456,2.1000604692774294,3.331077051324448,5.219401386017691,7.091307024172727,2.064931292453924,3.2958957150598724,3.9638143459832977
2017-07-14,400.0,2.0189337711612216,5.136151681918904,3.25759536095236,7.221269998674831,23.523975647867584,1.9272197928426744,1.8877876319847184,8.116502216300727,7.801483161004671,3.3858814147327454,4.2032974657078,0.869139416836991,2.083201615714358,2.0590530282048283,7.4450167870226025,3.534587199677958,5.084266401199407,2.3114796305407017,2.0964416726912325,3.3302328402407015,5.2045906098654235,7.101662870529435,2.0548782764523335,3.28549656133037,3.996974721044466
2017-07-15,352.0,1.8934976551927345,4.999587380915753,3.1755832571013736,6.9068836570353325,21.93338410002851,2.0189337711612216,2.1570888921951203,7.221269998674831,7.360184388122426,3.216246740086236,3.4347419791434484,1.7114049956881523,2.0066422773581096,2.0777881909443288,7.362129192404055,3.4366812515707914,4.475913433067714,2.3845420256045853,2.0997244725905606,3.334146499444273,5.196652481769238,7.098289309438877,2.04165452154468,3.2837212503626385,4.217958247025704
2017-07-16,336.0,2.008284337847757,4.943219205589806,3.1888572483507693,6.953183579877544,22.17270985780606,1.8934976551927345,1.9824160586763675,6.9068836570353325,8.17466390975887,3.185358747670689,3.0177112998767406,1.5801654251319404,1.9465504063988763,2.040132299943988,7.2973719451058985,3.262495634163223,3.551916914909327,2.538749038219686,2.0984410893969274,3.3356852211782235,5.192172438024122,7.095070175479389,2.0323426852279414,3.284413329803248,4.10790136897218
2017-07-17,504.0,2.301487835582119,5.439036287744076,3.417583501021196,6.469684728785569,22.11068778590635,2.008284337847757,2.1364737674345147,6.953183579877544,7.064076211016895,3.132347930662039,3.5451730268747927,1.660150894011305,1.9735719214005705,2.043827768397043,7.122874755122852,3.177984472806321,3.332542101964991,2.4822358079774745,2.094836783477086,3.333275764095698,5.178216971324113,7.091554678406315,2.0261311661178847,3.281558553846723,4.058118819547014
2017-07-18,456.0,1.6945204311783886,4.3619061800592265,2.931275575689829,8.599276914381534,25.206850387719985,2.301487835582119,2.248611786229968,6.469684728785569,6.44892453415102,3.549641974050433,4.545131946204911,1.7485722802867742,2.0677566095408695,2.067401206703844,7.037961686232662,3.2891162174610535,3.7026720909854784,2.565724542484929,2.1009595797377627,3.3380829039510065,5.180920221468399,7.0819162637634765,2.021721975896533,3.289627309526071,4.256508207956875
2017-07-19,352.0,2.06299372042047,4.949356973257811,3.2325416181356244,7.151574194552534,23.117761219075824,1.6945204311783886,2.073773268070434,8.599276914381534,7.149283088803609,3.256823374726197,3.4525430227472893,1.7259189534509884,2.001430868202754,1.9882452988393327,7.3451548834084495,3.3129377598128897,3.8476159986089944,2.1972163945151753,2.0983086496089394,3.3345819328640434,5.141798295387315,7.084307891986555,2.0264554200587512,3.279139034094389,3.998328513558127
2017-07-20,431.0,2.307499375345174,5.400218547033775,3.4667375590547724,4.83736248637758,16.769866218287735,2.06299372042047,1.9272197928426744,7.151574194552534,8.116502216300727,2.647458807184318,2.858089089399179,1.4616681094816353,2.0196673290603253,1.9867053634607663,7.345482184229725,3.1513080519869825,3.6185880194504563,2.0550515721090457,2.0999531458731293,3.3345213895686787,5.118876356446423,7.0744196814283535,2.041122013103813,3.2517530780853536,3.5795268328505947
2017-07-21,400.0,2.2898669775268714,5.816884374635893,3.536323533088061,5.952372543974137,21.049515104962992,2.307499375345174,2.0189337711612216,4.83736248637758,7.221269998674831,3.3576422488916924,3.0728569148402145,2.927198528430404,2.02167117564801,2.0410310181039804,6.877033651383561,3.0873081436007355,3.1278296756622246,2.0732184793819806,2.1134084149518855,3.3439674447292185,5.130650141098897,7.052960676522108,2.0494983833131113,3.2549995239867573,3.4180353255837965
2017-07-22,280.0,1.9813123072191408,5.289383049691672,3.2808802327063344,7.781018630025573,25.528590213570624,2.2898669775268714,1.8934976551927345,5.952372543974137,6.9068836570353325,3.302320687153486,4.657233765333348,2.273818991692681,2.220120024430838,2.0797357618705017,6.695762586426318,3.1024739144098326,3.5293932565242443,2.1325078062981526,2.1171444889243394,3.3495133538099404,5.153424873069211,7.05149672123799,2.048144252709071,3.27178203017315,3.5926770093252105
2017-07-23,255.0,1.9668657126680336,5.467089966022656,3.3208323608369725,8.115682965033278,26.95082262057586,1.9813123072191408,2.008284337847757,7.781018630025573,6.953183579877544,3.567979156808399,5.326805388007044,3.9330303976965446,2.1928928866970616,2.092280712159989,6.8206390111392095,3.4093140309511925,4.352298689393533,1.97294396498141,2.114292847259161,3.348818860165015,5.155528434556709,7.056649435932835,2.0390418201435097,3.286522493077769,3.9225475933438254
2017-07-24,448.0,2.038737952368253,5.4725176717663295,3.346741830719454,6.033296410897497,20.191885475480202,1.9668657126680336,2.301487835582119,8.115682965033278,6.469684728785569,3.6922029971385695,5.987702358489171,2.271574754709292,2.0793483324713478,2.0863637657057423,6.986710351875743,3.520834280366818,5.3239138372765185,1.810499505022446,2.1080019922526083,3.3450270006232037,5.164684507943013,7.057705872590853,2.035709364571915,3.3063043722105445,4.271480355003022
2017-07-25,328.0,2.2544451221667297,5.390070488240412,3.431225231960663,5.043917604203839,17.30681735147479,2.038737952368253,1.6945204311783886,6.033296410897497,8.599276914381534,3.364282277927372,3.939968659674242,1.5871476783233658,1.995638657418475,2.0488280681037616,6.924369163606019,3.5414881439581136,5.084825468723483,1.6760097063613397,2.103952349253287,3.343380054669034,5.1859869504892,7.040473843315731,2.0286633087639334,3.311592227047888,4.1850284569272125
2017-07-26,383.0,2.131965787336147,5.30481125550169,3.347234910999032,5.514810300610754,18.459365565741383,2.2544451221667297,2.06299372042047,5.043917604203839,7.151574194552534,3.316254100431948,3.990212318205515,2.237355718898173,2.0866829290676714,2.128817309673525,6.416460690723491,3.45757979183263,4.639294445456307,1.9516506653631613,2.1041373206635434,3.3436238493397776,5.206099859152159,7.014809191221163,2.0183101720971655,3.3153794484867793,4.261838356278387
2017-07-27,408.0,1.987969893133632,5.066157515075662,3.227665104140722,6.168333661062518,19.909315308508074,2.131965787336147,2.307499375345174,5.514810300610754,4.83736248637758,3.431237044875964,3.913289658782226,2.541117197787342,2.1417162872903757,2.13867046209005,6.182637277303236,3.370591141078428,3.947823545553991,2.1648079794744772,2.101118275310437,3.3420838283816883,5.210793852393552,7.003268672460175,2.0119232977827695,3.319874037093071,4.41258129476168
2017-07-28,424.0,2.1245967525969496,5.040688357713311,3.2846851166541198,6.364550606805031,20.90554465236443,1.987969893133632,2.2898669775268714,6.168333661062518,5.952372543974137,3.241393586555348,3.3743530343137427,2.531605916734923,2.1247936008788355,2.0930233932026865,6.372776016543942,3.3296282439544203,3.759285003767158,2.1625133747370913,2.106870305475759,3.342466711663286,5.205594998753583,6.9865326405840715,2.009495303124777,3.318644633428954,4.455652168972184
2017-07-29,352.0,1.6389336933472218,4.623487227388367,2.994088828485824,7.640557516159137,22.87650790253547,2.1245967525969496,1.9813123072191408,6.364550606805031,7.781018630025573,3.2881246565064117,4.083069417818861,2.8582401332448626,2.0815108110222424,2.0694133610698406,6.431658596948355,3.320251762645908,3.7902373703049403,2.0713009078823297,2.108135896718856,3.339573331139586,5.189849026253565,6.9628372016818885,2.0068943632738154,3.311473347574213,4.373628690755829
2017-07-30,224.0,1.5306333584906364,4.673500915872037,2.9847991238987346,7.702276047993866,22.9897468000783,1.6389336933472218,1.9668657126680336,7.640557516159137,8.115682965033278,3.362586551602473,3.156406227335878,1.3534733619082682,1.9171667796926004,2.0205021305167095,6.411592723538865,3.2973682648880778,3.537942893156158,2.034683835988076,2.099369953654011,3.33252415364723,5.155768459563682,6.95365250006324,2.0123656862825046,3.2981766216997106,4.0635716678028055
2017-07-31,312.0,2.005426986922357,5.146891487326487,3.254607491934696,6.781642857100354,22.07158565034423,1.5306333584906364,2.038737952368253,7.702276047993866,6.033296410897497,3.3835040580636435,3.3805070699684383,1.2764209978663836,1.7647212681449354,1.9581832227770815,6.352534592533234,3.344738422057509,3.53999423837439,2.163252225268137,2.089637005248879,3.3250522649175904,5.109045312349464,6.948708114532972,2.011416448500615,3.2819927091007766,3.691115198014129
2017-08-01,432.0,2.199065118086684,5.437603581650733,3.409861280466585,6.176857817816448,21.06222830791963,2.005426986922357,2.2544451221667297,6.781642857100354,5.043917604203839,3.221634522682259,3.2357137051625995,1.7143160292339088,1.7249980129200713,1.9534245134276678,6.459441227705071,3.322575044116125,3.2575423341556355,2.2576441987516067,2.086827534140742,3.320732593656047,5.102041679822864,6.9312060335259575,2.0210410154631604,3.264481433722573,3.5905073473696087
2017-08-02,392.0,2.3773326943821345,5.783161448830462,3.583774904682916,5.8699525729775,21.036588722715678,2.199065118086684,2.131965787336147,6.176857817816448,5.514810300610754,3.506923490143555,4.80325636207681,2.6523810073113783,1.9117084878332253,1.9455130842733754,6.6212898296497285,3.3706873569631526,3.8064923790692795,2.224244079937334,2.0917006485668588,3.3244116337394654,5.133171118289686,6.912076946531455,2.01791241776794,3.2811293849663086,3.70665649649408
2017-08-03,304.0,2.242150124753456,5.707074730723404,3.488741132610756,7.243364007042426,25.270221949841176,2.3773326943821345,1.987969893133632,5.8699525729775,6.168333661062518,3.675053233674393,4.868407904205025,1.4241703085701471,2.193941599797058,1.9805654995656592,6.672024439987837,3.4678704155000695,4.302459323814809,2.301090864865238,2.099510511184108,3.3313643453992343,5.1566260699641875,6.892892619107477,2.0130311150714846,3.3058359893240725,3.8431019601259075
2017-08-04,328.0,1.552932964641495,4.875636141299023,3.052236951485123,9.043843151366024,27.60395225003504,2.242150124753456,2.1245967525969496,7.243364007042426,6.364550606805031,3.696616951246902,4.514457457304349,1.3944946970221748,2.2728493124074243,2.0168769612256345,6.825600203699252,3.626197891688283,4.728707241195392,2.43912741532575,2.1036937135462797,3.3341061308685824,5.177256896299071,6.897267148947758,2.0126410716645533,3.326898471550728,4.005974020553138
2017-08-05,264.0,1.5467959708925183,4.574889344207387,2.957118674299983,8.878737196112196,26.255479566825244,1.552932964641495,1.6389336933472218,9.043843151366024,7.640557516159137,3.206516430828035,3.922992555719647,1.916811542617118,2.0574719279256946,1.9352107058034265,7.208356281493679,3.5260622052497763,4.4352859724096705,2.248105537671797,2.0901987580526304,3.325526237331857,5.167701994028432,6.913226676052953,2.0137467344724858,3.3309354623526213,3.983105897396107
2017-08-06,256.0,2.0821368020955813,4.734275358303696,3.1930524862189285,7.543050001568258,24.085354561181216,1.5467959708925183,1.5306333584906364,8.878737196112196,7.702276047993866,3.0640448604851547,3.293426708103984,3.2829600749210206,1.780626353429156,1.9220481740241833,7.385239092915546,3.3223927475200306,3.9102922403759908,2.252949304920143,2.0776529828603247,3.3158320551312626,5.148748645126025,6.931489233665002,2.0103955655797376,3.32713238203204,4.00268025179155
2017-08-07,312.0,2.1871784091257136,5.340278887259927,3.382967900144243,7.406499354431611,25.0559495684812,2.0821368020955813,2.005426986922357,7.543050001568258,6.781642857100354,3.2550524180843,4.722321436820379,2.7685221966455926,1.7272885792098644,2.000834380253461,7.362492514854743,3.1752045697991633,3.9795802335480004,2.1627582566882624,2.0724640003779577,3.307291173456355,5.147413481370486,6.930275716266405,2.008999929183862,3.3387972693413936,4.194368018484685
2017-08-08,287.0,2.243439727103517,5.820232882045463,3.5127650456455064,6.568299329406094,23.072892293674546,2.1871784091257136,2.199065118086684,7.406499354431611,6.176857817816448,3.2206976111800123,3.81117240269172,1.6982537960722075,1.9387037273712704,2.026798869139655,7.451757728759209,3.1799316299164886,3.9423068492053575,2.1900717024301475,2.071045193539033,3.3028209276736638,5.1578137104665975,6.929554653847904,2.0001101447665843,3.3402614347553583,4.276576403845988
2017-08-09,384.0,2.3351031023086337,5.559946245074342,3.514828271688887,9.28544688835708,32.63675123846307,2.243439727103517,2.3773326943821345,6.568299329406094,5.8699525729775,3.560583489767433,4.778924366564372,2.013893739328046,2.1709183127749365,2.0331380989992023,7.507677944700587,3.3454445063439153,4.437472735358821,2.223551432208333,2.070331831744065,3.3040582995921053,5.1908428642987285,6.917315937139126,1.9897601764007251,3.351271137942002,4.273100404487068
2017-08-10,288.0,1.5154396605774756,4.33605608343683,2.8737769112725102,9.379748540750288,26.955304789950198,2.3351031023086337,2.242150124753456,9.28544688835708,7.243364007042426,3.839899048933323,5.945828280325342,1.1678508053103702,2.255240412845954,2.0271053001315593,7.995605704040527,3.540393383293589,4.845308349860475,2.1422934834473204,2.083164841132885,3.3138754252630735,5.208732166739287,6.921081687761188,1.9825498059318367,3.3715396198798158,4.4270176010756845
2017-08-11,352.0,1.723711964918999,4.461723643915699,2.9704536647095283,8.022498108888305,23.830458907672526,1.5154396605774756,1.552932964641495,9.379748540750288,9.043843151366024,3.379845489878577,4.371693482775108,2.294473421982603,2.031327496663208,1.9232895195349908,8.300803494570221,3.5934426761931113,5.032148709888271,1.9819508731673634,2.0722994753218082,3.305429301894575,5.174835069727156,6.928013796412867,1.9841366157466325,3.3672023167288434,4.4066227475715065
2017-08-12,304.0,1.560550095275257,4.263821142929317,2.862111966896079,8.052199436725815,23.046296367686818,1.723711964918999,1.5467959708925183,8.022498108888305,8.878737196112196,3.045768660229364,3.136949790137467,2.577555357001408,1.858084909268369,1.9476865195746338,8.154897059930548,3.4218377330137546,4.484823851079303,2.0832025174398803,2.0610721412877115,3.2942872944828405,5.142284369769218,6.931843864282541,1.9785716896202503,3.3451307520733753,4.2943309239169105
2017-08-13,223.0,1.2669048479415137,4.347606736801883,2.829596578828121,8.813290686346077,24.938057174302603,1.560550095275257,2.0821368020955813,8.052199436725815,7.543050001568258,3.2026938029524947,2.846597639260517,3.049159243221113,1.5999005735905765,1.9496513944864537,8.036820237161065,3.2094359843534783,3.4517469707243613,2.084618294842045,2.0525089037083317,3.28563509595346,5.113855268514338,6.9354283196360225,1.9692576733140819,3.3390244983473676,4.230498199796416
2017-08-14,368.0,1.9734066581249572,5.0301798935632895,3.212925463771122,7.421004282231418,23.843133625135863,1.2669048479415137,2.1871784091257136,8.813290686346077,7.406499354431611,3.3675246947978894,3.650804802461274,3.3064496911409176,1.5170556360452558,1.8331896867501585,8.218283192129324,3.2053290526599163,3.2114507439530833,2.178519157166025,2.0392923405996766,3.2772710981013495,5.087570437010438,6.945678005302627,1.961213295175752,3.3440670968377555,4.077424394887972
2017-08-15,392.0,1.6706042263751304,4.39199281355047,2.9329599969684628,8.401631594072835,24.641649374682004,1.9734066581249572,2.243439727103517,7.421004282231418,6.568299329406094,3.5677796558632617,4.560383221851311,2.664509649295793,1.600287200447242,1.8026508651786217,8.220355324672154,3.379332717871215,3.6859285545243643,2.0727032998813413,2.041086927336102,3.2774428924021333,5.088590187432022,6.9476199771620895,1.9628180921386449,3.356814460444175,4.18445451191077
2017-08-16,384.0,2.125337030356767,5.364184136098159,3.3575065006249942,5.156951817235341,17.314499249777533,1.6706042263751304,2.3351031023086337,8.401631594072835,9.28544688835708,3.510061870083172,3.848973518194052,0.6767405957503762,1.6369719108138667,1.7208172222174236,8.48225993391026,3.4817887402481076,4.020053847502209,1.80929708400515,2.033057985230918,3.270160858446961,5.070215974364045,6.949421078779935,1.9582258927800515,3.369404925091546,4.051604390715011
2017-08-17,272.0,2.0736633389620343,5.293008721919477,3.31796743618774,5.352362288965684,17.758963781467415,2.125337030356767,1.5154396605774756,5.156951817235341,9.379748540750288,3.616923065115666,5.1115356893721655,1.2017571760487913,1.923115971618951,1.690850640510014,7.892474923750011,3.564921530354033,4.506964143139173,1.78716443050393,2.0332455737619104,3.2702726529131385,5.067720902642514,6.942632222858552,1.9506261586176288,3.3716476281270533,3.9324197348645566
2017-08-18,288.0,2.066713055810919,5.286801164214256,3.3135182778966064,6.437611864408348,21.331144578721112,2.0736633389620343,1.723711964918999,5.352362288965684,8.022498108888305,3.3306832026545283,4.455909547337505,1.663136084359435,1.9565348652313101,1.770596880279237,7.3171340306379244,3.485889379284455,4.472139584967905,1.7919894383207642,2.0300480671045875,3.267792551190934,5.098757654037855,6.92971395633032,1.9445815840580742,3.3741096223913316,3.9444506012306135
2017-08-19,184.0,2.242895274071469,5.642669591125825,3.475821429822099,4.897051639614236,17.021277031916608,2.066713055810919,1.560550095275257,6.437611864408348,8.052199436725815,3.0583091235554525,4.20986553985792,2.768749477194606,2.088571141709906,1.8195970361209397,7.090721709997931,3.3353051304418826,4.592436925522527,1.8666626992542628,2.0264787921796903,3.2647540264589305,5.110005793736404,6.9373042752089225,1.9368081724418236,3.3878046329370357,4.097724279762106
2017-08-20,216.0,2.278017606968777,4.977366409345392,3.3672528902206653,7.109125531463368,23.93822349276155,2.242895274071469,1.2669048479415137,4.897051639614236,8.813290686346077,3.42366819808508,5.583146119177465,3.283517351668413,2.1277572229481403,1.9170749188061131,6.6399863104105625,3.2708868414316874,4.749640402124293,2.13211075621651,2.034327654069805,3.2701490827427526,5.118087495206138,6.9316356978629905,1.9360019014448404,3.3900054979101486,4.488659776893099
2017-08-21,343.0,1.6371609315302098,4.54835951071315,2.970748530569585,8.441807717871356,25.078487873217313,2.278017606968777,1.9734066581249572,7.109125531463368,7.421004282231418,3.374132305847472,5.026420099020217,2.737644049813827,2.195875312283721,2.0615195986671506,6.396534145427319,3.285369875829335,4.939810586018531,2.3335381684682472,2.0405506269844405,3.2726906665499174,5.090103563029788,6.941570986128156,1.9359871491168288,3.392399218533282,4.685176247830091
2017-08-22,392.0,1.8504092568143704,4.748886794603171,3.0936498082023904,7.730766261150669,23.91628356106628,1.6371609315302098,1.6706042263751304,8.441807717871356,8.401631594072835,2.600855847009203,2.7757514134763164,1.5421113773360955,2.052691270856818,2.013484494867901,6.542363207661595,3.132885450313918,4.46177254389133,2.270940731786193,2.0318676300450678,3.2664860572681813,5.0654027783971705,6.948336687028477,1.9375860679388348,3.360161774873309,4.430228846633663
2017-08-23,416.0,1.7531078040174644,4.486331013104668,2.986844349936993,8.214487944612404,24.535396904991103,1.8504092568143704,2.125337030356767,7.730766261150669,5.156951817235341,2.973212787670918,2.6521667558434907,1.3855021056579957,1.9218625984377853,2.0391709277877923,6.446525302958429,2.9827336468425307,3.484779422780005,2.265947429247188,2.026403017373733,3.2622698004051767,5.0414626726831875,6.949919669797125,1.9412573276432161,3.33619543455772,4.259256452012154
2017-08-24,368.0,1.7873224339326748,5.084699253901399,3.16750211258689,7.812242710384748,24.74529528918522,1.7531078040174644,2.0736633389620343,8.214487944612404,5.352362288965684,3.072838988340433,2.626555097380701,1.2116676178639405,1.746892664120681,1.985995324025035,6.883316178298009,2.8823025410068515,2.6848244222335,2.096993866459332,2.017694300050846,3.2564005191378724,5.008589784061132,6.952077288799825,1.9437446249704513,3.326480658238155,3.904259224584802
2017-08-25,256.0,1.9141884987035496,5.1733204969140845,3.228120260562999,7.824449346062246,25.258263461772444,1.7873224339326748,2.066713055810919,7.812242710384748,6.437611864408348,3.152120812294766,2.8772287569271167,2.3204421206273014,1.7969464982548358,1.9450894804494119,7.234727667072162,3.0660575294353727,2.718650203383767,2.0917724866136815,2.01334061840665,3.2560702088457973,4.9984107429165,6.962914709847951,1.934436234735135,3.3210095486335827,3.678733397383318
2017-08-26,192.0,1.7498220973283487,4.945440276545924,3.1175348714742523,7.738920072470408,24.126353193478543,1.9141884987035496,2.242895274071469,7.824449346062246,4.897051639614236,3.2261390462425528,3.3373786706838358,2.0280384762018158,1.8182062455512291,1.9233002580055023,7.432847307308433,3.150366282292584,2.947054174997215,2.0331779335476234,2.006549552451704,3.252650482009386,4.994027717630246,6.978841290739118,1.931308273509733,3.314172948679136,3.5540924160727347
2017-08-27,264.0,1.5338614577666088,4.932839446304684,3.066426557828814,8.122234358462348,24.906235145698627,1.7498220973283487,2.278017606968777,7.738920072470408,7.109125531463368,3.2268783218661445,3.4702094635288865,1.4396738405350753,1.8171110099881904,1.852861232756485,7.838828512002172,3.201712726801155,3.22827229704661,1.888444890223024,2.001098569288618,3.2495628071796427,4.990003809679254,6.993532934621233,1.9282901833200095,3.3136891065228293,3.2522443224086515
2017-08-28,328.0,1.9226491497116296,5.364262091942287,3.2805670373819056,7.641684635719607,25.069058726009498,1.5338614577666088,1.6371609315302098,8.122234358462348,8.441807717871356,3.3585773926888063,4.128299788926392,2.5827154753052866,1.7326240179328352,1.7465532114418896,7.983558344430597,3.2705315869325013,3.6452959743797018,1.6659805835206003,1.9890929014520522,3.2430726910524137,4.986408845965633,7.005436682778974,1.9329777053773625,3.3160375310622423,3.1239414209666774
2017-08-29,280.0,1.912901607943708,5.372315761609888,3.2794846557828268,7.936843214348413,26.02875553680967,1.9226491497116296,1.8504092568143704,7.641684635719607,7.730766261150669,3.5834107017951315,4.754289165633094,1.5758864320539343,1.7354442349355284,1.7873372426106635,7.8692550469803475,3.389622138783361,4.117599472696122,1.7048088409234694,1.9825155486814459,3.239092019552773,5.011101341450765,7.01398556435456,1.938403815935219,3.323398336068664,3.406589671274788
2017-08-30,352.0,2.0260575622648616,5.74403402407993,3.40830039761241,7.733608832002467,26.358462057092858,1.912901607943708,1.7531078040174644,7.936843214348413,8.214487944612404,3.8158485060626375,5.973807253026584,1.908214932192484,1.7898040718073147,1.7962647213434262,7.898694611722882,3.5859455335155253,4.952132069195354,1.916811372431442,1.9737947475467577,3.2331225657192024,5.034395169642026,7.017023524090476,1.9385332290310588,3.33780981766863,3.881109742300945
2017-08-31,303.0,1.9101441727988564,5.3646908001745865,3.276967857907122,8.378188105070675,27.45505312781638,2.0260575622648616,1.7873224339326748,7.733608832002467,7.812242710384748,3.731659677621391,5.366835635964401,3.069804016599673,1.9538694399733991,1.8352575439501972,7.829997595635748,3.71030629515972,5.364977351541357,2.1272795911968987,1.9689741046516112,3.2326302406388567,5.05429992086714,7.019781897439478,1.9333883720129108,3.3548106561666016,4.272578390670044
2017-09-01,400.0,1.5467157338905844,4.472052112288799,2.924620961438456,8.697148831665453,25.43586377783876,1.9101441727988564,1.9141884987035496,8.378188105070675,7.824449346062246,3.814253516981552,5.792184287503145,3.730434006389459,1.9497011143358083,1.852803506645366,7.910846937733738,3.787253900221861,5.710942392164708,2.118181195816884,1.9751852265234042,3.2383698682063145,5.051869494817936,7.029343110708688,1.9309631369605893,3.3650549903945346,4.689000609323763
2017-09-02,232.0,1.6037774683957535,4.021271656113052,2.798478150016781,9.411891769913591,26.338973468425955,1.5467157338905844,1.7498220973283487,8.697148831665453,7.738920072470408,3.162441286486291,2.783612392562701,1.5898564194274365,1.8276391563181003,1.800307397386371,8.03551829281991,3.5694514936964112,4.647544105343413,2.016230453149818,1.9661351776844664,3.2325189741031233,5.008165850266547,7.035109100244367,1.9247399344876817,3.3479679254882644,4.609891141020744
2017-09-03,208.0,1.327066579459397,4.054859823819537,2.737800308074848,8.98572592319846,24.601123200808892,1.6037774683957535,1.5338614577666088,9.411891769913591,8.122234358462348,3.271013034369836,2.634990327958314,1.4047207227620448,1.6868791250283977,1.779443878967429,8.274514249597507,3.4159026126125602,3.7369290026747173,1.8420614439895695,1.9569531839754926,3.2239733086843145,4.951972414446201,7.0478458645078,1.92654795396666,3.3337811282590293,4.490574121653519
2017-09-04,375.0,1.962689367476692,4.706542223897275,3.127077834905554,8.034227771749169,25.123655585619463,1.327066579459397,1.9226491497116296,8.98572592319846,7.641684635719607,3.1120036684029087,2.538761952571278,1.4000405357902943,1.4925199272485778,1.7499017534949701,8.397870187416952,3.1818193297530115,2.6524548910307617,1.8464715144650476,1.9448550995511196,3.2149677082759953,4.924613203863553,7.062391534037732,1.9253938089920806,3.3306307028448585,4.2634972878885025
2017-09-05,408.0,2.2407750186439657,5.353830699748452,3.415783784232062,7.573852997726804,25.87064425379261,1.962689367476692,1.912901607943708,8.034227771749169,7.936843214348413,3.179499671014716,3.209690900104298,1.53933677313438,1.6311778051106136,1.7556217846042645,8.453947778278318,3.1875054579291535,2.7944810602112944,1.9104786003820833,1.9392099277124228,3.2101722974354234,4.929001633186548,7.063175381261748,1.9248222675465907,3.3344791965291773,4.04284039281296
2017-09-06,375.0,2.0786416999309503,5.067496767948354,3.26759307771672,8.45388513262179,27.623856539167257,2.2407750186439657,2.0260575622648616,7.573852997726804,7.733608832002467,3.5414797536123546,3.8137351118029703,1.4980530607300762,1.8435103218600177,1.8024608432757299,8.40209203304666,3.277661031009993,3.1873959881595124,1.8977894305682115,1.9450930508234103,3.215200788285742,4.949653477901374,7.0643975109357235,1.9316858967263784,3.3440267743801124,3.734258658352444
2017-09-07,264.0,1.554671582943162,5.0731571084448,3.113233092305884,9.522373420898752,29.64536805123598,2.0786416999309503,1.9101441727988564,8.45388513262179,8.378188105070675,3.753403067873862,4.987748338726549,2.0566727133274765,2.094035362017202,1.8099728629423144,8.504988647420848,3.491460830833644,4.003724783544603,1.799524957382941,1.9437855976190075,3.214667319879328,4.940560740590987,7.0732560113450775,1.9299831930118645,3.361783622936574,3.680103330175608
2017-09-08,280.0,1.8192704098031207,5.017154618890742,3.157019815767406,8.36508132716296,26.408727510359377,1.554671582943162,1.5467157338905844,9.522373420898752,8.697148831665453,3.776860259976333,5.707252987428879,2.173183859472494,1.958029433839359,1.7591910643915007,8.668443692539146,3.6905810271541832,4.836245479319463,1.788358514293192,1.936656523023454,3.2137801422187624,4.915658214804299,7.087160043002824,1.9314441532278461,3.368992848610204,3.6679702873078557
2017-09-09,208.0,1.771385478511109,4.800228923922692,3.082257903778979,8.371750626426476,25.803894536769622,1.8192704098031207,1.6037774683957535,8.36508132716296,9.411891769913591,3.4764673811052944,4.583052856549829,1.86165422124752,1.8175278975590772,1.7981274466647201,8.621005477610218,3.668910236318496,5.0926847275684155,1.9421070904151339,1.9313698003962643,3.211612014387401,4.897565160598179,7.094234311545944,1.9394151884867286,3.356878459682603,3.9250332107345876
2017-09-10,279.0,1.3825843547044383,4.137353995475566,2.7779270413621973,7.920621646487485,22.002909056176353,1.771385478511109,1.327066579459397,8.371750626426476,8.98572592319846,3.4841322270126738,3.736286255422216,2.888738443317853,1.7151091570857968,1.8220714481097708,8.472413885683489,3.579153289364767,4.675530699800305,2.113034723434201,1.9234160286009498,3.2059771400002957,4.913037588614375,7.106490473556658,1.9522119574326688,3.3603546842537395,4.082361200372288
2017-09-11,287.0,1.8795261840598143,4.633969768031596,3.0736696932707104,8.343108955903762,25.643961145416835,1.3825843547044383,1.962689367476692,7.920621646487485,8.034227771749169,3.377473583061999,3.70460092734586,2.8733180671484897,1.6577467476728887,1.8300025588590627,8.320256131867634,3.4460243970599893,4.007980013105965,2.024351482245577,1.9118962133781836,3.1964064534098955,4.902225266999705,7.1210459763967995,1.9518482935755939,3.3714115150148274,4.248909625340086
2017-09-12,272.0,1.8100672749187117,5.007953140006926,3.151711899281577,8.740506817964418,27.547559343930207,1.8795261840598143,2.2407750186439657,8.343108955903762,7.573852997726804,3.39577019546528,3.1019928646978667,1.4756480054742784,1.677832005758453,1.818122104085223,8.36438201531829,3.4191253351799844,3.514293349155311,2.0392646255726254,1.9111013198984692,3.194001729214786,4.914563554503114,7.135507636161692,1.9475060702464846,3.377847394765254,4.233524191710596
2017-09-13,384.0,1.89192581649947,4.971635082440737,3.167847812626507,8.815207920526671,27.925237128888273,1.8100672749187117,2.0786416999309503,8.740506817964418,8.45388513262179,3.5950208301993407,3.999620331417513,0.7843978620606156,1.690725937894321,1.7565924264101866,8.531046846780807,3.456088202908873,3.602071374487077,1.89473978838106,1.9076202116277605,3.192237004853607,4.936575101276614,7.142559277720824,1.9456703154497086,3.385430599278635,4.260079223084102
2017-09-14,304.0,1.947062266066856,5.167020310660684,3.237769085407997,7.340572945766238,23.767080152984235,1.89192581649947,1.554671582943162,8.815207920526671,9.522373420898752,3.642853674593809,4.301406464934273,0.8374896492057367,1.8605064251593315,1.729918728777118,8.582664387910075,3.5445482334194764,3.8010065536832145,1.8300183745303702,1.907594014316206,3.192108080779025,4.934623607572529,7.148057140476121,1.9434877039286578,3.3879330665696537,4.16203038397092
2017-09-15,278.0,2.1424412495046585,5.68209917299094,3.4365553728868763,8.351271331195047,28.699606363654475,1.947062266066856,1.8192704098031207,7.340572945766238,8.36508132716296,3.6215400726710474,4.137206992399192,2.2040543528008403,1.883018452495012,1.7859745406519314,8.270978605748287,3.619804859154732,4.146077929583657,1.9412096199647508,1.9065736464531908,3.1929232780633128,4.960457857476203,7.140632824546221,1.9444690392809079,3.391649006655916,3.937738098966679
2017-09-16,272.0,1.5891597358875382,4.994699979665169,3.0956131442267862,9.588025169528422,29.68081674196944,2.1424412495046585,1.771385478511109,8.351271331195047,8.371750626426476,3.794947872192417,4.90876051627856,2.309703822666769,1.9938097773569943,1.8321418034664367,8.269005749181442,3.6864472064857576,4.449124657870672,2.0348695241698134,1.9039228700185666,3.1932394759277405,4.97105502537263,7.1509051915410105,1.947486101219124,3.397583166891808,3.9842677646422113
2017-09-17,200.0,1.4751734506184846,4.829408145418979,3.0237747981787866,8.194256038729126,24.777584899733466,1.5891597358875382,1.3825843547044383,9.588025169528422,7.920621646487485,3.862183013139164,5.0896888205844855,2.7999142546207505,1.8928877504863504,1.8061095545202124,8.442759255338862,3.759556986000876,4.71188544308741,1.9529333363562864,1.902166858430386,3.1959784354033567,4.961111400630819,7.16828224414952,1.9504365673018313,3.4152998272412955,4.177610988236822
2017-09-18,352.0,1.6527399528404398,4.707757969788203,3.022871024180186,9.467174107045825,28.61804628905775,1.4751734506184846,1.8795261840598143,8.194256038729126,8.343108955903762,3.6034178931791754,4.032440155830781,2.1854667548515976,1.7355914786702265,1.8193365682222191,8.481849882801955,3.7535162595035856,4.676963164231272,2.0587531471480065,1.8923698539336862,3.192498988404076,4.945864966670976,7.172669378522166,1.951702968082756,3.4334701195620863,4.224445163734668
2017-09-19,287.0,1.7461012578907382,5.113550776414261,3.164393754281886,8.489110120639095,26.8628870451615,1.6527399528404398,1.8100672749187117,9.467174107045825,8.740506817964418,3.747584608690315,4.99746643066441,1.3974829038460332,1.5723577131154869,1.7869385351908798,8.642430618679393,3.7377285050028846,4.70653180235989,2.0335859675189867,1.8814571968919405,3.185101212822833,4.914701245959722,7.186869420941786,1.9619002975850675,3.4442673332489275,4.4952271017298875
2017-09-20,240.0,1.7796429932320246,4.930938146286583,3.12159061754722,8.237886380267666,25.715308833063574,1.7461012578907382,1.89192581649947,8.489110120639095,8.815207920526671,3.813864347217089,5.755016873003567,1.86063789491421,1.6246715537832204,1.7778005327583124,8.606516804775774,3.7216222830288594,4.928307819832916,2.104472887236717,1.872394434898005,3.178902383176063,4.919240724862019,7.1952888150832,1.9707829331166427,3.458925067961248,4.745998036242182
2017-09-21,287.0,1.7148245758742733,4.876270487636307,3.0884144472058668,8.58370060184227,26.51002494921936,1.7796429932320246,1.947062266066856,8.237886380267666,7.340572945766238,3.71954248041679,5.157739048538876,2.033983080339205,1.726161401321067,1.7617601294343912,8.524042299024488,3.760330478774731,5.303407450735615,2.210299493691073,1.8690332796648865,3.1762475562567447,4.9319933460478,7.204677571458113,1.9681487255723218,3.496214622408168,4.86833126247141
2017-09-22,215.0,1.7670241887253952,5.021717866500484,3.143656406011158,8.921815649583541,28.047122920063902,1.7148245758742733,2.1424412495046585,8.58370060184227,8.351271331195047,3.599029314209801,3.9424009015031407,1.5832716644804752,1.746856275665678,1.7285833165497368,8.701631964178207,3.7108120472812267,4.951718941015192,2.215898978620541,1.8648325940516568,3.172373924362893,4.936239469148903,7.2181470877774805,1.9607452383032649,3.517075173292797,4.840501820914832
2017-09-23,208.0,1.8507270832922087,5.247458841097741,3.2287191743125736,9.224446824770215,29.78314833556233,1.7670241887253952,1.5891597358875382,8.921815649583541,9.588025169528422,3.706201627326984,4.57925776915971,2.414095825956108,1.753830585943897,1.6749523078669848,8.783138295376563,3.6749244739845253,4.559799239733906,2.207389340295435,1.860304031324276,3.1689891672844213,4.954085697595431,7.230203667648865,1.953184915911684,3.5381872612590155,4.793429999897853
2017-09-24,151.0,0.8564460765961135,4.023198058509017,2.658183165165816,10.681127988138217,28.392394603050427,1.8507270832922087,1.4751734506184846,9.224446824770215,8.194256038729126,3.765728952560445,4.548975815439975,1.7882403942797926,1.7775252826306251,1.7123190717819377,8.731198531839677,3.6903199646990767,4.356878162034271,2.425089326679417,1.853575397343034,3.16561406632362,4.959511017168642,7.254772910744067,1.9511288276226901,3.558640865934538,4.716185284877208
2017-09-25,311.0,1.8549146612030143,4.680204628871879,3.076614129638151,9.275212245287957,28.53624904924573,0.8564460765961135,1.6527399528404398,10.681127988138217,9.467174107045825,3.761373796344756,5.070849264624639,1.732416857896767,1.4913991162045719,1.623929446921599,9.086465953183833,3.7444347920773953,4.733027616408105,2.3535204933268665,1.832316735497367,3.154129870559733,4.9211736025551405,7.285223241110299,1.9534498895549726,3.5764820242712783,4.864529443276331
2017-09-26,327.0,1.7323126918917882,4.664025451524198,3.031596390179091,8.088829993365106,24.52206780865802,1.8549146612030143,1.7461012578907382,9.275212245287957,8.489110120639095,3.628678293797966,4.502850974532172,2.1758216218867,1.520695940363778,1.6528115481162524,9.059042830075567,3.7185936809010554,4.707558684865592,2.3300472460519956,1.8300991482985232,3.1516123543180234,4.912332414299339,7.299720820883946,1.9609787853471743,3.589875356669005,4.793870092400297
2017-09-27,414.0,2.120544551170144,5.54316904872755,3.395912253801801,8.356481430818858,28.377877689584967,1.7323126918917882,1.7796429932320246,8.088829993365106,8.237886380267666,3.4376760440708507,3.4046714147098056,2.5162572243496477,1.4812244765636382,1.6508417529735453,9.00185995475071,3.6092427114045242,4.326123884622203,2.3584415606146085,1.823561080620104,3.147394208876773,4.903371947806656,7.312271145355399,1.9644858709887645,3.5925119783817405,4.458106455501189
2017-09-28,183.0,1.89321233450894,5.25258950684932,3.242461827439873,8.515419657270781,27.610923183331636,2.120544551170144,1.7148245758742733,8.356481430818858,8.58370060184227,3.6020794262090945,3.908365227398672,1.4604297656445144,1.9025906347549817,1.6995419755361338,9.018802104829453,3.5561445880259703,3.93862920554688,2.383390665344303,1.8315879282504859,3.1540912659653726,4.909335513032831,7.3267525754552665,1.9589323821575892,3.5931342691955392,4.279624481052588
2017-09-29,255.0,1.56620090470608,4.75297641043471,3.016938152741361,9.39895102371663,28.356053939198176,1.89321233450894,1.7670241887253952,8.515419657270781,8.921815649583541,3.810461247185815,5.406390126384422,2.3240103400225163,1.915356525856957,1.725025941055372,9.009047684176382,3.61673890582192,4.239808922830964,2.400797304310324,1.8376309111841242,3.1583856443577245,4.905344637874146,7.3384245050938794,1.9581245996996386,3.592954693899645,4.4887657988927705
2017-09-30,192.0,1.935306156636394,5.375847047206644,3.287526826726309,7.024072509817933,23.09182680889725,1.56620090470608,1.8507270832922087,9.39895102371663,9.224446824770215,3.4919453465492047,4.073969400003493,2.237925568552968,1.8599859301283876,1.696336900481184,9.07720988048111,3.6348286733147046,4.462908251262193,2.274968258021757,1.8303104764805196,3.1544244887045023,4.8723093840859715,7.364158286952538,1.9594164375156913,3.5849642161972386,4.416581746156168
2017-10-01,511.0,1.808351463526904,4.942084151944888,3.1329855612344377,10.376385979734724,32.50906745230434,1.935306156636394,0.8564460765961135,7.024072509817933,10.681127988138217,3.491925458209298,4.605532035860214,2.2844488323039034,1.7982397986171375,1.708419625244639,8.762870692630782,3.598110683981439,4.695297187416041,2.1492184230684326,1.8259144937896816,3.1523855811421644,4.87268125898704,7.370019388206165,1.9604855298891106,3.574219947571497,4.424661206216203
2017-10-02,320.0,1.9112018017667944,5.65578607123583,3.352958095458852,8.48221206305251,28.44050160421064,1.808351463526904,1.8549146612030143,10.376385979734724,9.275212245287957,2.935869005802393,3.83643782978837,2.4732031030772608,1.7699528416231256,1.8444061090918946,8.719336120001714,3.306579936853632,4.1719797552173565,2.1771599121271663,1.8164314732754279,3.1448724254180234,4.888348993642243,7.395249316302103,1.9626880740448345,3.5666675382153676,4.248316715525307
2017-10-03,334.0,1.8156053326110384,5.343625437636858,3.245611721292568,7.73966085179751,25.11993397942322,1.9112018017667944,1.7323126918917882,8.48221206305251,8.088829993365106,3.366275548479293,4.0693520364940605,2.215018016392979,1.8849531406433637,1.852447129172435,8.606050379682364,3.2646900041636613,4.170440634047545,2.313638258147504,1.8109156678923166,3.142609374798825,4.94283280747967,7.424053774068642,1.9626157630594632,3.5698429553523487,4.186388295805577
2017-10-04,352.0,1.84797751637195,5.07782576644509,3.182024310447814,7.476531878767282,23.790506196075558,1.8156053326110384,2.120544551170144,7.73966085179751,8.356481430818858,3.015056590541099,4.152799761635616,2.456689756073901,1.8450528659682448,1.8643460778466137,8.556169073744135,3.1057337149409285,4.019529875972679,2.2065881172115684,1.815293540691809,3.145832287628949,4.98579166127358,7.435536396729473,1.9566793718763293,3.5666113860902886,4.293263773937835
2017-10-05,239.0,1.9786670542707232,5.363248452440129,3.298506269792185,8.249155229108293,27.209890243702695,1.84797751637195,1.89321233450894,7.476531878767282,8.515419657270781,3.103104324050698,3.074197197286677,2.9843296703323925,1.8582615502499271,1.8254079300183002,8.430461994879625,3.1614788210236964,3.7654496651387817,2.0859841182353587,1.820313233116466,3.1495807148980797,4.998167779358507,7.437075792822862,1.9613090128288995,3.5640648745248216,4.1740969124932645
2017-10-06,391.0,2.136767302822242,5.330881565583528,3.3553385541506167,7.679274300535346,25.766565128484256,1.9786670542707232,1.56620090470608,8.249155229108293,9.39895102371663,3.323402447401607,3.533825937536628,1.8230285065546632,1.8807499677512365,1.8376157471271262,8.392424219427841,3.1471877873311347,3.586940965486304,2.090357318285662,1.8185887373193852,3.1513382779576338,4.998481704448229,7.447659702113045,1.9696140489305962,3.556795630984463,3.9065877426578655
2017-10-07,231.0,1.6781634961312994,4.2984894259249495,2.9072751646796524,7.665061874203977,22.284444022606092,2.136767302822242,1.935306156636394,7.679274300535346,7.024072509817933,3.510781427474605,4.0602023019282125,2.0736128376288687,1.9878039578216378,1.9191252325722925,8.146756116116228,3.312429399642303,3.5560751455838364,2.2945292284457786,1.8177485522143273,3.15087778885774,5.007261197702735,7.451251427137659,1.971002442373552,3.5487082429711543,3.904621014361397
2017-10-08,183.0,1.5585206600319346,4.479852924855416,2.929809392706982,7.983497288187374,23.39012534158209,1.6781634961312994,1.808351463526904,7.665061874203977,10.376385979734724,3.442314231171744,4.046359541655697,2.483209034242196,1.9311992844080876,1.8823905667858505,8.238326025314235,3.4254993686826523,3.880129260373509,2.2314838499205676,1.8083272816981237,3.140786290841642,4.981438941618739,7.451525139041067,1.9720706465525002,3.5375567086776685,3.8247392294750377
2017-10-09,312.0,1.7945431189086047,4.67489706151386,3.0541500449453687,8.419165392229202,25.71339436107931,1.5585206600319346,1.9112018017667944,7.983497288187374,8.48221206305251,3.5316642280949884,4.371693482775108,2.647846836185121,1.7911504863284913,1.8467004520008545,7.896484783664613,3.494919962247112,4.159418442119669,2.283886398360545,1.7953842409935121,3.1310359761919444,4.963528885150896,7.45925765882555,1.973188581570741,3.5393966035773246,3.9012043227588573
2017-10-10,287.0,2.003376186489714,5.4345465862078965,3.324822249421503,8.815846891821575,29.311123893421776,1.7945431189086047,1.8156053326110384,8.419165392229202,7.73966085179751,3.438015789150616,4.0370142190897305,2.3368644891551247,1.6770757583572788,1.830034925878256,7.88747811640414,3.4706647494724496,4.151689081173509,2.196086151977796,1.800035965299031,3.134042195086492,4.959351156403935,7.472901130045563,1.9792792222466067,3.5378593889819228,3.8965846345582382
2017-10-11,294.0,1.7208423722229955,5.567576524577359,3.287347147760052,11.039557191447296,36.29085684583824,2.003376186489714,1.84797751637195,8.815846891821575,7.476531878767282,3.797800548963848,5.292028311389133,1.5758864320539343,1.7854799884767505,1.8568593335752097,8.041218979264722,3.5891601887364843,4.566912004417987,2.4747679194485213,1.8046970356585428,3.139948338165025,5.002590909428346,7.484078104995615,1.9854917827336722,3.551870287845318,4.059331570237313
2017-10-12,239.0,1.4640281908814547,4.628543005811094,2.9574380074464357,10.968799231700544,32.43954374388045,1.7208423722229955,1.9786670542707232,11.039557191447296,8.249155229108293,3.799373464659179,5.294965727239032,2.1040808256591195,1.8395872258737709,1.838697170125359,8.550222595361864,3.678396600924548,4.874669419239296,2.690351396639925,1.8073685736076717,3.1470355911794243,5.033711134646538,7.505836070482181,1.9885799814963483,3.565323730151781,4.376584217373363
2017-10-13,224.0,1.601290502898831,4.671458714675832,2.999480684061973,10.53193264294661,31.590328528360118,1.4640281908814547,2.136767302822242,10.968799231700544,7.679274300535346,3.7367370377120954,5.130107305283973,2.0186189299658013,1.729415583198054,1.7651773324983207,8.93874316716076,3.7779703504450404,5.239033781304044,2.7492956630194887,1.810653962656671,3.1491662816563966,5.021064130173343,7.525488355941222,1.994015293110748,3.570047603735539,4.604624412765841
2017-10-14,248.0,1.222362366553735,3.99935583108871,2.6980347848288364,9.847474950901589,26.568829960263123,1.601290502898831,1.6781634961312994,10.53193264294661,7.665061874203977,3.7838122017768057,5.666431941984007,3.028961259771233,1.5953870220010928,1.6886806467949762,9.346265787505226,3.77330756804936,5.363834991502333,2.7047176999498843,1.8044520267362354,3.1456088686612436,5.011058251247847,7.547209760449752,1.9988345041010132,3.5747462213083065,4.834085789916669
2017-10-15,215.0,1.0479483120631157,3.6455264138907673,2.5346104115653456,9.096910873491586,23.057125013033776,1.222362366553735,1.5585206600319346,9.847474950901589,7.983497288187374,3.740961285103584,5.372558129791901,1.733858047690646,1.4292270201113393,1.623566199712467,9.658039084176313,3.7538368415308283,5.389699125686623,2.9416025818125413,1.7969813290725454,3.1416934484589163,4.972136101928781,7.5755961695051335,2.0030522573611176,3.5787269283893908,5.023542731078983
2017-10-16,342.0,1.5492764717317022,4.205239485718511,2.82977226618733,7.827985279311601,22.15141564351865,1.0479483120631157,1.7945431189086047,9.096910873491586,8.419165392229202,3.038194907486018,3.595772909739279,1.8036188433516536,1.290533727171893,1.5506272928597784,9.8170981677912,3.5209894647888027,4.878254327171725,2.7750618581712314,1.7790248504343178,3.1279785136412555,4.904250343292108,7.585968795912833,2.0088677834555275,3.5535018295658443,4.912696934931008
2017-10-17,312.0,1.642783124737093,3.756030557296691,2.712890279743043,8.619740186468732,23.38440936578151,1.5492764717317022,2.003376186489714,7.827985279311601,8.815846891821575,3.144394373374599,3.1156796374729723,2.367476889507244,1.2731957167828503,1.5155892004059355,9.732643865945828,3.3078501886547333,4.028003559001381,2.695231764655854,1.7702850693138124,3.119841927474582,4.877934993493886,7.596713246678622,2.015780244503858,3.529575541573692,4.781077708985756
2017-10-18,308.0,1.874956175769453,4.501270236568325,3.0365465252462984,7.700289738167876,23.382288047823394,1.642783124737093,1.7208423722229955,8.619740186468732,11.039557191447296,3.2163853231261625,3.1898960912583134,3.0050898031747524,1.413335969510636,1.4640759058698467,9.704628622323995,3.13299153466226,3.3004495461568517,2.4444253518204775,1.763219570462582,3.1098314608386897,4.842155740556477,7.618136737798216,2.0201842910361534,3.5166744559052585,4.480773106109925
2017-10-19,247.0,2.018370127396914,4.921692767981239,3.205119926778916,8.338683871794583,26.726481840598783,1.874956175769453,1.4640281908814547,7.700289738167876,10.968799231700544,3.2265772144674187,3.1832059105369224,1.6627631759826411,1.6890052574127485,1.486092163519341,9.227590414712648,3.1957856369893936,3.162927213089399,2.380346478675808,1.7570872521575482,3.102510212429093,4.835272816115815,7.625896683311065,2.027094307408598,3.499307542764495,4.179093132295338
2017-10-20,363.0,1.7491618753694995,4.700399856549806,3.047144982223558,9.481474049976155,28.891426075467717,2.018370127396914,1.601290502898831,8.338683871794583,10.53193264294661,3.4848747526842496,4.046359541655697,2.385436769045645,1.8453698093011524,1.5652838687358348,8.851859649011796,3.3092790967592767,3.473153847816974,2.372602180287244,1.7527597941646842,3.09980799637173,4.8288775491680465,7.64407082303293,2.0322675044723533,3.4883412229467337,4.024272023205585
2017-10-21,159.0,1.4528149100218095,4.69556862849949,2.977164251704601,10.06414590029245,29.9626153982901,1.7491618753694995,1.222362366553735,9.481474049976155,9.847474950901589,3.7747362856530606,5.31238885449778,2.414359535091989,1.880829392845288,1.5864083505173592,8.701794135730303,3.495396084268243,4.180651435563463,2.3291537940972513,1.7546264765620054,3.101081270565963,4.821192939510155,7.661241291228645,2.0334304326205963,3.490181016454609,3.973694439278981
2017-10-22,176.0,1.3633832073251044,4.758502863110088,2.983358132515584,9.87737314342524,29.467741495328706,1.4528149100218095,1.0479483120631157,10.06414590029245,9.096910873491586,3.47191559453165,4.80325636207681,3.6846304199857256,1.7401156375960734,1.6193301424413697,8.732747128500426,3.5771755442896533,4.720668252743425,2.2615766140954436,1.747999904115463,3.0991398446243332,4.8151695442055935,7.692940838997092,2.0295556547610247,3.4859438924653374,3.892365615319682
2017-10-23,283.0,1.715044889686697,4.944211883885453,3.108214444927367,7.931320056512878,24.65224356699547,1.3633832073251044,1.5492764717317022,9.87737314342524,7.827985279311601,3.5065718717314347,4.982837596231084,3.312703183691479,1.5217866642388038,1.6643922703359395,8.844241738490949,3.584407917305382,5.032827604268555,2.4282317530128017,1.7415044941705902,3.0990817410006435,4.806395710759247,7.721820561956837,2.0326967663791184,3.4792895672788196,4.09051771338994
2017-10-24,206.0,1.9688341095126385,4.65883882267267,3.118073703857557,7.401700636907361,23.079048119766572,1.715044889686697,1.642783124737093,7.931320056512878,8.619740186468732,2.900157477013632,4.403290129379674,2.7800867541641887,1.5104143356778696,1.6880734729009386,8.8590038495197,3.2928816477589056,4.729794695895852,2.4379718631739564,1.7402998684331572,3.0980936132063177,4.796287478852171,7.740542339062309,2.032899965246471,3.4504371847605926,4.274462069376612
2017-10-25,270.0,1.86412176150614,4.745308332362384,3.097960363622961,7.992434077252104,24.760243980196474,1.9688341095126385,1.874956175769453,7.401700636907361,7.700289738167876,2.9055068350331554,2.8803413080501614,2.693044061687521,1.6824207355081457,1.734652185011731,8.684998199582363,3.104078727926074,4.0888230112203034,2.3470118171251215,1.7412106286133087,3.096259503927894,4.8174755043242925,7.741822604124363,2.0381254635200032,3.4219082860502055,4.230239957489733
2017-10-26,341.0,1.8411625273988244,5.110359063761923,3.188845353342641,8.271984278593342,26.37807862971576,1.86412176150614,2.018370127396914,7.992434077252104,8.338683871794583,3.1394871747663182,3.2422507580451447,3.3209573490212394,1.8493335869018246,1.7331044115455432,8.726733105165824,2.9817171622710354,3.5086273984916567,2.1429779654229253,1.7431156230162719,3.095933262130372,4.819645627773976,7.736250190100215,2.043371616319257,3.4056019154158172,4.238674935705193
2017-10-27,269.0,2.1308480977699182,5.728731611242262,3.4423909672244397,6.38712571987807,21.986983884635166,1.8411625273988244,1.7491618753694995,8.271984278593342,9.481474049976155,3.342225211335348,4.119253344432942,1.219651703556479,1.8913727994725338,1.7077890401172446,8.717204591851361,3.129073073711607,3.4139484701760794,2.0837611799877043,1.748237307510142,3.097973575388936,4.834523414848567,7.742341042433915,2.051743632583714,3.4024202209913006,4.249088336101942
2017-10-28,263.0,1.5461536868439294,5.058552712896512,3.1072959965874243,9.942405805633484,30.893997756292492,2.1308480977699182,1.4528149100218095,6.38712571987807,10.06414590029245,3.562009503707672,4.649933483299109,1.8555488804843463,1.9453774622249602,1.7623156433173046,8.275154830408777,3.347907296603113,4.003812528592396,2.0237234819369347,1.7517072899777801,3.100670640886312,4.840708833599057,7.740974920803534,2.052393091624748,3.4010845569079193,4.154451854502132
2017-10-29,204.0,1.1873942073756798,4.768280571069028,2.964682896497536,10.358421560814884,30.7094352360592,1.5461536868439294,1.3633832073251044,9.942405805633484,9.87737314342524,3.0400092514034136,3.5735070638578628,1.928985530138088,1.8393881040042233,1.775649754291893,8.25776338831464,3.314747988815478,4.114231297196635,1.8895276428959213,1.7455948246261173,3.0978008298997213,4.834240940467297,7.763364674367357,2.061808336112409,3.3754028237151728,3.978773383327997
2017-10-30,238.0,1.9084665437866324,5.084876345913206,3.2032791629339967,10.007858002020155,32.057963003473425,1.1873942073756798,1.715044889686697,10.358421560814884,7.931320056512878,3.102024957289362,3.7309920556752343,2.864151071678795,1.621465330663175,1.7505084685848327,8.326484590798874,3.234681237466816,3.9848108676107317,1.8414736361656525,1.731617102044631,3.09040720488114,4.834751079155108,7.7857542977309,2.065403009310062,3.3624054774065115,3.799938306105733
2017-10-31,335.0,1.6672978866675945,4.4622591542625925,2.95302305778481,8.63785888771246,25.507796465306342,1.9084665437866324,1.9688341095126385,10.007858002020155,7.401700636907361,3.2376195053795125,3.539574649567851,2.725876665444238,1.5473381460020796,1.7781401334562517,8.623132868728486,3.1265512380240956,3.6146912563669793,1.8182337664136534,1.7315891415610938,3.089179059964921,4.825052055778659,7.803661199687252,2.0730231005560102,3.3539286123121856,3.6765503804183295
2017-11-01,424.0,1.7244667682970636,3.835130260073539,2.788312820588053,8.719398063916568,24.312409409429215,1.6672978866675945,1.86412176150614,8.63785888771246,7.992434077252104,3.12946283837698,3.903548568122953,2.3889053583575737,1.5877195459433013,1.735063530192674,8.799726904557785,3.156369100348618,3.7247050911220096,1.8948446114971904,1.7335988441073773,3.0896524282373607,4.8090578891892495,7.8101681501127755,2.0829198083770826,3.3603817400646716,3.8227228461430136
2017-11-02,330.0,1.614422139375502,3.9117383269294033,2.767020577426174,8.055505071269009,22.289748293762244,1.7244667682970636,1.8411625273988244,8.719398063916568,8.271984278593342,3.246221040138156,3.3559399132125933,2.8479170890085834,1.766743732917096,1.7151128168770917,8.903578902652708,3.204434461298216,3.5996877103011293,1.9263979226320698,1.735610332439066,3.0894830060802154,4.748369362150507,7.818159787662589,2.094998323367845,3.356379923119967,3.838964154024078
2017-11-03,377.0,1.9299558392570624,4.627444968871138,3.093551465876596,8.307861124215197,25.70079595911511,1.614422139375502,2.1308480977699182,8.055505071269009,6.38712571987807,3.257773383112927,4.013722578105669,2.3862376759779846,1.6687289314467193,1.6827213328737598,8.872653301606375,3.2111524205426876,3.757737019813735,1.804777585779561,1.7403995917710011,3.089970010569404,4.700639791793591,7.8333316635821815,2.1062654539332244,3.3644704828723615,3.823888330263039
2017-11-04,229.0,1.964857362548092,4.9171028923853415,3.181084499631692,7.31853925215547,23.28089177497788,1.9299558392570624,1.5461536868439294,8.307861124215197,9.942405805633484,3.2224328237897053,3.6832009455572927,1.923729651612433,1.7562815823098752,1.6540224388004947,9.147044073654538,3.242142415680263,3.684287812291848,1.8149144935150723,1.7398540329673404,3.0894112377522545,4.6856270985411275,7.85577338933458,2.1199290784609417,3.3684480995303283,3.685783682014208
2017-11-05,290.0,1.4710477241184827,3.975826869824687,2.7443534251015738,9.399148748847107,25.794586061937732,1.964857362548092,1.1873942073756798,7.31853925215547,10.358421560814884,3.2628219018266256,3.4347419791434484,1.2922652077962429,1.8364117803935514,1.7138372496153753,8.77220599458625,3.2476760362430857,3.710555167602133,1.9862398242473454,1.7352554053657425,3.085499583008916,4.670755579872634,7.849463690749306,2.118451139842023,3.366428748011162,3.6659600984835774
2017-11-06,403.0,1.7718191151222888,4.106855908178472,2.8863197172630386,8.725758406965122,25.185328538097153,1.4710477241184827,1.9084665437866324,9.399148748847107,10.007858002020155,3.053005592788176,3.859051977819399,1.4359141097634205,1.7886203086412118,1.7543591805786327,8.635167021447996,3.179420106134836,3.658998300840043,2.0169898966946596,1.7251288391022015,3.076778922131996,4.625587090014006,7.862868323146238,2.12376410712062,3.351169553521615,3.6842543730756008
2017-11-07,308.0,2.030994818747605,4.395007868523455,3.0869525095683743,7.266046251595129,22.429939711001463,1.7718191151222888,1.6672978866675945,8.725758406965122,8.63785888771246,2.887679357991963,2.937578119979582,2.311359167397692,1.7359080672629539,1.7348381193408693,8.452009936440133,3.067835617535588,3.4104573589808065,1.9511131191483764,1.7287479646385202,3.0729970325479483,4.619199306089124,7.87010466572618,2.1270735706791406,3.3326817244156217,3.5982548688487057
2017-11-08,310.0,1.903598335526716,4.375422741403245,3.0151722209297955,8.233512116479956,24.82545701429925,2.030994818747605,1.7244667682970636,7.266046251595129,8.719398063916568,3.1321947178374594,2.873377648605789,1.968641472002187,1.7579538859961248,1.7867948239237281,8.256036702709086,3.024293222872533,3.2233359154682533,1.9359358290514788,1.7322767047875949,3.0718292441112984,4.616371137544724,7.860791641081994,2.1384854966457785,3.3193660740737045,3.4510875946319675
2017-11-09,430.0,1.9249905657150197,4.924985658720337,3.1671438448076104,7.855965689606045,24.880973378855558,1.903598335526716,1.614422139375502,8.233512116479956,8.055505071269009,3.2129138353752738,3.1764958270042256,1.9085462157214903,1.9021374231322026,1.8123850478136787,8.186624424503856,3.0775959704015654,2.995817198529862,2.0040426414615067,1.734480252404522,3.0707111493971455,4.6063886602077035,7.864168009837672,2.1471663439704116,3.3118626756145266,3.425452725173629
2017-11-10,286.0,2.0515973991476937,5.178415447312379,3.2811932523146883,6.45449766323472,21.17845417968669,1.9249905657150197,1.9299558392570624,7.855965689606045,8.307861124215197,3.2673448009632047,3.4818667590287875,2.049859628866102,1.9531945733297793,1.856751965862181,8.158118798552005,3.2041511180586455,3.177246744879597,2.0975179984335885,1.7435203559213648,3.077198096121235,4.589403295958119,7.874419652533447,2.151191841538004,3.294180817347838,3.3494733224483606
2017-11-11,230.0,1.6540085654475103,4.466122576733032,2.950516123320481,7.712199026413312,22.75496757368899,2.0515973991476937,1.964857362548092,6.45449766323472,7.31853925215547,3.366807822150212,3.383577962416492,1.76105056334844,1.960062100129809,1.8741293315608427,7.893352589840508,3.282355486162897,3.3473135161498315,2.14566207617001,1.7463882095061627,3.080656822105302,4.5764312600492865,7.8663126312611436,2.1563130191674875,3.279761962597539,3.306670039142532
2017-11-12,205.0,1.4060489845194046,4.246624212685281,2.820345187444316,8.984892523098923,25.340498387226464,1.6540085654475103,1.4710477241184827,7.712199026413312,9.399148748847107,2.976389884634081,3.648063502584553,1.8285411233810016,1.876865510103407,1.8297223605464736,7.94958970044877,3.203514169249166,3.504502741343274,1.900900814194978,1.743787231014976,3.0773035591726168,4.571017245746685,7.869910218146021,2.1608508005576366,3.2544170574949387,3.3371445424912607
2017-11-13,442.0,1.5817826734984453,4.43102587917779,2.914792793232408,8.585457297960765,25.02482905870062,1.4060489845194046,1.7718191151222888,8.984892523098923,8.725758406965122,3.155018606400789,3.3926207249333222,1.6567872877075756,1.7038849830382021,1.820436826318034,7.890410239627601,3.1660721043950275,3.4747540633114524,1.8508609085618595,1.7356892838153084,3.071511848752914,4.556856095680332,7.877545795065289,2.1566170884029905,3.233457270982405,3.2705115063646786
2017-11-14,332.0,1.861153657030288,4.494077824115534,3.0285557453706784,8.420400178527464,25.501651338999636,1.5817826734984453,2.030994818747605,8.585457297960765,7.266046251595129,3.3080263717774434,3.8986046776596335,1.460016809430129,1.5472800744884527,1.7932887632289136,7.87036722405555,3.146478287604104,3.646429635059166,1.9272136620521079,1.729601290605835,3.066128910549987,4.571245097283301,7.893283693428852,2.150238797232385,3.219026107204867,3.4078010146046864
2017-11-15,309.0,1.339626859981054,4.399123277357758,2.8589403710622685,9.251884320114767,26.450585591174097,1.861153657030288,1.903598335526716,8.420400178527464,8.233512116479956,3.3634232331359875,4.023042790033792,2.039599826150768,1.6163284383493786,1.7690257401264395,8.035274927903027,3.2754894037714064,3.7714227308755794,1.9900717504334355,1.7249131640645952,3.0593289167580506,4.599530144290794,7.909075034834402,2.1452437240238096,3.2298670513931995,3.572038891951544
2017-11-16,426.0,1.79041930319252,5.055413533113208,3.1584771553474296,8.879793337254746,28.046624399925427,1.339626859981054,1.9249905657150197,9.251884320114767,7.855965689606045,3.435677218808068,4.046359541655697,3.107823530847401,1.594187730169928,1.6884583864770593,8.180756671279427,3.369042274573833,3.989335669783037,1.9299234853112155,1.720754282799487,3.0553843705386416,4.605992937345435,7.927776505678054,2.141961276876202,3.239576479574315,3.6963051369017537
2017-11-17,292.0,1.7858816823119954,5.047725735191225,3.156012581313909,9.37499032126263,29.587587403600985,1.79041930319252,2.0515973991476937,8.879793337254746,6.45449766323472,3.5193482348429925,4.190215492902924,2.2651101359973023,1.6637332734012864,1.6692339204024165,8.327017763800672,3.439482895595683,4.086539274864134,2.037194891452289,1.7260083803423878,3.0576294098247856,4.649305703205986,7.939839423761353,2.1429711842702397,3.249675243298209,3.797497813169488
2017-11-18,376.0,1.5387846440092674,4.683200929428705,2.9894539219290603,9.518672653665789,28.45563329606009,1.7858816823119954,1.6540085654475103,9.37499032126263,7.712199026413312,3.405983845499889,4.42014719993379,1.299913120524457,1.6386426151618558,1.631274532283031,8.7442310006618,3.45366976638365,4.218907411497467,1.9681441701891824,1.7282274091669136,3.0598484357770146,4.667520886493416,7.946062133396181,2.1408362217927586,3.255655464332625,3.945579132814816
2017-11-19,348.0,1.2334778414504477,4.123255009575044,2.744883750642135,9.06830933229896,24.89145493202384,1.5387846440092674,1.4060489845194046,9.518672653665789,8.984892523098923,3.407372919872851,4.455909547337505,1.7223000927027186,1.7050285431712602,1.6148139720775678,9.00229866169787,3.444235000071911,4.355424080058069,2.1749890106442455,1.7247721322688891,3.0569327719044677,4.659571158541665,7.957611326426149,2.1376463310092233,3.253072069905578,4.0609857106366665
2017-11-20,278.0,1.1355703089249174,4.207939803121029,2.7606575780023777,9.018677685876511,24.897480897075937,1.2334778414504477,1.5817826734984453,9.06830933229896,8.585457297960765,3.1272154253970665,4.205488694772935,2.1335349745777696,1.519381389257236,1.5901609516391453,9.014215348726445,3.3135240635899357,4.360515147348074,2.1954729216449493,1.7156693797391962,3.0506543241227164,4.64033299697584,7.9748834620207925,2.1389745491985477,3.2314880412303784,4.177109706328039
2017-11-21,376.0,1.7824221027361384,4.886005900054672,3.10965086343714,7.646316403611967,23.777374406605517,1.1355703089249174,1.861153657030288,9.018677685876511,8.420400178527464,2.705157803313304,3.913289658782226,2.114344308234704,1.3026109314615433,1.5264163281286414,9.076103975571552,3.079915382861074,4.191562633630885,2.0998406704650123,1.7060151419567071,3.0451917096359913,4.624078702796557,8.000234469908962,2.1425828235924382,3.2059294481897664,4.179207560774124
2017-11-22,209.0,1.9172865477596408,5.047635657375997,3.196513226596825,6.179854112286991,19.753985408364144,1.7824221027361384,1.339626859981054,7.646316403611967,9.251884320114767,3.1022790507079296,4.211947128148558,2.376608370305719,1.3838234177038338,1.5151689632294771,8.965520579155053,2.978217426472767,4.11024182723457,2.1081511088353233,1.7062717738568862,3.0446249505930907,4.628328804028043,8.010797621244349,2.131847261132586,3.1924530208223163,4.206193894790519
2017-11-23,348.0,1.7347385088067595,4.741671772305974,3.0547813388532554,7.5094258203063555,22.939653861374655,1.9172865477596408,1.79041930319252,6.179854112286991,8.879793337254746,3.1670399429883145,4.671862713792937,1.3944946970221748,1.6117596531402316,1.5976917757692752,8.526659120893942,2.9914922656698497,4.26569983357457,2.186290613431356,1.7073810982646764,3.0440881847978285,4.631776263144395,7.998674077417469,2.1273850314342355,3.2013491030214722,4.295551490810125
2017-11-24,289.0,1.935338162428031,5.078758291401671,3.210995599715442,8.072481339707595,25.920702060586102,1.7347385088067595,1.7858816823119954,7.5094258203063555,9.37499032126263,3.031278379538284,2.992482842191623,1.9148307965654727,1.811482386434179,1.5897373765713094,8.330892332758458,3.100199124411509,3.958764228044369,2.0030962559546195,1.7220193054681874,3.050698154359286,4.634537361465505,8.008252829129505,2.120012447240439,3.2055414878383104,4.124446826422796
2017-11-25,235.0,1.8385512985987156,5.231746263175563,3.221096733938976,8.59620808839431,27.689217797786718,1.935338162428031,1.5387846440092674,8.072481339707595,9.518672653665789,3.1824487663299545,3.499314328683395,1.834382394956196,1.8624544063314765,1.6110883023021718,8.144819621107738,3.1269223629521843,3.721219961555981,2.0190665885647303,1.723359697155271,3.0529378455272407,4.645652360100148,8.01630622071217,2.112554415216272,3.2069735408904316,3.9928992733870254
2017-11-26,265.0,1.667174950526182,4.764117731238235,3.043357840608381,7.007284773700139,21.325675057416042,1.8385512985987156,1.2334778414504477,8.59620808839431,9.06830933229896,3.530564247707624,4.686326001393388,2.162306711372014,1.8362093232778347,1.6539121101006644,8.013038968926098,3.248097131191954,3.726041057422799,2.0376097200442134,1.7251303406003864,3.0560961845899053,4.649698600080602,8.026252667619897,2.101294361499128,3.2132515087695075,4.0258159096807224
2017-11-27,475.0,1.8267981857239783,4.828410355421658,3.1072136759687514,7.947397224253898,24.694261343557805,1.667174950526182,1.1355703089249174,7.007284773700139,9.018677685876511,3.1629436493017637,3.56215992430993,1.712497118722228,1.8136881371843085,1.7158688399686264,7.718606889126266,3.291985554446448,3.9159334181289007,2.108268337258754,1.7175741805896536,3.0502202777033482,4.6175448040804685,8.032720062687007,2.1013303301914377,3.199949313622644,3.9339117996145796
2017-11-28,186.0,1.5612505206903953,4.4869776984718905,2.932738148735855,7.482559488408756,21.9443876618418,1.8267981857239783,1.7824221027361384,7.947397224253898,7.646316403611967,3.119970558487538,3.944830763536905,2.865244151222217,1.7775081449496246,1.8146156795113495,7.565566823180179,3.271159485165642,4.064438896413404,2.225006721447749,1.7164672781099044,3.047966141845497,4.60987339216464,8.044662717230317,2.1109922912776082,3.202614690525448,3.9384176717223904
2017-11-29,329.0,1.7742679176586709,3.645166017829797,2.758340715158359,8.051963261349178,22.210058100738724,1.5612505206903953,1.9172865477596408,7.482559488408756,6.179854112286991,2.9768691060678294,4.004367556880058,1.893253321463975,1.6850745523135178,1.7830197392191003,7.542172978151149,3.086594437952377,3.8371194149089605,2.174808512720498,1.716384771709643,3.046562808445404,4.600496629744735,8.045377706552777,2.1155458940076675,3.198442828818064,3.9087634472554624
2017-11-30,350.0,1.788804425537072,4.119026857931118,2.896388321014612,7.647317455722589,22.149600965846084,1.7742679176586709,1.7347385088067595,8.051963261349178,7.5094258203063555,3.1010078145535407,3.3987264866013787,2.842408580207615,1.7207722080243473,1.7625885063475333,7.80961714230289,3.0659491597029693,3.7826416023394436,2.060541386260483,1.7137008010600143,3.037743039919272,4.552506285475289,8.038221405211702,2.111280450277067,3.1938891057905314,3.7268868433709543
2017-12-01,430.0,1.9745916506713976,4.692004427102664,3.128956968634597,6.145700286137244,19.229631737448766,1.788804425537072,1.935338162428031,7.647317455722589,8.072481339707595,3.1701210398948074,2.626555097380701,2.058218173570399,1.7081076212953787,1.7703122087375778,7.829315947362352,3.0826659868387254,3.3432163802873753,2.1122259817395777,1.7133750170935171,3.0337997525822753,4.541065208930906,8.042629982489087,2.1148907158632215,3.1952443791744587,3.6746114512551076
2017-12-02,218.0,1.6586083553090063,4.27037119383933,2.8926027616589742,7.33900153090139,21.2288160961048,1.9745916506713976,1.8385512985987156,6.145700286137244,8.59620808839431,2.9535544582946844,2.2914275919493137,1.1649566366966375,1.8458879979557128,1.7759198499152016,7.554061511138016,3.0748944375810106,2.7722363919771276,2.0726604901479524,1.7144315145752604,3.030066400468537,4.56962768116521,8.040434059392528,2.1126162930825525,3.1854888264463432,3.5020562031502394
2017-12-03,247.0,1.2473094606379316,3.7992317688385553,2.630020509929069,8.71378791280767,22.917440929856188,1.6586083553090063,1.667174950526182,7.33900153090139,7.007284773700139,3.0653399879886623,3.3681825807713848,2.2204797799641898,1.8073348105058245,1.750213715159529,7.374460574353313,3.0630051620593846,2.762055090033796,1.839409699850351,1.711814898286893,3.0241829178079773,4.581582110062208,8.040183312854136,2.1170955825831848,3.1790743799422008,3.3137500002042386
2017-12-04,346.0,1.724305136832455,4.215145275073144,2.8985855418380697,8.204552476664093,23.781597186110265,1.2473094606379316,1.8267981857239783,8.71378791280767,7.947397224253898,2.8218502736109654,2.0663946163299087,2.259473650894458,1.6268364888727778,1.690232930889779,7.618246737082961,2.9469149066314375,2.575334929683532,1.6914913030872913,1.7018037640246597,3.0149828544659982,4.553975003394455,8.051095888518038,2.120065246419456,3.165721628269576,3.1000692419213784
2017-12-05,324.0,1.935945765154712,3.839530178844492,2.8993878654056977,6.959294572919198,20.17769423650565,1.724305136832455,1.5612505206903953,8.204552476664093,7.482559488408756,2.985631324323583,2.6690015701238785,1.5828836488850604,1.5434076509264634,1.6755910667624185,7.654983201712988,2.957607195307737,2.7011929224083873,1.6625379156413493,1.6975643987340219,3.0083175090000966,4.530576416150715,8.053783017289101,2.1192956841116066,3.1564819423528077,2.9178079285766607
2017-12-06,365.0,1.890886378343938,3.693033881597789,2.8361718739100827,6.893432708906247,19.55095996369169,1.935945765154712,1.7742679176586709,6.959294572919198,8.051963261349178,2.900278511946102,2.3265938335186336,2.005045649734753,1.6358534542083654,1.7291189588287494,7.5802310709287655,2.9025867032935504,2.353996673324137,1.5767642638417232,1.6942173731062298,3.000718330854348,4.5260331931180415,8.051110418521079,2.1130012070562154,3.151391039658072,2.678125968096457
2017-12-07,268.0,1.908260621494672,4.497063100351654,3.049711691908592,7.229663815323869,22.048390266161682,1.890886378343938,1.788804425537072,6.893432708906247,7.647317455722589,3.2247682874728394,2.626555097380701,2.972210500563996,1.850379093443701,1.7457787389266446,7.414726706294062,3.0368927079141748,2.540716833674401,1.5816777860229247,1.6977627544764402,2.9995332760081888,4.512239125565353,8.04256887718206,2.1107917397187674,3.162627337307435,2.5678157696363604
2017-12-08,297.0,2.110873606940774,4.962236171443844,3.259865182095048,5.035761288846417,16.415902890852518,1.908260621494672,1.9745916506713976,7.229663815323869,6.145700286137244,3.370915653606391,3.010483356759055,2.552828494072185,1.9116975883311067,1.7628439097777304,7.3550619005228155,3.1653208176751106,2.6545440958861266,1.7073001093547504,1.7035917538341527,3.001531647661549,4.515640966626292,8.043672794544108,2.1150656235338534,3.1705847018330657,2.622662663833268
2017-12-09,214.0,1.63478623362377,4.195555894372491,2.8622784304695323,7.559166094771272,21.63643806540042,2.110873606940774,1.6586083553090063,5.035761288846417,7.33900153090139,3.294761096622313,3.306156925300655,1.982125326019602,1.9700068689264605,1.7823127606733553,7.196499186624126,3.296815012567181,2.9810651264801336,1.8005580840970314,1.7088639286346887,3.00496023328071,4.535201414294312,8.034251706242078,2.1255146361531265,3.1733129438746337,2.7676239971691743
2017-12-10,274.0,1.6632847695693456,4.020233578985291,2.818603084588904,7.006733613208473,19.749200975082157,1.63478623362377,1.2473094606379316,7.559166094771272,8.71378791280767,3.2888872403993825,3.908365227398672,1.869092318873433,1.8846401540197382,1.7789096004326075,7.227951267176967,3.318187996876029,3.4083351698194573,1.8536938022695126,1.7027207627535896,2.9972511696315105,4.51088708881605,8.036984259615194,2.1254283774689173,3.174031025189173,2.8447929466873583
2017-12-11,433.0,1.9013334843600165,4.711875688474343,3.10279228232866,8.557961719632576,26.553577576140064,1.6632847695693456,1.724305136832455,7.006733613208473,8.204552476664093,3.214748577302608,3.623513384317529,1.4596037656743528,1.8029815367112958,1.8383346445656665,6.984086367234225,3.266132304774768,3.612678512338949,1.9115529357191807,1.7017614693760288,2.989438768578658,4.472281026538481,8.029585802261247,2.1236862707377373,3.168962383694253,3.0672384849713032
2017-12-12,246.0,1.7819523731811366,3.8281021773695247,2.8126241090797945,7.253056618863029,20.400121910734935,1.9013334843600165,1.935945765154712,8.557961719632576,6.959294572919198,3.331480207248019,3.859051977819399,1.9446758172387224,1.7331348291843767,1.8636244084981755,7.034573401944008,3.2783720083166696,3.79697686317853,2.043303097631449,1.7090498909340046,2.9918613398266953,4.480472796929858,8.038497080400965,2.1301631742070897,3.1807987277813843,3.237245686070664
2017-12-13,315.0,1.8872084161716207,4.050555602117719,2.924395977738332,7.114683939751202,20.806153096287925,1.7819523731811366,1.890886378343938,7.253056618863029,6.893432708906247,3.044545099597718,2.6178786574218638,1.7280872085933774,1.7821902090368322,1.8416253525019504,7.076539408507412,3.196924628049448,3.3668146731862603,2.0317073584949896,1.7120609221053766,2.988747063576992,4.466522062419333,8.040804900146483,2.1356034898714413,3.177116277554615,3.2788578037711247
2017-12-14,253.0,1.8167731047397664,4.287107625668685,2.954646888932239,8.295312870391506,24.50972036522182,1.8872084161716207,1.908260621494672,7.114683939751202,7.229663815323869,3.504517770418229,3.3186665370210724,1.3394549684807844,1.8568314245709239,1.8410999293344765,7.108146727199548,3.2935143590879883,3.2651990574207748,2.0593117760928696,1.723141689599008,2.9925197501254837,4.453839719850665,8.041881569212308,2.1340278466987685,3.1836659908426412,3.3777308665768926
2017-12-15,318.0,1.8738334873882516,4.887753554951619,3.1392354431050054,7.807598579635697,24.50989018672868,1.8167731047397664,2.110873606940774,8.295312870391506,5.035761288846417,3.5657456129447103,3.1156796374729723,1.5173997167307678,1.828644631364174,1.8280302840837754,7.260382306494924,3.3716028276535526,3.017408277305299,1.8996358638621913,1.735955436143619,2.9995203580815986,4.44694071323577,8.054052423489681,2.1366190675346894,3.1904100701695985,3.3927589066788806
2017-12-16,267.0,1.8106814585369668,5.297673042005112,3.231836529699305,9.35801620359221,30.243578612287312,1.8738334873882516,1.63478623362377,7.807598579635697,7.559166094771272,3.5322704854981546,3.4793435897992597,1.7794516138980083,1.8592716694332123,1.7941674098619866,7.6563590623219655,3.5341779562870315,3.3045632547644312,1.9574060569733298,1.7413647197378948,3.004678077696893,4.463228389155565,8.048774567924708,2.135053738410473,3.193629845725935,3.4174998587501095
2017-12-17,167.0,1.6391302322924972,4.787802645149699,3.043664169976134,7.7073633572502,23.458625695449403,1.8106814585369668,1.6632847695693456,9.35801620359221,7.006733613208473,3.648955488435348,5.54327990102258,1.26867675627605,1.833762683554994,1.8192952991353004,7.913337649296385,3.582323862292738,4.046101042764934,2.0486996650531304,1.7441630253012261,3.0133271818628304,4.471303706118628,8.063484181318305,2.1223221656000337,3.1979500875123468,3.6510590978392394
2017-12-18,281.0,1.6910418044203153,4.34288082913561,2.924658450448459,8.202355590827736,23.9890885922975,1.6391302322924972,1.9013334843600165,7.7073633572502,8.557961719632576,3.482242800774896,4.408117496055542,1.493998420942764,1.7745483927392378,1.8158446509528938,8.013427612730917,3.554489591569466,4.476913662292457,2.1202184498850825,1.7402325929099434,3.013445809274995,4.4626396031172435,8.082617520457456,2.1139799735745672,3.2004920526881806,3.7631453995160986
2017-12-19,341.0,1.5923682385146816,3.9839280196231694,2.78292861963399,8.253864566362271,22.969915924312456,1.6910418044203153,1.7819523731811366,8.202355590827736,7.253056618863029,3.340483798013334,3.475975134277141,2.8240320805615,1.7136178317499258,1.7858029823900792,7.962626737187368,3.4905606957411925,4.475790843785084,2.0850685979105936,1.7347771208603333,3.0087714513361536,4.451295599774141,8.09761740743648,2.112242919941809,3.1982624152928634,3.708420136152919
2017-12-20,283.0,1.8070709318592708,4.724809605099434,3.072126235770118,8.740614365398063,26.852270708688568,1.5923682385146816,1.8872084161716207,8.253864566362271,7.114683939751202,3.457299291848548,4.5008960931354185,2.3808930317893457,1.640846758409164,1.7587195345805855,8.105599301115832,3.4266752968789262,4.128329574489364,2.1873161517068858,1.7321638935794197,3.0043678452929945,4.446651366775744,8.100769713678725,2.1161793489340583,3.209265210841246,3.977422626969141
2017-12-21,259.0,1.8830932575168,4.660839363660549,3.0821862623579706,7.124298245697282,21.958414181829152,1.8070709318592708,1.8167731047397664,8.740614365398063,8.295312870391506,3.5841578322960794,4.49502278355182,1.7114049956881523,1.6968269915980885,1.7472713225359642,8.33787507620824,3.4606469740526538,4.15729800365479,2.2719547518155756,1.738068160610044,3.0059505450274195,4.463880360175025,8.10493592301449,2.1177344877443955,3.2385652118073387,4.145473519330676
2017-12-22,313.0,1.970850557459804,5.341618113846256,3.290383907919572,6.284549606693405,20.678580894386254,1.8830932575168,1.8738334873882516,7.124298245697282,7.807598579635697,3.5082894713537844,4.096712698491943,1.922413650878444,1.7608441426302501,1.7567456300755406,8.170587272680494,3.5165821984994707,4.3642105250597245,2.390571313266069,1.7467299947799055,3.007597680524793,4.456374808961887,8.112209268579823,2.118720632967472,3.2520988924955336,4.285621099476243
2017-12-23,161.0,1.908569464061367,4.972101616112308,3.173509548322459,7.735709112086979,24.54934673025308,1.970850557459804,1.8106814585369668,6.284549606693405,9.35801620359221,3.318022421050561,4.605532035860214,2.7017027472838864,1.8870049156119577,1.7706052115143336,7.953008847974452,3.4701565749001415,4.399089172634656,2.3493868648798517,1.7509934225761241,3.0106338382413296,4.466174224177562,8.12048014859642,2.1165826601306015,3.2571316417642753,4.4465051631992365
2017-12-24,181.0,1.3899741817895088,4.208951482351564,2.8038645585021382,9.519354500571607,26.690980703970553,1.908569464061367,1.6391302322924972,7.735709112086979,7.7073633572502,3.3376372092695084,4.330584399503695,1.1875065823208335,1.920837759679323,1.7845892123035336,7.721250692045134,3.3879830338912846,4.344276377951947,2.421362784661698,1.7499890118186028,3.0115577689824113,4.473855218971107,8.135286140672928,2.1150415097068946,3.267343602755316,4.273262948696539
2017-12-25,204.0,1.4380203960447893,4.416354250364692,2.883113099680868,9.16226083312684,26.415834230680936,1.3899741817895088,1.6910418044203153,9.519354500571607,8.202355590827736,3.112976237705345,4.134956311722897,1.687229344127924,1.7564647344368927,1.748995490803107,7.980106569662477,3.2562119560084715,4.357024249028933,2.4749125862904533,1.742086552156659,3.006656172230398,4.444861658669437,8.157626279602988,2.115398394109875,3.2650278518011624,4.234239922363304
2017-12-26,330.0,1.6806147695993745,4.264345933199631,2.897860567597532,8.684807992474578,25.167362618547966,1.4380203960447893,1.5923682385146816,9.16226083312684,8.253864566362271,3.3205700437728223,5.414518901535301,1.7063006949467547,1.5788546806318877,1.7128495753208886,8.117235889990921,3.257061163582559,4.626686537587295,2.5142749823124384,1.7353675166340918,3.0015606346693677,4.417681924909075,8.176277681111799,2.1141117850885043,3.2580280450033356,4.511174746257327
2017-12-27,273.0,1.8422590871617448,4.511982848093099,3.0263042651664787,7.174172573690566,21.711229058800132,1.6806147695993745,1.8070709318592708,8.684807992474578,8.740614365398063,2.9859230543689006,3.7961080179709255,2.785284383567314,1.5028697824778903,1.725456222618702,8.178799236578394,3.1398231119490227,4.448527743743038,2.5117500932259635,1.7278636278312496,2.9924851280089197,4.401022864974454,8.183239350953903,2.1045571177052538,3.2521273585055734,4.410490735519542
2017-12-28,261.0,1.7234960619171389,4.056171105537072,2.85182723699834,6.186787028506732,17.643647757403524,1.8422590871617448,1.8830932575168,7.174172573690566,7.124298245697282,3.241985108377331,3.878848291845801,2.3504602522467573,1.6536314176019686,1.7304831019476268,7.955021837763037,3.1828260688396846,4.3631584037840065,2.518706493668165,1.7327987178365463,2.99113526581857,4.390475281396835,8.179718661125214,2.1082252049643793,3.2561945101685668,4.322465808132968
2017-12-29,235.0,1.906333406317945,4.7402153843195975,3.112213815218408,5.908420838670869,18.388268960235813,1.7234960619171389,1.970850557459804,6.186787028506732,6.284549606693405,3.0407270632399883,3.149777558738593,2.4230451447021077,1.7487899728927523,1.7076835025762467,7.821091663878673,3.08954507532874,3.6082446228517697,2.391140286280444,1.7417337487455706,2.9892543381602508,4.376115061632342,8.175752955601256,2.0978776225249978,3.2583231087409716,4.187189359596775
2017-12-30,105.0,1.7499743097657594,4.792274383744505,3.07372785651833,6.556466461421277,20.15279360279874,1.906333406317945,1.908569464061367,5.908420838670869,7.735709112086979,3.1418534842913632,3.61518535469444,2.455653783462465,1.8240295184656088,1.6984667666988382,7.767358982732596,3.1415218853028946,3.547937068426275,2.261659775801794,1.741698196454426,2.9877365823649904,4.412616707182002,8.173963375740286,2.0941431574648566,3.259684631065566,4.045711262287378
2017-12-31,175.0,1.6682188133428122,4.084154739995524,2.839594918736232,7.672421095821294,21.786567958098818,1.7499743097657594,1.3899741817895088,6.556466461421277,9.519354500571607,3.010819182801794,3.6013735405715543,1.90323945889488,1.7932679260002804,1.67581031608518,7.59889574692321,3.064466576777715,3.455445484668193,2.1172790106548733,1.7430761368393952,2.9897483290105487,4.435058291375782,8.178540134996577,2.0963782639485573,3.2543745691624655,3.94153828243993
2018-01-01,350.0,1.932092012541394,4.15163116088489,2.97351654036902,8.37988124207657,24.917715479642766,1.6682188133428122,1.4380203960447893,7.672421095821294,9.16226083312684,2.7402893913930555,3.2030591591535997,2.279699544888751,1.7748421764755047,1.7155595491642235,7.335048117673166,2.9643206861620706,3.473206018139862,1.9790457367214638,1.7421386709234912,2.9906030306463527,4.4147966351388765,8.181400515588438,2.099473910804462,3.247265733599078,3.808410117787173
2018-01-02,252.0,1.8557783200220817,4.435491270125738,3.0111550071358377,8.90899101433362,26.82635290133887,1.932092012541394,1.6806147695993745,8.37988124207657,8.684807992474578,3.767507146310475,7.686445140704725,2.5366166251002102,1.7834283785499878,1.7861412086637383,7.223279604665984,3.1728719068351077,4.830292613476623,1.9476550855861419,1.7474331688095892,2.994044630028733,4.410838634040396,8.176974102859841,2.0904498400346854,3.2706713055431385,4.1329710090970915
2018-01-03,161.0,2.0144001322098077,4.449547676746289,3.090084754691112,6.664770047886805,20.594704318496966,1.8557783200220817,1.8422590871617448,8.90899101433362,7.174172573690566,3.244400615159584,3.9327738186002144,2.496993244863792,1.8186963819687618,1.8111645730098396,7.255305750645847,3.250732384287705,4.94075937281951,2.1077348193804686,1.7461968768223395,2.9926713557163875,4.432047284083302,8.177175794981316,2.084820662883972,3.284756316928092,4.152494694901276
2018-01-04,238.0,1.823413040859478,4.057699831739312,2.894892735559275,6.836653225029213,19.791377756674958,2.0144001322098077,1.7234960619171389,6.664770047886805,6.186787028506732,3.116230847604384,4.229262782519816,2.8542916907196787,1.9340901549244272,1.8357561508738485,7.18253396124531,3.376046203024814,5.282827247274915,2.1200155603958732,1.747022589650035,2.9911546933007105,4.439860697472406,8.171320595290107,2.0771410666286516,3.289109634370786,4.202553907854706
2018-01-05,224.0,1.8576952465488643,4.61018467438559,3.05880844560925,7.045338241245785,21.55034011449643,1.823413040859478,1.906333406317945,6.836653225029213,5.908420838670869,2.824985761392204,3.3297625027182995,2.797893756103396,1.897863831030455,1.8500300050084684,7.27537198931995,3.061872408052057,3.8305997012794406,2.071934099254863,1.7528953449290514,2.993663681808339,4.447133019235567,8.16752162109409,2.0866864734397113,3.2865998760189887,4.22826604270895
2018-01-06,301.0,1.8202565008099707,4.732134918554896,3.0786360869889027,7.821155659034661,24.07849205386158,1.8576952465488643,1.7499743097657594,7.045338241245785,6.556466461421277,2.973101742858911,3.539574649567851,2.7311905556163576,1.8985028065393825,1.8430816964700283,7.437788761116366,2.9714394506184996,3.6995333116019857,2.122884101001587,1.754326613786161,2.9965384939474426,4.477704712328493,8.170701880506357,2.0938467351355805,3.2782109911985247,4.217464513405152
2018-01-07,133.0,1.412038025183412,4.10131176941674,2.772039549076906,7.960447976708826,22.066676619806103,1.8202565008099707,1.6682188133428122,7.821155659034661,7.672421095821294,3.029237333981383,3.76756233235873,1.885565235289561,1.8337882627394368,1.853122009476344,7.6184586464897075,2.9424416127441666,3.5456331615482903,2.1468473973488393,1.7508143084872005,2.996399886904451,4.485540439601935,8.16093993897754,2.098571595905369,3.266821713877691,4.241205769374749
2018-01-08,266.0,1.8843359751511068,4.780975151389155,3.1145351370251024,6.926867352463864,21.57397175876075,1.412038025183412,1.932092012541394,7.960447976708826,8.37988124207657,2.968164040192105,3.893650872850957,2.328394347984158,1.6966632575140814,1.8165247540250011,7.659605343759354,2.9901677056774663,3.7335959515925095,2.0573989381002784,1.7426216366481453,2.992347675706903,4.456842959534366,8.151477935217263,2.097260081079709,3.255935145330018,4.339861728474371
2018-01-09,189.0,1.9316075606654155,4.480147827628263,3.0559069468671862,6.79889424495306,20.776788154167388,1.8843359751511068,1.8557783200220817,6.926867352463864,8.90899101433362,2.7541485934439125,3.2357137051625995,1.643653173386164,1.7055435003814956,1.809702462969246,7.452031930957539,2.9171833225391333,3.6323089701240927,1.9644249234210076,1.7419440601387468,2.9914708639105285,4.476356934768254,8.144173730174433,2.100453875415208,3.2381105237648358,3.704042951968352
2018-01-10,287.0,1.7712408328759797,3.4457152928401062,2.702593976979927,6.678719649996736,18.049867500018664,1.9316075606654155,2.0144001322098077,6.79889424495306,6.664770047886805,3.164979564666492,3.828934026462083,1.590629671513241,1.7426605203333108,1.8205352116325793,7.150589535331745,2.962430732767503,3.6527662014918767,1.8128825962349124,1.7399442294973755,2.98771609215307,4.491687409723019,8.135818362229282,2.1063552410676514,3.2364515566769643,3.6892086959486194
2018-01-11,182.0,1.8528263438267192,4.011462183044998,2.89664377043082,7.269752883239957,21.057884401808515,1.7712408328759797,1.823413040859478,6.678719649996736,6.836653225029213,3.015056590541099,2.970650699928832,1.8436263346912345,1.8623947895641668,1.785798168870604,7.152582335633164,2.9780615828838344,3.3450994771845015,1.7155136983891484,1.7418981006211836,2.983584056380727,4.449482063201879,8.12158788865362,2.1104872749508723,3.225904102786734,3.5094069698641936
2018-01-12,224.0,1.887679093973701,4.543961729314197,3.0531415596492737,7.599605121479626,23.20267023331291,1.8528263438267192,1.8576952465488643,7.269752883239957,7.045338241245785,3.19237585812921,3.863956258039129,1.8302608385695325,1.851891579122704,1.7900000692944953,7.214453715377556,3.1241373377789343,3.5545136614766784,1.8314814401404647,1.749344389942972,2.984855699430502,4.455594063391061,8.120579545993676,2.1052474960838237,3.230831794737784,3.5857203634814545
2018-01-13,175.0,1.747072852939359,4.724442667313432,3.0533825509987667,8.729744378683394,26.655249160551445,1.887679093973701,1.8202565008099707,7.599605121479626,7.821155659034661,3.303494916976348,3.961658741983928,2.5114559976691027,1.8372487568921325,1.7942834760694721,7.293634698268105,3.1703091218822195,3.5987552333172936,1.8803652946338185,1.7544426636175596,2.9871615122041164,4.47204093429761,8.115232702843054,2.1058192927109847,3.2241310329563877,3.6460180909694655
2018-01-14,140.0,1.6281228362748337,4.534850821294656,2.9642447382275146,8.22095023191078,24.368908468171796,1.747072852939359,1.412038025183412,8.729744378683394,7.960447976708826,3.244963229076235,4.276161639578261,3.006123371849847,1.8291927635799257,1.7838286692308134,7.423433086789351,3.2469446680605976,4.033925546533769,1.9860535086582758,1.7525413168827106,2.987575292297918,4.486618769019102,8.139051319919377,2.113150225777859,3.2134382868274387,3.71867513485797
2018-01-15,203.0,1.905781016364725,4.618694879956178,3.0802342053336687,7.859243017461722,24.20830917041539,1.6281228362748337,1.8843359751511068,8.22095023191078,6.926867352463864,3.15796585476374,4.477512194925456,2.414359535091989,1.7542915943959638,1.8146979279581592,7.4606476946753455,3.2354746669387744,4.238444192162546,2.2584646675880182,1.7573495831542738,2.9893303650840055,4.474855344563869,8.15817523953901,2.1179322045531146,3.200961465802958,3.8020838951543268
2018-01-16,168.0,1.868855536906186,4.634243471737556,3.0696129775191765,9.430328494318449,28.947458728428785,1.905781016364725,1.9316075606654155,7.859243017461722,6.79889424495306,3.062414819262961,3.604168923044707,1.3070829453990933,1.760325568526305,1.8177615052743905,7.593844218246468,3.1551146343676457,4.119280919182805,2.3492271061239345,1.7592722783738106,2.98802631591711,4.452222739162239,8.167652780559367,2.122716967419642,3.1814101101638785,3.854720354851771
2018-01-17,266.0,1.8636606515377507,4.806086980943304,3.1137895345457918,8.896566540992618,27.702035788733067,1.868855536906186,1.7712408328759797,9.430328494318449,6.678719649996736,3.0089763434696937,4.073969400003493,1.9472796837403104,1.8009197965152477,1.8087969304516436,7.969763396727237,3.076452339165465,4.051883505991216,2.436296973298975,1.7606551759503803,2.9865863225205307,4.4471041000485005,8.197874626257393,2.1229431069263196,3.1656345615870385,3.8897254082148294
2018-01-18,238.0,1.9236732067048332,4.809211365407399,3.137038146550352,8.149661868454276,25.565800162827877,1.8636606515377507,1.8528263438267192,8.896566540992618,7.269752883239957,3.28720863337799,4.736604117956354,2.011369409122002,1.8794324016028865,1.821999761689039,8.286598666869507,3.1195332653702152,4.138247480334848,2.515346320067928,1.7660697760758552,2.9886585827308094,4.462544305108756,8.209790899654255,2.1167170923688845,3.1638587227658603,4.142004467933047
2018-01-19,266.0,1.538539713581377,4.293259194652016,2.865722186678299,10.566864245143984,30.281697310926752,1.9236732067048332,1.887679093973701,8.149661868454276,7.599605121479626,3.519098102854054,4.254968336104175,1.2041216238296022,1.8853964650495894,1.8321207421001984,8.412299950471553,3.271761026567246,4.355180618021337,2.6165614779798214,1.7775730321634282,2.99519448932928,4.490053749968231,8.20784326065814,2.1069935618908318,3.1659186831327104,4.197863336228053
2018-01-20,140.0,1.454377109103776,4.068295460848382,2.771048723784223,9.290759703315072,25.745147818857117,1.538539713581377,1.747072852939359,10.566864245143984,8.729744378683394,3.423063148249004,4.282546592997608,1.86063789491421,1.7752911906079862,1.7822436877584378,8.836194110995033,3.409789961493683,4.4247063490193765,2.5421884709056286,1.7842891889077026,2.9969455661405453,4.47566873628665,8.22675058055143,2.0972414061811673,3.1605488603311414,4.243704457801436
2018-01-21,154.0,1.3997686208305316,4.187393403300443,2.798616861272148,8.933780105993236,25.002227639530346,1.454377109103776,1.6281228362748337,9.290759703315072,8.22095023191078,3.185502543684084,3.8415080322665776,1.9453270815471808,1.6388633431299946,1.7404300100676402,8.916339157370986,3.3758879315957144,4.126340987122783,2.532439233453414,1.778821772347163,2.99130219714633,4.455917272859578,8.23392572560945,2.0916797474429925,3.1497892960754843,4.181611085328339
2018-01-22,189.0,1.7175704070967717,4.715248296462195,3.042238369288133,9.275714250158297,28.218933794384274,1.3997686208305316,1.905781016364725,8.933780105993236,7.859243017461722,3.2824085242104486,4.73481220901154,1.7327772501716396,1.4642284811718944,1.707807979289883,9.018171996525622,3.296991405381179,4.286288944758572,2.349672927287428,1.7701964735650113,2.9846705910575855,4.417443115841384,8.241402641580173,2.1039111834557835,3.1486021661808143,4.21836823019778
2018-01-23,252.0,1.865195612752492,4.717563820646871,3.0904662656762105,9.60394625103088,29.680671906178446,1.7175704070967717,1.868855536906186,9.275714250158297,9.430328494318449,3.55234482177205,5.130107305283973,2.118857137658307,1.523905379010359,1.680920749394461,9.22052502976799,3.3400852965555274,4.56880918218736,2.4200329747596503,1.7699103385365114,2.9844615415648335,4.4088813385197145,8.251077740940811,2.115940291427791,3.1557590865975653,4.436359427660532
2018-01-24,224.0,1.6926686320181523,4.531977415625489,2.9813177678620795,9.0789184929659,27.067141016050854,1.865195612752492,1.8636606515377507,9.60394625103088,8.896566540992618,3.3303690212403017,4.267725553895561,2.289466665193787,1.6608448802265976,1.6803979030867902,9.245327566441194,3.3883741224076,4.710881689397022,2.4331182696791354,1.7687412960419193,2.982452719330846,4.425835083129557,8.263511248797881,2.1209484477660077,3.1630055127153978,4.464038878216541
2018-01-25,203.0,1.702530301757906,4.492319750177833,2.9724973480831016,7.791687304748337,23.160769850457203,1.6926686320181523,1.9236732067048332,9.0789184929659,8.149661868454276,3.3453173500641,3.7283406065950127,2.751186907293202,1.758478217289138,1.6559704717268477,9.27137784529452,3.409343731025484,4.375391155258179,2.497226509529866,1.7663099182655764,2.9784564032295644,4.429689188638251,8.269889143027905,2.1112040042207045,3.163830422925107,4.32000123373635
2018-01-26,147.0,1.699743672400808,4.251448938738531,2.9004819836391125,6.744555960779767,19.562463051887498,1.702530301757906,1.538539713581377,7.791687304748337,10.566864245143984,3.49638829627299,4.49502278355182,3.1109997363378006,1.7534648488428495,1.624378628163001,9.220238621907958,3.39069155585913,4.163696314680795,2.493753755434477,1.7668991741194386,2.97727539502081,4.437288315870857,8.27088916082143,2.1022957531011834,3.1808459309885766,4.35429472622887
2018-01-27,147.0,1.8111633859339344,3.98777753739713,2.8702765239168992,5.473316205810311,15.70993101351125,1.699743672400808,1.454377109103776,6.744555960779767,9.290759703315072,3.2060676157926413,3.7309920556752343,2.4959749646656237,1.6983142020589546,1.6474077651372052,8.6741945812845,3.3492577540432436,3.9847851486073527,2.517658845631902,1.7647815988973856,2.973829866815316,4.428603852225706,8.262940579130973,2.097453922163238,3.1796486812357534,4.275501220897103
2018-01-28,147.0,1.734107018681916,3.8968627195109296,2.8101569406434037,6.7491500462141,18.966170845812304,1.8111633859339344,1.3997686208305316,5.473316205810311,8.933780105993236,3.116636788355957,3.0285090079542987,2.554816151772465,1.7378124533642154,1.6983772332557994,8.12884551021239,3.2730309001405296,3.7515079490604477,2.3355410062579787,1.7689468133181114,2.972788839735,4.42632406662104,8.247871961623025,2.095200657139862,3.1821790054062857,4.159358503138206
2018-01-29,203.0,1.978438629275702,4.456659125457327,3.0728547940866573,6.035559537930497,18.546398061125178,1.734107018681916,1.7175704070967717,6.7491500462141,9.275714250158297,3.1447869192223687,3.196407913769326,2.2861226775543084,1.7483380256722187,1.7461398615202828,7.816755501672513,3.155830441123656,3.3186363257996168,2.300171274298387,1.7682774650018318,2.973652443493084,4.398212311127419,8.237011707897313,2.098368229068236,3.1822767865706525,3.9395864609607467
2018-01-30,203.0,1.9285250992686207,4.612840948831728,3.088428622661826,5.542414965569911,17.117353018335372,1.978438629275702,1.865195612752492,6.035559537930497,9.60394625103088,3.279612765059639,3.440595700759583,2.827363243041562,1.8412363446305167,1.7834067504029871,7.353876257068542,3.1803454908793216,3.221837540827733,2.2050880919844906,1.7714380350641425,2.976593551377618,4.387025135851179,8.219267779272416,2.1032592921594575,3.191236572645914,3.698227660314405
2018-01-31,245.0,2.0021991615869696,4.105648893197619,3.0027414566836708,5.180435694756232,15.555509024328412,1.9285250992686207,1.6926686320181523,5.542414965569911,9.0789184929659,2.8108514460727227,3.117158718775702,1.7688556156744404,1.8803569157420787,1.7924538199052915,6.773657502002689,3.0784170434515765,3.2513874444348674,2.053487719943055,1.7706702592074295,2.9759180789447384,4.404648009479052,8.193471267243456,2.09934152635642,3.193588641135236,3.533860969582997
2018-02-01,343.0,2.0416836134551217,3.822116289930349,2.96604786459055,5.07814806573934,15.0620302264608,2.0021991615869696,1.702530301757906,5.180435694756232,7.791687304748337,2.936874163873478,3.0602522808198023,2.6829422451276983,1.9697209633770967,1.836672466986551,6.216731387972737,3.0091127916686133,3.206002233451693,1.908315501999854,1.7763967726453957,2.977753723861817,4.403115267222811,8.16810266572051,2.099946984099464,3.1659008750540027,3.438419780186538
2018-02-02,203.0,1.89470795656454,3.932638373600675,2.8983113307110338,5.824180477401896,16.880288269759912,2.0416836134551217,1.699743672400808,5.07814806573934,6.744555960779767,2.880070397588622,3.516633335415658,1.8316355931759,1.9908026247702366,1.885122940086153,5.829082925257166,2.8759320025116075,3.231348111670384,1.7275577266411264,1.7896363418590155,2.9833541797728413,4.38266943454963,8.148395467680443,2.1056122695971884,3.1537565344683047,3.2986498590242292
2018-02-03,147.0,1.7675110280970334,3.696369653978116,2.769183549139512,6.206281322647193,17.18633214000642,1.89470795656454,1.8111633859339344,5.824180477401896,5.473316205810311,2.9989476964033037,3.1429668647980087,2.9884952969711795,1.9795302438688764,1.912974980680972,5.6976007133460405,2.938630752621801,3.2399508270111532,1.7104042924462195,1.7924763888545503,2.983349609587391,4.3654391244447766,8.13673098421161,2.1067354124771076,3.1498470960949354,3.214646260327483
2018-02-04,147.0,1.3887501270129168,3.444411718312547,2.5390146302992123,7.154537960897695,18.16547655575034,1.7675110280970334,1.734107018681916,6.206281322647193,6.7491500462141,2.829864689790715,3.290233063486672,2.6464132162088614,1.9013008660388977,1.906738929561415,5.80231001575131,2.902960927927547,3.3166110879001103,1.6810594279397366,1.7896691432369223,2.9811795376496213,4.35339478518607,8.12174695881178,2.1169695011723335,3.150009727041552,3.2520354111178222
2018-02-05,147.0,2.0483073255790907,4.853659103671425,3.203012392496338,4.799001024929593,15.371259754452113,1.3887501270129168,1.978438629275702,7.154537960897695,6.035559537930497,2.8862860612054706,3.637198018930324,2.734880356509419,1.6836563705581626,1.8574022307515576,5.860222574991823,2.9050328157998297,3.356799315738332,1.6485563879630842,1.7813002057147387,2.9762269169227733,4.314535686650302,8.105961389078438,2.120887901388821,3.1471158709864375,3.3150054261408215
2018-02-06,294.0,1.9640866275396551,4.717931963809922,3.130737778814986,6.382251807909939,19.981156848933892,2.0483073255790907,1.9285250992686207,4.799001024929593,5.542414965569911,3.0218973035271683,3.6938606288071822,2.803053964373841,1.7348561602296797,1.8673834730806134,5.6835713588488375,2.912682684841118,3.540430570408057,1.6364153233600933,1.7836343174494789,2.9787819285992354,4.318586492820853,8.082187520396882,2.1174546489566395,3.14687120330463,3.3511861301476213
2018-02-07,210.0,1.9990509748524183,4.389281603818576,3.0674857450879127,5.45325630681795,16.72778598547482,1.9640866275396551,2.0021991615869696,6.382251807909939,5.180435694756232,2.961285038998038,3.828934026462083,1.9361912470564129,1.800381360043887,1.8724636914050468,5.803548050611698,2.9564894679102256,3.719997558066527,1.733784999076162,1.7811878677927937,2.9766298052112345,4.339140499300626,8.068924194940106,2.1078259067644054,3.146641903264828,3.4528683169599614
2018-02-08,217.0,2.0610396569551552,4.550184407407351,3.1394560069179827,6.695533672599497,21.020333407964113,1.9990509748524183,2.0416836134551217,5.45325630681795,5.07814806573934,2.900480198457223,3.5566016458615617,1.408117369510237,2.0038149759903874,1.8720139504429678,5.842522423763372,2.961220846994143,3.693132100376939,1.7520253756484616,1.7872589468132711,2.980049927121541,4.32608404771494,8.052475092675643,2.116075952255166,3.151519623431938,3.523775369108784
2018-02-09,168.0,2.088139350052942,4.848425739169773,3.222073421008571,8.546493721471089,27.537430262768627,2.0610396569551552,1.89470795656454,6.695533672599497,5.824180477401896,3.218848264170616,4.379799134530988,1.5840474694587603,2.0080590864490753,1.8747790995144016,6.073577510457681,3.0268711672086255,3.9217782689515417,1.8263780380352692,1.7938881949363679,2.9853974758270256,4.328418600374243,8.041491257453615,2.1185035182079157,3.1533152467487424,3.647084768982403
2018-02-10,161.0,1.7446139817175832,4.711348227848417,3.0489383147567346,7.904121478604781,24.09917882060977,2.088139350052942,1.7675110280970334,8.546493721471089,6.206281322647193,3.3056890307235065,4.49893976914152,2.3229130207739037,2.0494099939535046,1.9024121557270302,6.462479402467565,3.141672497783782,4.145113516511354,1.8391559797187558,1.7970016260312498,2.9873854948050242,4.375175615251899,8.040197836810325,2.1270561962701646,3.1630029947548226,3.840795183888619
2018-02-11,182.0,1.4275243378750522,4.237139273325359,2.8213257054741963,9.423924787221296,26.587961248642888,1.7446139817175832,1.3887501270129168,7.904121478604781,7.154537960897695,3.382187923562683,4.330584399503695,1.5852106119188114,1.9645976629085593,1.8991411491013948,6.705027996175793,3.302241739485602,4.403107767725398,2.0420032430188946,1.7963793195068576,2.9913240648996395,4.3985051500786785,8.034123927197513,2.1290048550704417,3.1693300636026054,3.989416803319622
2018-02-12,266.0,1.3057286930280052,4.1099056650561865,2.7529584775410494,9.346779640431487,25.731296248833942,1.4275243378750522,2.0483073255790907,9.423924787221296,4.799001024929593,3.1869965595821523,4.0602023019282125,1.7186748309070132,1.7534258898818582,1.9046803220816995,7.029226114222021,3.291624504622781,4.29657549019114,2.289911449148694,1.7887179182019148,2.989606227028571,4.388277734879051,8.04801293947388,2.1389411366453825,3.1654467850227985,4.0498459866050345
2018-02-13,182.0,1.132673400681235,3.5158452450836406,2.4998041034422416,9.155536149865966,22.887046836648725,1.3057286930280052,1.9640866275396551,9.346779640431487,6.382251807909939,3.3160082027939044,3.723661922834095,1.5377495368627456,1.4926223375402126,1.7985976602886873,7.678908773579434,3.295064228646247,4.038149541421999,2.3731326379847024,1.780200511340052,2.986244753505384,4.367793168137143,8.054649661535455,2.1428727399979253,3.1678149508133875,4.054103314323165
2018-02-21,252.0,1.831698680100305,4.745204517921761,3.086056488534881,7.281652987027187,22.47159244787465,2.020848779651514,1.4646011679719226,7.158442688134169,8.249729701935228,3.322719646419914,4.605532035860214,1.9055627994764732,1.807140733430952,1.7653190219704065,7.077322493654687,3.2154875846915907,4.365717997899135,2.6393465097809172,1.7672311211148102,2.9685727393832178,4.340658007661549,7.974585519622408,2.149503436063129,3.1499135200168538,4.09793938110448
2018-02-22,196.0,1.7976318036093362,4.539783730510097,3.0173868131108166,8.15862606063869,24.617730688473433,1.831698680100305,1.848297273660311,7.281652987027187,6.221799061741341,3.0996390873446438,3.57902589798072,2.6226341610658275,1.9316522985290707,1.8177615237030325,6.939025820096395,3.2154344950525293,4.161988132925066,2.7124940100825756,1.7659499413821258,2.9671151883867575,4.341656548376869,7.951922352948333,2.1443570741577687,3.1348233288692735,4.043277546246878
2018-02-23,308.0,2.037207381099358,4.989014787156584,3.2299925206290188,5.867622830254151,18.95237785559298,1.7976318036093362,1.770758318745574,8.15862606063869,6.390626402123982,2.829777028194503,3.528063192704715,3.0918836325307866,1.883393087787051,1.8105235994100362,7.215715391367445,3.0840452539863534,3.90420704218188,2.6967266696921834,1.772744235079123,2.9706738926302356,4.335730545372309,7.944478445050671,2.137798427178244,3.11813692910108,4.081344310488948
2018-02-24,126.0,1.9265327309644344,4.582535475761885,3.0798027164675874,6.38712571987807,19.671087142500475,2.037207381099358,1.85215419312218,5.867622830254151,6.952349809634709,2.9171342214014344,3.6938606288071822,2.820473890405028,1.8888459549363323,1.8485877511748625,7.14100059538604,2.948850112313527,3.600316573164203,2.6351341328983287,1.7827306848300324,2.976455216312705,4.350965124423345,7.929670397296598,2.1312466709323323,3.1038641581456585,4.05561388263922
2018-02-25,154.0,1.8167299134319272,3.84351402749376,2.8338426659724267,7.14658663933324,20.252302134611035,1.9265327309644344,1.4581639848059482,6.38712571987807,7.1247041711230334,3.028682977342997,3.510828355880437,2.2774611352854253,1.9204573052243754,1.8592132565808988,7.0602542968493776,2.925198075646312,3.577584059130775,2.5812056060193855,1.7868293175194503,2.979487585460539,4.353972315276147,7.916541359223659,2.13097362617084,3.0882739808479918,3.9155617241529233
2018-02-26,112.0,2.047669331818056,4.5302514474274815,3.127197117784044,6.464877105539111,20.216945051269963,1.8167299134319272,1.942409435835396,7.14658663933324,7.443605620890344,2.9946284303899287,3.169926178907204,1.8962541115863056,1.9268233418319056,1.9104369606703244,7.063380363736551,2.980148543044787,3.458205054531605,2.4206999381053516,1.7864038312906199,2.9762798921406386,4.3403744849013215,7.907415805770743,2.133488877328432,3.081226008001235,3.769806107867821
2018-02-27,196.0,1.9211577639556483,4.7201919977232185,3.112934291490276,6.022939355365626,18.749014454883994,2.047669331818056,2.020848779651514,6.464877105539111,7.158442688134169,3.1171985363787447,3.149777558738593,2.1484124588079605,1.9303106587381385,1.9254740886678472,6.92356200440066,3.0468366480372233,3.276844031175408,2.28157488394139,1.791806719122302,2.980869390153733,4.358456948569,7.887855312982894,2.135040979072379,3.0812447329353274,3.605287692697009
2018-02-28,245.0,1.8839343480988155,4.746086777276838,3.105041654185744,7.986119914172451,24.79723498882774,1.9211577639556483,1.831698680100305,6.022939355365626,7.281652987027187,3.0407270632399883,3.499314328683395,2.2819357440175843,1.928519003068543,1.9112325149970093,6.761347242576583,3.05085134333622,3.273006022109728,1.9687909174552363,1.792053791749597,2.980881398091598,4.385901257842743,7.881181091953211,2.13679488442193,3.077776071069248,3.4472565916717492
2018-03-01,420.0,1.90035379171872,4.626071606776526,3.079960966412229,7.316568398235874,22.534745074651738,1.8839343480988155,1.7976318036093362,7.986119914172451,8.15862606063869,3.147680044427438,3.9640698678465673,2.2670795869850258,1.9509204812908392,1.918694753282511,6.861985375025905,3.1018685480153905,3.5377205850895153,1.9133038640254474,1.7942864590551477,2.981403294719388,4.395548846236727,7.865245984849463,2.1344223667393587,3.0733783137148416,3.5022628730811567
2018-03-02,189.0,1.859641860359717,4.614830927121454,3.0608190120689978,7.393262115403281,22.629437244035817,1.90035379171872,2.037207381099358,7.316568398235874,5.867622830254151,3.229856170860816,4.280420027261434,2.3944974702940867,1.9018153012577272,1.933369323012423,6.741691423254075,3.1394210928427473,3.9146014079304625,1.8953719372821296,1.798155375361413,2.985409395513988,4.395989868168219,7.857475027084018,2.1352045161073367,3.0873451378744448,3.609742420874973
2018-03-03,175.0,1.5327052134743533,4.287950529536969,2.862590425482713,8.23282120215494,23.567195147999808,1.859641860359717,1.9265327309644344,7.393262115403281,6.38712571987807,3.427891207685348,4.575457289044914,3.1535015890046503,1.8813100000590834,1.9080028200496169,6.959639892561093,3.2684758076578677,4.273315728050969,1.871057355466188,1.7969478728250516,2.9868644367089874,4.412962602632348,7.855165702174724,2.1411392981284636,3.103712372668174,3.735684800908935
2018-03-04,189.0,1.4337676282094076,3.996805467422414,2.7419232237227957,7.852565357774146,21.531131320282036,1.5327052134743533,1.8167299134319272,8.23282120215494,7.14658663933324,3.350500529536398,4.657233765333348,4.333744607770805,1.7642336218509296,1.8517417461224626,7.2233106757435035,3.33608263602752,4.504370360546563,1.9079063165194714,1.7915633210492563,2.9843883603481016,4.4284904106192355,7.860207630997308,2.1472463781994238,3.1193933770664324,3.899457002259351
2018-03-05,280.0,1.7556680114275185,4.0154067296238285,2.8531594471004658,7.466516703945373,21.30316267079517,1.4337676282094076,2.047669331818056,7.852565357774146,6.464877105539111,3.240586289850877,4.479484410599111,2.408286613697917,1.6087049006811585,1.7970328482335312,7.324164778377918,3.339659342357541,4.570725154992455,1.9522453217693503,1.7818861126492493,2.9785856681652967,4.430629313746626,7.857563698521747,2.14927448930646,3.1274479968480184,4.086536749643909
2018-03-06,259.0,1.881809884505048,4.106997861564,2.936185900130585,6.647434619425041,19.518103801595725,1.7556680114275185,1.9211577639556483,7.466516703945373,6.022939355365626,3.2416893998573646,4.383891233269098,2.038041076075217,1.5740469510370925,1.7553183738920257,7.467256149578813,3.2775920730815464,4.5068698030671825,1.910236611116871,1.7807570288253836,2.9778901133576503,4.441263882934817,7.85614531454448,2.154721365104066,3.1411754871835735,4.262838703148267
2018-03-07,259.0,1.8040970910593568,4.0857336832712186,2.893748844936978,7.032038229701299,20.348952504750805,1.881809884505048,1.8839343480988155,6.647434619425041,7.986119914172451,3.17464871114174,4.177066267318524,1.8507879864605992,1.6904151747139906,1.7496972482562256,7.556469758730158,3.2189748002833274,4.346813970395575,1.8422498639637064,1.7811589394579868,2.9758464042663393,4.463350087709865,7.849361132845955,2.1518696569144913,3.1507875755147827,4.359660408667571
2018-03-08,245.0,1.810374481866868,4.404271167400101,2.984409556615041,6.1450659232588185,18.33939346740305,1.8040970910593568,1.90035379171872,7.032038229701299,7.316568398235874,3.1078812984148727,3.783050659907921,1.8895798988324248,1.8138583289973067,1.738291925822017,7.420172375234279,3.1747398031379923,4.114669386831845,1.83423957261291,1.7808896159621428,2.9727649502321403,4.437752573696525,7.843018072456046,2.1512729028495245,3.153653708677706,4.333800521819193
2018-03-09,252.0,2.0112765494417424,4.649078981251622,3.1360342091827067,5.700548137515716,17.877113970342048,1.810374481866868,1.859641860359717,6.1450659232588185,7.393262115403281,2.739315160326388,3.255114215408517,1.2709577948958504,1.8320938191437568,1.725437738700324,7.2528148788089855,3.0072817232943336,3.7384103808783173,1.7779660016004983,1.7875285569068673,2.976304450357776,4.427297213816198,7.827857409329578,2.1512561489276156,3.1462547127219844,4.187328262983063
2018-03-10,217.0,1.904950959783643,4.337321662699682,3.006849179551369,6.730465513750586,20.237494708019735,2.0112765494417424,1.5327052134743533,5.700548137515716,8.23282120215494,2.965366852366623,3.299800660586325,2.179626209856917,1.875249374122655,1.7470998371406137,7.010998596253619,2.9375211037026276,3.4459885119675846,1.7776489576883492,1.7896442331450444,2.976662768227069,4.435957126397299,7.807088750967538,2.149881992153668,3.148417601185631,4.0050916017746925
2018-03-11,245.0,1.645567803246763,3.7639196643416986,2.7343432693560747,6.310822120700083,17.2559539898397,1.904950959783643,1.4337676282094076,6.730465513750586,7.852565357774146,3.1868530200372307,3.903548568122953,2.14425684236773,1.9088673303640837,1.8002778008990834,6.796376355052997,2.963845010910081,3.4861544813725955,1.73955598214565,1.7891999564636814,2.9758451387718057,4.42886170157371,7.778361473116227,2.1510785218463417,3.1473510930478517,3.8974222878874927
2018-03-12,357.0,1.8495737622720303,4.410382689788071,3.001524903617274,8.117438388961856,24.364693478047897,1.645567803246763,1.7556680114275185,6.310822120700083,7.466516703945373,2.832490346639586,3.1832059105369224,2.019877239689394,1.853931770824049,1.8305349687615629,6.5761273211852735,2.994903406347813,3.462185046415397,1.7676575696192882,1.7871054059698612,2.9763742936447413,4.39271149907944,7.747308292376224,2.1557239340658803,3.1315778035783874,3.712239645021466
2018-03-13,287.0,1.9146615418531936,4.6705982425187,3.0974163239302754,7.408962224770215,22.948640538386034,1.8495737622720303,1.881809884505048,8.117438388961856,6.647434619425041,3.218737725828588,3.606961028713771,1.9125175888719907,1.8000308417674782,1.8439500760250644,6.669116133330485,3.0793603641684677,3.5645718357912126,1.919344476529369,1.787051196277283,2.9781223125311826,4.382679314477429,7.731211664016325,2.164720033648803,3.1261294636539176,3.601249615799276
2018-03-14,301.0,1.9379853647935168,4.815847942296305,3.144441363420158,8.7320057563231,27.457280085805273,1.9146615418531936,1.8040970910593568,7.408962224770215,7.032038229701299,3.3421060528037336,4.898727371263108,1.68058591374901,1.8032677024573285,1.8486431699319426,6.777905791236939,3.131111375090636,3.896298103504597,1.9976043845438478,1.7875009037419416,2.9788602252691994,4.397127946783874,7.714954912508784,2.168621754363091,3.131299780094637,3.704344059219931
2018-03-15,392.0,1.848496992746963,5.184894326886766,3.2111785914615165,8.460028105083655,27.166661134207374,1.9379853647935168,1.810374481866868,8.7320057563231,6.1450659232588185,3.401846949882881,4.627824400470315,2.147522626205409,1.900740222972913,1.8677700661796794,7.0207582950400536,3.3208969095050676,4.3778376001490615,2.134164304251138,1.7906827789395108,2.980377872142889,4.420659356025212,7.71252221172766,2.168384609286067,3.1341610716642694,3.8250260221574157
2018-03-16,322.0,1.7659999796573072,4.709448269426998,3.054826405051576,7.705998837632018,23.54048872649504,1.848496992746963,2.0112765494417424,8.460028105083655,5.700548137515716,3.3499576948276517,4.400002435841255,1.581330831645001,1.9003812997978906,1.8732161391625506,7.351467178157887,3.364636899171422,4.6421847358582236,2.2837523042868315,1.7943556815473796,2.9844934363634557,4.476294325418649,7.71673583056614,2.1641684689675227,3.1388360853638924,3.9885814822192356
2018-03-17,252.0,1.6073067505087932,3.918625838771912,2.7676532490367465,8.644288176213408,23.92439225650697,1.7659999796573072,1.904950959783643,7.705998837632018,6.730465513750586,3.3663912891884658,4.895348064701939,1.885565235289561,1.8508274457325948,1.8381766291933455,7.637960135317359,3.372731977966333,4.641058300337833,2.327374921055096,1.792025997602256,2.9840699730254205,4.498041107445229,7.710644221573895,2.1591133560518383,3.154704572897859,4.216516825664323
2018-03-18,217.0,1.6219717481460438,4.2885338718019845,2.8869390183802133,7.929157642757166,22.890994581763337,1.6073067505087932,1.645567803246763,8.644288176213408,6.310822120700083,3.39489843891557,3.8739736237552735,1.6683496122955803,1.7406012409710205,1.7956560278683666,7.911363372812048,3.3704158076438957,4.389774708099487,2.223024215147561,1.7876668511622993,2.979037310884047,4.4896388821871,7.716937544494199,2.152007311423443,3.1626598394776804,4.212291833611798
2018-03-19,406.0,1.8921763034376096,4.700081657217546,3.096270769429171,8.238001456878926,25.507083109449145,1.6219717481460438,1.8495737622720303,7.929157642757166,8.117438388961856,3.371007731218385,4.050908364386894,1.9638052002338164,1.6650928261040476,1.7922851628539784,8.142554161677346,3.377432486440807,4.273410017614699,2.2194776361743536,1.7836387027724376,2.975256468947954,4.48757963483653,7.71420736963395,2.1560322432754626,3.165798984737542,4.336249327018936
2018-03-20,399.0,1.6616069690295767,4.857058807487646,3.069686191343846,8.057629313615035,24.734393438971463,1.8921763034376096,1.9146615418531936,8.238001456878926,7.408962224770215,3.34012552092862,4.119253344432942,1.5186025917851094,1.7071516006974816,1.7983712401633467,8.15977745709407,3.368677230354192,4.014711777525034,2.2652093265127458,1.7831137543846505,2.9745770126626008,4.487639769630602,7.705917552346635,2.1563000833868533,3.170136017770186,4.409433943550247
2018-03-21,357.0,1.6958465472002204,4.33789091524489,2.92460221604722,8.36259291916683,24.457257783296097,1.6616069690295767,1.9379853647935168,8.057629313615035,8.7320057563231,3.5923669341793056,5.5109963892655855,1.6783666063639655,1.725251673537743,1.76222058690283,8.252444184071901,3.43450006210877,4.5603860326951375,2.32040158563321,1.7851648753087872,2.97797641274036,4.511274418697054,7.692540775102119,2.156308472118344,3.186554970367436,4.49690094612203
2018-03-22,427.0,1.975542713047805,4.376167581631983,3.0517086128080013,6.399597097769992,19.529705581765775,1.6958465472002204,1.848496992746963,8.36259291916683,8.460028105083655,3.168889960741546,3.951990808516692,1.880871797406517,1.7498766065558016,1.7276293272466448,8.199670921621005,3.3671274719498236,4.527413514071737,2.148978506344407,1.789189365943728,2.98053563761141,4.488131555357122,7.68244224027373,2.1488655143123494,3.1847198106790526,4.400353290128654
2018-03-23,301.0,1.954073721096043,4.648154851832003,3.1086525903886435,7.669428464764948,23.841588663791953,1.975542713047805,1.7659999796573072,6.399597097769992,7.705998837632018,2.7381446147833883,2.8772287569271167,1.7780419439604684,1.7776654097592004,1.7457787158610507,7.905323634861911,3.1664671699014133,4.113405318236462,1.9888294948672878,1.7987856008140157,2.9847538334703407,4.461816706178465,7.67223075388211,2.148510366752738,3.1652339762911685,4.182814193140921
2018-03-24,252.0,1.7930358270544609,4.377904480710709,2.970314853294564,7.263264911251726,21.574183649304224,1.954073721096043,1.6073067505087932,7.669428464764948,8.644288176213408,3.2000414436509943,4.032440155830781,2.947373583660125,1.8751543271146887,1.7726463932094416,7.900099295880901,3.035692006391976,3.62055324042486,2.0014075343970275,1.8027273227140035,2.9858607371553494,4.458581717308806,7.674015606067827,2.1508030586384304,3.16858072150138,4.059541634730755
2018-03-25,273.0,1.6022869273324574,4.014588702175989,2.795883045768882,7.353392294267032,20.559224844428734,1.7930358270544609,1.6219717481460438,7.263264911251726,7.929157642757166,3.1492429959190105,3.425718486498928,2.216168968396932,1.907550753732769,1.7991791184302512,7.702810258029232,3.029143018117798,3.4451291330856058,2.1413407582257724,1.8015246596190364,2.983858213615655,4.453185742315494,7.669154478294492,2.145562084919348,3.179229587092197,3.995505186551277
2018-03-26,301.0,1.910246649921344,4.691099110751926,3.101047467653167,7.826522351759649,24.27041731945517,1.6022869273324574,1.8921763034376096,7.353392294267032,8.238001456878926,3.0341069050846543,3.5309463241445447,2.919724638184847,1.7831321584943198,1.7963670011711674,7.620558065387784,3.127797114884886,3.663034988824748,2.247594665899455,1.800018297874275,2.980767634914102,4.420704872816141,7.663030531732315,2.1380985878001133,3.1831286765483044,3.9212248950880846
2018-03-27,399.0,1.9474965393353505,4.634243471737556,3.1022389449213827,8.002667756152073,24.826187576401576,1.910246649921344,1.6616069690295767,7.826522351759649,8.057629313615035,3.249850021455656,3.896129017406384,2.565718592034968,1.76852313476942,1.7989484792402723,7.56177533608503,3.1443999741531066,3.6175979426832825,2.2034910263525056,1.8034802370103322,2.9829101369069364,4.424323660649142,7.672626509278193,2.138135830708867,3.1905009113520597,3.889349991227147
2018-03-28,385.0,1.976031714186768,4.795875371670572,3.155344308359048,7.1328173659085445,22.506494678084103,1.9474965393353505,1.6958465472002204,8.002667756152073,8.36259291916683,3.390907969583943,3.823837713545354,1.9837249237418129,1.8200100388630498,1.8397898464268114,7.553923685018892,3.224954965374751,3.7503043516987575,2.143537543880695,1.8076094514592413,2.9862727529283073,4.450681308790601,7.659694922281649,2.1353249535834546,3.203710229325194,3.6483273232671145
2018-03-29,294.0,1.9569876050810568,4.334092869860773,3.0316432863325757,6.979115071110294,21.15818734987402,1.976031714186768,1.975542713047805,7.1328173659085445,6.399597097769992,3.4354642933196406,3.7467146938476015,1.1504168560537755,1.9445916344811536,1.8798162988534612,7.378241463124852,3.3587407614530798,3.822227141599777,2.204264386267422,1.8103572569301216,2.99102388266901,4.459535439598705,7.638190894315608,2.129353240628075,3.21431908788989,3.619002164028673
2018-03-30,203.0,1.50913526265861,3.937751120143315,2.7425316771854207,7.778318208383377,21.33228408171956,1.9569876050810568,1.954073721096043,6.979115071110294,7.669428464764948,3.1937152968725755,2.90001139017407,1.753215891148014,1.9601719528677244,1.8771655691439257,7.461029745030609,3.340029186592053,3.490187932522339,2.237648828362969,1.8140719333701076,2.9947153217638296,4.4466654686699565,7.617999274776209,2.1159781485372635,3.219418695677643,3.6222568259210948
2018-03-31,168.0,1.7050737203960358,4.278528868742253,2.910316643151213,7.998266703048973,23.277488702245606,1.50913526265861,1.7930358270544609,7.778318208383377,7.263264911251726,3.133603221665847,3.994864076461321,3.267495416028869,1.814051527308811,1.8136029322242924,7.476585422690385,3.254260937286021,3.547196720160995,2.222731923437047,1.806250210593156,2.989209936482142,4.419720946765506,7.612269003580682,2.1064326059620306,3.2189494682522564,3.6168888145826004
2018-04-01,609.0,1.53559048088456,4.388664915402145,2.8954835453632364,8.131232776356379,23.54385070745812,1.7050737203960358,1.6022869273324574,7.998266703048973,7.353392294267032,3.3059628887186268,4.032440155830781,2.6025147822401813,1.7237321960452336,1.8010369169873748,7.58158567866142,3.2110938024190165,3.6424385408220545,2.2880083686270027,1.8025260209452796,2.9862414034902987,4.408136188831029,7.607461461174897,2.099752307227339,3.2214863588475167,3.7035633387728657
2018-04-02,434.0,2.0165193811421287,4.861534167983368,3.1897842915192096,7.816395364085904,24.932615148664787,1.53559048088456,1.910246649921344,8.131232776356379,7.826522351759649,3.257931612714065,3.6344410812729935,1.7197630831632276,1.5832664879797347,1.7915088532091037,7.692705747531327,3.2324992410328464,3.8872484378550287,2.3652307042341074,1.7947492096002393,2.9844537716349584,4.400597321773719,7.607966312542147,2.101447837373823,3.2158210390151405,3.7183483040769296
2018-04-03,399.0,1.8172047666254876,4.418543499186856,2.990913591212819,7.77352851599479,23.249952090169234,2.0165193811421287,1.9474965393353505,7.816395364085904,8.002667756152073,3.4562616258402223,4.404063105479132,1.444675511695134,1.752394527474241,1.80669067195493,7.691259035006506,3.3400520424243045,4.023648114194299,2.375199508681157,1.794329805728356,2.9881827120837694,4.419716776388599,7.604689874141284,2.0940825815029944,3.2193464088919352,3.7909103166587506
2018-04-04,399.0,1.973667099252024,4.518823645614945,3.085729023331734,5.96482146314538,18.40582270781976,1.8172047666254876,1.976031714186768,7.77352851599479,7.1328173659085445,3.1332972262504657,3.908365227398672,2.07177120044999,1.789771542884058,1.7880775615678068,7.65852485784118,3.2824968216015846,3.9822898047169293,2.3434011152335903,1.7930380858960386,2.989726083092132,4.433774710780748,7.607723135900215,2.1054164010671834,3.215770106771921,3.8029856757806533
2018-04-05,511.0,1.9764626564868688,4.401269813588228,3.058405495766636,6.262981224956488,19.15473619829018,1.973667099252024,1.9569876050810568,5.96482146314538,6.979115071110294,2.942918542654976,3.783050659907921,2.129949422854992,1.9357970823398796,1.7877397594342719,7.491668300303585,3.1774924649152214,4.031826330928571,2.269153924724139,1.7964740204152885,2.995001840995336,4.450555274647118,7.584827620662202,2.110150865810854,3.2058110781985083,3.8081765280749846
2018-04-06,427.0,1.869348570838391,3.9808278062220745,2.897095452076071,5.658891397341487,16.394348531030424,1.9764626564868688,1.50913526265861,6.262981224956488,7.778318208383377,3.0428427565409635,3.795862298857421,2.496993244863792,1.922444840788126,1.7905219096351022,7.389363465138756,3.039686175148802,3.829092728721335,2.315324362446519,1.8062692292398543,3.003658355419793,4.460364339714592,7.568409106115478,2.1105157951015454,3.201417546378482,3.936155229315463
2018-04-07,357.0,1.8719552423371812,3.867085517311301,2.869146315800052,6.307274386617929,18.096493069104866,1.869348570838391,1.7050737203960358,5.658891397341487,7.998266703048973,2.884520668397962,2.956033119973264,2.958769939200223,1.939826108859094,1.8419809536607852,7.086588206418486,2.956760655864634,3.5116486929128654,2.208375978933177,1.8032865833275094,2.998559739746122,4.456867477146288,7.557694740420455,2.099090900330712,3.1939721920445856,3.7877508069600268
2018-04-08,308.0,1.6607968554196533,3.715567863028381,2.725966157119939,6.834246814341786,18.629925525300465,1.8719552423371812,1.53559048088456,6.307274386617929,8.131232776356379,2.9466697048139907,3.293426708103984,2.1828404049375063,1.9059221565541467,1.8658211710809487,6.8450178754997655,2.958011043250972,3.3484407089782198,2.1223473464082185,1.8017510602408013,2.994199882029206,4.438961288809994,7.544853155554708,2.0926064951687375,3.200884010194172,3.6821774572847694
2018-04-09,553.0,1.91489784712721,3.890293821628516,2.8992118378878544,7.3803890980999185,21.39731144142975,1.6607968554196533,2.0165193811421287,6.834246814341786,7.816395364085904,2.961285038998038,3.3436319411263944,2.144850979870314,1.8007002228650746,1.8837077960145336,6.659734166640538,2.9308251374033305,3.197697256401211,1.9183376342711023,1.7961134915835886,2.988507888896407,4.407844251535886,7.538041696386279,2.0984637622198794,3.200747949748553,3.6406332944066837
2018-04-10,476.0,1.9263034376624844,4.069163807127825,2.9498517988603608,7.539873031947132,22.24150802646797,1.91489784712721,1.8172047666254876,7.3803890980999185,7.77352851599479,2.919385461117297,2.9448722774523994,1.6783666063639655,1.8158833149613478,1.8691904340124024,6.597447557213968,2.9424467349764414,3.1939769755609224,1.790606046134837,1.7936777947531228,2.9845038194125717,4.39294332350018,7.544214305952047,2.096827746841423,3.191832364451222,3.4321774618314365
2018-04-11,518.0,1.969916737605448,4.283797437875697,3.026335814311919,6.963319081031971,21.073341921408613,1.9263034376624844,1.973667099252024,7.539873031947132,5.96482146314538,2.918990939114813,2.7595549171600187,1.967352865968533,1.833999380069782,1.884775958446259,6.5640682023500165,2.9332204797433827,3.0160197119129344,1.7697680674264724,1.7909805295466155,2.9799667923767674,4.403118128259718,7.5430654659889385,2.092384582889325,3.1947157175337293,3.2680617032259147
2018-04-12,532.0,2.008442431154065,4.736465743910415,3.155684847052494,6.524849356610448,20.590368243955805,1.969916737605448,1.9764626564868688,6.963319081031971,6.262981224956488,3.075400387188236,3.5902928819789897,2.586884539184684,1.9370393407983801,1.884240192496748,6.706710719190959,2.9712589291401152,3.098240025530466,1.774024575088046,1.7947355754780796,2.9795900840360208,4.3988986198626385,7.529588309708492,2.08919088862321,3.1899378062457173,3.2405248778074958
2018-04-13,462.0,2.1088707420615287,5.190173314624241,3.310251246433854,7.169067873351332,23.731415863530145,2.008442431154065,1.869348570838391,6.524849356610448,5.658891397341487,3.32935316138965,3.672493817088797,3.0375495941135244,1.9682208688073317,1.888808731734919,6.744120452284382,3.1079148292308996,3.340780538742598,1.845091548113747,1.8044175436993968,2.9851627363956594,4.401094203242363,7.515850923432825,2.0943875952409012,3.189512709865248,3.222900808983407
2018-04-14,406.0,1.539925955492041,3.9787077591199056,2.7650209267262813,8.454332066089137,23.3764050842295,2.1088707420615287,1.8719552423371812,7.169067873351332,6.307274386617929,3.636889503649661,5.5244691442701015,3.028551570329573,2.0290766369403466,1.9230261847667958,6.959859948857217,3.3472143507425156,4.262418614445959,2.200309353845612,1.817803244516622,2.994450949210539,4.413571715653293,7.507508708064982,2.0990144973281786,3.1973474616574737,3.589820241025812
2018-04-15,420.0,1.6169068903788697,3.940997709372151,2.7780226938534827,6.331295947485323,17.588483823616816,1.539925955492041,1.6607968554196533,8.454332066089137,6.834246814341786,3.246033826663119,4.008993081232635,1.96025165080454,1.8857463762358775,1.8755934295032044,7.26658247449596,3.40409216390081,4.401985347530508,2.0922879999340194,1.8245907870968021,2.9988712295986066,4.373365496727732,7.502191693038146,2.100252057844619,3.193883332718656,3.69204400861562
2018-04-16,420.0,1.921224170224334,4.16056304223032,2.9699676818089373,6.12870729136279,18.20206258661428,1.6169068903788697,1.91489784712721,6.331295947485323,7.3803890980999185,3.037680703926571,3.122573661999862,1.6251206463041497,1.7552345293108125,1.869323434497378,7.194732350659323,3.3068680114131173,4.218678629167529,2.02899124027149,1.8271292158035846,2.9990072335999196,4.347750478059237,7.485201710439683,2.106852914292606,3.182926313209926,3.660464254454687
2018-04-17,532.0,2.003909959262936,4.223061516433878,3.030876843608484,6.193554475271582,18.77190083872833,1.921224170224334,1.9263034376624844,6.12870729136279,7.539873031947132,3.0011706895981702,2.6435961569430577,2.0015596704206287,1.6926856720317476,1.8702271949398244,7.01592066398259,3.09496174006262,3.2583876333918482,1.904593843827186,1.8283446640796515,2.9995619940704072,4.35581505150785,7.463559823573684,2.108681542220713,3.1698020548993466,3.617424808667637
2018-04-18,441.0,2.073047104748516,4.4557640846281314,3.125325498124134,6.109750177502232,19.094958016916177,2.003909959262936,1.969916737605448,6.193554475271582,6.963319081031971,3.0034235572690653,3.0177112998767406,1.2187141813751403,1.8473470066220459,1.881313840882746,6.823589441600369,3.0140916502646022,2.9279603729398835,1.9017095250653815,1.832230524754941,3.0008381378777287,4.353632639662248,7.441392369051055,2.1093148178940746,3.157549249101036,3.654304291912883
2018-04-19,497.0,2.045938699176026,4.813236018787716,3.1923081423591952,7.315911316813856,23.354643265442654,2.073047104748516,2.008442431154065,6.109750177502232,6.524849356610448,3.1472587515370094,3.122573661999862,1.9846841115099736,1.9993937447452612,1.8960467504746128,6.7016510268104055,3.050617666134748,2.9279603729398835,1.9698276288927883,1.8359120732820464,3.001583431142076,4.345488720575933,7.421668641352411,2.108763591514178,3.1511203567879824,3.5874872604872934
2018-04-20,511.0,2.0446054285940938,4.930938146286583,3.2193637288954693,7.014445561958634,22.582051620481423,2.045938699176026,2.1088707420615287,7.315911316813856,7.169067873351332,3.2989135556751807,3.8838318762322266,1.6094816091537103,2.040965254395825,1.901403360192036,6.814659878268036,3.1498652881604183,3.341372279369606,1.9808348429582527,1.8457083185215477,3.0081461083546963,4.3440279609526025,7.41031686555866,2.109689003131428,3.1413385775045115,3.617678411793498
2018-04-21,518.0,1.518943880485835,4.628268550928779,2.968037158639541,8.811053305568047,26.15153361767972,2.0446054285940938,1.539925955492041,7.014445561958634,8.454332066089137,3.3564484110253265,4.064726202217921,2.134430453375717,2.054530410839545,1.8922226011252596,6.792570976640508,3.2675402394125057,3.6903772468166665,1.7904556175863198,1.8474115850675261,3.0084439945246926,4.363796201987325,7.4061043932809705,2.1158896514746086,3.1475905258473045,3.409143705786043
2018-04-22,322.0,1.5585206600319346,4.145793406809421,2.8239696319760754,7.990528507232425,22.56500984786349,1.518943880485835,1.6169068903788697,8.811053305568047,6.331295947485323,3.4464853869199548,4.715194842486907,1.8143857998459887,1.8698293360853178,1.8892251618386589,6.843531153708923,3.3672824512068207,4.221250973645681,1.9978243261295094,1.8390465034147647,3.0034880142511224,4.372199567630552,7.423645721236179,2.1264065367058316,3.171201884918523,3.5100296716795114
2018-04-23,406.0,1.71931856251243,4.402250334007098,2.9513589214795486,6.93969092866238,20.481518734618408,1.5585206600319346,1.921224170224334,7.990528507232425,6.12870729136279,3.1139476820294254,3.76756233235873,1.6549161999351625,1.7073566563706206,1.8808842717890966,7.080564376529938,3.3056271599915683,4.182494459021183,2.1322963851756565,1.8344935364136252,2.9991198999751423,4.3554541861297995,7.426853072482351,2.13299954833369,3.1683320928644707,3.602170910302206
2018-04-24,553.0,2.0467457828615325,4.770538422924728,3.182698088971582,6.484234588593968,20.637361033561454,1.71931856251243,2.003909959262936,6.93969092866238,6.193554475271582,3.1251165170227213,4.078468689707932,2.4990284816005386,1.598927701010066,1.8520406135445386,7.196419181858451,3.228516528657367,4.18707528818452,2.2998329645355517,1.833188315728677,2.9980194351146214,4.356265714573012,7.419301136408717,2.1253490691334043,3.167527876901261,3.8071527006971886
2018-04-25,637.0,2.0427880632984183,4.989199908260027,3.2321120599854543,6.875031656978879,22.220872731303217,2.0467457828615325,2.073047104748516,6.484234588593968,6.109750177502232,3.275853230754956,3.956829471721464,3.705238821498195,1.7748616684686318,1.8581600169157668,7.237944912333077,3.1716391432690343,3.934286831262705,2.4416105235937855,1.8333472890913796,2.997231194586997,4.3814640385979695,7.405221313076715,2.12108247253545,3.1755860877569377,3.941312439532149
2018-04-26,602.0,1.993716321879522,5.372315761609888,3.3059905936027216,7.275441162403377,24.052540047215615,2.0427880632984183,2.045938699176026,6.875031656978879,7.315911316813856,3.419684036562629,4.73481220901154,1.2285346341288237,1.9362841362241265,1.85383729670861,7.347270837972599,3.273551261446769,4.256703456813642,2.4734749494856962,1.8352848779636128,2.9997696836456287,4.39140073184824,7.404339625631906,2.1257601162014246,3.1812472215938365,4.1716322319623895
2018-04-27,588.0,1.9617947875616293,5.10672442290291,3.227776151812284,6.85883389562777,22.13878047754906,1.993716321879522,2.0446054285940938,7.275441162403377,7.014445561958634,3.6281391792616784,4.918757496527839,1.1664042915160031,2.0277500560131574,1.8463769570948239,7.34148938734253,3.441225482193088,4.536799725753611,2.5070826071762355,1.8382346514377395,3.0076388157728,4.416003141510651,7.399859918552903,2.122402876792574,3.1891549285830942,4.319478749147477
2018-04-28,455.0,1.7526039735186458,4.665481870444879,3.038140905296837,7.38650362267393,22.441238803168936,1.9617947875616293,1.518943880485835,6.85883389562777,8.811053305568047,3.4807321717626407,4.404063105479132,1.263648678265591,1.999433057579856,1.8345468655187573,7.319259149295263,3.5095184625289826,4.685877603672833,2.4780517472846664,1.8368034090334655,3.009315133006604,4.426364776551728,7.395701747934363,2.121410537705455,3.1906638578645277,4.367955449613364
2018-04-29,399.0,1.4218261122385596,4.4253395062182825,2.882912114874944,7.700662214848416,22.200332391746215,1.7526039735186458,1.5585206600319346,7.38650362267393,7.990528507232425,3.2467289794233083,3.0390840442043108,1.7941955685133573,1.9027050276532653,1.867926878809159,7.115752051738961,3.451866776815876,4.120634882070424,2.4032781436714843,1.833994179192849,3.0080685765700466,4.437411076571199,7.391265350343193,2.118044786378249,3.1924309806162188,4.128511049858707
2018-04-30,574.0,1.9842484236130828,5.181254967717846,3.2549673014612543,7.269488192839613,23.661946366051605,1.4218261122385596,1.71931856251243,7.700662214848416,6.93969092866238,3.1822178398138137,3.4702094635288865,2.131742926727009,1.7120749577729442,1.8483990862672481,7.074342581398389,3.303226330333254,3.6377855377374395,2.4607394407362118,1.8262923752618447,3.004366417581534,4.453664022773698,7.391620982070701,2.1164302669320487,3.194051467887818,4.086032068597301
2018-05-01,693.0,1.853576238907816,4.9794129289638365,3.157170747739781,8.473301862365538,26.751660776629485,1.9842484236130828,2.0467457828615325,7.269488192839613,6.484234588593968,3.3930176895429365,3.762336035946359,2.57607898005879,1.7195595031234288,1.8862462092816272,7.12145647628085,3.2739881695933524,3.4238765145598484,2.567395786834879,1.8276906191267508,3.0072831898323504,4.483754892739552,7.399112901448716,2.1192295409508737,3.1969532945819616,4.040870260917076
2018-05-02,616.0,1.962480821647251,4.97312763322991,3.1942201986728485,7.078673282636742,22.61084117920412,1.853576238907816,2.0427880632984183,8.473301862365538,6.875031656978879,3.5743737447174477,5.497461909693917,2.3725842438946656,1.753216924919819,1.858650560145382,7.405608943962503,3.383203091358066,4.243335803056384,2.535093347043037,1.8275895254358856,3.00888905209353,4.503446493191607,7.406674903658476,2.1174967769733386,3.2075013656487408,4.260960609198855
2018-05-03,518.0,1.8367051088976651,4.641128948121493,3.059375087058516,6.508307672978536,19.91135435362232,1.962480821647251,1.993716321879522,7.078673282636742,7.275441162403377,3.4877782288204866,5.0834480081546,2.6801155939311525,1.933435161389383,1.8471780970523581,7.434700604770769,3.48505655436029,4.781081984598289,2.5511262557291565,1.8347524522387673,3.0144162149800326,4.507166275366492,7.395774139457337,2.121927750884301,3.2085519190814162,4.310765723362149
2018-05-04,518.0,2.014037081471252,5.161428583214708,3.261603352132488,7.0504042235506015,22.995622049421694,1.8367051088976651,1.9617947875616293,6.508307672978536,6.85883389562777,3.3547835381903752,3.1089291849469274,2.1077087048390286,1.8842540564842436,1.8247479237692357,7.325110106281507,3.4723118372427693,4.563279700931812,2.3968924413924144,1.841468076916905,3.019707079368961,4.5145857903309805,7.3844658407661,2.132213964951809,3.21593479614608,4.052218821707734
2018-05-05,462.0,1.8113384916961304,5.174382925339577,3.198060180343675,8.099982087574974,25.904230175770557,2.014037081471252,1.7526039735186458,7.0504042235506015,7.38650362267393,3.326200943673889,3.539574649567851,2.4364047337848613,1.9377410040053888,1.8322111086134676,7.352477295984769,3.3895875702282505,3.9106506142231225,2.4375312269186113,1.8457742280843001,3.026514477786161,4.5360059549176395,7.385073238436976,2.128987548387853,3.228710876180044,3.9287204708632646
2018-05-06,427.0,1.410440927679605,4.600137615658989,2.938607605390144,8.940698440975213,26.273204436149566,1.8113384916961304,1.4218261122385596,8.099982087574974,7.700662214848416,3.4464643732534017,4.895348064701939,2.786638481920992,1.8873602273550156,1.840601754067394,7.454402790970631,3.3758162850392224,3.847950633072236,2.5677441467398374,1.8445997048708185,3.030879049123046,4.561776391976017,7.393116900961434,2.1176619493231446,3.2421649300704587,4.193901045220069
2018-05-07,602.0,1.86412176150614,4.837721397868804,3.122406360180181,7.019673406802081,21.918272891786497,1.410440927679605,1.9842484236130828,8.940698440975213,7.269488192839613,3.5038711374701617,4.704426594683612,2.354793907970387,1.7452721669489952,1.8389752991304003,7.631550823274459,3.425512151465817,4.379783102984464,2.5027710569724517,1.8380387688144892,3.031626695130599,4.582420052290582,7.404523798465776,2.1134645850351554,3.262809945706198,4.370217778242172
2018-05-08,532.0,1.942880419225884,4.665859294648726,3.1082281420213365,6.0073687518775225,18.67227261408531,1.86412176150614,1.853576238907816,7.019673406802081,8.473301862365538,3.370777518028003,4.646231818958017,2.8113325838925585,1.6953003936272915,1.821814347400837,7.59586299669767,3.440371009583855,4.748668826114519,2.3111879729793734,1.8389345568084772,3.033926641856685,4.614774581642498,7.417749879252148,2.106476498290527,3.2769468728133324,4.496488604386695
2018-05-09,525.0,2.07959441663097,4.580682757779762,3.1569694962384487,6.158214863999145,19.44129647692751,1.942880419225884,1.962480821647251,6.0073687518775225,7.078673282636742,2.991809013341635,2.981681240216086,2.169368224653684,1.7391477028038758,1.8345720874462752,7.243586838056524,3.2888192229466,4.110779884619235,2.0886058133283147,1.8377946213048795,3.0334632074039956,4.64645096269651,7.4074045636328565,2.1069666633115713,3.2779643386247854,4.137091365889862
2018-05-10,483.0,2.0713026454264654,4.950723770224199,3.2368301891482245,6.999840113749307,22.6572937993945,2.07959441663097,1.8367051088976651,6.158214863999145,6.508307672978536,3.170706632727058,3.3497199948998104,2.1567003686388757,1.962198865787664,1.8513026010153781,7.112092778251153,3.177764388032232,3.6592110180246347,1.863090520445356,1.8407053455856683,3.0359652126821133,4.669463927234885,7.40174777197146,2.116374145600652,3.286341711011777,3.8894159354248923
2018-05-11,427.0,2.1346149727009083,5.170938780041764,3.318524617683297,7.08139805835237,23.49979378425704,2.0713026454264654,2.014037081471252,6.999840113749307,7.0504042235506015,3.166216399626838,3.074197197286677,2.5099377842921253,2.0312591604277728,1.8848165348052066,7.1823116983612625,3.109577348565177,3.135199477467521,1.885597627748126,1.8478009262886634,3.044339994678649,4.698849259338096,7.391360294598905,2.1173881753601886,3.294582559695512,3.8844542229019994
2018-05-12,301.0,2.175469811732226,4.921358422798503,3.287806212232504,7.922906940703709,26.048982658585675,2.1346149727009083,1.8113384916961304,7.08139805835237,8.099982087574974,3.439691238033862,3.3436319411263944,3.182999156475529,2.095170678252781,1.9020419478380148,7.18673938904723,3.2588714234625855,3.255849711104291,1.9164718869599338,1.8525516131291446,3.049623323246416,4.728420637410299,7.3902159041955,2.120192454980433,3.3067255880570325,3.8564624074103624
2018-05-13,378.0,1.27351011322231,3.5681026431508225,2.5512550745496205,8.517081692004393,21.729247887079875,2.175469811732226,1.410440927679605,7.922906940703709,8.940698440975213,3.499980655606704,4.050908364386894,2.560521403378096,2.127129143286533,1.954060707843171,7.161442939494193,3.3686294310891345,3.489579167599985,1.7654071809921494,1.8568984176271284,3.0527964880514533,4.734583726706569,7.395604057535185,2.1236912886867927,3.312413171197601,3.735828164508213
2018-05-14,525.0,1.7712890536529051,4.465825648986999,2.9873166141300977,7.390793458307532,22.078640089606132,1.27351011322231,1.86412176150614,8.517081692004393,7.019673406802081,3.202862817241268,2.9151880231865666,2.4670242687732293,1.861198299218481,1.9344991629207005,7.100926261069789,3.3808449036272776,3.4365761095666154,1.6125215808325726,1.8458238301009418,3.042910049903611,4.680514704324121,7.397082516345938,2.126567015913794,3.297945614983988,3.4802226542943493
2018-05-15,658.0,2.0451059835895062,4.912455161069026,3.21529166629954,7.248411255588251,23.30575630400469,1.7712890536529051,1.942880419225884,7.390793458307532,6.0073687518775225,3.281152875479036,3.31234489695649,1.7316958835353635,1.740089659535813,1.9212373475130955,7.153943411284854,3.327998782775669,3.4261470948433135,1.5696355343738286,1.8445370311160407,3.0391790169480877,4.69675196731969,7.394303815537082,2.1253298691228406,3.2991162499445186,3.2896673797227023
2018-05-16,616.0,2.092939398597524,4.694824371672618,3.1903184358733063,7.965709351972243,25.413149400405455,2.0451059835895062,2.07959441663097,7.248411255588251,6.158214863999145,3.306535209880934,3.2680590892940566,2.4538397233370595,1.6966350501549066,1.9358409995650414,7.331235197529244,3.2635169675337465,3.1651973364790345,1.8552545733380417,1.849188797848244,3.041853437968887,4.729133882376254,7.3802397825503885,2.1240096385488285,3.308078066809664,3.3305785010195557
2018-05-17,427.0,1.7402243931211596,4.628927181803031,3.0238540099725104,7.5173374154757235,22.731330888102654,2.092939398597524,2.0713026454264654,7.965709351972243,6.999840113749307,3.405409897040281,4.041691224165509,3.068190807387461,1.969778145279978,1.9377474255602636,7.589448695811115,3.3310326608000835,3.5406984034720157,2.008973637441433,1.8572826753163898,3.048897857749496,4.746942593357663,7.381962089181869,2.1295376869346483,3.321552707057734,3.429431533771798
2018-05-18,434.0,1.9616753499747397,4.963547944926355,3.1915273042046044,6.953878305298568,22.193492481476422,1.7402243931211596,2.1346149727009083,7.5173374154757235,7.08139805835237,3.116761653731248,3.3373786706838358,2.0551261559204224,1.959423258436063,1.8904505323737912,7.663376881772032,3.276235586884154,3.549042994714464,1.8827404144630369,1.8592535527326415,3.0511797742760343,4.760471448869969,7.37739530134619,2.1315395263065167,3.3253306436064736,3.4670288871142496
2018-05-19,350.0,2.082801687130342,4.907556912514781,3.2328168036164238,5.655088786551035,18.281866055105,1.9616753499747397,2.175469811732226,6.953878305298568,7.922906940703709,3.3478538117989296,3.156406227335878,1.841917568523983,1.9316130472311406,1.8657448719843386,7.645159774192917,3.290008454190153,3.511825374061738,1.8677075559404093,1.860411870174927,3.052767383188958,4.7773975775465765,7.368728726272431,2.1361868369929464,3.3320171456152043,3.440282356572747
2018-05-20,350.0,1.822264164274878,4.101382946506517,2.906232105595765,7.735956161947478,22.482484165333155,2.082801687130342,1.27351011322231,5.655088786551035,8.517081692004393,3.2901059243609705,3.623513384317529,1.0024462858206848,1.9282338100754133,1.852506568469784,7.321185752171106,3.251573796630383,3.3724327607790783,1.8673464099794364,1.867431782143273,3.055486226726835,4.7805416073374785,7.348158555746784,2.139955250106636,3.3317235579047306,3.379225930848552
2018-05-21,560.0,2.086340832423568,5.050336359163449,3.2673551297093497,7.177797177082733,23.45241242655456,1.822264164274878,1.7712890536529051,7.735956161947478,7.390793458307532,3.080793168837216,2.677469251379378,0.8884172185925181,1.9555804004599862,1.9309000043344364,7.209596390734404,3.239584301665705,3.1524629543442586,1.8981192813915162,1.8695387424278507,3.0551800582193107,4.75288976734481,7.352236275188454,2.1496546630925173,3.322535049831793,3.345266106304668
2018-05-22,448.0,2.228806851021036,5.647966487445122,3.469594111693354,7.599857112609738,26.3684194876216,2.086340832423568,2.0451059835895062,7.177797177082733,7.248411255588251,3.358343705462528,3.661608881520988,1.889245634654753,1.997135561276262,1.975907401301674,7.179168350559434,3.243080932886905,3.320863839072629,1.9132728524559912,1.87138537775078,3.0587741668343327,4.7669586942859645,7.35819125899105,2.1577951059918323,3.319596993783213,3.395160961242454
2018-05-23,455.0,1.975657829552943,5.1514903698608006,3.2442546864381367,7.467801532831549,24.227450120278654,2.228806851021036,2.092939398597524,7.599857112609738,7.965709351972243,3.615794681115725,5.268632383986236,2.6699595378197136,2.045803949239827,2.002150382363321,7.229374901562503,3.351643851805157,3.869236838962198,1.8696363380234924,1.8759642632495301,3.064789858856078,4.817031130307155,7.357285578994533,2.1641259363387824,3.3363252270860895,3.6809571461984794
2018-05-24,532.0,1.922946736676546,5.026817258212295,3.193158741335264,8.182089668214108,26.126711146446826,1.975657829552943,1.7402243931211596,7.467801532831549,7.5173374154757235,3.663868823829141,5.077193382722155,2.0107378656129704,2.0969351709991817,1.9853958724998095,7.158245213113831,3.5460024034691315,4.669144882743123,1.816067625716066,1.8790079632911716,3.069355522741804,4.8420057981689455,7.3436085592096,2.1638075648030313,3.3542836373129696,3.828886025992286
2018-05-25,399.0,1.977838349472372,4.800936793227303,3.1574724919860047,7.941762386998455,25.075896274836733,1.922946736676546,1.9616753499747397,8.182089668214108,6.953878305298568,3.519444419240115,4.6092006949159545,0.9849269548033855,2.042470472416841,2.011499064436293,7.253209820647887,3.5997026413949933,4.985008820541445,1.8973126372436897,1.8843522934469061,3.0759767843345776,4.850548426011864,7.337074084776849,2.1717086512501043,3.3624033435958087,4.010574886596873
2018-05-26,385.0,1.441736407706406,4.186370740146941,2.8070417029313157,9.155740012461674,25.700544036176804,1.977838349472372,2.082801687130342,7.941762386998455,5.655088786551035,3.450907367924984,5.185105293072092,1.5417152433127737,1.958814305233953,2.0138080643645266,7.394336118033586,3.5447402036647464,4.957166456903398,1.7875360366878663,1.8854788217727567,3.076917201406791,4.844272988844107,7.332120447407007,2.182203267159736,3.3634441213078867,4.300389038844904
2018-05-27,448.0,1.5070440748538347,4.43096546913436,2.902411337523465,8.791955667909491,25.517871809544197,1.441736407706406,1.822264164274878,9.155740012461674,7.735956161947478,3.0896082892231083,1.9969842562585447,3.0017795585701768,1.7808404979517742,1.922227310161107,7.894429150306534,3.353320025462736,3.930430081415528,1.6719226077563303,1.8770494862456075,3.0719972473736235,4.804741488128675,7.345330896998815,2.1770772276621284,3.345493091639935,4.068027734836479
2018-05-28,637.0,1.9548651122532732,4.578940814156465,3.091651579683367,7.223269498993129,22.331832557040787,1.5070440748538347,2.086340832423568,8.791955667909491,7.177797177082733,3.142186658124576,3.0034045666224016,1.9644506673162607,1.6422062773442037,1.8771958688152437,8.045286222586821,3.2275674384242223,3.395164705317677,1.6540769108198141,1.8692330255900587,3.067781697859697,4.7822161896697235,7.362698687928167,2.173484057907026,3.334208241185333,4.11458992272834
2018-05-29,427.0,1.9736092390654263,4.586403992590779,3.1023358173247977,7.861790990164566,24.38991577710892,1.9548651122532732,2.228806851021036,7.223269498993129,7.599857112609738,3.212440597394155,3.3373786706838358,1.0056130738059783,1.634548531604504,1.8584136230766302,8.051782268574021,3.1480785149139465,2.7792558311882574,1.6459111152125487,1.8691976507095955,3.06878183608221,4.779331487793443,7.371464345663648,2.16875766650791,3.3330652951176942,4.068271321180174
2018-05-30,483.0,2.07959441663097,5.015555195862448,3.256055905246377,6.80287955969494,22.150556163024582,1.9736092390654263,1.975657829552943,7.861790990164566,7.467801532831549,3.1522105850707507,3.1019928646978667,2.56472952816132,1.811839475390844,1.8219568213686859,8.089201393938996,3.1689459468631607,3.1475920340013652,1.5132638390982538,1.8769388836497094,3.0747785717512,4.784700304005859,7.380166509188604,2.161864356959337,3.3320650532929252,3.758751389853264
2018-05-31,434.0,1.9123924472581453,4.902502820890696,3.156944334810146,6.936487451827965,21.89810476452996,2.07959441663097,1.922946736676546,6.80287955969494,8.182089668214108,3.381506343889383,3.961658741983928,2.008209843886158,2.002689589316556,1.8368049052369755,7.994212540633767,3.2487191754514293,3.4670100924552067,1.5767657532661008,1.8831808952536246,3.0805408927861193,4.779176978277346,7.374369565614428,2.1564479762084763,3.33168134177114,3.599389298319232
2018-06-01,700.0,2.176384028802949,5.034035921027957,3.311973134919405,6.529758510448054,21.626384764115304,1.9123924472581453,1.977838349472372,6.936487451827965,7.941762386998455,3.403242971897364,3.999620331417513,1.2003370546879455,1.9885320343181798,1.8352971496057755,7.816269366864318,3.3123199669524994,3.687757312699766,1.745215286907155,1.889460928026518,3.0848985726102343,4.776613308008241,7.364746940346103,2.166330995911802,3.3259769826771377,3.5123063892480255
2018-06-02,469.0,2.269411778304184,5.375071421382282,3.437422194479069,7.470498876228795,25.679258640979803,2.176384028802949,1.441736407706406,6.529758510448054,9.155740012461674,3.383390680426297,3.3497199948998104,1.647790240764099,2.056123630897354,1.863660818081572,7.614554527357116,3.3893799987376814,3.770333022767081,1.926655488448038,1.892125338820865,3.086935053333571,4.778643584268177,7.3488853903202,2.168487719388369,3.322497397730664,3.2501084895091283
2018-06-03,405.0,1.901612945651732,4.68132874510494,3.0949687845388683,7.906291592842256,24.46972568130887,2.269411778304184,1.5070440748538347,7.470498876228795,8.791955667909491,3.7242012050963456,4.718717545142694,2.6963239575426843,2.1193960847884257,1.9819001567383974,7.373805793609563,3.5036116191400026,4.022685957153336,2.099913381330933,1.8996621223488432,3.094376863388008,4.803108333376869,7.354256915842481,2.1636785611207463,3.3348113199608638,3.638927530778293
2018-06-04,455.0,1.80476475009281,4.455286569405615,2.996284724666716,7.36775202767449,22.075882855653298,1.901612945651732,1.9548651122532732,7.906291592842256,7.223269498993129,3.5802188620630604,4.396032370778468,1.5894696811642757,2.115802917586288,2.0382671382809545,7.247282354314243,3.5626035825285673,4.154823303606988,2.1911846460597295,1.8984612197888382,3.094530859408127,4.787105005439877,7.361387838294568,2.1553881001857165,3.3432785839071695,3.837874359943445
2018-06-05,420.0,2.1307174624877327,5.153292890133922,3.312841615418184,5.338262975524767,17.684819739364553,1.80476475009281,1.9736092390654263,7.36775202767449,7.861790990164566,2.8542315902064828,2.3114953887942797,1.5743281544993442,1.9919298246829082,2.0168242294008882,7.267922715554438,3.386217219121963,3.808748434905145,2.1076861676002827,1.895599588015604,3.093495513223129,4.763135126908745,7.363537263537425,2.159730228894539,3.3235374911389384,3.691319605387794
2018-06-06,378.0,2.1045079117073824,4.648100478509956,3.186556879904757,6.550986014188584,20.875089553672474,2.1307174624877327,2.07959441663097,5.338262975524767,6.80287955969494,3.265308610982524,3.149777558738593,1.7962933242705568,1.9456983860774244,2.03926826131836,6.907418713463038,3.2332530210840225,3.285768439437111,2.2347703851222973,1.8999557362097597,3.100424615945497,4.78157363605791,7.3469846456473595,2.1566729323786333,3.3155854069226844,3.698145990250755
2018-06-07,539.0,2.2787300832089565,5.330604569261951,3.434634306342525,4.2853462576744725,14.718597271165297,2.1045079117073824,1.9123924472581453,6.550986014188584,6.936487451827965,3.139699808758091,3.4642884098951625,1.1989158413654055,2.013330041429308,2.0428273320435624,6.871433921247844,3.0864133366490325,2.9751871191426758,2.219770735093566,1.9038316140325964,3.105714792013909,4.775252938745948,7.337588232563889,2.1470059943142568,3.3078828166136867,3.6270930856666466
2018-06-08,497.0,1.9193604668337816,4.667583793661151,3.0985874647749143,5.982791785330181,18.53820363038243,2.2787300832089565,2.176384028802949,4.2853462576744725,6.529758510448054,3.454536218688656,4.055559622209557,1.0754171761323337,2.1713184858013563,2.095161280036535,6.492699464940202,3.286514879476423,3.556541863614435,2.245956506114648,1.9141305011624181,3.1175259278342855,4.797411114566388,7.3199780919319615,2.1514159281093663,3.3233070567919207,3.6350844129226525
2018-06-09,420.0,1.8696516723936107,4.994238330067681,3.166327635890333,6.216944368064149,19.684882763394278,1.9193604668337816,2.269411778304184,5.982791785330181,7.470498876228795,3.212774675541625,3.4347419791434484,1.590629671513241,2.1008661539167064,2.0584436283266543,6.414561361351936,3.2690035676627907,3.6515300037493863,1.9840733817205076,1.9142048781575276,3.1208488549490694,4.800307815762435,7.3145374088678095,2.1496059967693495,3.32470932488574,3.6472304106717433
2018-06-10,273.0,1.8593310391090956,4.990957763774684,3.162104299642853,6.942475253654369,21.952830849744586,1.8696516723936107,1.901612945651732,6.216944368064149,7.906291592842256,3.401159154016859,3.6938606288071822,1.7677930247426192,2.0225807408121157,2.001335041768001,6.2354821458998435,3.3561566827490465,3.72805407672006,2.019846981246876,1.913260682069713,3.124456785566236,4.801758301090552,7.311458906988258,2.1406974662999336,3.332540750032074,3.50082227976667
2018-06-11,476.0,2.4033546981526235,5.6348392604867,3.576427807970009,5.067536026246036,18.123676762156162,1.8593310391090956,1.80476475009281,6.942475253654369,7.36775202767449,3.314851509345257,3.70460092734586,2.033983080339205,1.8827810594454952,1.9952947694047671,6.09779409744443,3.309595112967914,3.611067845098827,2.093710913896671,1.9114175870947738,3.1267195936550847,4.795758933881648,7.309277056124355,2.135036112939269,3.3283794257424537,3.402046359276298
2018-06-12,427.0,2.4345821738421214,5.482742500338053,3.5762403216639846,5.828372212149759,20.843659714755884,2.4033546981526235,2.1307174624877327,5.067536026246036,5.338262975524767,3.602027233942837,4.80325636207681,2.753474889986724,2.044112469885109,2.0808076191275977,5.769191811526079,3.4393459657683176,4.0672393060766145,2.396242740368592,1.9179994582114164,3.1337319763370433,4.819541628471255,7.292396595489464,2.1339829947180893,3.3317809783536583,3.7580122126023734
2018-06-13,483.0,2.202743046065538,5.539027278033339,3.433334492168272,7.683134009749999,26.37876900362579,2.4345821738421214,2.1045079117073824,5.828372212149759,6.550986014188584,3.747657414380002,5.297830327034358,3.0663747350567383,2.232422637034613,2.124216863606796,5.839207416758222,3.554845385889365,4.6018958721523395,2.392311639405936,1.9234279820744262,3.138165127590879,4.883362957044162,7.2730541143792395,2.1259268342184954,3.3499407982582827,4.064876893787483
2018-06-14,364.0,1.573149383002954,4.209288595015603,2.848898724557908,8.008135534150254,22.81436710932752,2.202743046065538,2.2787300832089565,7.683134009749999,4.2853462576744725,3.734505708444845,5.517740441861866,2.4117210915456693,2.346893306020094,2.1382504542293894,6.000942844695566,3.694730118922562,5.206275710324341,2.478149371462153,1.9344749335839848,3.1493036870149123,4.919136344679042,7.269468672898166,2.118214418211048,3.365052559357143,4.35822718406844
2018-06-15,434.0,2.068212302666589,5.102864170939026,3.270934325724121,5.801996129655752,18.977948298209498,1.573149383002954,1.9193604668337816,8.008135534150254,5.982791785330181,3.046379774793533,2.767668554064198,1.7143160292339088,2.0701582009702038,2.0374532113428176,6.532769884192106,3.5095142992061263,4.527746440986805,2.2057852067016324,1.933745641794386,3.150484954193319,4.895697459143927,7.270461289676091,2.1176192721375884,3.3563807115208966,4.17424274576196
2018-06-16,364.0,1.872181102156548,4.70796933184533,3.090565134810677,5.606111903319128,17.326053990245224,2.068212302666589,1.8696516723936107,5.801996129655752,6.216944368064149,2.8846028611701007,3.3436319411263944,1.0061403222971146,1.9480349105783599,2.058717759318933,6.506941933381474,3.2218294481361593,3.8763469790174825,2.260469207417536,1.936195444001757,3.1555010649252386,4.90929878578614,7.246272407245007,2.1100894154267964,3.3390204769918905,4.161227026045238
2018-06-17,259.0,1.7986712915633882,4.410321665226295,2.981624273683006,6.069561100503822,18.097150707864337,1.872181102156548,1.8593310391090956,5.606111903319128,6.942475253654369,2.899026983944308,3.3373786706838358,2.6573825473967214,1.8378475959420297,2.0590791064279244,6.419680152703614,2.943336539969314,3.14955972195814,2.0474126545832254,1.9339999630499838,3.1564958697786087,4.911933524120883,7.224336042993849,2.1063011754451044,3.331762654665659,4.110301032027617
2018-06-18,301.0,1.9262051273027352,4.663053940449837,3.100284183300203,5.807886887543365,18.00609985584734,1.7986712915633882,2.4033546981526235,6.069561100503822,5.067536026246036,2.9451023633149327,3.169926178907204,1.928985530138088,1.9130215654621745,2.050413428207109,6.294978130824965,2.9095774028097807,3.2836455969058087,1.9439817297064939,1.9294270328302319,3.1541008493712566,4.893492648130882,7.2104687045408475,2.1063011754451044,3.318337606382859,4.03391892510781
2018-06-19,427.0,1.9841921771248865,4.714142257581899,3.1388330196362846,6.24944151515224,19.615953382045664,1.9262051273027352,2.4345821738421214,5.807886887543365,5.828372212149759,2.8224252415369726,2.088893729186553,2.936775287134297,1.8656858403408896,1.9822492037999822,6.400742539581726,2.8888515295987376,2.8653995262591945,1.6494560627693993,1.9274314732990103,3.1525671167202733,4.88534254906205,7.17874218882351,2.105795620045447,3.3027482502887255,3.6461528346949157
2018-06-20,405.0,2.287270110297911,5.394112189500106,3.4523636983822232,6.020023074870601,20.783309127106595,1.9841921771248865,2.202743046065538,6.24944151515224,7.683134009749999,3.009437430732401,1.91256241265873,1.233192864297754,1.903022865330336,1.9179077756975198,6.460895297153508,2.9256550118614353,2.3904607735841594,1.5194933291724946,1.9264245857745235,3.1512249382326205,4.90576785943123,7.158466734235756,2.107153768323912,3.300369725685232,3.1625431326412543
2018-06-21,476.0,2.503460224878262,5.813690795929843,3.686074265409129,5.494014066200791,20.2513438632185,2.287270110297911,1.573149383002954,6.020023074870601,8.008135534150254,3.2936755306874548,4.183701932625872,2.662136288230248,2.0658891382418436,1.9299830705878587,6.223308020742166,3.0418460676522763,2.7283860248237155,1.5805269260920622,1.9392300229380581,3.1592970472283315,4.917227053775785,7.1390416873616065,2.1087672276060294,3.2982141198593964,2.9719662027503984
2018-06-22,385.0,2.4139948646642395,5.686123124871438,3.593068136133831,6.965261040898085,25.02665750590527,2.503460224878262,2.068212302666589,5.494014066200791,5.801996129655752,3.724425954109993,6.272409215100036,2.231363557782472,2.2583075041003524,2.0628846194271886,5.8641478110351,3.342512971843283,4.1228911867948765,1.8518274569705893,1.954979015685497,3.173665457785549,4.922751197391942,7.113830352801889,2.1091689033607417,3.3018351622925386,3.4726434400412325
2018-06-23,238.0,1.9824443171455437,5.963212123993601,3.449518208632238,8.379768378401872,28.9061636054179,2.4139948646642395,1.872181102156548,6.965261040898085,5.606111903319128,3.787605752684833,6.330974979816893,3.1238631076005645,2.40157506661347,2.112282128283996,6.030328512641147,3.6019024124940935,5.595695375847598,2.0593436477380718,1.9665569540546934,3.1843606113631204,4.94057228922563,7.096239118067671,2.1091513137370996,3.3059597265877283,3.8994067312827316
2018-06-24,427.0,1.9846980904134413,5.603770646747952,3.3606900151071315,7.043146313552557,23.66983149089468,1.9824443171455437,1.7986712915633882,8.379768378401872,6.069561100503822,3.881478522123493,6.116697678497785,2.62986484065813,2.2999664688960144,2.1280340161395666,6.426565151938683,3.797836742972773,6.240027291138236,2.3501026816324675,1.9654852629594273,3.1888076133574654,4.971785451418341,7.091578117303912,2.111866200962665,3.3180275300171744,4.296452303827581
2018-06-25,497.0,1.9559884823415583,5.533541234426957,3.334195943281943,7.69569420358286,25.658952394324338,1.9846980904134413,1.9262051273027352,7.043146313552557,5.807886887543365,3.7830457880638986,6.141025357404756,2.5298496545316085,2.1270457574077404,2.154609273118145,6.565648753802788,3.8173766876240744,6.1962326719064755,2.6454453782379397,1.9645170967446774,3.1909505792761594,4.9985465798690285,7.086587844029271,2.1055919385530437,3.3290988106884716,4.720895043612947
2018-06-26,574.0,2.252568458457861,5.878790243442253,3.529455016258594,6.344650685906782,22.39315918978222,1.9559884823415583,1.9841921771248865,7.69569420358286,6.24944151515224,3.800725107012835,5.369698288662997,1.030226133810649,1.9743769633001802,2.1588640381236917,6.835335513237,3.821749805733409,5.87580710818851,2.8962161850200983,1.9638882994190447,3.19142066843748,5.043452263011695,7.092928765647959,2.109898692808209,3.3528027046147955,5.189581409252439
2018-06-27,434.0,1.9366481034638228,5.225238671704576,3.2491503944503544,7.031900973143556,22.847703820625217,2.252568458457861,2.287270110297911,6.344650685906782,6.020023074870601,3.750607846942488,5.585806051334397,1.6159808693090805,2.064418343737619,2.1972035068855456,6.8489368233447925,3.7781262473397406,5.69884323246738,3.086716243809936,1.9687345272673153,3.1964486495115856,5.091713088821959,7.098737662181936,2.114731118850265,3.373083410908726,5.71433050049182
2018-06-28,448.0,2.098925112850949,5.601317176479561,3.400363148299306,6.105759730244179,20.761800379092218,1.9366481034638228,2.503460224878262,7.031900973143556,5.494014066200791,3.756404837727065,4.932057546204065,1.170740418390072,2.0484016814210797,2.1471146487663897,6.993490808812358,3.769245930560796,5.29585396206715,3.0432552379759654,1.9718019294330682,3.1999654743308104,5.113256350740229,7.100622668361466,2.1219053681317326,3.3912155522531564,5.821238445288705
2018-06-29,427.0,2.185422106755387,5.240008347256797,3.360716248492211,5.87859751106808,19.756298173792366,2.098925112850949,2.4139948646642395,6.105759730244179,6.965261040898085,3.876498768851727,5.4811119030888165,1.5073470836453533,2.09604722492421,2.0893239184767736,7.080883046532842,3.7945038178404267,5.332991833542423,3.1040892569741527,1.983086912776608,3.208589658221216,5.147086790203189,7.101090669643557,2.117157806683403,3.4153584917125226,5.708195972144245
2018-06-30,399.0,2.0779689210152883,4.949734107849741,3.240044308811518,6.276800228708762,20.337110858574658,2.185422106755387,1.9824443171455437,5.87859751106808,8.379768378401872,3.462200180657345,4.1505628403889,1.0621834390409008,2.073665107690052,2.0566706673469377,6.92564539941427,3.698367929078712,4.854577429893924,2.993262332038472,1.9864398074956464,3.2103521406717324,5.154568561916333,7.103331886613544,2.123353533603794,3.4180482862714543,5.396708523654531
2018-07-01,833.0,2.0885401154937755,4.968226309319085,3.2496525772397065,7.780159518789153,25.282815431569205,2.0779689210152883,1.9846980904134413,6.276800228708762,7.043146313552557,3.360164723868112,3.229314097254066,1.7201257054797985,2.120772046873874,2.0703170393283297,6.625221378029541,3.5662878911257274,4.286996280243924,2.927298965262494,1.990179685530771,3.211733366689595,5.156142938148302,7.110640983506562,2.124103576404621,3.4166123446704786,4.984225154905428
2018-07-02,483.0,1.997670255184338,5.618296752625237,3.3684526524076097,8.233051514240211,27.732644210550927,2.0885401154937755,1.9559884823415583,7.780159518789153,7.69569420358286,3.777730752981089,5.658719718722505,2.957084832968581,2.1173103810881493,2.0851516143398063,6.730508978777624,3.5333652191688487,4.346198885455155,2.7564808957527203,1.9922806737615464,3.2126572396657087,5.153949284424672,7.12865439319356,2.1296662193539997,3.4297570137556392,4.915324349379392
2018-07-03,441.0,2.3751198039298758,5.15980387052743,3.474461137305955,7.641183716573543,26.548995866249854,1.997670255184338,2.252568458457861,8.233051514240211,6.344650685906782,3.881404422066216,6.274535745826833,2.9293298499603377,2.0547264305644664,2.091106153317346,6.8072743088715315,3.673099966305139,5.0541898539344645,3.028945910850026,1.9949634261996576,3.2178085324215275,5.162056795466104,7.14471353343915,2.128857405576433,3.4349971209879677,5.044586843259941
2018-07-04,483.0,1.8259545394639487,4.668822397744725,3.06305965009492,7.364491167349399,22.557875738188383,2.3751198039298758,1.9366481034638228,7.641183716573543,7.031900973143556,3.890346091701887,6.420855340683545,3.068594204681459,2.153776724869329,2.1086134883847767,6.992493313252497,3.8498270889163972,6.118036935077625,2.9515291709984592,2.000981471573968,3.2213561621744184,5.1780059663135205,7.154279549398658,2.124983071697725,3.445334695309262,5.163879598881247
2018-07-05,489.0,2.1864833332282214,5.52608481682025,3.4223772577255227,6.76491652034598,23.15209644964376,1.8259545394639487,2.098925112850949,7.364491167349399,6.105759730244179,3.1433366049704183,2.574368572834564,3.2060536556508423,2.066248199526053,2.0928001220990806,7.0400061981390465,3.6383623729128405,5.089919886448311,2.7670849544190514,2.0012250723700986,3.2191061533369387,5.185123827258157,7.15567923744167,2.1152114128253583,3.4549715291347263,4.82706688839989
2018-07-06,419.0,2.308114559335664,5.780828604298509,3.539743635676873,7.397807257349655,26.18634115716762,2.1864833332282214,2.185422106755387,6.76491652034598,5.87859751106808,3.7104188730741674,4.775394597717531,3.574745959883657,2.129185892207348,2.1053084392958334,7.134171453867876,3.581367189915491,4.590206170411878,2.746356301350651,2.0141591124625755,3.2271689808758617,5.197550224814368,7.168785340744445,2.108952510942269,3.4698085378711148,4.726250130489707
2018-07-07,294.0,1.7756062712070129,5.717328986956244,3.3390376082819224,8.836265862642861,29.504624032142218,2.308114559335664,2.0779689210152883,7.397807257349655,6.276800228708762,4.04094936133476,6.63528528990133,2.8175790865160115,2.106850810675944,2.1228359325215873,7.351201417622386,3.631568279793115,4.661682820151139,2.8948016689365965,2.021558992426401,3.23412460213414,5.23530782900732,7.175555710407377,2.1015166292145078,3.4998501896236704,5.0812104804200535
2018-07-08,273.0,2.085555064140922,5.546979954843064,3.3823798200934245,7.48870979222901,25.329660879771424,1.7756062712070129,2.0885401154937755,8.836265862642861,7.780159518789153,3.917515047626349,5.8410249300505,3.053626117008662,2.0900680545902985,2.0796412682632623,7.716839365327258,3.8896277606784255,5.750568272556451,2.8876453652641443,2.0187710899594196,3.2379714265718165,5.248198642930464,7.198109107446211,2.0927165214851993,3.515282817254927,5.454312027962401
2018-07-09,553.0,2.2950635748845,5.291760551724341,3.4380372523142237,7.780036779941553,26.74805627381386,2.085555064140922,1.997670255184338,7.48870979222901,8.233051514240211,3.957304341596125,6.572431609846981,2.652857792130786,2.0564252982278655,2.079214832355712,7.6752036901043805,3.9719229168524106,6.349580609932935,2.9680220177336487,2.0188704340845853,3.241728265302733,5.277511848303194,7.203396948243739,2.0880053736409754,3.540100472790077,5.584842298123041
2018-07-10,385.0,1.68541745011084,4.430905057303397,2.94904283089184,7.320903504491796,21.58965799557248,2.2950635748845,2.3751198039298758,7.780036779941553,7.641183716573543,3.852347423373263,5.712294148375914,3.3551679829476524,2.0520749700774776,2.121699592312878,7.610487299490286,3.909055604198579,6.04191689609113,2.6434460593535922,2.022599782908886,3.2450817163554997,5.287429255691749,7.19828723530021,2.08158659670999,3.555140081768623,5.504522069915767
2018-07-11,427.0,1.9904119267889815,4.674467577646501,3.132027059470281,7.305652408335142,22.88150102998989,1.68541745011084,1.8259545394639487,7.320903504491796,7.364491167349399,3.0203585976142,2.5025296781024347,2.292805730131692,2.0220120297120867,2.023170684624444,7.564732983478608,3.6100034541945294,4.929085145441774,2.4774220830381948,2.015113157532385,3.238923686575642,5.268760832142706,7.19439911547279,2.0890895916419407,3.5453236513775885,4.944761260975609
2018-07-12,392.0,2.0657250263122835,4.849364744926771,3.2106637760773995,6.715477490505995,21.561140317830755,1.9904119267889815,2.1864833332282214,7.305652408335142,6.76491652034598,3.0185715780057603,2.4187537322563517,2.7443100882189952,1.990297650594773,2.046664597099449,7.556327446476572,3.297092532997741,3.544525852911564,2.565727170403206,2.0120288594499973,3.2363273673629385,5.2367484427147,7.180277299613549,2.088695155328536,3.5258751295130186,4.922530569464435
2018-07-13,434.0,2.343637441406564,5.383665737622145,3.4887687628434003,5.949420137957274,20.75615113433681,2.0657250263122835,2.308114559335664,6.715477490505995,7.397807257349655,3.283611146648468,3.293426708103984,2.3790194733152443,1.9138514677373675,2.029413410397172,7.5492647279280005,3.107513774089476,2.7382367061542543,2.4489511027943123,2.0252324413348304,3.247317512388401,5.215635850867657,7.162735285280712,2.0915096952516863,3.5104069205886343,4.710820870948213
2018-07-14,252.0,2.260135041905829,5.751400855794468,3.5072349452703144,7.346593266137924,25.766228631686502,2.343637441406564,1.7756062712070129,5.949420137957274,8.836265862642861,3.4217001669542118,4.631462761928727,4.724834192197148,2.133258131502609,2.0344881078358723,7.342352282300518,3.2412942972028134,3.447881067429685,2.239202831174883,2.0347715811307245,3.2556750482002896,5.21045713285395,7.1413611785346545,2.0946508505792956,3.4999800692056136,4.42456050980927
2018-07-15,308.0,2.1310719280050003,5.810844787696785,3.461116798566208,7.097315074783156,24.564636430049163,2.260135041905829,2.085555064140922,7.346593266137924,7.48870979222901,3.8173601826512136,5.692017588170684,2.5117089380477005,2.223165836541558,2.1037065036499887,7.129541911371241,3.5075571654179645,4.538969019401129,2.2465886094510066,2.03835539876933,3.260540769516469,5.261860874879913,7.135340268962671,2.0997954638826943,3.525679416134203,4.403273746683582
2018-07-16,504.0,2.5853684412206475,5.964380434294189,3.783763678701338,7.244958292880713,27.41321004230809,2.1310719280050003,2.2950635748845,7.097315074783156,7.780036779941553,3.867854301596805,6.318518847729093,1.361748276074929,2.244948137105797,2.110208912773428,7.073628380307548,3.7023048837340773,5.547333065942833,2.384649808412761,2.038990940926121,3.2650540755613506,5.285460228771838,7.141177042382951,2.105671382812425,3.558454464148426,4.367000494952456
2018-07-17,406.0,2.4780441919086527,5.905911517273026,3.6787589301748937,6.904223749559433,25.398974774617354,2.5853684412206475,1.68541745011084,7.244958292880713,7.320903504491796,3.778249797526615,5.980762603051797,3.2100674114688483,2.3255251370438246,2.1516810365357353,6.997188596441714,3.821154760591545,5.997099679650522,2.611385847715404,2.0530766750611127,3.2777192367068313,5.327340598853467,7.146872588321329,2.116641441129081,3.587761891267837,4.405353131334725
2018-07-18,406.0,2.0960688864942023,5.795370240026368,3.4443522749862243,7.84624606847875,27.0252354960665,2.4780441919086527,1.9904119267889815,6.904223749559433,7.305652408335142,3.933537025712678,6.708052394863016,3.33192330323331,2.3981615203780993,2.264913428221137,6.937662917165662,3.859880374945366,6.335777948547967,2.7534434560952077,2.061682822426678,3.285839763806336,5.377193593921691,7.146551747920827,2.123766843280228,3.6207097133477615,5.006142090871951
2018-07-19,350.0,2.320402181699286,5.805430883810483,3.5516938274005465,7.220203349646322,25.64395166951559,2.0960688864942023,2.0657250263122835,7.84624606847875,6.715477490505995,3.872999629405299,6.1585577153287785,2.694215962511829,2.3864938398745,2.280007279607597,7.014890582900463,3.8615954842148645,6.282457571081196,3.0242792351671457,2.061903942416076,3.2893653549958324,5.414937470574242,7.151362027236531,2.130648543028053,3.6557288596100386,5.540399802739439
2018-07-20,378.0,2.347247153448625,5.875089842473633,3.5810876220263044,6.905063840601693,24.727638648880138,2.320402181699286,2.343637441406564,7.220203349646322,5.949420137957274,3.692685962756171,5.931743092999569,2.9416560406017758,2.2981717533673796,2.3163897303771686,7.086994277063368,3.833074205958049,6.2661177343971195,3.1692279159881642,2.0702062427064822,3.300123050359246,5.4513137581151945,7.149872678761572,2.135365843816139,3.6785038106774977,5.91730214343881
2018-07-21,203.0,2.248677049264576,5.376893712953485,3.425150971131932,8.964759573851154,30.705654960340567,2.347247153448625,2.260135041905829,6.905063840601693,7.346593266137924,3.757599579295591,5.361170195980111,2.4528024835367503,2.25457274054737,2.3169054035260346,7.223514806012571,3.7744283904856872,5.817157001436151,3.364015721670657,2.0745546813902336,3.305351925231195,5.467346346547645,7.148183486444689,2.142203412198219,3.6939679456311025,6.021546062589006
2018-07-22,280.0,1.256766056115288,4.076096850806522,2.7320019441469867,9.554247101531958,26.102221656246023,2.248677049264576,2.1310719280050003,8.964759573851154,7.097315074783156,3.784647467001094,4.827456835552273,1.349541103839919,2.3054421281374946,2.3152685474344272,7.454681421400175,3.7449776696842854,5.373456708177315,3.4211252653449873,2.074885851360959,3.304611206221838,5.452786443781767,7.159404197023515,2.1478118784412352,3.6959753293941393,5.898037383643519
2018-07-23,364.0,2.096419465338523,5.256930952005117,3.319674981386587,7.323792003099487,24.312609081568525,1.256766056115288,2.5853684412206475,9.554247101531958,7.244958292880713,3.618084021226596,3.951990808516692,1.9798838876300084,1.9508967529428285,2.1903677085930395,7.805671710935718,3.7201103558410935,4.713539280016357,3.0844275845016482,2.0629043218036647,3.296073660516986,5.399118901312936,7.168708337296137,2.1672033250046026,3.6903246050121985,5.55996194947032
2018-07-24,315.0,2.0761831125014782,5.095563586666526,3.27293567713152,6.870247067217219,22.48587673700343,2.096419465338523,2.4780441919086527,7.323792003099487,6.904223749559433,3.628324539876561,4.981276824989473,2.392634938206595,1.8672875235727948,2.120517854895593,7.8169336695383995,3.6770186760347503,4.586908156352811,2.84155726104864,2.065795533948031,3.2981822645178407,5.375576195579987,7.178416131781772,2.175930029138488,3.6818861389373003,5.417178266889988
2018-07-25,364.0,1.7858816823119954,4.839807033962832,3.097723281197098,8.308203047494533,25.736514005136495,2.0761831125014782,2.0960688864942023,6.870247067217219,7.84624606847875,3.604459343449466,4.951849673339806,1.8636854018973004,1.8097895446517622,2.063109129265997,7.812079857775226,3.616955968184208,4.628372435615321,2.813327441549809,2.0674346133318493,3.300106650936933,5.358635960243939,7.181636940764033,2.175964843048173,3.6759332574501524,5.1662921638152435
2018-07-26,350.0,2.034028455096765,5.162710397020448,3.2701523668747163,7.584468597214592,24.802367934668258,1.7858816823119954,2.320402181699286,8.308203047494533,7.220203349646322,3.4296730485758364,4.023042790033792,2.7459164104446963,1.9861614200506645,2.0187966715256818,7.878073711920338,3.5541523106339543,4.652056429454355,2.555618421452153,2.073170367908609,3.304951343908029,5.335511486895135,7.189381050151775,2.1824457886676125,3.6635648555022526,4.861218603058816
2018-07-27,315.0,2.1297641832464045,5.487173580861409,3.387200187794095,7.056013239309312,23.90012936926612,2.034028455096765,2.347247153448625,7.584468597214592,6.905063840601693,3.4404324420182277,4.483330693470501,3.9080844333340616,1.9653644166367454,1.9778861391538929,7.930111604430091,3.4915216113478436,4.486074385614697,2.414450631491097,2.0819534409126583,3.3110803610638837,5.311642158681075,7.196844993429612,2.189546621742959,3.6532256753381107,4.654302545983236
2018-07-28,238.0,2.009757239617288,5.532565341347152,3.3511815415672648,7.439736504529686,24.931907648104048,2.1297641832464045,2.248677049264576,7.056013239309312,8.964759573851154,3.505105178847182,4.0693520364940605,4.039954758655246,1.983224773551721,1.9468171434107187,7.951675804245464,3.4584035564804148,4.191908506666116,2.370953034486234,2.0848684254292107,3.3160061711990623,5.320373322319637,7.203732152655904,2.1951990117136173,3.6448490200421144,4.469757094628085
2018-07-29,126.0,2.028409870713182,5.468764291065553,3.3421123250120868,6.99197248469643,23.367957417249322,2.009757239617288,1.256766056115288,7.439736504529686,9.554247101531958,3.5203480041945268,4.342975488132112,2.343944362498545,2.057849959320152,1.9126857420325345,7.73381536577097,3.4886285416866456,4.298552739365555,2.366847521397574,2.0854708921050746,3.320153599936437,5.31808159448189,7.200089596591616,2.2010885974938263,3.632977327886875,4.400545473568063
2018-07-30,196.0,2.194003428389563,5.050066440871565,3.32580127025021,8.213910674249119,27.31783455413948,2.028409870713182,2.096419465338523,6.99197248469643,7.323792003099487,3.633916161548824,4.487264998927135,3.8757343411335774,2.0559770978589573,2.0229205726893764,7.367776134794466,3.5531231148635105,4.299864174517766,2.6654135221901707,2.084617816339778,3.3215878735991984,5.325706792608849,7.1979256238346885,2.2047368620542285,3.6387011939165905,4.477013215055268
2018-07-31,259.0,1.8028478840471975,4.8722660551979855,3.1119144844054323,7.564614076458805,23.54043211346938,2.194003428389563,2.0761831125014782,8.213910674249119,6.870247067217219,3.666269194856752,5.080284747758282,3.407275703953725,2.0773901795733436,2.0368611388395252,7.494935944958699,3.6068444535333675,4.636841744939174,2.586209170915525,2.0893113326919686,3.3244021558565326,5.329051203709574,7.203396614226993,2.1962495750060556,3.648904676282879,4.491157204022241
2018-08-01,574.0,1.8260811981627425,4.704320343590645,3.072971278452873,7.743857104549393,23.796650466723513,1.8028478840471975,1.7858816823119954,7.564614076458805,8.308203047494533,3.438440274362077,4.132703635909503,3.2272000416747484,2.008420394383313,1.9978132490603424,7.594131231993211,3.579541876922551,4.566751127531638,2.5599027502396816,2.0830857302793726,3.321067845014633,5.325852528572205,7.1989419000556865,2.188836243373384,3.637594993662245,4.374136341532198
2018-08-02,287.0,1.8563269517887049,4.734327536902169,3.0915810933324,7.06885458049475,21.853937172573705,1.8260811981627425,2.034028455096765,7.743857104549393,7.584468597214592,2.8505181162223687,1.9613059641383868,3.145683216165008,1.9409775035331667,2.0035560370390204,7.513510383001048,3.318409195147066,3.724764782602055,2.4913338628979926,2.0756968872770156,3.3149936630808634,5.295386648271052,7.19821717836752,2.185983983692061,3.603232116800783,4.079602509261425
2018-08-03,231.0,2.218849212671941,5.12540208090129,3.356361902410584,5.618832291688562,18.858834639857843,1.8563269517887049,2.1297641832464045,7.06885458049475,7.056013239309312,2.6181524899556563,0.9995184732022352,1.5512006674306884,1.8284186779995475,1.978170107995012,7.439851237755357,2.969036960180034,2.3645093577500393,2.380124990108616,2.074942120712632,3.3149372015607557,5.281204103816877,7.195566097544517,2.1832254788028065,3.560825663409242,3.581915049223102
2018-08-04,280.0,2.0347890434607216,4.672802492851536,3.1535752876858534,6.904783822592311,21.774755629740174,2.218849212671941,2.009757239617288,5.618832291688562,7.439736504529686,2.871015742947667,2.9669614862979388,2.339862494484191,1.967085787541129,1.9908965407700887,7.234539673809536,2.779895449708564,1.9759286412128514,2.2898992685770767,2.081843528422284,3.3209384878564867,5.296423426588762,7.18870874869294,2.188889894128529,3.551748301341817,3.42443068490937
2018-08-05,231.0,1.590912628354317,4.577478698051944,2.9680719987669573,8.695309807492661,25.80830556022267,2.0347890434607216,2.028409870713182,6.904783822592311,6.99197248469643,3.065771254687234,3.927888011226567,2.146335626006722,2.036655069307122,1.9944725127477219,7.158117862104196,2.8516464958635193,2.6314559902422445,2.1528481112645923,2.0802447214385,3.318284049060948,5.267980682456471,7.187860385978882,2.2006210406253697,3.530260047395586,3.3651324739228636
2018-08-06,343.0,1.7251664660700634,4.581693536733751,3.005575754828487,7.376743739846595,22.171362134065745,1.590912628354317,2.194003428389563,8.695309807492661,8.213910674249119,3.3413668882597896,4.334754392243836,2.07177120044999,1.948183628162326,1.9319729066964553,7.401451765360799,3.092717961964897,3.743201296589445,1.9912083941933176,2.0716848000492827,3.3146426343753177,5.2278690189149195,7.2048620118737725,2.212341167389621,3.5069406316264202,3.3433452443966787
2018-08-07,364.0,2.0770553656892545,5.303329367670306,3.321874752943158,5.37899363354807,17.868343147525316,1.7251664660700634,1.8028478840471975,7.376743739846595,7.564614076458805,3.0556950993903698,3.3436319411263944,2.419101174226334,1.7836227126283666,1.8649961977936695,7.281856489017583,3.1542777474457977,3.8687581148655963,1.9322298192682645,2.0624587397636343,3.3074916585167506,5.190014503907503,7.216036649222647,2.212853599226378,3.478213300018554,3.0952519863064087
2018-08-08,335.0,2.255494275954678,5.171151538978465,3.388672955521736,5.797110524680141,19.644511655154016,2.0770553656892545,1.8260811981627425,5.37899363354807,7.743857104549393,2.86900902107153,3.0602522808198023,2.9227168626407023,1.797711486704544,1.9041686951711065,6.969624997173192,3.0886903362405627,3.579546204730008,1.8997137595926301,2.0650869880778924,3.3112131133195546,5.181892817668412,7.2070268366879615,2.2227285116986413,3.441936789334401,2.942044649865023
2018-08-09,251.0,2.33868066409548,5.532601493074427,3.512223199412355,6.041374933048031,21.21865719619956,2.255494275954678,1.8563269517887049,5.797110524680141,7.06885458049475,3.244078951152164,4.018443161760141,3.1169446245443893,2.019238702571331,1.9655134205699543,6.691518342906156,3.0562610238713543,3.47410912790211,1.8945343376804307,2.071517698137243,3.314918868646745,5.177872517243548,7.203602092714496,2.224420339131635,3.421661173593698,3.2359213923824166
2018-08-10,301.0,1.8839708765693377,4.436877175391245,3.023362723712776,8.409167242931863,25.423962779746734,2.33868066409548,2.218849212671941,6.041374933048031,5.618832291688562,3.571092345428606,4.915402526870317,3.641162672978865,2.2237434352464702,2.0344210937566363,6.544735536128052,3.2280601058841003,3.998032656483417,2.068571271008295,2.079506858553683,3.320754183642903,5.21459573176925,7.189761669675071,2.217043375357661,3.440018965187511,3.795333400049285
2018-08-11,259.0,1.6206084849232552,4.365402952310491,2.910220631150612,9.497702285499374,27.6404091397866,1.8839708765693377,2.0347890434607216,8.409167242931863,6.904783822592311,3.4744587473798587,3.788109446251411,1.7854320355616735,2.1593819388731643,1.9865813314562646,6.943354814877096,3.4298766813202093,4.2406517116272875,1.9153680380733247,2.070850461527295,3.3115364322386163,5.206676051694075,7.196429703129482,2.221959352707442,3.4552152041666484,3.91264025147121
2018-08-12,231.0,1.5364936130255071,4.0767455764418274,2.7956043407054443,9.437907852486786,26.384656159590058,1.6206084849232552,1.590912628354317,9.497702285499374,8.695309807492661,3.295769656504586,3.331108365919426,1.962190681275817,1.9477533418626904,1.9274126802366265,7.3137717381495335,3.447106916437684,4.011540113013716,1.8389212729021573,2.057284233378647,3.300436104063393,5.190543991940199,7.201534346657324,2.218713749983145,3.455620487828518,3.8273860164273326
2018-08-13,504.0,1.699287003104209,4.292871229664593,2.912558920627085,8.915511114958463,25.9669514298222,1.5364936130255071,1.7251664660700634,9.437907852486786,7.376743739846595,3.0642110138795604,3.798441116073623,1.591788989058166,1.6803576581726993,1.9196385351896537,7.419857173148694,3.2781464725880016,3.639219642748151,1.7042391283358371,2.046180076161313,3.289807268205679,5.146979986567521,7.208053544973343,2.221974246703302,3.44370418272603,3.7507698341173024
2018-08-14,385.0,2.101819038481336,5.170896225766654,3.302465108857304,7.881173757085001,26.027301349615044,1.699287003104209,2.0770553656892545,8.915511114958463,5.37899363354807,3.05061144032972,3.3373786706838358,1.6406390647006972,1.6187963670176566,1.9159414690516745,7.639681083878961,3.1368640369046226,3.4889760508922922,1.6876946091352367,2.0482823698296677,3.290868271473499,5.098362332363193,7.21611696015552,2.2236859515511305,3.4181458913153135,3.7498765097683653
2018-08-15,483.0,2.090558067583556,4.925128712802952,3.240836839263569,7.716907447862462,25.009237942220075,2.101819038481336,2.255494275954678,7.881173757085001,5.797110524680141,3.4074830641687406,4.510563339424955,2.2911368119199302,1.7791998848703503,1.9194791365934005,7.9971353872413795,3.17410183945934,3.882127708727469,1.7700918811139963,2.0488424820932467,3.2913937845257184,5.077030713632188,7.211029530694663,2.2290247075881586,3.4028001834010455,3.9570638038548154
2018-08-16,370.0,1.777225658621391,4.729050938672106,3.0638736324188542,7.848069526308569,24.045493287046753,2.090558067583556,2.33868066409548,7.716907447862462,6.041374933048031,3.313175143819752,4.128299788926392,2.157586523356997,1.9638880363896998,1.8959168211118116,8.271392090553139,3.2570898827727373,3.992080599678392,1.8041365526642625,2.0524820981836966,3.293898312933267,5.04238898958248,7.209614529395365,2.2306212073506217,3.3872976949441496,3.972757607735709
2018-08-17,490.0,1.9830372514399703,4.7928326855199455,3.157774076767504,6.934118629921492,21.89638005479669,1.777225658621391,1.8839708765693377,7.848069526308569,8.409167242931863,3.26093228642979,4.198909376098436,2.509684653479942,1.9898675882287604,1.8157089631869419,8.529491318161789,3.327196831472761,4.279257501483259,1.5842319053098406,2.0521246709679968,3.295269135578864,5.003160303629117,7.207014983191563,2.2358109408191083,3.3648775369680535,3.8704014433397256
2018-08-18,329.0,1.8988092936246024,4.615217646013472,3.076469433540779,7.836391170053204,24.108417903937546,1.9830372514399703,1.6206084849232552,6.934118629921492,9.497702285499374,3.3619817567137025,4.444042658556744,1.372582011086301,1.9502736592149716,1.829861302454175,8.318770087731735,3.312029728987748,4.257083941193855,1.7055703452317685,2.053071873036951,3.296227300469986,4.969742385145568,7.19952491196694,2.2431247233848075,3.3478436078783336,3.964106187954773
2018-08-19,287.0,1.8934263444843835,4.860747974376227,3.138975847437435,7.813097870727733,24.525125509879206,1.8988092936246024,1.5364936130255071,7.836391170053204,9.437907852486786,2.900480198457223,3.5566016458615617,1.7345782635463758,1.8863574012286541,1.869604275125796,8.081439928382283,3.1744647472002385,4.066517893505579,1.6670814420071112,2.0516488249786127,3.295187907368394,4.930068610552335,7.196016900306183,2.25464902394552,3.3214367490683685,3.9963195136607927
2018-08-20,539.0,2.177620746293627,5.386445966155481,3.3878580149214224,7.56347416227412,25.623976561311466,1.8934263444843835,1.699287003104209,7.813097870727733,8.915511114958463,3.0735293631769847,3.6938606288071822,1.5555330356727703,1.925090963182985,1.920594665334207,7.849324216702418,3.11199710611597,3.89816831107516,1.9156397718921168,2.045084762215054,3.289964776519314,4.896257214949088,7.205440238792568,2.2553479980909383,3.2986344085310813,3.9813794440513006
2018-08-21,399.0,1.9593687880040156,5.123315363411989,3.231097442906888,7.775493917576361,25.12337851441904,2.177620746293627,2.101819038481336,7.56347416227412,7.881173757085001,3.43580494780044,4.775394597717531,2.858897597995747,1.9899521281342036,1.9889280572184094,7.656176080604654,3.136604836478216,4.008618957462089,2.31950624352877,2.039654104238643,3.2849945056778527,4.896575623389155,7.204733876775963,2.254112451791407,3.287006324557726,4.186810290770401
2018-08-22,490.0,1.946938096967576,5.054021867019576,3.208852479491377,9.487441213980404,30.4437992635097,1.9593687880040156,2.090558067583556,7.775493917576361,7.716907447862462,3.545813202748482,4.925375658826979,1.2187141813751403,2.010138626260675,1.968578021435935,7.641078960674848,3.3517158379086354,4.464876961783895,2.4401188663639997,2.032077002960973,3.2789616607907366,4.93148290714267,7.208148736818127,2.2541821728408284,3.2845972972751225,4.246069193542118
2018-08-23,434.0,2.150373306690264,5.499057295477943,3.3993943944064555,8.69238808564515,29.548855332347586,1.946938096967576,1.777225658621391,9.487441213980404,7.848069526308569,3.690736773543544,5.658719718722505,1.6224591671588258,2.0279758770884055,1.9480608827765094,7.894012355834555,3.5574516413641555,5.119829991755669,2.4569775053185317,2.0314852326246733,3.2749505653050557,4.924719270976485,7.222375729616217,2.2525493317035696,3.286677705064022,4.464700612084419
2018-08-24,238.0,2.2118704870633694,5.735949364041882,3.479671059389374,7.178468179540717,24.978707975095357,2.150373306690264,1.9830372514399703,8.69238808564515,6.934118629921492,3.780070847451948,5.9992710134710405,1.566909641515701,2.018893397220618,2.0013676896434913,8.014629292882637,3.672206941247991,5.527788797006839,2.8427407085696137,2.034246486229287,3.2755956382933777,4.9381690612702,7.228148167842119,2.2567012463677316,3.292531421864105,4.721895131709077
2018-08-25,245.0,2.117648339939468,5.276118818501685,3.333920613308241,7.745090812671746,25.82151791231061,2.2118704870633694,1.8988092936246024,7.178468179540717,7.836391170053204,3.745601795891965,5.609450753340708,1.2567703766820968,2.1030606302404027,2.0340581518754055,8.04953637139967,3.7388031389624863,5.755813828511415,3.0725979825193117,2.038511186307984,3.2780202235618345,4.968040472272834,7.222653503998043,2.257993121855219,3.303062380107976,4.888382002392501
2018-08-26,245.0,1.4812962770117295,3.697597148422074,2.6547462421670875,9.554053127360852,25.363586637325934,2.117648339939468,1.8934263444843835,7.745090812671746,7.813097870727733,3.6644655465508738,5.303690411813973,2.311359167397692,2.1599640445643664,2.065320872777529,8.036493463202317,3.730046063298262,5.637470726208572,3.2607636062426266,2.0362625176660107,3.2747613168459955,4.971820752988876,7.226735326976465,2.264600335599852,3.310530150259064,5.137966111814274
2018-08-27,413.0,1.9207258447178952,4.631614428533702,3.089858555144793,7.388323889236843,22.828875777339107,1.4812962770117295,2.177620746293627,9.554053127360852,7.56347416227412,3.0350705733528494,3.5566016458615617,1.7938457365246343,1.9369383680048553,2.006445148852864,8.28520135700705,3.481712638598563,4.823247603672079,3.0019632836905212,2.028673320558476,3.264854580974608,4.9121682052408975,7.243901580684803,2.262561771631334,3.2948623300759197,5.118357685679185
2018-08-28,335.0,1.9085351603293472,4.431509095188008,3.032845666490179,7.89108670704284,23.932448123353133,1.9207258447178952,1.9593687880040156,7.388323889236843,7.775493917576361,2.797526295389022,3.736286255422216,1.3195650665147938,1.839890153889697,1.969745877199188,8.260179889430296,3.1656874717642487,4.198859437699248,2.6220711809432515,2.0257033327562586,3.259679504422033,4.8821365081471155,7.241301618557158,2.2615864814055997,3.2707682731157357,4.969913636779855
2018-08-29,266.0,2.101433212756114,4.868841660328066,3.2334327313249847,7.991481356244408,25.839917389054047,1.9085351603293472,1.946938096967576,7.89108670704284,9.487441213980404,3.1235079205406726,2.520834074875172,2.0680832608286366,1.7701857606863234,1.9624839303885213,8.276693145068364,2.985368263094182,3.271240658719648,2.4252200165531015,2.0210885503158247,3.2542149947219987,4.847561334951197,7.240587085250451,2.2601030886836817,3.253754665082131,4.626407696215311
2018-08-30,272.0,2.1395069700255536,4.935783123864548,3.269719761999021,6.733487574297491,22.016617388855355,2.101433212756114,2.150373306690264,7.991481356244408,8.69238808564515,3.1768888733689606,3.410745600274505,1.3530368445862226,1.9768980726011183,1.9845546612154552,8.062984593963222,3.0326410297662183,3.2226219768572952,2.4988094753896255,2.021479621844838,3.25410480176389,4.8415205089330815,7.23965540911637,2.2595132487792524,3.2374419876992047,4.305268536437025
2018-08-31,363.0,2.2136365648454666,5.294296415659327,3.387882980110776,7.211797429407617,24.43272576709671,2.1395069700255536,2.2118704870633694,6.733487574297491,7.178468179540717,3.292107800819117,3.6804964157022058,3.30681795071074,2.049825114370338,1.983002327406211,7.783141663770699,3.19750153157625,3.204025363617292,2.306736570487025,2.0223290694203677,3.2544392548432124,4.843637744555299,7.232436023851116,2.2528635501991072,3.2325642385811055,3.9740150224700486
2018-09-01,469.0,2.1929506556241325,5.235344090336773,3.3638812809563547,8.227982958543656,27.67795785427289,2.2136365648454666,2.117648339939468,7.211797429407617,7.745090812671746,3.4450552396749923,3.772653377993746,4.083835678138669,2.151525582542378,1.9832546242322249,7.7879029851802555,3.3046839712876896,3.621298464656817,2.2626038286169345,2.02592850791472,3.2547630936382648,4.863303613624256,7.228691149940532,2.2442151137256006,3.2523821426961934,3.711615397420483
2018-09-02,217.0,1.4396307980345495,4.526968119610808,2.91980275706908,10.348719444229909,30.216219565396887,2.1929506556241325,1.4812962770117295,8.227982958543656,9.554053127360852,3.6291160634433832,4.813642280153405,3.1556475272443034,2.1820313968317167,1.9940120979014628,7.856887577447672,3.455426367979164,4.0889306912831165,2.26202860052779,2.0228923554429574,3.252920096032438,4.88000416540541,7.243778893243189,2.2375563873888056,3.2860809284791173,3.6416085214689735
2018-09-03,399.0,1.554908162610646,4.596852063744288,2.965838074760285,10.96048218653922,32.507015386569876,1.4396307980345495,1.9207258447178952,10.348719444229909,7.388323889236843,3.694630514160836,5.274481580589529,1.911856209206356,1.9487393395013821,1.9880598866190085,7.970411337000395,3.589600605759737,4.620259079578891,2.5304130545126964,2.016453626419134,3.250532481148674,4.860056366695727,7.271017148038345,2.2327100237417405,3.313534754186223,3.8870199407158252
2018-09-04,413.0,1.636700173621784,4.136375215616322,2.844800450269274,9.178234424651178,26.110245423924624,1.554908162610646,1.9085351603293472,10.96048218653922,7.89108670704284,3.724111288156116,5.598944140619116,4.019907489272368,1.7291632054231088,1.9358002177465443,8.480719665186449,3.6826192885867783,5.229022667120681,2.6512503175957964,2.005927373575508,3.24292349476592,4.857524685725485,7.306361086632995,2.2404496391507003,3.3354794219685195,4.153113924315383
2018-09-05,322.0,1.7072098871754586,3.729754369724985,2.750161928304863,9.351654067252198,25.71856298243432,1.636700173621784,2.101433212756114,9.178234424651178,7.991481356244408,2.951050479895266,3.487743619804402,3.677084178476522,1.5437463780889926,1.8969666482168923,8.664597910559069,3.456597427404073,4.787056447004346,2.6161212681613932,1.99473713381361,3.2313411083424604,4.842821236310965,7.325500820219885,2.240720504786544,3.322468875023035,4.291243859305273
2018-09-06,280.0,1.891137529340107,4.34218676763888,3.001804605290584,8.123169783964745,24.384168467062686,1.7072098871754586,2.1395069700255536,9.351654067252198,6.733487574297491,2.842653665079511,2.6690015701238785,2.670196210649426,1.6329394078026287,1.8406490302767988,8.858908297845897,3.172605144376964,3.918563110182463,2.448291029324125,1.9935971940797508,3.2215265136761757,4.814423264077339,7.342283535239287,2.2277343024564504,3.31536749387934,4.185280426426612
2018-09-07,287.0,1.5022166427785493,4.113092248928788,2.79803868872986,9.317170954462872,26.06980480009723,1.891137529340107,2.2136365648454666,8.123169783964745,7.211797429407617,2.985959513542087,3.1019928646978667,1.495215692846002,1.745015863379116,1.8051676816074491,9.05743432779836,2.9265545528389545,3.0862460182087132,2.3131673557660863,1.9903569018330705,3.215183593429462,4.782385177409625,7.3472354064783865,2.2241714256470404,3.3192658436283584,4.102637061997421
2018-09-08,294.0,1.753007086073861,4.5211952203913714,2.996882183406001,9.176608021457511,27.501213083606608,1.5022166427785493,2.1929506556241325,9.317170954462872,8.227982958543656,2.988216914628448,2.861967517497829,1.424590958907785,1.7001880197647044,1.703536264169318,9.358201974234825,2.938943364416682,2.8776539841065225,2.070391142828448,1.9771427862979711,3.204516950703056,4.747116534407969,7.359084059295158,2.2217265840565266,3.3107371090775675,3.9725390819265747
2018-09-09,238.0,1.7111729997455631,4.372440645662851,2.9399426490670444,9.268683299454883,27.249397332762864,1.753007086073861,1.4396307980345495,9.176608021457511,10.348719444229909,3.153466395532743,3.5735070638578628,1.77768937651325,1.7154537527308384,1.6406871828049938,9.493719840365376,3.0425476079010925,3.1791558153511836,1.9316458717384066,1.9782692802306883,3.2053142732449587,4.713402991985201,7.3738393188979945,2.234140866983297,3.296816244081039,3.7953769081700695
2018-09-10,405.0,1.9046392320906609,4.232746427696641,2.979868219998972,8.6637604916964,25.816864554888774,1.7111729997455631,1.554908162610646,9.268683299454883,10.96048218653922,3.154541309128726,3.677788840810095,2.426982421062026,1.655465576199324,1.679478925906567,9.33942896254037,3.098741539763306,3.371087807388593,1.7414754579911609,1.973615298113298,3.2021128664049043,4.71125510766092,7.392131545183623,2.2475546301678886,3.286152329472668,3.567277945344436
2018-09-11,342.0,1.8747692819064337,4.281392518260603,2.9783123869843813,8.19934824453667,24.420220441902206,1.9046392320906609,1.636700173621784,8.6637604916964,9.178234424651178,3.02632288687396,3.088221613816792,2.6753971549541644,1.789606439303361,1.7294405072608547,9.011325863277113,3.1114435305118096,3.446505839494914,1.66875462635138,1.9709305348762707,3.1982662738035974,4.706833223507124,7.402096162639258,2.254392617530484,3.2771707704849806,3.2086032986583892
2018-09-12,266.0,1.901403368439994,4.069091459539001,2.9364248406048854,8.699528082317885,25.54551036245802,1.8747692819064337,1.7072098871754586,8.19934824453667,9.351654067252198,3.029410495706334,3.209690900104298,3.368154985385888,1.8301938379142186,1.7634503798729477,8.871484980403611,3.070091563903007,3.325233784910393,1.6600316718352892,1.9631160655512687,3.18975866753928,4.713654788234418,7.400396270495576,2.2504917039594345,3.2760107532125393,3.168881481558375
2018-09-13,418.0,1.9345051421227373,4.288857877855759,3.0089329260661497,8.53500808569143,25.681266853277762,1.901403368439994,1.891137529340107,8.699528082317885,8.123169783964745,3.028786946980947,2.861967517497829,2.666169614025415,1.893603960812362,1.7911923057678811,8.778324125412995,3.0281734431870806,3.053293343806304,1.7076087950806689,1.9571372043268382,3.1802451657948567,4.706195462563565,7.416184484727792,2.257565954293249,3.275283270100914,3.1964480454689386
2018-09-14,329.0,1.980375809953009,4.806288693555455,3.1599933551947545,7.606531491195714,24.036588968258105,1.9345051421227373,1.5022166427785493,8.53500808569143,9.317170954462872,3.1101495321765285,3.010483356759055,3.373906870740347,1.9035592641563877,1.797387679022543,8.837158168516808,3.0561156582879367,3.0273805914537246,1.73037734901857,1.9538610912288006,3.172708767919856,4.676794184299868,7.432226490023316,2.2675275794501757,3.26537215236784,3.1833752586205373
2018-09-15,217.0,1.7361035297518934,4.50319563253017,2.9862028129607543,8.154319984185086,24.350453274555598,1.980375809953009,1.753007086073861,7.606531491195714,9.176608021457511,3.354173030511553,3.736286255422216,2.2704518004894845,1.9387614401719129,1.865696131476037,8.592781102335785,3.164369836556343,3.202912376559697,1.8731407525618327,1.9437778807076733,3.1623125958614127,4.672832850324951,7.441646336796145,2.271029880988703,3.2667387485909005,3.3082779354668785
2018-09-16,196.0,1.3479119154304902,3.3184286847481523,2.4816235433695697,9.248258327026443,22.95069559951249,1.7361035297518934,1.7111729997455631,8.154319984185086,9.268683299454883,3.212440597394155,4.284671411079915,1.531786030472428,1.8836614939425458,1.863281337715756,8.44673995415401,3.2255877200274123,3.6771470077537263,1.970979309302902,1.9314122030050604,3.1507699939078435,4.66530434012022,7.45527680217403,2.2698088748985827,3.2651223589563787,3.4098728422128857
2018-09-17,301.0,2.029232087460452,4.934833993175396,3.2131989935574183,6.712879745267691,21.569818441366124,1.3479119154304902,1.9046392320906609,9.248258327026443,8.6637604916964,2.8637187075594377,3.081220455529829,1.2521707492011518,1.6881304183784636,1.811386897099317,8.443822100949946,3.143444111821715,3.7007260406773175,1.8279674991445047,1.9189429201539985,3.134724515047566,4.616157540094494,7.468159115575446,2.266190462184845,3.248513590651237,3.3246487871728476
2018-09-18,406.0,2.3092660372577574,5.337519104872198,3.4562152429898463,6.790773463432226,23.47037475600541,2.029232087460452,1.8747692819064337,6.712879745267691,8.19934824453667,3.1413989429380926,4.132703635909503,1.7295314400478896,1.704415844214278,1.8291858764378586,8.165124851460131,3.0725194159638947,3.8328651675064136,1.9937164478842948,1.914090085250018,3.1290829344835136,4.626811418333224,7.4661486767975065,2.2607958277670352,3.2565442154672657,3.4738605046146636
2018-09-19,238.0,2.234150949966954,5.211580573312436,3.3831693822376625,8.130298400273213,27.506176616260184,2.3092660372577574,1.901403368439994,6.790773463432226,8.699528082317885,3.3786831907392134,4.567930888816959,1.6687214948224225,1.8954700133828994,1.8912568414880475,7.963899882730926,3.1279336137455815,3.9272849934187612,2.345915005456281,1.9134570666468371,3.1270017281662397,4.642703789349757,7.452680144516601,2.2567253799466918,3.26671600971934,3.6678947887164726
2018-09-20,356.0,2.084341110709756,6.039821370967864,3.497531305971284,7.229930110254062,25.286906900597998,2.234150949966954,1.9345051421227373,8.130298400273213,8.53500808569143,3.3759648091527343,4.601768687537097,1.6949527163951217,2.190883024895054,1.9387922102776134,7.882581356724543,3.29868231427668,4.4341344040878505,2.4741273392323797,1.9132149649918766,3.1263020350180017,4.636874942921655,7.453611943803541,2.2543710171775224,3.2647213384310834,3.9164378130077964
2018-09-21,328.0,1.830322475283464,5.033083896381427,3.164579989869329,8.091296688823066,25.605555593545432,2.084341110709756,1.980375809953009,7.229930110254062,7.606531491195714,3.683208393476361,5.142445811432579,2.0427139745096285,2.2092526993114885,1.9601973486471873,7.696141645947776,3.479285464456103,4.77071512926221,2.6516472320431217,1.927007882568451,3.1390608577150734,4.667425143173518,7.455546871680817,2.263757039408065,3.2693011781220123,4.221003877961157
2018-09-22,237.0,1.4906977352929036,4.559795484664302,2.940453924368739,9.91923765226428,29.167061281346662,1.830322475283464,1.7361035297518934,8.091296688823066,8.154319984185086,3.435357810020757,5.036005329076697,1.761405979011018,2.0496048453200575,1.9387611579801096,7.765393817037398,3.498177004216617,4.926739942682122,2.5976810281332257,1.9225729327342,3.136475941189786,4.666727210818914,7.46626061901568,2.27069736585954,3.2607885460045862,4.406678031340369
2018-09-23,146.0,1.2878354353004051,4.132805573396401,2.757723048395357,10.224995506634292,28.197705778384346,1.4906977352929036,1.3479119154304902,9.91923765226428,9.248258327026443,3.1235079205406726,4.301406464934273,1.470725348859792,1.8017871070953737,1.9037031873431112,8.017524912477283,3.414024708012597,4.8266192018145135,2.457955474482745,1.9128148431140573,3.1309345786437395,4.635418483791792,7.486555325650914,2.279846347195005,3.238903115107544,4.409068753319562
2018-09-24,250.0,1.6738252964764493,5.072711948849192,3.136047258613316,9.51438544823808,29.837562402337458,1.2878354353004051,2.029232087460452,10.224995506634292,6.712879745267691,3.0735293631769847,3.324970820853101,1.5852106119188114,1.536285215292257,1.8951208330388132,8.157058795278404,3.210798364579471,4.220794204954688,2.6201918161273055,1.9045140723305307,3.125267908097044,4.581980357436943,7.5062190212791196,2.286857931322434,3.216500700683711,4.443890234080031
2018-09-25,266.0,1.527215551119323,4.560646382241683,2.9483408302999328,10.753069894580465,31.703715021260578,1.6738252964764493,2.3092660372577574,9.51438544823808,6.790773463432226,3.635754893228471,5.157739048538876,1.8889113176131984,1.484119489023252,1.8443484343268128,8.557273895702746,3.2775973923153763,4.261372111442081,2.7309947267312635,1.8985106863535253,3.1230328229593534,4.575200128448526,7.5239226982965235,2.2838386107821833,3.2155436789062977,4.590323864455655
2018-09-26,280.0,1.7442027772907287,5.231746263175563,3.197498140306237,8.980724180238905,28.715848864917152,1.527215551119323,2.234150949966954,10.753069894580465,8.130298400273213,3.399870774822119,4.601768687537097,2.6680653196252595,1.496292094298725,1.7326269363070366,9.123316243009636,3.369718343742525,4.36149285230969,2.4921188284690783,1.8884682091514073,3.115718500334451,4.603968436242513,7.546366473442568,2.2814565383825,3.22770368562194,4.5951578357013885
2018-09-27,369.0,1.5445440855694912,4.710926163730167,2.9993155169799586,9.976854559168972,29.92373468996774,1.7442027772907287,2.084341110709756,8.980724180238905,7.229930110254062,3.65202217004702,5.207675844166301,2.379822613582607,1.6484145416288332,1.6626343402104329,9.244805640147593,3.56254927936587,4.98906119341409,2.610586155956337,1.8840423014459646,3.1131571103134337,4.623972830730575,7.554900219878503,2.278757211626981,3.2561868814438735,4.6817160009341325
2018-09-28,265.0,1.777510780553356,4.990911522836864,3.137767179183306,8.567651687870645,26.883296268874968,1.5445440855694912,1.830322475283464,9.976854559168972,8.091296688823066,3.616837635803424,4.598000049756994,1.0416313034008464,1.605320804659847,1.5855204794761093,9.637223418564009,3.5562435268908543,4.8024815271534615,2.613163980852364,1.87597787169357,3.1074438301795646,4.633286733015314,7.572949328987366,2.2777861162601574,3.272631205285965,4.6039380349804775
2018-09-29,231.0,1.6549576432842337,4.720612200544276,3.027281497257737,7.79217742519678,23.589114542647646,1.777510780553356,1.4906977352929036,8.567651687870645,9.91923765226428,3.1834294939577283,3.70460092734586,2.92164862018955,1.6887525478045247,1.5779759516575225,9.705274132713663,3.4840964332693907,4.503425607089716,2.6106089397533294,1.8690363275629664,3.1043099286617837,4.637355728432274,7.573578327824068,2.27805302636989,3.2728492259722572,4.413737406161786
2018-10-23,263.0,1.8734210364733268,4.784187845129329,3.1113562247530973,8.638512964409452,26.87749108442568,1.8083955485442795,1.897682177044198,8.864147616469277,6.947205819947189,3.114605119343945,3.0462191609279525,1.3115503067249363,1.7072211116224707,1.8428431397592906,7.605180571783618,3.0884365370891635,3.173676221042614,1.88868019311127,1.8163746991123162,3.0385850979754156,4.5088679081248495,7.639314231517385,2.290103970245828,3.192938093842517,3.2222889496767366
2018-10-24,315.0,1.6377526358419707,3.9481673870478255,2.787465841869043,9.249970807769769,25.78397766494403,1.8734210364733268,1.9440396991702584,8.638512964409452,6.716343164817293,3.4029329479910917,4.334754392243836,1.2116676178639405,1.8386685121717052,1.8393772625348805,7.846795878135369,3.1959359451877396,3.673641778537064,2.184646344484808,1.8107338749358155,3.0324465173981445,4.530580650515946,7.635866051197037,2.3042624979958806,3.203918213336321,3.512773022539451
2018-10-25,325.0,2.0489441892353204,4.807044944451322,3.192355431346923,6.431569766252382,20.531856675382453,1.6377526358419707,2.129932601995688,9.249970807769769,5.548589084641661,3.2842756821722947,3.818730768091261,3.420543766842479,1.773189740286525,1.7956219677736966,8.208742684271437,3.2672712498357774,3.733234773754347,2.1946438348729553,1.8027356132008572,3.0233389378741578,4.493095831789233,7.638919485462772,2.303112814575411,3.1922022396344483,3.669890263921559
2018-10-26,345.0,2.0626083002023945,4.932269233835131,3.228353247132296,5.966457462389417,19.261832322581594,2.0489441892353204,1.8065841652374768,6.431569766252382,8.27667886752082,2.8347593795317123,3.156406227335878,1.2135493219419966,1.8533726205168721,1.7840521945222154,8.334882781644398,3.173989336565033,3.7699637958903227,2.064834672536826,1.812196411737917,3.032299091027155,4.5013091171962225,7.633641487244501,2.3081108074499497,3.173365193124768,3.6107089584793672
2018-10-27,228.0,1.76369858827855,4.104725384825023,2.881946448041217,8.090357095532774,23.315975894855736,2.0626083002023945,1.4790788348256234,5.966457462389417,9.320965392065506,2.9378395379994067,2.930080684939344,1.4254319853229322,1.9164350417598948,1.8206270709457752,8.004851152339912,3.0189581999011375,3.3017392267888255,1.9257672150267406,1.8145611193293254,3.034607335893613,4.491326549551541,7.621005930392666,2.3163337630674063,3.149559105389848,3.3944286765340244
2018-10-28,222.0,1.3884157711204066,2.419841332494466,2.1841790779725225,9.657751902582746,21.094259645870558,1.76369858827855,1.8341889514975107,8.090357095532774,7.562334057023576,2.7832953660980406,2.677469251379378,1.355654451435064,1.958417025905421,1.8612870357247648,7.82904996712095,2.85196476120972,2.921318721218198,2.0736514410954228,1.812147176461812,3.032092348919464,4.471119856921368,7.629589113964918,2.3124735335460582,3.1217743630663355,3.371944609622438
2018-10-29,313.0,2.0295306149624373,4.205104374025461,3.042284417372703,7.663064793938232,23.313222611915645,1.3884157711204066,1.8083955485442795,9.657751902582746,8.864147616469277,3.0314165768080983,2.791635212160688,2.075759454363331,1.7382408865337833,1.7976051528137498,8.128395373629402,2.9175171603018484,2.7997283828264674,1.9660563387820091,1.8002635524345503,3.014604788030256,4.3854175172432885,7.647730876969949,2.3159002288161266,3.1167072658280137,3.2507565281540485
2018-10-30,291.0,1.924793248583606,4.386690254713916,3.029074087449376,8.181509805810489,24.782399348993525,2.0295306149624373,1.8734210364733268,7.663064793938232,8.638512964409452,2.9567683991279647,2.8309301361957373,2.6874110352037115,1.7272149914537973,1.8291958765877723,7.956812113267824,2.9238267806780343,2.7666781999119316,1.958021882913434,1.7984306131834984,3.0108141989531507,4.368233923025995,7.655286252193219,2.3223991768900794,3.1137847772671305,3.2200009531923035
2018-10-31,302.0,1.972450158152233,4.636814528275802,3.11452158924036,8.23443323325364,25.64632008012676,1.924793248583606,1.6377526358419707,8.181509805810489,9.249970807769769,3.22644031158262,3.818730768091261,2.552082692437352,1.7809132115554824,1.8365347640320981,7.891525947753687,3.0715417625062273,3.1470987054825597,1.7293650945271146,1.7936165579124674,3.0048340507421276,4.3842829418404925,7.660026325057095,2.334357857466384,3.119295614990932,3.1462832925990782
2018-11-01,565.0,1.7969071323050163,4.259486385408898,2.938900474909222,8.571172203103918,25.189822058230828,1.972450158152233,2.0489441892353204,8.23443323325364,6.431569766252382,3.3046674927314665,3.2357137051625995,0.9558782086835624,1.9755913405660912,1.8843486957907067,7.7464491513942395,3.1626254011473502,3.29512486981653,1.7690924156064287,1.789941549621269,3.0006780558801944,4.359700241956203,7.662213935993171,2.3328234245557984,3.1153044545030872,3.0629951407521263
2018-11-02,304.0,1.5168957940586465,3.524800960163766,2.610012739155246,9.348073144774274,24.398589994415897,1.7969071323050163,2.0626083002023945,8.571172203103918,5.966457462389417,3.3996484378769787,4.096712698491943,1.6421466815988726,1.8980501796802844,1.8483434019435205,8.052106642373031,3.3102520807303555,3.7170523905819324,1.8666065656017181,1.7958961551924435,3.00099635117753,4.3241600540055884,7.670236737162702,2.32088934495109,3.1098480067625953,3.1973246366315644
2018-11-03,227.0,1.7087212852901972,4.281587618807319,2.9124250042538216,9.364174712696284,27.272456577458005,1.5168957940586465,1.76369858827855,9.348073144774274,8.090357095532774,3.0161478038622622,4.1682976357278285,1.951828828056996,1.7620843615052981,1.7703844724944136,8.535194596999437,3.2401545781569028,3.8335746797941215,1.9544232508558115,1.7952626157165767,2.9950659289174464,4.256849939494175,7.696968804957698,2.3305966322812646,3.0879120914909497,3.374212772458491
2018-11-04,228.0,1.4759197891151146,3.152770416765577,2.4713216122965416,9.458640878438668,23.375343625837026,1.7087212852901972,1.3884157711204066,9.364174712696284,9.657751902582746,3.218544248542174,3.723155576546104,3.427417511049832,1.6741747372179525,1.7625305720675062,8.717168542308512,3.2114468300938053,3.996055303588623,2.0825072253545507,1.796462967577717,2.9961930048171888,4.26110090986643,7.715723396281084,2.3319828739355053,3.0852197291378363,3.523596533196595
2018-11-05,416.0,1.7414166572649776,3.570354190259464,2.7209213218990898,7.959849845401989,21.658125163469442,1.4759197891151146,2.0295306149624373,9.458640878438668,7.663064793938232,2.9488819737621843,3.309328459942848,2.1457418870803604,1.5671789561546523,1.77503114606675,8.688724110287929,3.0611913420555403,3.733593890738925,2.2248285639289938,1.7926081326100445,2.99154566621705,4.231813219555141,7.750212027086177,2.324387556983249,3.0912908386461084,3.597552711451189
2018-11-06,288.0,1.8305730422310105,3.8527508637196313,2.8434281442286182,7.863246558494893,22.358576569433204,1.7414166572649776,1.924793248583606,7.959849845401989,8.181509805810489,2.959330788892071,2.198135871741802,1.778746898850808,1.642019243890096,1.7338720092528273,8.731121974782752,3.042252337065476,3.076873302743582,2.177986307328021,1.7901127847421257,2.986864278160525,4.196855663221951,7.763392414153323,2.3200371877002417,3.0866032784425457,3.507153530814912
2018-11-07,379.0,1.7984455388736658,3.812070733834289,2.816339814110954,7.209393759708966,20.30410268107142,1.8305730422310105,1.972450158152233,7.863246558494893,8.23443323325364,2.9406906109318243,2.5610080508727786,1.578610489866753,1.6826364962037001,1.720411979773885,8.68565579659481,2.9496344578620266,2.6894907941858075,2.1142655712773855,1.7955853913996667,2.987620769085504,4.1985565775381835,7.774367762089528,2.3258733370314113,3.093708401452886,3.327478856926558
2018-11-08,262.0,2.038155641051574,4.2602094947976905,3.0600156205710305,5.973323555120767,18.278463385394428,1.7984455388736658,1.7969071323050163,7.209393759708966,8.571172203103918,2.9486533863580853,2.838778144865981,1.9910677911643389,1.7901450794565505,1.6955541770198042,8.539221586088427,2.9495582620606604,2.5326406891601847,2.0240173652121314,1.79634269894633,2.9846117295972534,4.1600819548549275,7.776147218796558,2.3328041423276753,3.0889894939360127,3.270773776884184
2018-11-09,255.0,1.927775089121603,4.221453968364371,2.9886974963292534,6.254425241868632,18.692585061351267,2.038155641051574,1.5168957940586465,5.973323555120767,9.348073144774274,2.4197855175720795,1.862517127601788,0.8889809654049753,1.8890580740520828,1.7300182496978838,8.168100350662263,2.76970983828733,2.4207677744468468,1.8461634155361348,1.8017924096347637,2.9866129457889863,4.127893562995003,7.782185802322391,2.33184253389364,3.0606290914613625,2.951602981042733
2018-11-10,278.0,1.81733417621062,4.22319542051544,2.93730624993272,7.275176699870104,21.369421989893358,1.927775089121603,1.7087212852901972,6.254425241868632,9.364174712696284,2.7770696300865194,2.0945448442034325,1.8955876369769704,1.9214587563489471,1.7887152918497347,7.726150650247171,2.7151695113388947,2.265280038890398,1.7266826473642396,1.8021780072519462,2.9867601003944917,4.096898074490332,7.785026155853849,2.327618590743768,3.0354393210904997,2.655352582253534
2018-11-11,226.0,1.7742200397877328,4.262771151063711,2.9308490855440423,7.5727146301369475,22.19448374882286,1.81733417621062,1.4759197891151146,7.275176699870104,9.458640878438668,2.7988455015617046,2.4093813759019933,1.8268199923455957,1.9277549687945985,1.8042314191240807,7.427722362700574,2.665233549740101,2.122147782569069,1.5056367239222914,1.8012207554903492,2.986076664776964,4.0706768133763465,7.782306440454651,2.3280707142577652,3.0231201544132005,2.4676705535900894
2018-11-12,384.0,1.8431908450335703,4.485095865791346,3.019337685031104,7.807843084747852,23.574514864588693,1.7742200397877328,1.7414166572649776,7.5727146301369475,7.959849845401989,3.1310293852322366,3.035507839031123,2.4238331346355606,1.8397764350399848,1.8468457406487406,7.1583043272289,2.9023148389601534,2.513144686378847,1.471824036796151,1.7991010333461448,2.9859837355259495,4.077058085021082,7.7794036344278945,2.3291076176163417,3.02799473262606,2.428553322031271
2018-11-13,319.0,1.801505222321272,4.1985404645905176,2.92387068456006,7.275970055713992,21.273995547638968,1.8431908450335703,1.8305730422310105,7.807843084747852,7.863246558494893,3.241420483005466,3.828934026462083,2.461345948817835,1.8115816870106405,1.8613849103299682,7.136589075706881,3.0570984565998027,3.091274413798397,1.5565584497152938,1.7975791283946587,2.9861571481753657,4.079058041177192,7.792775947461841,2.3439642954142377,3.0219104499324763,2.6615244869913113
2018-11-14,327.0,1.71931856251243,4.430905057303397,2.959739195741916,7.321428779549867,21.669519727666643,1.801505222321272,1.7984455388736658,7.275970055713992,7.209393759708966,3.1976074275541344,2.9225573706866603,2.1933272866454048,1.8063053690475244,1.857232364628577,7.052692432452466,3.190019098597279,3.26233307872662,1.611694885045923,1.7945979519341297,2.982221770331454,4.101830638805559,7.803908335144474,2.3510997934872244,3.0319832444515673,2.713174389821866
2018-11-15,320.0,1.4655546192394036,3.807110981778411,2.686543032276001,9.475796273952696,25.457134455054508,1.71931856251243,2.038155641051574,7.321428779549867,5.973323555120767,3.2835855770020133,3.2487690667396105,2.8876556126555144,1.7880048766224235,1.845928510862686,7.0686974352868805,3.2408711625205378,3.333420154629449,1.7175899109932256,1.7943182024801387,2.9817807100444735,4.117927024793422,7.812254119671447,2.3523539083361413,3.0460420537835917,2.771744521518099
2018-11-16,302.0,1.5590679235030656,3.6206789660039775,2.6564670759973583,8.805297032779224,23.39098166195524,1.4655546192394036,1.927775089121603,9.475796273952696,6.254425241868632,3.180281325435822,3.677788840810095,1.8852303354260764,1.6621261346910348,1.7641283648895187,7.569050680834299,3.2204914433306566,3.2830384260787864,1.7321418147515963,1.7962789142102873,2.9851960348595807,4.113983685125072,7.836706848914176,2.351092691436969,3.0619302754524687,3.0310690519764285
2018-11-17,225.0,1.532291575537507,3.672184738108775,2.663303211270943,8.416695199784433,22.416211353874612,1.5590679235030656,1.81733417621062,8.805297032779224,7.275176699870104,3.062148390091836,3.859051977819399,1.5676918407701617,1.5813137017516325,1.7114559126582993,7.93346093667867,3.1753384308432238,3.595203295123032,1.7275600360990702,1.7884428448109975,2.975917169566913,4.0835304353084405,7.853745885698357,2.350806589509136,3.065033315476254,3.2831414996358523
2018-11-18,269.0,1.4723643023102733,3.773967130518483,2.677514629024313,7.418675249396969,19.86361150824098,1.532291575537507,1.7742200397877328,8.416695199784433,7.5727146301369475,3.214942935140761,3.081220455529829,1.380774839991148,1.5189713727599916,1.6707355411335687,8.096535008095001,3.152457550222806,3.539353758053105,1.7129179382434556,1.7754932704489934,2.9627019690382643,4.037058722244377,7.869723699864449,2.3383766300119246,3.0661049120907387,3.379118511011257
2018-11-19,338.0,1.671822505329132,3.9547740216232574,2.802074390884831,7.2772921038005185,20.39151383904783,1.4723643023102733,1.8431908450335703,7.418675249396969,7.807843084747852,3.1551677060779117,2.767668554064198,1.7920956921787792,1.521241267116948,1.6276132929225031,8.074529382275005,3.1440863437701694,3.2359803291378064,1.6676297199098704,1.7627968263213818,2.9509410564847087,4.016686086077981,7.8825547744190905,2.330571382691393,3.0640495478098746,3.3408557560159826
2018-11-20,244.0,1.6769627474047633,4.1922949029353616,2.87500029393242,7.60061303019521,21.85176469587781,1.671822505329132,1.801505222321272,7.2772921038005185,7.275970055713992,2.771408569903857,2.4611836727427154,1.2163683010858588,1.5588261277256368,1.6031321015361548,7.998736384996813,3.0471730703741766,2.7700242274455786,1.5245328388926593,1.755921516231705,2.9393501078999345,4.051871858104007,7.884634981505105,2.3266720420300593,3.0537486760168244,3.145462848341787
2018-11-21,262.0,1.9962026816981,4.915858101161757,3.1939019700951405,5.824348206784978,18.60239721217064,1.6769627474047633,1.71931856251243,7.60061303019521,7.321428779549867,2.5951082061283723,2.2760590421468736,1.3569619094421397,1.6070498516813891,1.5853403194052247,8.045113952779845,2.8405614940367134,2.50163708965126,1.4687194112222672,1.7533655207670598,2.934523779634319,4.0578797517066105,7.879440612517062,2.33140215606607,3.0379099572801644,3.0531059442646744
2018-11-22,314.0,2.2862298572028097,4.903707262976108,3.359806093121603,7.032312734043623,23.627207172576405,1.9962026816981,1.4655546192394036,5.824348206784978,9.475796273952696,3.129001532210788,3.31234489695649,1.3403341485618747,1.7816626448106643,1.6248951935746063,7.831245299527718,2.831839436081006,2.683195870615357,1.3213963354237988,1.7617906032071464,2.9387479137297587,4.089923557277124,7.87131529180528,2.3411035269095417,3.0383898377090595,3.0621882057242287
2018-11-23,280.0,1.94200077971668,4.60347352571908,3.092144743378101,7.291949110784049,22.547762111891515,2.2862298572028097,1.5590679235030656,7.032312734043623,8.805297032779224,3.492382768780943,4.668191029258217,1.6485415255430944,1.9864650954352239,1.7421345132836643,7.482176222397852,3.0721641690400343,3.418864989453858,1.485987983550233,1.7784305102388533,2.9487826311418632,4.093907537872017,7.866892748675016,2.3380098251711994,3.0413714984020546,3.203674232645388
2018-11-24,203.0,1.955776208073184,4.94217876274906,3.183731266711325,6.964706255383866,22.173753068725564,1.94200077971668,1.532291575537507,7.291949110784049,8.416695199784433,3.2595648968592608,3.362143109865844,2.1608327312041613,2.0748111062058627,1.7968392070284664,7.265983662112825,3.293649732616997,3.780893012026848,1.5829721569038335,1.7829001016261905,2.94805092255461,4.115751075827725,7.873208071507532,2.3444009590546493,3.0405478055582864,3.132687251509167
2018-11-25,294.0,1.5377223491742815,4.039570091496333,2.7839950672437466,9.165315612302663,25.516193454382712,1.955776208073184,1.4723643023102733,6.964706255383866,7.418675249396969,3.1553167792375536,3.34675222166365,1.7667298873055517,2.061335614997557,1.8573370116764203,7.0585566700556015,3.302421481625919,3.792362120262568,1.6967962166004102,1.790042779242088,2.9519740964948,4.120255536437649,7.872760106722467,2.3373906593765943,3.0512330522151476,3.170620360956856
2018-11-26,333.0,1.8477775387099609,4.318892793568047,2.976357506260036,7.7539670305439055,23.078577974652195,1.5377223491742815,1.671822505329132,9.165315612302663,7.2772921038005185,2.9428801796759205,3.081220455529829,2.5333608738098987,1.8118331123213813,1.8666738755141357,7.3080767218992735,3.1192539519242453,3.263371929019772,1.7162123127415423,1.7866014387734808,2.9450823786104245,4.09049889835969,7.89315714593619,2.3396206525530774,3.051401073604365,3.21541348973766
2018-11-27,359.0,1.899898097769616,3.930076954767134,2.900501503260542,7.011692356622832,20.337424220784975,1.8477775387099609,1.6769627474047633,7.7539670305439055,7.60061303019521,2.810672153129508,3.413776748745137,1.318231627394452,1.7804253653191415,1.8918103088542542,7.376173140005471,2.969623037347661,3.280583141979536,1.7715986344635204,1.791655329659155,2.9446997450984265,4.097637811984457,7.905659609399363,2.33107824289815,3.0523136331720804,3.3514982148808627
2018-11-28,259.0,1.9224837244138853,4.448350044787067,3.0436029169902734,7.745460882252602,23.574107334658077,1.899898097769616,1.9962026816981,7.011692356622832,5.824348206784978,3.029410495706334,2.892565045631778,1.3248894588744575,1.7617993285512856,1.9236582160492333,7.292041615209416,2.9276542761705873,3.1291874166355793,1.7865887824468463,1.793695118279426,2.94074531716638,4.147978999393546,7.910558890252123,2.328149790460792,3.0522467638020223,3.4395705010929922
2018-11-29,225.0,2.0351320124488788,4.854053551364117,3.196677497821532,8.376268745093949,26.77622981314763,1.9224837244138853,2.2862298572028097,7.745460882252602,7.032312734043623,3.078117441104592,3.299800660586325,1.2378394635725742,1.8900531202978204,1.9131269364372023,7.566486283133363,2.9727333633134783,3.2020474849877445,1.7664144361795184,1.7981538862982538,2.941017340828589,4.156087188418933,7.9103275660085455,2.31543315841736,3.0562917318679093,3.4377784673258254
2018-11-30,236.0,1.9639085417395503,5.325652362276879,3.283982464231164,8.989475117310757,29.521278647890913,2.0351320124488788,1.94200077971668,8.376268745093949,7.291949110784049,3.207749431486921,3.324970820853101,1.3315239972079973,1.952504611544126,1.8772558157580694,7.758479998997695,3.1050924560992823,3.1724455090237327,1.7053202662123952,1.8108966010121945,2.949741631637992,4.17166596497394,7.91128234754757,2.30694713887592,3.0556687025313862,3.2458898661250943
2018-12-01,374.0,1.708944746019991,4.431811047129741,2.956834677777344,8.982079137171924,26.558523071330352,1.9639085417395503,1.955776208073184,8.989475117310757,6.964706255383866,3.5431635427440185,4.42014719993379,1.159154564083683,1.9738414262007709,1.880385496047051,8.000983714215796,3.2763434717785103,3.681639560457736,1.7837204443920496,1.8105721492306002,2.9494264650922517,4.1946272261073085,7.920270956885818,2.299017035502789,3.063618570865138,3.3970333075633725
2018-12-02,208.0,1.3135438902975412,3.792654874023536,2.641343114946366,9.239589525664366,24.404926178544134,1.708944746019991,1.5377223491742815,8.982079137171924,9.165315612302663,2.9921710035210296,3.3805070699684383,1.3760358936128092,1.9026617667361394,1.8451238586108807,8.28917984018552,3.2476946592506564,3.70854169691844,1.7043953010079422,1.8039246426931745,2.9430305311695135,4.2003713814980035,7.931054876684636,2.3031391381143385,3.0500359897199396,3.4018554287497706
2018-12-03,269.0,1.828354325124956,3.86315005667062,2.8451644447004867,7.867126596163067,22.383268873360723,1.3135438902975412,1.8477775387099609,9.239589525664366,7.7539670305439055,2.8958697849541486,2.930080684939344,1.502099343220618,1.6621323926856935,1.8130983644856318,8.29979039923719,3.1437347770730657,3.576911651613855,1.6499814128132217,1.7958557566431679,2.9321152358672,4.209299845293329,7.947552696720092,2.306771483860306,3.046026722423002,3.3802640329511306
2018-12-04,261.0,1.880448621093644,4.565404945566431,3.0557569916922067,8.003975651346817,24.458204557937222,1.828354325124956,1.899898097769616,7.867126596163067,7.011692356622832,2.9356755692993497,2.5654711438554,2.4703731642794917,1.6169476538141623,1.810323619687774,8.3159560514685,2.9412387859248432,2.9586862995877254,1.5730369748396325,1.8028280927186697,2.9330412342000867,4.195351926555439,7.950681492312182,2.310744746986409,3.0365977664482413,3.2590775179668823
2018-12-05,166.0,1.8070709318592708,4.551153228046264,3.023933211032249,8.39926808764206,25.398825718584153,1.880448621093644,1.9224837244138853,8.003975651346817,7.745460882252602,3.1455111368480826,2.6690015701238785,2.0037786723496605,1.6741156121720462,1.807545123019778,8.45771080785764,2.9923521637005273,2.721517799639539,1.6314102561733943,1.8069933511811307,2.937128522012476,4.242439744182134,7.94513289090354,2.3175848389208396,3.043152071884438,3.227139878608611
2018-12-06,262.0,1.7375686672106845,3.9752957162172913,2.834235124298476,9.217875996247844,26.12562791999345,1.8070709318592708,2.0351320124488788,8.39926808764206,8.376268745093949,3.3533975084806333,3.4642884098951625,2.034607881448613,1.8386246260259564,1.791057581226262,8.551111837198992,3.1448614048760217,2.8995870412914777,1.7641054260358549,1.8065131689829823,2.9366444785274024,4.275133045441694,7.9512032795396275,2.3192918268431963,3.0562876292040566,3.2506381285098733
2018-12-07,253.0,1.943977125364122,4.701990128111187,3.1178312917950746,7.456743985329468,23.248869732364927,1.7375686672106845,1.9639085417395503,9.217875996247844,8.989475117310757,3.253092057379729,3.798441116073623,1.4674366701959207,1.8083627400545323,1.74854853190652,8.671341444506691,3.250666900902815,3.3105770320308854,1.6634513490864902,1.8124861662746083,2.9395279712056763,4.279217873858284,7.960788874315002,2.316656918532494,3.06670101075232,3.318276742112805
2018-12-08,170.0,1.8002031372322855,4.05879105318357,2.884678470832014,6.844856433132587,19.745209988593583,1.943977125364122,1.708944746019991,7.456743985329468,8.982079137171924,3.0872515242331104,3.1832059105369224,1.546858816137528,1.829538908144692,1.7457011867100298,8.452379854223649,3.2312470300311578,3.481978478835234,1.5259746581233966,1.8097250267347649,2.9371561963662365,4.308881853667513,7.961694477520586,2.3051952827365207,3.0713209486814876,3.1415708436275382
2018-12-09,178.0,2.0125291744774816,3.922138450560529,2.967479436738004,6.890486512275541,20.447377034298235,1.8002031372322855,1.3135438902975412,6.844856433132587,9.239589525664366,2.718195925029809,2.854203678202252,1.480966929496091,1.82724964326903,1.7587380997403577,8.147062325075172,3.019513168880883,3.2786169016042632,1.5491800874336674,1.8021524049646855,2.9285877883718965,4.302167905613709,7.9586225043525705,2.294543243718172,3.0812679622634125,3.0663846448037977
2018-12-10,364.0,1.8447658704182923,4.508961024056318,3.0264935344877446,8.29154418417006,25.09430486431015,2.0125291744774816,1.828354325124956,6.890486512275541,7.867126596163067,3.1151056787307403,3.2648297563219977,1.3608789193493245,1.9189031456912957,1.858593140337492,7.811476180305341,2.97351770933122,3.1007464483537217,1.6424762682833676,1.7964865074845886,2.920466685332273,4.2921907216869135,7.959789231164368,2.2818136461141862,3.0925358305515527,3.1142059407156055
2018-12-11,250.0,1.9704714728806076,5.0789358696891815,3.224021735391025,8.862454278045215,28.572745221326947,1.8447658704182923,1.880448621093644,8.29154418417006,8.003975651346817,3.1394871747663182,3.024915636667495,2.0427139745096285,1.885832727376019,1.8609376468079688,7.872107264306339,2.990929592842289,3.047983023730579,1.7807775748684347,1.7970203278742196,2.918357307937873,4.301716241804943,7.975403391472452,2.2696135277005998,3.103890552991707,3.17984086826019
2018-12-12,294.0,1.977494899746192,5.229261563099801,3.2644502259841475,9.53783996924566,31.135803843004627,1.9704714728806076,1.8070709318592708,8.862454278045215,8.39926808764206,3.36195848657006,3.9327738186002144,2.552579919607241,1.942588839258793,1.8737980542061066,7.994747068120397,3.205517113355706,3.4075064038632337,1.904517694390049,1.8025809879668955,2.925009705265798,4.328921732425793,7.985509131551835,2.2557958835895127,3.111588189702968,3.3603797608996664
2018-12-13,272.0,1.9988347318056732,5.2595889274827465,3.2798895301836497,10.8669071896258,35.64225511673109,1.977494899746192,1.7375686672106845,9.53783996924566,9.217875996247844,3.548602904919397,4.664514347179794,1.4793318777598623,1.930910747681697,1.8981443353328094,8.157400194063767,3.350016188751925,3.8740679341491653,1.938674891657973,1.8038056525006163,2.9289305477509653,4.353727255669408,8.001779297514918,2.253481177441269,3.121827603766765,3.531840609083186
2018-12-14,212.0,1.8244739301617183,5.308931283832845,3.2383905144899563,10.347925155152785,33.51062266709879,1.9988347318056732,1.943977125364122,10.8669071896258,7.456743985329468,3.5442281637006863,5.262700601367623,1.0865394528328771,1.9822670348108238,1.935468058846379,8.392976078832048,3.4849298517300475,4.619996255715875,2.1362952825698653,1.8125084818895958,2.9403862493034447,4.389095537765815,8.025925623493219,2.246482194476876,3.133381628304983,3.7410205355537576
2018-12-15,146.0,1.854678793993494,5.487099801175807,3.294154253730481,10.591878247885258,34.891280785266574,1.8244739301617183,1.8002031372322855,10.347925155152785,6.844856433132587,3.5763686249447324,5.55660689306771,1.008247750322402,1.933601187237861,1.9183961738174644,8.806001960235378,3.5563998978549383,5.161273947205039,2.317500336786943,1.8134295387384376,2.947026363595183,4.41836307865013,8.048883632863841,2.242360528405661,3.143141063236407,4.080077818772441
2018-12-16,242.0,1.5028337812416923,4.544876325725359,2.938113060007141,9.555895695639128,28.076301943423346,1.854678793993494,2.0125291744774816,10.591878247885258,6.890486512275541,3.6427377956402185,5.392296034263617,1.8895798988324248,1.8926624853202945,1.9261784104976372,9.34129079091433,3.587778194761879,5.403867842899648,2.5706264258735665,1.8127128156875927,2.953624725243931,4.474362705963377,8.06718784739322,2.2297756529873163,3.158556278909887,4.442662441066921
2018-12-17,287.0,1.759553748348848,4.821763065640328,3.084888154688708,9.740935462279625,30.049696423173586,1.5028337812416923,1.8447658704182923,9.555895695639128,8.29154418417006,3.464012544828148,4.35530788494455,2.2897451083865485,1.7273288351323008,1.8533647828925244,9.722063531394843,3.5610396551376997,5.101403604091956,2.632103990611626,1.8053593837221167,2.951336891930958,4.505169284620757,8.082759129699836,2.2248026735606885,3.171951750734431,4.598445030870144
2018-12-18,277.0,1.772781142890426,4.920068315119687,3.116563698477571,10.056936297739572,31.343082583436573,1.759553748348848,1.9704714728806076,9.740935462279625,8.862454278045215,3.5315694600465948,4.491193465284514,1.3381354358640756,1.7056887745280107,1.8411916225968892,9.929119428267638,3.5461066001716532,4.746265794830891,2.680197763897023,1.7991864028280025,2.9478645877215546,4.543488562205141,8.101664940511021,2.2163803858358695,3.182505968231292,4.807913292101146
2018-12-19,225.0,1.481572736607084,3.976812915131589,2.74777980914538,10.557131793347388,29.008673584246708,1.772781142890426,1.977494899746192,10.056936297739572,9.53783996924566,3.5634695178963223,4.2421476559415785,1.5902430828655831,1.678389557493655,1.8129501468840061,10.099759716795404,3.519683840923688,4.362883002056878,2.6421019436506334,1.7986230191222183,2.95018019599221,4.581691935025181,8.108946118670278,2.2095927821427637,3.1961160286252395,4.852109554578484
2018-12-20,250.0,1.7480931783452496,4.699869497453936,3.0466424666961545,8.54516935732629,26.034075849140965,1.481572736607084,1.9988347318056732,10.557131793347388,10.8669071896258,3.348421675978337,4.284671411079915,1.6417698829317604,1.671302542615452,1.7421041235784196,10.245372834524222,3.4811535513070844,4.339337510768668,2.4665401766881248,1.7986645841519093,2.956165474363866,4.582426564808793,8.115632016615715,2.1917119806915135,3.2153497988277224,4.797846277992787
2018-12-21,237.0,1.7523013859937433,5.089166402999827,3.158991360515249,8.208713169141934,25.93125398226712,1.7480931783452496,1.8244739301617183,8.54516935732629,10.347925155152785,3.587724007714641,5.077193382722155,1.7396127187807786,1.6674823526142528,1.7062839016555016,9.913696001338577,3.4998717338631002,4.534670816581214,2.4209286824608864,1.7972296545993716,2.958815225414919,4.5993457179594115,8.12377453231056,2.1919844539019104,3.2484369922139313,4.77134524675772
2018-12-22,185.0,1.3871878762778205,4.9086624019943415,3.0356467967598286,11.108799903339763,33.72239284241925,1.7523013859937433,1.854678793993494,8.208713169141934,10.591878247885258,3.829129462528423,4.935313120499916,1.9763568964178728,1.660655766982025,1.695973538202934,9.608094289051314,3.5884250487404667,4.7657259714339935,2.4616496082105286,1.7962947518901962,2.9637990043974987,4.605122661354014,8.132697639656724,2.1927683445798096,3.2717745898911854,4.6825889935337495
2018-12-23,157.0,1.2119523781933563,4.165393068278049,2.75646107180386,10.008041659629146,27.586777239759037,1.3871878762778205,1.5028337812416923,11.108799903339763,9.555895695639128,3.675403277233453,4.6754421717163135,2.755760735483724,1.6291941468722706,1.629189121386409,9.681940239830528,3.6974189158255055,4.895982891646125,2.308601034256875,1.7881908658869377,2.9625371805976104,4.605287832654622,8.15136828536236,2.1786114915222363,3.277875273506269,4.580181298884135
2018-12-24,119.0,1.4494784269859882,4.011238669425424,2.7507122589335378,8.442479202731112,23.222831038743912,1.2119523781933563,1.759553748348848,10.008041659629146,9.740935462279625,3.483087547046141,4.725920555417147,2.528845489262016,1.4504805468216393,1.5876346352366468,9.746532520400532,3.6625400956026724,4.778891949211123,2.2615918867891556,1.7810941949261272,2.962020434429858,4.590685150739921,8.16752543911179,2.1631203211694974,3.2853260285124986,4.633125966094505
2018-12-25,144.0,1.3770263431576577,3.563026759957331,2.5771339574578485,6.344497352671443,16.350619570571,1.4494784269859882,1.772781142890426,8.442479202731112,10.056936297739572,3.1596580656598734,3.533825937536628,2.721478172247321,1.3495395604857212,1.5433381607562384,9.561038769036458,3.439382963313156,4.311729554890027,2.1859721109231707,1.7711030988886385,2.954659714889635,4.5596538142958,8.176768545534602,2.1577560807449676,3.285470738059909,4.496359176416236
2018-12-26,274.0,1.932027454260354,4.195623775081147,2.984595903576217,5.374807129512422,16.04162734125502,1.3770263431576577,1.481572736607084,6.344497352671443,10.557131793347388,2.899874994981281,3.4818667590287875,2.8586784623851305,1.3461523827790003,1.4868017607944142,9.03069034831244,3.180873535895765,3.9138710839941857,2.0788012925850774,1.7596767329378928,2.943806060061727,4.5437690365778325,8.169466951188882,2.153410007863533,3.284037231903421,4.387747619714409
2018-12-27,248.0,1.916077216770488,4.275856795387007,2.9965171419615872,5.855292493835935,17.54548432897839,1.932027454260354,1.7480931783452496,5.374807129512422,8.54516935732629,2.8871468969435083,2.727180203937442,3.413652506538124,1.586177408134666,1.5511524347448815,8.290358253478873,2.982226652528221,3.247624300167617,2.158953236072105,1.7624822140375898,2.945516884320644,4.539660069294936,8.158685848820987,2.145978894212382,3.2865863900305547,4.165248875836913
2018-12-28,234.0,1.7808228511122464,4.37982574546831,2.966379879449,7.2041827859699525,21.37034286417411,1.916077216770488,1.7523013859937433,5.855292493835935,8.208713169141934,2.931214290186767,2.8309301361957373,2.169955671947196,1.7417103380628325,1.5751501545199156,7.906090130123109,2.906078727370519,3.013325699720653,2.0730935442117677,1.771276571465091,2.959055852053795,4.551186063982266,8.142961727618232,2.147583574072553,3.283313183179902,3.844354126333138
2018-12-29,171.0,1.527215551119323,4.0433120512426575,2.7821691197279064,8.331870827065524,23.180673724623514,1.7808228511122464,1.3871878762778205,7.2041827859699525,11.108799903339763,2.873808887168191,3.112389281627528,2.31301330941565,1.8763091740476956,1.5792246495368443,7.762585789669968,2.8973900247661555,2.8901665405869004,1.8232035091245606,1.7671314420675877,2.9577907764217333,4.54890192067164,8.140558852348306,2.1453294807078978,3.276502898048689,3.583936435065655
2018-12-30,96.0,1.267893911681922,3.636857888344591,2.5750146639069937,9.026349849935134,23.24298322513766,1.527215551119323,1.2119523781933563,8.331870827065524,10.008041659629146,3.032383323866398,3.401628353732764,2.4890899937589945,1.7413718730006853,1.5992286030856306,7.365881635916504,2.945802167073785,3.114982590518674,1.692760594753448,1.7605051471098496,2.953675693626375,4.521877204000925,8.144478943831748,2.1409759992450588,3.2706573611280043,3.401963032496576
2018-12-31,156.0,1.3574886759908171,3.974384831166501,2.7162051983226885,9.473053853238392,25.730758120156896,1.267893911681922,1.4494784269859882,9.026349849935134,8.442479202731112,2.980216068688044,3.290233063486672,1.299913120524457,1.5253107713044962,1.607220250726854,7.225639948817361,2.962136093240878,3.268083566282319,1.622817471289369,1.7487625430020113,2.9446839115374863,4.465584054869849,8.157528912294683,2.141727142541863,3.2518924453261393,3.1968648193636513
2019-01-01,252.0,1.3452462298352748,4.399736804418191,2.860361311057672,9.31946780296421,26.65704514324647,1.3574886759908171,1.3770263431576577,9.473053853238392,6.344497352671443,3.048345911444264,3.1631763601584817,2.402197712656653,1.3841993795973533,1.594078857727544,7.372864898889829,3.0203151013329017,3.2850125924593034,1.5486587570317385,1.7414389020634415,2.9409723235943774,4.4503365143377405,8.183223722705016,2.1417927713754565,3.2537649422569133,3.1439148797382015
2019-01-02,228.0,1.65898429850861,4.587411983741662,2.988344164472396,10.121060154279968,30.24521105031663,1.3452462298352748,1.932027454260354,9.31946780296421,5.374807129512422,3.651727480466183,6.548297228386391,3.143724942632625,1.3235429391693374,1.5895388415386322,7.797860677503081,3.2267631535328305,4.333902217343845,1.6446259865148671,1.7385780759930516,2.9451447997927507,4.470572578684229,8.199321615907495,2.132597845081643,3.2789601987739814,3.581976375360717
2019-01-03,222.0,1.7137765397666365,4.597687867171111,3.006816562163812,8.792489770205055,26.43740386370845,1.65898429850861,1.916077216770488,10.121060154279968,5.855292493835935,3.2573776777546617,4.447940889756028,2.3423124888625497,1.4539064014449001,1.5505326764312402,8.475896823898445,3.319150356555036,4.719804826100298,1.7360304355757006,1.7377491262133586,2.946410119129727,4.49471464291993,8.20882661821941,2.123808001172257,3.2896836023891587,3.8277993304776574
2019-01-04,210.0,1.6121323536356709,4.113304505663487,2.829794223517563,8.877575273364751,25.12171122740992,1.7137765397666365,1.7808228511122464,8.792489770205055,7.2041827859699525,3.1026283037433258,3.024915636667495,1.840891639673159,1.5726690227035067,1.5216325797164043,8.895496434808319,3.3372444873213905,4.673717918269969,1.8312983412463684,1.741713405390884,2.9553350349608483,4.495790740306753,8.218264925088466,2.127239561838167,3.2882541746189995,3.8555115448307657
2019-01-05,222.0,1.5585988801941972,4.028596723386809,2.7866412592391088,8.809028444468167,24.5476021171659,1.6121323536356709,1.527215551119323,8.877575273364751,8.331870827065524,2.8618212970412915,2.823241250949408,1.7836748783537582,1.6616310639703051,1.4975339372197507,9.134552504436147,3.07394242617976,3.4320325924576416,1.8856876305385666,1.7395586669970622,2.957149583321156,4.481195782893994,8.241588802687245,2.1241590162741972,3.2718683009043548,3.81420468330532
2019-01-06,168.0,1.4744259497457102,4.352886696761234,2.8698452409636697,9.082108728043726,26.064246511090897,1.5585988801941972,1.267893911681922,8.809028444468167,9.026349849935134,2.686802568889269,2.8309301361957373,1.7388942653923405,1.628169257865501,1.5020172699447325,9.20271787835081,2.883750723224629,2.8930290079375443,1.8550129690735209,1.7350257642964486,2.956203135237998,4.482972483132977,8.261668255485832,2.1159102160608207,3.2529919846213398,3.732676366514316
2019-01-07,144.0,1.8357994469191752,4.8548915094311695,3.117561825093844,9.311076112834098,29.027855439914767,1.4744259497457102,1.3574886759908171,9.082108728043726,9.473053853238392,3.0304833052937474,3.5846660683590232,1.8609767249336504,1.5483857278585254,1.5315218468109884,9.210683432366324,2.8597023904081027,3.0796124851680537,1.9868429104153498,1.729625437810983,2.9570948923522096,4.47133570208798,8.281939814119136,2.10981563784576,3.2510997106566943,3.7747382243532237
2019-01-08,240.0,1.788804425537072,4.926558727056277,3.1229272939911965,8.979160474434563,28.04126532273864,1.8357994469191752,1.3452462298352748,9.311076112834098,9.31946780296421,3.411219282284605,4.29728315633443,1.801179869634291,1.6229414256196935,1.599851956943611,9.187543755165711,3.042835052155874,3.5709597869630607,2.1406125998732395,1.7262528345754429,2.958053995760923,4.497872383962899,8.287952539918484,2.1054383496963864,3.2742004892318537,3.9367534809497875
2019-01-09,222.0,1.6185558053707416,4.626346351777645,2.989722638935902,9.031115228577647,27.000529653717376,1.788804425537072,1.65898429850861,8.979160474434563,10.121060154279968,3.250355757509359,4.008993081232635,1.3944946970221748,1.6996766074006517,1.6632174134724387,9.13892842251862,3.2306861150292376,3.963647435308694,2.099654835986285,1.723936656849034,2.9602911590552887,4.531353059846092,8.284495594511386,2.103763099383678,3.2787088251911416,3.573995745642108
2019-01-10,204.0,1.609830887697596,4.249004979376345,2.871056153946576,8.114161250205642,23.296212591517754,1.6185558053707416,1.7137765397666365,9.031115228577647,8.792489770205055,3.496408077317592,4.379799134530988,1.4292120882647616,1.7477198926089959,1.6574419144527432,8.983222004561144,3.3859943723705186,4.228691790699348,2.055562927695663,1.7206236840017024,2.9611647655386752,4.535265904103468,8.281783643685326,2.1041786675048284,3.290606188609517,3.564261209181388
2019-01-11,198.0,1.7328412204924128,4.71350997321736,3.046109021221973,8.876941423339312,27.040131350492903,1.609830887697596,1.6121323536356709,8.114161250205642,8.877575273364751,3.139183318387033,3.229314097254066,1.3512897754246065,1.6723970395351362,1.6425925355857376,8.886317930275514,3.2953157177379944,3.8727021043392273,1.9858241674529549,1.7178838648002002,2.960168216678717,4.50760154109304,8.27644131125364,2.1108279296156676,3.283180349670083,3.5934609892651843
2019-01-12,264.0,1.3223868352041952,4.512679562141143,2.8950306434196698,9.275011434476822,26.851442320878228,1.7328412204924128,1.5585988801941972,8.876941423339312,8.809028444468167,3.2732942751298477,3.52242404484467,1.264563878550344,1.6537426378535829,1.659836659422415,8.88622738027188,3.3029618902781572,3.7105124255432393,2.0290210264639046,1.716044704391181,2.9606144056152317,4.490409821430292,8.283079762362002,2.1126315382050844,3.2740033953437644,3.6933442455359358
2019-01-13,180.0,1.3327010006835929,4.1339261524397735,2.766582189912648,8.678521582671713,24.009843245392087,1.3223868352041952,1.4744259497457102,9.275011434476822,9.082108728043726,3.444507764323054,4.629599825785943,2.4106648717742414,1.5550196477980673,1.6260920815667004,8.952796378844544,3.2856617859466453,3.793779322628224,2.1323547493191417,1.7080593979392296,2.960133738262892,4.465512842585572,8.293467122272764,2.1087768079747296,3.270679382031177,3.9502970583345367
2019-01-14,204.0,1.7210053165610035,4.453793615699723,2.966973545694668,8.598290642911222,25.510900875711595,1.3327010006835929,1.8357994469191752,8.678521582671713,9.311076112834098,3.151731685804392,3.3497199948998104,2.5008078683594834,1.4626430187933996,1.6058456602721123,8.895141072362827,3.2898445750857643,3.8339146218434723,2.033886693352833,1.701615771908749,2.9569144548324044,4.42634600487247,8.299003469315185,2.1011831947461506,3.2565248173931653,3.916733333554649
2019-01-15,270.0,1.7853226251373824,4.993591854027723,3.140687007575574,9.252991932464596,29.06075154349316,1.7210053165610035,1.788804425537072,8.598290642911222,8.979160474434563,3.212746840794776,3.473023758692907,2.4680552093289667,1.4586977174829299,1.5894464987923733,8.79331457665956,3.2696620969740735,3.817447859792885,2.038980502717139,1.7058732835307757,2.961588296722715,4.3919024653566,8.310097949401783,2.0919961923518033,3.242191785564984,3.7989819910344313
2019-01-16,144.0,1.5171522924018273,4.820010304072251,3.0282413745925805,10.464176921826212,31.688053505730966,1.7853226251373824,1.6185558053707416,9.252991932464596,9.031115228577647,3.4771965835831438,4.740099210668248,1.7752197220675638,1.613009647460659,1.588949098735275,8.832433356378136,3.2805583700607706,3.854280988086986,2.065909293814788,1.709644195224681,2.969658628915686,4.406859649633346,8.319541954484526,2.0801282860315022,3.2426312535234842,3.9034257238109475
2019-01-17,180.0,1.6338593169976452,4.902551011639747,3.076990170350327,11.296323731935704,34.758677084261286,1.5171522924018273,1.609830887697596,10.464176921826212,8.114161250205642,3.521941280716744,4.707963291487499,1.2144894580094414,1.6744934113667371,1.5744628825968585,9.037156455413646,3.4039615683648883,4.3070287536162155,2.0533691320273055,1.7093918738390863,2.9757409316377132,4.406801224247743,8.33721581482518,2.080233271591986,3.242310314212489,3.9503063176618776
2019-01-18,204.0,1.5154396605774756,4.991373887448026,3.0814119691225885,9.833985771614302,30.302561460833545,1.6338593169976452,1.7328412204924128,11.296323731935704,8.876941423339312,3.1390313489109345,3.5566016458615617,2.2740993648174084,1.6454447448456178,1.5778955153540084,9.491751095660797,3.379389737736941,4.3348880493391,2.0951595201605535,1.7120834574172092,2.9823988573264795,4.406217314131746,8.362101478622925,2.076448631696962,3.2281623752463093,3.997061681748663
2019-01-19,192.0,1.4219303090919737,4.651197495364799,2.957313842824239,10.796127076313068,31.927536051670216,1.5154396605774756,1.3223868352041952,9.833985771614302,9.275011434476822,3.47085533198028,4.638901635390687,2.340951704755573,1.555483756658982,1.5468381496518746,9.628471716842938,3.377275987202653,4.301155524246581,2.1538346648847044,1.7094770766713483,2.9870544836304425,4.440036013208959,8.375824757649845,2.0753647856916726,3.2322434971130405,4.156558480398094
2019-01-20,96.0,1.119817768668856,4.106713944612331,2.721288662525503,10.376298009229368,28.236902131501825,1.4219303090919737,1.3327010006835929,10.796127076313068,8.678521582671713,3.529405784486604,4.440043357419809,2.1239605245655606,1.5237430955556974,1.5610586459215574,9.845773951390973,3.379764155125939,4.21184887955735,2.206249669640309,1.705226536032802,2.988426376111973,4.438413613139321,8.384549330065395,2.0734357904298317,3.2302995563387724,4.129478984917218
2019-01-21,246.0,1.6117844000944292,4.843179434162939,3.0542703442718206,9.999221591919468,30.540325974002098,1.119817768668856,1.7210053165610035,10.376298009229368,8.598290642911222,3.378660384271668,4.041691224165509,2.1921645103251275,1.3523959127794345,1.5306467556337375,10.08831344089921,3.459640500246184,4.373545405658667,2.2189779174743847,1.6906201208156477,2.980549487652479,4.405665197859739,8.395775396222625,2.0665919708740343,3.215283920396881,4.2283320176694605
2019-01-22,198.0,1.4408351176550998,4.496770617961119,2.9101438104161206,9.20137436578249,26.777322657903472,1.6117844000944292,1.7853226251373824,9.999221591919468,9.252991932464596,3.4393945703577358,4.526013424431246,1.9798838876300084,1.3845108259517527,1.5150437675670843,10.288446433614675,3.4491535797053356,4.335916002005519,2.238783472136164,1.6793793631971747,2.9754572251716493,4.403482432265359,8.414580418971816,2.068279159863483,3.2074169635010237,4.3787591127749375
2019-01-23,156.0,1.541064480633369,4.470037994873975,2.922611846717093,8.843590657651342,25.846382823568423,1.4408351176550998,1.5171522924018273,9.20137436578249,10.464176921826212,3.573041129408151,4.514457457304349,2.077597735144212,1.3908124288061277,1.4658312664981867,10.28107249551723,3.463698694679185,4.360720701967033,2.1909975764074603,1.671026602162815,2.9724238762889494,4.414528350588128,8.424288975992555,2.068219981296013,3.2104154162464242,4.346524576580095
2019-01-24,180.0,1.64050358207395,4.712982923827846,3.021472974439809,10.082643839984003,30.464435873413684,1.541064480633369,1.6338593169976452,8.843590657651342,11.296323731935704,3.434356196503572,4.564114254088222,1.937825517996102,1.5312279994609657,1.4692472933884069,10.049560172063678,3.482263965423153,4.534861711941271,2.1434189328594413,1.6641147400388183,2.968071885955712,4.429821661436412,8.419552559527824,2.0755231359509643,3.2195720206078806,4.3259747140944835
2019-01-25,186.0,1.5816339109065212,4.42054824802903,2.916923382428425,9.286349314151826,27.087569451847628,1.64050358207395,1.5154396605774756,10.082643839984003,9.833985771614302,3.4778442233476348,4.229262782519816,1.5848229730532446,1.5408010601208055,1.4701964741135936,9.87617733035629,3.4950805164197853,4.435944831304127,2.1257464165234206,1.6658277605871459,2.972029851075647,4.468153533565429,8.437514692532806,2.075794079007772,3.238837661553426,4.42206916218852
2019-01-26,150.0,1.563190590962643,4.45391309209206,2.9227999021723714,8.91845387183549,26.066856104129577,1.5816339109065212,1.4219303090919737,9.286349314151826,10.796127076313068,3.233258118004944,4.141060672069829,2.376608370305719,1.587733991204613,1.4796527955891712,9.797943550718795,3.381819512618717,4.311479236225953,2.022458955270609,1.6613920334570884,2.9710392823451195,4.475651015997026,8.446816443246865,2.0735204551566837,3.2503747022554736,4.350949024571254
2019-01-27,186.0,1.5110440939069782,3.929688566678345,2.7405519934410134,8.025580498923784,21.9945206348469,1.563190590962643,1.119817768668856,8.91845387183549,10.376298009229368,2.9130112230179708,2.6690015701238785,2.312462062249104,1.5951093613143705,1.49983283585641,9.529704521507712,3.208037854790183,3.6797750082378387,1.990666974803787,1.6557802416769725,2.9714109223269833,4.481586225887195,8.452996260017473,2.069621800268828,3.2497679333498466,4.0979430549575495
2019-01-28,210.0,1.8398590261700676,4.504478228580792,3.023235873101385,8.168741032961414,24.69603092892421,1.5110440939069782,1.6117844000944292,8.025580498923784,9.999221591919468,2.9223778404126364,2.6857025753887847,2.104383377812749,1.5519561985920471,1.5557223108904275,9.1938877343212,3.0228823938118503,3.1652549391941616,2.0316637578736425,1.6489229145018571,2.966360073601163,4.466581653260862,8.461610212848315,2.077103383758031,3.2513868984579952,3.904230390846589
2019-01-29,210.0,1.7962265943763638,4.7962300662799855,3.088669552218135,9.334730066403324,28.831896534275117,1.8398590261700676,1.4408351176550998,8.168741032961414,9.20137436578249,3.125518184926876,2.791635212160688,2.272416604562744,1.638031237013229,1.588304400329804,8.932390511612907,2.9869690827858277,2.7154464525577815,1.9880741301976939,1.645668364730544,2.9634693798558263,4.481953859172134,8.46798983687201,2.080446726140742,3.254491393826678,3.656462074807938
2019-01-30,222.0,1.6728553887481448,4.870701301930088,3.0763970719303493,10.119610200482292,31.131939189840217,1.7962265943763638,1.541064480633369,9.334730066403324,8.843590657651342,3.396283878810762,4.181491958526743,2.4883237482132694,1.7157099048178026,1.6390746112899846,8.951441325987313,3.1480599680500916,3.219609915358736,2.042023382372302,1.642873665607824,2.9602141646556097,4.520599598436647,8.475368150924403,2.084615091932805,3.268360320830768,3.6088955749825655
2019-01-31,174.0,1.6749742805568204,5.151662102686405,3.159404896600374,10.891678401762766,34.41122207472581,1.6728553887481448,1.64050358207395,10.119610200482292,10.082643839984003,3.3888153964979075,4.2335993066419775,2.304730551285333,1.7696470030981917,1.6579018838778097,9.133729832106019,3.303539153411849,3.7355754924431337,2.1235141537070334,1.64227217631996,2.9622068712248266,4.550476814128767,8.473840755966087,2.089435848672458,3.27970930366589,3.561679153918817
2019-02-01,240.0,1.642328149560294,5.256849117202841,3.183815279921008,11.376370030659128,36.22026073364796,1.6749742805568204,1.5816339109065212,10.891678401762766,9.286349314151826,3.520540128538202,4.95508219764217,1.6739207078917735,1.7146854212271092,1.6628262693753626,9.249306198074413,3.435213134615624,4.456724487603627,2.1462373071434606,1.6482960161576146,2.9708412342523927,4.575540990737707,8.473382064067577,2.087877439124101,3.275336391934957,3.6653676417934387
2019-02-02,162.0,1.3667706875139118,4.7035262432543945,2.9657156629280546,11.184603256365502,33.17035306103929,1.642328149560294,1.563190590962643,11.376370030659128,8.91845387183549,3.6117471075116474,5.123954997997672,2.515247252938176,1.6633859396217525,1.6714968748973305,9.547880586146887,3.5070342108492523,4.770878834093938,2.2514533838082724,1.6451955798982036,2.9764854148394018,4.59785556185308,8.488036301440964,2.0888373043339112,3.28714870626019,3.805781116925988
2019-02-03,144.0,1.085722731941728,3.6643514496344376,2.548424655634203,9.61627585150119,24.50635447534542,1.3667706875139118,1.5110440939069782,11.184603256365502,8.025580498923784,3.537085714928891,4.506663499322023,1.977960792148176,1.5613577058770083,1.6434368886903687,9.871616212508314,3.5564576503262466,4.861900231653952,2.3014210098429824,1.636634281005208,2.9749847260266664,4.601383507722522,8.50025596270172,2.090605690377501,3.301630619966376,4.06830424966858
2019-02-04,180.0,1.6857711089984782,4.119238479861547,2.856319560598336,7.487685130690538,21.38722150239269,1.085722731941728,1.8398590261700676,9.61627585150119,8.168741032961414,3.2388884215651825,3.741443262160628,1.771332872976618,1.3649405230053109,1.5826766941239043,10.09885840573366,3.462573748001907,4.457353919826772,2.2435678997604223,1.6246118110065821,2.967059583436699,4.586418405854888,8.510210003151961,2.092662524440681,3.3141995241171722,4.219124347778843
2019-02-05,180.0,1.9410875833941317,4.262902430055104,3.005869867656294,5.49258917415052,16.51000829399422,1.6857711089984782,1.7962265943763638,7.487685130690538,9.334730066403324,2.8226904804069206,2.930080684939344,2.148708990210596,1.3794215094847055,1.5606641345279628,10.00156470540925,3.199554872300331,3.7260624821406636,2.192186135468989,1.6237485183697122,2.9674276573750293,4.589439797737379,8.49801343099348,2.0990586925584336,3.3187291211677605,4.238902272461508
2019-02-06,186.0,2.1006806395199096,4.427640160728816,3.136216874166965,4.442461546501127,13.932522864974706,1.9410875833941317,1.6728553887481448,5.49258917415052,10.119610200482292,2.752518432461865,2.613526868598903,1.765311519443591,1.5708604747781119,1.5813585615305015,9.452687435087421,2.938032444811322,3.0950169385662893,2.0819635514816066,1.623700359336879,2.9655616336393833,4.586440322180508,8.473453305344766,2.0910424620724473,3.309463625406698,4.014907259614674
2019-02-07,84.0,1.9806882365289404,4.211781463594493,3.014979251107053,7.33061437292733,22.10165023224304,2.1006806395199096,1.6749742805568204,4.442461546501127,10.891678401762766,3.082713135524098,2.7595549171600187,2.0821866880175803,1.9091797773041723,1.6424764544978963,8.641666198804396,2.885974016130961,2.7677208235660866,2.026489681030083,1.6287083177083395,2.9697539403616324,4.572198610557095,8.441278493658409,2.0789663349152745,3.2985134205146807,3.80432948968868
2019-02-08,126.0,1.865807943812413,4.460294931202753,3.021759211257533,8.855041529843403,26.7578033088723,1.9806882365289404,1.642328149560294,7.33061437292733,11.376370030659128,2.735994440852227,2.4283099396513568,1.9608981893807609,2.0074854864809932,1.6861498767796275,8.132942766113619,2.857075336279397,2.6004639084700902,1.9428509708068162,1.628177635409197,2.97054560393445,4.548372701775036,8.432390852866614,2.0745175097217343,3.2813680432927765,3.4433620242614214
2019-02-09,132.0,1.6099707049394558,4.077394088920149,2.8179093163866,9.252085715662194,26.07153853417188,1.865807943812413,1.3667706875139118,8.855041529843403,11.184603256365502,3.0896082892231083,3.6992367601007743,2.2101198592065354,1.9823922732870873,1.7180755616727874,7.772752980282801,2.969438621866478,2.962367205637381,1.8951053842577856,1.6285283366324323,2.970466698547279,4.54283765442254,8.436762141435326,2.077136672002261,3.267808050356294,3.239830847419007
2019-02-10,126.0,1.4531082062730971,3.881792493176072,2.708138865634411,9.430131532973297,25.538105712489596,1.6099707049394558,1.085722731941728,9.252085715662194,9.61627585150119,2.880731171016573,2.4283099396513568,2.355605557370436,1.8188222950936026,1.7528184213050082,7.496679045896615,2.9021113003639694,2.8519522131344934,1.8509769149715287,1.6225199905000798,2.9636981582305397,4.537117291407332,8.440445858990955,2.0614967601263903,3.259192978777278,2.942923196037483
2019-02-11,186.0,1.904327254856356,4.439164873934783,3.032923657534197,7.784454013380339,23.609654738168256,1.4531082062730971,1.6857711089984782,9.430131532973297,7.487685130690538,3.057271188029225,3.3987264866013787,2.3417682723197326,1.6429622850083216,1.8053020604952035,7.47008700039263,3.0092035494229687,3.175424395451168,2.00665829596402,1.6137802122755283,2.9544263022247104,4.509393375405957,8.4464133486395,2.053751180622801,3.2519922092072577,2.8939636566718763
2019-02-12,186.0,1.9269909084094017,4.634571868664625,3.093354730950886,8.790887351204502,27.19333297710475,1.904327254856356,1.9410875833941317,7.784454013380339,5.49258917415052,3.2453380944532286,3.3559399132125933,2.307771064265589,1.6558020553563022,1.836524367046329,7.5124825550626015,3.061113484499676,3.060992113155107,2.1330058455844365,1.6122050876597063,2.9503102043472196,4.506942885799078,8.447599498787397,2.0491362778327926,3.245353220211597,2.95480068928234
2019-02-13,156.0,1.706311737392033,4.103659262468391,2.859107714819671,7.970130663500042,22.78746206813379,1.9269909084094017,2.1006806395199096,8.790887351204502,4.442461546501127,3.3548070102940133,4.653542116571534,2.501824056097272,1.761475456512951,1.8345105563342248,7.983668008927457,3.2191387642588225,3.8027361721285,2.3187091319724886,1.6139137039638345,2.9478929412882353,4.523631076339907,8.451843281234193,2.0509770590336633,3.2521223976945843,3.246231438992716
2019-02-14,186.0,1.988554109147712,4.315890158259136,3.0441845604191187,6.280211202154764,19.118121977770723,1.706311737392033,1.9806882365289404,7.970130663500042,7.33061437292733,3.0624814133822125,3.0847237871690694,2.4319600702605504,1.8458766335525965,1.7781721417445282,8.4876207399273,3.2208755060431513,3.6980686056510628,2.2852214843646164,1.6114409196871433,2.9406421656397215,4.511959931232196,8.443322430144018,2.055804512575682,3.2471135501141655,3.2926841347082947
2019-02-15,120.0,2.044486146262224,4.6579190113484845,3.155218131348819,6.021643413069611,18.99959847743442,1.988554109147712,1.865807943812413,6.280211202154764,8.855041529843403,3.256480050094428,3.990212318205515,1.5559264188028417,1.8739522516497147,1.7792958378329242,8.33756314410265,3.2245894912568844,3.9094927406487034,2.298623929363095,1.619536258485577,2.9424100239799214,4.4893698747065764,8.440437973189933,2.055721993528551,3.239756332331208,3.5158130459303174
2019-02-16,150.0,1.9960665006706424,4.882068422736363,3.1855407997052123,6.321606585133184,20.137735696626898,2.044486146262224,1.6099707049394558,6.021643413069611,9.252085715662194,3.311074926163728,3.725686248288287,1.8504475091665016,1.913117330933989,1.8048212953257543,7.9327919845635355,3.210012129880123,3.6002074512209545,2.2887267080085256,1.6242851317841334,2.9435821902575894,4.483966831615785,8.435310439520848,2.053423355308255,3.2327274538461075,3.519591544242819
2019-02-17,132.0,1.7003138321901938,4.71261391037437,3.0367325027877388,7.902071311221387,23.996476790132512,1.9960665006706424,1.4531082062730971,6.321606585133184,9.430131532973297,3.1115012561530544,4.018443161760141,1.5840474694587603,2.0097022520268593,1.8599778375730665,7.5141521087736765,3.2263520774704033,3.9114472427513114,2.3736185724443666,1.6280065544138036,2.9447318086113836,4.483284078652337,8.423252494086581,2.0486600288710988,3.231809784087511,3.746753433115502
2019-02-18,216.0,1.971316598764978,4.914756334285134,3.183082746771207,7.268958780203988,23.13769728025839,1.7003138321901938,1.904327254856356,7.902071311221387,7.784454013380339,3.376513771759683,4.858227036546363,1.9534511791590692,1.9136221597076861,1.8952929269897947,7.295857791380548,3.2663633180254883,4.200785482198261,2.3890482131417063,1.6316522393401887,2.949547686838756,4.473992079416549,8.427733435426363,2.0409397946965697,3.228665065413492,3.9552535116790715
2019-02-19,180.0,1.876969026571519,4.4280031850048776,3.017995159591877,7.481662100594798,22.579620005297095,1.971316598764978,1.9269909084094017,7.268958780203988,8.790887351204502,3.111658292268008,3.944830763536905,1.7223000927027186,1.8892323105419375,1.9048628332624549,7.222215615212497,3.199891106726915,4.2738336539478,2.301988058571742,1.6353726296805176,2.951821691506674,4.482777374047227,8.422251182702237,2.0388693676522034,3.214740149006205,4.039380776011116
2019-02-20,186.0,1.9392546176014736,4.642710481553078,3.1007422751648925,8.670059191595197,26.88361906356118,1.876969026571519,1.706311737392033,7.481662100594798,7.970130663500042,2.96808956848615,3.8739736237552735,2.167604950254058,1.8495331525088963,1.8977168501427575,7.035183436553967,3.1520872108379465,4.225677141279511,2.1510157525401428,1.6374504236901473,2.9494717548246174,4.493487015393645,8.40600067902444,2.031988443662733,3.201054455146688,3.928013848465936
2019-02-21,204.0,1.980006241578737,5.231166751346066,3.265697032044972,7.614708157150585,24.867329828695304,1.9392546176014736,1.988554109147712,8.670059191595197,6.280211202154764,2.8488053125564905,3.539574649567851,2.123060785256752,1.9291800809793227,1.9309944044583918,7.1351732262818475,2.9761843911035495,3.786126345620007,2.2912629690838235,1.6466515360455416,2.9505566794647025,4.486804716973316,8.39563443692418,2.032237238754573,3.181368146553313,3.9929925430943336
2019-02-22,114.0,1.8511636838362584,5.237120152239302,3.225049164159551,9.4233334193404,30.39071356764052,1.980006241578737,2.044486146262224,7.614708157150585,6.021643413069611,3.287692215548101,3.83897424133906,2.645696085750278,1.9320766285839095,1.9297732805199668,7.325815648424107,3.034862365530247,3.7508408382207263,2.4840147334083764,1.6594524337686312,2.9590439454687205,4.511284588086148,8.382969921650261,2.038704158925406,3.1718565160913115,3.9713871035419825
2019-02-23,180.0,1.6146297261952531,4.876416848390175,3.064656936683683,10.311397697683,31.600896481108364,1.8511636838362584,1.9960665006706424,9.4233334193404,6.321606585133184,3.2543376849289287,4.3098337855838125,2.734880356509419,1.923474847672156,1.902155785887686,7.811771363605648,3.130278404344507,3.896127558830239,2.55922634119118,1.6661471880494687,2.9669495605558205,4.536853993331659,8.37410501181533,2.046569421065801,3.1658558990388235,4.054836751727058
2019-02-24,168.0,1.515782685125222,4.692323856989918,2.9876874130496613,10.940192970353657,32.68587683386001,1.6146297261952531,1.7003138321901938,10.311397697683,7.902071311221387,3.1348871851477007,3.808607003603379,2.883970474175124,1.815266550536749,1.8476648181054875,8.381741522541336,3.225639028541577,3.985805010175415,2.681861015040387,1.6701072444334288,2.9750749435429182,4.54230179081707,8.382976168598288,2.045412054257501,3.154423997765492,4.024860157704664
2019-02-25,270.0,1.779831995569434,5.10738173624448,3.171121538918205,10.436875069448083,33.09659933172525,1.515782685125222,1.971316598764978,10.940192970353657,7.268958780203988,3.451492397497637,4.123780597556128,1.719037645903965,1.660525365052244,1.8213032256676345,8.815758902417375,3.280239089191422,4.08074046224777,2.7749750326093827,1.6631698316145098,2.9751264687008088,4.5513609777824335,8.389398424672855,2.046623561019795,3.1616984737485816,3.9199392378489155
2019-02-26,192.0,1.6397847365700151,4.657052935766095,3.004381449321614,9.884085534226571,29.695563222538425,1.779831995569434,1.876969026571519,10.436875069448083,7.481662100594798,3.339504141160995,4.529792864956703,1.8161172076920669,1.6367481356299691,1.7939482823539854,9.26831837230939,3.308627907935444,4.1540601553720675,2.8974324937120457,1.6608990779278257,2.9780365419834194,4.573143265920847,8.401859913883369,2.045884192706886,3.1759149043533497,4.003505252337458
2019-02-27,216.0,1.7106170164693173,4.592947186423013,3.0044797032109574,9.674971980049571,29.068256943193663,1.6397847365700151,1.9392546176014736,9.884085534226571,8.670059191595197,3.020533591998328,3.3497199948998104,2.0983244007720763,1.6451331390882231,1.7600648123537703,9.61152171997107,3.2705100435523202,4.001097819137544,3.0211965734338038,1.6585484426854553,2.978669901481296,4.597388744890439,8.415805967943568,2.0452891074045487,3.179186762739539,3.928611876786678
2019-02-28,192.0,1.7619272375848505,4.616929393288784,3.0271554946193886,9.037016116442144,27.356452991851807,1.7106170164693173,1.980006241578737,9.674971980049571,7.614708157150585,3.029237333981383,3.772653377993746,2.7173038363076345,1.7100779162029216,1.7274022979063197,9.755080689750267,3.129758355713569,3.884055412616751,2.928121007301063,1.6616051337746218,2.9823750778726805,4.600337710151846,8.42215561447378,2.045028401495827,3.1759774010413557,3.9619088379903773
2019-03-01,336.0,1.805075953282191,4.818356369606555,3.0975000557486387,8.379429776985894,25.95528420135561,1.7619272375848505,1.8511636838362584,9.037016116442144,9.4233334193404,3.0207085500824897,4.146083092379607,2.753703570631658,1.704109663541394,1.6962481544786214,9.958267541077632,3.0234931586874,3.7561521550910526,2.7533623235342835,1.6698390225396704,2.9899107583845534,4.594361021052139,8.442010481555917,2.049674265505122,3.1634582234170803,4.0057815309961695
2019-03-02,222.0,1.871314606825463,4.742607488950845,3.099492075466164,6.891609034162342,21.360487588597206,1.805075953282191,1.6146297261952531,8.379429776985894,10.311397697683,3.081184025760016,4.5867523998724,2.125459274519668,1.7592067357787855,1.6896641929708978,9.809138449312703,3.0437099699412964,4.168496290081915,2.555754146378964,1.6772988104945268,2.996265672674986,4.592616189974688,8.43836867419159,2.053259933327375,3.153203844392484,4.045341333037396
2019-03-03,162.0,1.910007494581116,4.505585281546714,3.0526894314767525,6.990314911707588,21.339260453664103,1.871314606825463,1.515782685125222,6.891609034162342,10.940192970353657,2.8059070845563148,3.5902928819789897,1.8271643319539312,1.812772599230834,1.726333461632356,9.320597211666895,2.969266553466273,4.107709458076997,2.3767779274535097,1.6860666167776968,3.0002511854151277,4.578981036183503,8.420355233058602,2.0583051651149558,3.129382742926421,4.014153601376769
2019-03-04,144.0,1.4897024806974852,4.046973742559415,2.773052876110637,7.896400088138523,21.897134975332822,1.910007494581116,1.779831995569434,6.990314911707588,10.436875069448083,3.332059367400013,5.2001720999810965,2.7007681617097288,1.862132684896256,1.7826512915546266,8.7563289175746,3.073050159238781,4.459072460610826,2.099205290528997,1.6902503367122383,3.0013236065318667,4.5539389083282975,8.398367920113934,2.058750598694183,3.120059818256033,4.167923816008908
2019-03-05,162.0,1.6127579945509454,4.273442361911473,2.879646732426203,7.659068890675655,22.055412704461336,1.4897024806974852,1.6397847365700151,7.896400088138523,9.884085534226571,3.018957333967814,3.56215992430993,3.165379557963937,1.7570081940346876,1.741204218001491,8.393403920244662,3.052307928641381,4.117541635423336,1.955309930737658,1.6865157690610857,2.9974275450976475,4.532053824971799,8.391590668310988,2.0621115844314666,3.102788872223997,4.029690538773655
2019-03-06,234.0,1.72328004989323,4.142519546254578,2.876911924058084,7.730889875485149,22.24108926636314,1.6127579945509454,1.7106170164693173,7.659068890675655,9.674971980049571,3.3169913575509087,3.848973518194052,2.6248056552517025,1.6708226566098483,1.7373432548559098,8.075544399737387,3.2226693529729125,4.20376851416169,1.8256844438464945,1.6865261964096738,2.9982584202461244,4.552356855381033,8.397077213626677,2.0666276267148205,3.1053923034235216,4.101012470672831
2019-03-07,270.0,1.8347264962972103,4.215682960286587,2.942858302607229,6.713168437155886,19.755903472084995,1.72328004989323,1.7619272375848505,7.730889875485149,9.037016116442144,3.284505590264043,4.371693482775108,3.5757465532520865,1.6085801750472195,1.7391522596307545,7.797818384799613,3.206818093927589,3.927608975093028,1.8250188902358697,1.6892708825713245,2.999762931326441,4.553132890927468,8.392770171306774,2.059257417298171,3.1207861404187587,4.18658962849874
2019-03-08,186.0,1.861501721099499,4.487682941102941,3.0274389623421945,7.577772585658628,22.941243973591483,1.8347264962972103,1.805075953282191,6.713168437155886,8.379429776985894,3.1034532342893524,3.701920335401408,3.405501693614624,1.7235881802471278,1.74955215373252,7.465840144901577,3.2349833940347685,3.9741957787901874,1.7899262832293066,1.695275891680516,3.0009798156871668,4.551558908601851,8.402431054352649,2.0470054782908935,3.132483967146342,4.1231378060732835
2019-03-09,192.0,1.6707262065916946,4.639709999472327,3.007142654399624,8.941536606636767,26.888476125693092,1.861501721099499,1.871314606825463,7.577772585658628,6.891609034162342,3.184984762382596,3.383577962416492,2.9826615022383107,1.8065027557633127,1.757612977706421,7.351317688997681,3.1909811956453304,3.819063926864334,1.8799127219807705,1.6957042629168548,2.999477767974639,4.553560334614322,8.422386333663038,2.048569524210601,3.135893021374959,3.9512557435795825
2019-03-10,210.0,1.2879712821201983,3.967920541883832,2.699232114187152,8.278052321396212,22.34438466883416,1.6707262065916946,1.910007494581116,8.941536606636767,6.990314911707588,3.3770623713358114,4.1682976357278285,2.693512890006236,1.7889848079961341,1.72895749195874,7.644164485065457,3.2218334560025865,3.751265311181907,1.876246603153735,1.6937362926010984,2.9975480239814463,4.567824619143583,8.427154882827775,2.0460505442328896,3.1572619523910777,4.033827851257988
2019-03-19,258.0,1.7686286140017775,4.80780092487637,3.083574524612003,10.560922695484352,32.565392180192276,1.8093642212303804,1.8594087671121493,8.47207587260896,6.657783449290586,3.1601324586708954,3.70460092734586,1.6964205225505378,1.6587744029114513,1.8058167606114348,8.043092618725998,3.1266320563987122,3.4438167626885576,2.266898525316342,1.7186389135490059,3.0034416247076154,4.622687680283809,8.45746805875328,2.06489865190931,3.1582168836340276,3.4385427749209723
2019-03-27,216.0,1.9854837048364735,4.113021491628863,2.9941554915323074,7.555869847438132,22.62344919701026,1.8404705671089652,1.8428265008180924,8.274618201074906,7.453654913551101,3.3547365919926664,3.650804802461274,1.9283292546387,1.8296435775478652,1.9469989084985055,6.852320435525777,3.259300385213861,3.6334273031484146,1.8873019541874803,1.7773824426121665,3.0180670081233836,4.525040637753168,8.420153729301632,2.0339232889942576,3.1692535288804704,3.6882040846793687
2019-03-28,306.0,1.829360531350782,3.767640840353685,2.8202782760817686,7.969055463570938,22.474954004799844,1.9854837048364735,2.041346804527155,7.555869847438132,5.076027418371154,3.167510175959583,3.31234489695649,1.3552184329594,1.921841848592745,1.9673785090725597,6.866922568938209,3.270123808152887,3.610706578811099,1.9695315364753028,1.7844206611767304,3.0192562679460493,4.491895296265982,8.406141182267334,2.024006333622395,3.16352039670709,3.660660820245584
2019-03-29,234.0,1.8991608522821424,4.19752349855933,2.9682287538952936,6.284704491069988,18.654440580128824,1.829360531350782,2.1493322607648198,7.969055463570938,5.315110039986601,2.9839153728422687,2.7595549171600187,1.6887027218618116,1.8851049344320725,1.9370947557616494,7.280212289681036,3.168720713598173,3.2409015388592586,1.9810817135230976,1.789725935134127,3.0205850393233953,4.462248226418902,8.408181120064885,2.0165788230205197,3.162299789401888,3.565925398467374
2019-03-30,228.0,2.070260716899103,4.053839334115498,3.0356467967598286,7.248278482791669,22.00321335830972,1.8991608522821424,2.106556060735872,6.284704491069988,6.156632220202057,2.828417117305078,0.8691290875554027,2.9342250466123136,1.9046683628231318,1.901355983121267,7.418725782692947,2.99328088870231,2.3136763005573013,1.9125983432828353,1.7907142989026614,3.0196682540032938,4.449067436823444,8.39553575129995,2.013368964005424,3.1556057821793444,3.126143147897525
2019-03-31,204.0,1.636700173621784,3.5650963708311223,2.6682957084655547,8.09012217794071,21.586838288361204,2.070260716899103,1.7088888917018332,7.248278482791669,7.871973624231501,3.184063470699248,2.634990327958314,1.97764010880254,1.9329273668440081,1.8961709340017285,7.574675248777178,2.9987986536155318,2.087891444224576,1.909028580928161,1.7952815342780404,3.018784541412322,4.430297768184336,8.388961386296868,2.0145933999128975,3.1610509461999032,2.9251858770107826
2019-04-01,522.0,1.7860678673478934,3.68510992578454,2.7749543495659075,7.812853549905916,21.680311940832862,1.636700173621784,1.9395712738327997,8.09012217794071,7.818226631263117,2.9969347882092503,1.0507653516489448,1.628158032339326,1.868707247601009,1.8858582599902929,7.605839327878494,3.0031384587378587,1.5182949223875515,1.8865352449874548,1.794678947359268,3.0119828520212417,4.388522434891822,8.385754386129113,2.019810632769426,3.158242638281544,2.5923656315365693
2019-04-02,414.0,2.018549562824808,4.513143907126223,3.1067469700534835,7.669428464764948,23.826973644950442,1.7860678673478934,1.8404705671089652,7.812853549905916,8.274618201074906,2.85953879688236,1.484099168152324,1.6705798857904663,1.8310095859562594,1.8639292019210205,7.605071744827465,3.013512351930286,1.7232849492531919,1.7574888687697154,1.7965305071391193,3.005575342904001,4.3532725161196115,8.375519588829992,2.0085324039996473,3.1600303620257457,2.2516697931275385
2019-04-03,300.0,1.8680958263149636,4.581244362562452,3.0524179857332974,8.189507798279175,24.99780089777045,2.018549562824808,1.9854837048364735,7.669428464764948,7.555869847438132,3.151791563176037,2.5467039205020465,1.9443501105825,1.8137725345981608,1.8893690584518552,7.518616068211758,3.002755049422549,1.6938561467677695,1.815954557244923,1.802800864026861,3.0042908710728753,4.353524470305595,8.364221280510447,2.0234434407731636,3.15402143521828,2.0939410957047917
2019-04-04,384.0,1.8735710683025677,4.82656320370423,3.122780411781997,8.950855081136167,27.95155491607138,1.8680958263149636,1.829360531350782,8.189507798279175,7.969055463570938,3.173599303191013,2.2452084504969667,1.9647733279629327,1.8909044188292208,1.872599361520211,7.609135775474764,3.0616432210831364,2.092003846383777,1.762056055478919,1.8111562830068786,3.005735909786296,4.371333490972362,8.355760393309387,2.0324925604163244,3.15917616752572,1.9414930319248598
2019-04-05,306.0,1.860650360998279,4.87431804791187,3.131053789170007,8.625420619432921,27.00665591366056,1.8735710683025677,1.8991608522821424,8.950855081136167,6.284704491069988,3.448059891790541,3.77785757062797,1.6029612241541151,1.9200721524807787,1.8789151525133232,7.749392863698368,3.2578169193858635,2.8565899805423256,1.8193179337732157,1.8242870886128926,3.015308505722093,4.389770852365455,8.362367094880948,2.036310392437682,3.1635451186670407,2.086964839563138
2019-04-06,264.0,1.5811873327457004,4.366089110680116,2.8997397648926766,9.640207767756696,27.954093805991356,1.860650360998279,2.070260716899103,8.625420619432921,7.248278482791669,3.495359027767516,3.639951782439412,2.492407501565725,1.8674390852052694,1.8734136537584853,8.08378088203593,3.3723394075830235,3.221005934521447,1.9371036689579477,1.8272017428128893,3.0198874095316204,4.414164135754031,8.3674482552872,2.031506785628322,3.1705735665838235,2.482796653117997
2019-04-07,288.0,1.4325457194702296,4.469267367690285,2.8994660832101777,10.673561613855153,30.947629886427105,1.5811873327457004,1.636700173621784,9.640207767756696,8.09012217794071,3.3288931976602485,3.4642884098951625,1.9078835969172967,1.7718029206821815,1.8035460274508566,8.425485065602363,3.4241040390727684,3.6273659209875126,1.8625414628684787,1.821203405302082,3.0181185744855608,4.419177674100482,8.38365368200752,2.024848730206043,3.1780882320295194,2.601267807680404
2019-04-08,372.0,1.7298197873455825,4.555194572464308,2.999298997715388,8.466054436224788,25.39222858517292,1.4325457194702296,1.7860678673478934,10.673561613855153,7.812853549905916,3.605845891186446,5.0834480081546,2.203765108354082,1.624794471071402,1.774381105429206,8.794547842161567,3.476699372204737,4.062562733496389,1.9456705923874575,1.810067823301254,3.014172727969614,4.418563821653393,8.414988602399081,2.027396345900543,3.1921169363229813,3.177365330038355
2019-04-09,324.0,1.9880534087330577,4.7118229483859775,3.1400394424730464,6.0286056766652205,18.930059607845703,1.7298197873455825,2.018549562824808,8.466054436224788,7.669428464764948,3.3998040800020704,3.6344410812729935,1.7514311251250303,1.5811842798538365,1.7663456654288758,8.887862254492834,3.444847722949588,4.0607258331075835,2.0051843054751077,1.8058866824815314,3.013911390413086,4.4157466407531265,8.429732797028121,2.0342080919013363,3.192874993278523,3.484557031912736
2019-04-10,354.0,2.065297527648333,4.573086141665807,3.147033066869936,6.423100652451334,20.213710145098204,1.9880534087330577,1.8680958263149636,6.0286056766652205,8.189507798279175,2.58722925557268,1.1009066320294378,1.4649665189006638,1.7168063051829556,1.7619890719871971,8.653458999050017,3.197626408920399,3.272931907152342,1.8739260782265073,1.8079241068968757,3.0158827276000113,4.44054338763653,8.421422323540089,2.034114834239606,3.1678326554202494,3.2780145621309345
2019-04-11,378.0,2.0269101531540032,4.691152375503482,3.153942178010808,7.16422816039196,22.595561367952982,2.065297527648333,1.8735710683025677,6.423100652451334,8.950855081136167,2.92300647060709,3.081220455529829,1.9397849914802143,1.927723574575657,1.79016074360625,8.40111512107461,2.97001326872728,2.6055227229440843,1.8130676327426662,1.8155128872753568,3.0213681234414,4.458606929979997,8.41375823035552,2.032239841291162,3.1719607502780303,3.397444848564201
2019-04-12,450.0,2.065229980899609,4.533012303165743,3.137936286264183,7.683009536782576,24.108794413183816,2.0269101531540032,1.860650360998279,7.16422816039196,8.625420619432921,3.0900595175599825,2.95231916731785,1.4455078725691723,2.0267536965117974,1.812066327156455,8.145882703825439,2.866765081246584,2.378148751625703,1.7756845043421443,1.825076253056705,3.028798178647674,4.466692354920303,8.409467464193147,2.0223527252880467,3.177079810669493,3.279510790948469
2019-04-13,234.0,1.856405266349166,3.8361904179627984,2.85273684249164,8.649297038160375,24.674168322413923,2.065229980899609,1.5811873327457004,7.683009536782576,9.640207767756696,3.3409851265602466,2.6178786574218638,1.5890828680415487,2.052479220567314,1.8412919871423594,8.011252549161103,3.11801703824244,2.8838060934231784,1.6577221620533016,1.8277579651574263,3.0305483891265066,4.450833473088838,8.412181060733603,2.021146268227264,3.177882059513696,3.1335003445173912
2019-04-14,336.0,1.8755163286194445,3.798483638433974,2.853666181398609,6.965538415612239,19.877321411865495,1.856405266349166,1.4325457194702296,8.649297038160375,10.673561613855153,3.123291143100224,2.6857025753887847,2.3171434162437494,1.982848466800925,1.8806088347999972,7.869693873504486,3.1847785957401515,2.75196680004283,1.706242660318446,1.8265815377897554,3.026538090985519,4.412328898505496,8.421033515791008,2.0199743637292857,3.168399451923162,3.0222737967307656
2019-04-15,420.0,2.0804798668118347,4.548872925988436,3.1503771762823605,7.132411946284915,22.469787807419646,1.8755163286194445,1.7298197873455825,6.965538415612239,8.466054436224788,3.056634401007656,2.6006254465758505,1.8264755959920544,1.9323838586227389,1.9438903503927423,7.339976273755498,3.1736368902227086,2.634735559795497,1.610588556261822,1.8294016143102125,3.0264473987618348,4.377598268009683,8.404298463402071,2.0260663438072792,3.1629803515287223,2.667584859362372
2019-04-16,420.0,2.062358688439768,4.598801747959476,3.1512673379882465,7.710463534997197,24.29773189858606,2.0804798668118347,1.9880534087330577,7.132411946284915,6.0286056766652205,3.040658726546027,3.2807781044754947,2.152264273185108,1.9374671539268142,1.99398464745935,7.149455918049803,3.073528090217969,2.855702042146707,1.6235201193715614,1.830933710271281,3.0282172756928887,4.3689757334946115,8.393145896158776,2.025511782512299,3.161158063167774,2.61706157696273
2019-04-17,330.0,1.882433758729505,4.068512583265067,2.92368296736616,7.018573160939988,20.520082805853516,2.062358688439768,2.065297527648333,7.710463534997197,6.423100652451334,3.185272458203444,2.484281322638311,2.289466665193787,2.0061182946236813,2.004599687417451,7.389721326382942,3.094188528585709,2.7885616245632163,1.7160183823745128,1.83123158597424,3.028151429136879,4.3793158358538555,8.388437685060193,2.0342770101319596,3.163185934002863,2.814686532763998
2019-04-18,426.0,1.8276821319623344,4.100671060347175,2.9061934387331347,8.102210424530583,23.546590775005985,1.882433758729505,2.0269101531540032,7.018573160939988,7.16422816039196,3.081379386129277,2.529709520651685,1.417849548853931,2.0084241046603686,1.9784762918576189,7.474788827595607,3.102436856959583,2.7649229825884944,1.7996606517836438,1.829337706941888,3.0237871319312286,4.357789578666899,8.385770337803814,2.0333159667196132,3.1605608315848093,2.7358992563528344
2019-04-19,258.0,1.5627257171476507,3.792654874023536,2.7107593398513474,8.347418008362537,22.627841329812078,1.8276821319623344,2.065229980899609,8.102210424530583,7.683009536782576,3.180859858571582,2.823241250949408,2.027411779202023,1.9241581930438685,1.9500151459730948,7.608786293901125,3.1491705676347674,2.6124106980797985,1.8184007888264477,1.8314605119380902,3.021611480863652,4.334218583182593,8.391269793275347,2.0309036102299802,3.1481940221346796,2.7174595540144852
2019-04-20,300.0,1.7188821913390808,4.435370712172774,2.96088643924094,9.297070334174276,27.527569477125848,1.5627257171476507,1.856405266349166,8.347418008362537,8.649297038160375,3.0161126254549475,2.815336182908363,2.005678859655101,1.7576138692798293,1.8782288225799577,7.703701789841119,3.092783956718602,2.7227623181698157,1.8495913371535502,1.8246506639111346,3.013739424081654,4.327679314179533,8.396248493129796,2.027676622608945,3.148508872293115,2.745667771941128
2019-04-21,348.0,1.9047085264640409,4.997375594236356,3.17900658728162,10.403175625267515,33.07176384137302,1.7188821913390808,1.8755163286194445,9.297070334174276,6.965538415612239,3.3225244574162374,3.595772909739279,1.3983358255035458,1.703096680149688,1.8585826690070884,7.796240832128819,3.1731656471475893,3.078116781199014,1.9338746324081002,1.8220158833239275,3.0127876120758055,4.31750741950342,8.419399973979058,2.020904368767287,3.1580528571210618,2.875677819705484
2019-04-22,516.0,1.91249433285475,5.0301798935632895,3.190306571461071,10.568929934959046,33.718126624811475,1.9047085264640409,2.0804798668118347,10.403175625267515,7.132411946284915,3.507060190150954,4.792830952379208,1.4004664776051683,1.72877214498359,1.862752982984888,8.287331862079572,3.28189909100738,3.734646681675614,2.1266893065978083,1.8214401151383035,3.014092017277751,4.322043655520029,8.441872393253885,2.0168760726432615,3.171103416007132,3.1888500348202498
2019-04-23,402.0,1.305072042082127,4.28425209968767,2.813775033861389,11.260189529346142,31.683640174221598,1.91249433285475,2.062358688439768,10.568929934959046,7.710463534997197,3.552511145487687,4.981276824989473,1.8905823743814536,1.845361683552623,1.838755049562447,8.778263003318735,3.4606985976849596,4.456626895702651,2.1853605372011784,1.8203149166595702,3.012835509601352,4.349774007829358,8.463718932081719,2.0130726580005165,3.1803072864893758,3.4317784234651034
2019-04-24,396.0,1.9068850137125064,4.85380703014574,3.142134900306153,8.073776480849565,25.368894857748412,1.305072042082127,1.882433758729505,11.260189529346142,7.018573160939988,3.5803081881506817,5.13321544920318,1.463730269171888,1.7074249671336386,1.730571242939927,9.285366716797157,3.546626507929774,4.9691077421906185,2.1964372618646633,1.8112133892970017,3.00598094076305,4.359953768908238,8.492355487241467,2.012680959737623,3.195149562522982,3.810197584402942
2019-04-25,425.0,2.0697497200492467,4.871092598224608,3.217738427218366,6.768637344814812,21.77970448431591,1.9068850137125064,1.8276821319623344,8.073776480849565,8.102210424530583,3.3747512283357826,4.119253344432942,1.7574930367099424,1.708150462883127,1.73406427936607,9.436110048212809,3.5025235206580505,4.744581872875196,2.2412635499356455,1.8160843107556226,3.0072722401567575,4.365370264525771,8.485078559698445,2.016578109287056,3.198037114917294,4.037275273514551
2019-04-26,354.0,2.001662907214466,4.906450849796536,3.193972702996431,7.265781412533336,23.206707497570324,2.0697497200492467,1.5627257171476507,6.768637344814812,8.347418008362537,3.3752322934806136,3.3805070699684383,1.3578330508056558,1.7605689252812926,1.7686453633784858,9.245599608253412,3.443430569989026,4.210991954534851,2.1874091172778525,1.8253170946710229,3.0111064237262357,4.376446365938148,8.478509695126919,2.022636054788407,3.198720304966892,4.116884676231555
2019-04-27,378.0,1.8300717533473072,4.828510155577403,3.108419867129978,7.435348810471125,23.112185961509695,2.001662907214466,1.7188821913390808,7.265781412533336,9.297070334174276,3.3874625410233983,4.42014719993379,2.0961998014232748,1.9927658803254056,1.831350676245174,9.091080094563527,3.379148687613265,3.973302538111721,2.2618551743755164,1.8290142765317734,3.011487276460873,4.402894011210404,8.480203622166322,2.0201410804995743,3.2060520504690198,4.346143392949473
2019-04-28,306.0,1.8100233693955912,4.535023098332518,3.020517838488975,7.830544665122349,23.65229984608673,1.8300717533473072,1.9047085264640409,7.435348810471125,10.403175625267515,3.3456021989276548,3.1631763601584817,2.045823666524206,1.9671614602036724,1.8472348993892063,8.82511987689165,3.369432344477222,3.654610210020234,2.2888752488910042,1.8321857268113948,3.0132212500910125,4.43825632171786,8.478136208354446,2.025548037020349,3.218108278005199,4.284343885866503
2019-04-29,378.0,1.92321106589644,4.162496459516731,2.971441751778524,7.728169849521915,22.96380655570537,1.8100233693955912,1.91249433285475,7.830544665122349,10.568929934959046,3.332059367400013,2.5565353086882405,1.9859623634690864,1.8805860099857872,1.8337084483794277,8.457601168299481,3.3550413691170218,3.3799529562601687,2.097796925250122,1.833842499360166,3.013488552345646,4.449506308376967,8.474498047821301,2.029872816688435,3.234896353008364,3.9648730796249354
2019-04-30,348.0,1.925647560860827,4.477551226727115,3.052478317960845,7.152652083561941,21.833315400990287,1.92321106589644,1.305072042082127,7.728169849521915,11.260189529346142,2.849833408826706,1.7449555148549891,2.02176333368108,1.854435396213112,1.8352394102425262,8.051778298951321,3.175831658384791,2.488222394567235,1.9972786649484913,1.8365305631653592,3.0125599899649647,4.453128212557008,8.466089346036043,2.0302594945347128,3.2237553509459453,3.502541463891437
2019-05-01,702.0,1.5796208693327798,4.460533119235047,2.928916777132415,8.164208490062355,23.912287218550535,1.925647560860827,1.9068850137125064,7.152652083561941,8.073776480849565,2.9011252731720005,2.341342075677209,1.6820641074616058,1.8862939987176184,1.9238930557823406,7.464987235267864,3.027672683132907,2.2142776330734772,1.9160479929931118,1.8385400899583364,3.011809627668501,4.483543374420208,8.453893165678641,2.0286056608817935,3.220561700444704,3.1037024105305844
2019-05-02,402.0,2.095779910219577,5.451252333575611,3.364298436149572,7.156961859698596,24.078155592166116,1.5796208693327798,2.0697497200492467,8.164208490062355,6.768637344814812,3.0751708363053973,2.854203678202252,2.347476103491793,1.8094931653633484,1.8771410351566653,7.477906093726834,2.9420431727680345,2.3135004229114813,1.8852734972932237,1.8336785276667917,3.008966706029606,4.5093908142018915,8.44672395877463,2.0268039918363088,3.2277494350921385,2.922981029640486
2019-05-03,456.0,2.0590060989371937,5.579327990396089,3.379970508822076,7.928797175972598,26.799100625219143,2.095779910219577,2.001662907214466,7.156961859698596,7.265781412533336,3.583802140609759,4.895348064701939,2.7075357701336107,1.8670161134710603,1.8808596337524268,7.533381024424516,3.1866994166957188,3.3636312728604643,1.945920777463557,1.8367747345940997,3.01416018944082,4.5406610950835375,8.4419895271982,2.024783994382084,3.2421497876732626,3.139386886030986
2019-05-04,426.0,1.9015430990818465,5.224034517990725,3.237507225479525,7.386763691113004,23.914700822888157,2.0590060989371937,1.8300717533473072,7.928797175972598,7.435348810471125,3.673460235898224,4.848008451912491,2.5068984156468685,1.911468959496516,1.8890515182842453,7.628097562058697,3.4441444042711264,4.199186731605558,1.8554707901047853,1.846263128231428,3.0242754833193435,4.5739305493446585,8.44148833736237,2.019611542134751,3.2588118187635033,3.2005099220279436
2019-05-05,354.0,1.544463459150293,4.32990676770904,2.878918669218983,7.324054531575312,21.085357325330058,1.9015430990818465,1.8100233693955912,7.386763691113004,7.830544665122349,3.605707341783933,5.236069264141328,2.1233607391685982,2.0187763694128713,1.8992617105320364,7.621156830721822,3.6209899060973054,4.993141926918583,1.8628268932839391,1.851076213306943,3.0302398248702316,4.587179593154208,8.434738308052177,2.0198755516241595,3.2640667337632823,3.4966374797397783
2019-05-06,528.0,2.0649145931692674,5.260977975252118,3.306675656387339,6.615257270574926,21.87451017734946,1.544463459150293,1.92321106589644,7.324054531575312,7.728169849521915,3.2780698030871123,3.4583523352442898,2.299746379965961,1.8350042190564435,1.8613245804969938,7.54880109735796,3.51907912692309,4.5141433504327,1.9382932893770501,1.8480959367945606,3.0302732706229136,4.569032550480782,8.422112831621028,2.0250176205744848,3.2568237596072698,3.6254684835334996
2019-05-07,408.0,1.7636003759007963,4.589370563683563,3.01986426388633,7.495110406487697,22.63421607043474,2.0649145931692674,1.925647560860827,6.615257270574926,7.152652083561941,3.2691419104282566,2.807401875972298,1.6447823050765271,1.8369737171338014,1.8815679415359692,7.389813586079819,3.384306351766434,3.8339411584526353,2.034071385973435,1.8519324050757617,3.036336893185916,4.598862179299847,8.41650292018933,2.0304041819274956,3.2548320500328694,3.777246535121687
2019-05-08,450.0,2.0173430905444056,4.401821414425711,3.0804785729442683,7.599605121479626,23.410420739555512,1.7636003759007963,1.5796208693327798,7.495110406487697,8.164208490062355,3.2452577803297147,3.612402872070124,2.203186507145256,1.7909928094067846,1.858418343684536,7.438736203640642,3.264156497948361,3.2927190277622347,2.077188762281119,1.8503007159891167,3.036210648211651,4.60286561916629,8.420837946678363,2.0347671043692364,3.2428124463376453,3.9588266488921033
2019-05-09,492.0,1.9041191312227688,4.541616223771294,3.059464506248428,7.603761786274772,23.26343929907581,2.0173430905444056,2.095779910219577,7.599605121479626,7.156961859698596,3.1120036684029087,2.1111331878576234,2.5366166251002102,1.948619353204822,1.9209500895719114,7.358078579557394,3.2088011197202935,2.843645978633346,2.0764464117105867,1.8560776640549952,3.0374329135207288,4.597753180565004,8.425565404073057,2.0405178294998856,3.23321909928434,3.8526737217000133
2019-05-10,390.0,2.008020697964374,4.947659045006751,3.206827976806525,7.372966090456467,23.643833930921627,1.9041191312227688,2.0590060989371937,7.603761786274772,7.928797175972598,3.1489426545083163,2.301365882204835,1.369987504647434,1.8950208658893224,1.893569978286653,7.421907140496848,3.168734701080313,2.6749673140441916,2.1545599230869037,1.8663467948733714,3.0434367867217498,4.592079623077848,8.420980188087091,2.042558017592211,3.251942879248861,3.482104838486141
2019-05-11,306.0,1.9126301387199232,5.082129791965593,3.203939748181526,7.439478484202563,23.835640821277842,2.008020697964374,1.9015430990818465,7.372966090456467,7.386763691113004,3.202440217460257,2.6521667558434907,1.8032705935354527,1.9764943065771818,1.88628634957625,7.342502699708829,3.1544621801238275,2.3548886086353136,2.270128905612817,1.8691617406557675,3.0486304545553793,4.6045653865225455,8.411050266836497,2.048193862660685,3.2612573374772995,3.1684131676191414
2019-05-12,312.0,1.7384557561896248,4.951948433123843,3.116347659265291,9.724992628644744,30.306458014649255,1.9126301387199232,1.544463459150293,7.439478484202563,7.324054531575312,3.3529977143175063,3.510828355880437,1.5547460354809413,1.9415899893023543,1.88787021238169,7.35003338443591,3.2347935287620264,2.8214536646429185,2.201457086021119,1.8700487635158973,3.0517613176947007,4.617597967071283,8.397061190269543,2.049774946699713,3.270021944035884,2.9219501807247283
2019-05-13,522.0,1.6061098803446614,4.605583497760909,2.980380232614076,9.135327588207714,27.22674976234829,1.7384557561896248,2.0649145931692674,9.724992628644744,6.615257270574926,3.5303934293434978,4.668191029258217,2.084324910066744,1.8863688642913061,1.915583397673023,7.6930245411601135,3.3619437870404205,3.610395380327379,2.2506323571163676,1.8658416621106009,3.050123420509436,4.631562504736553,8.389448426529668,2.0531290783216942,3.276335554128659,3.094784279869575
2019-05-14,372.0,1.896587177166424,5.05280904014253,3.1908046632433678,8.138586746657928,25.96864054344679,1.6061098803446614,1.7636003759007963,9.135327588207714,7.495110406487697,3.213275542562909,4.04935603255815,2.06931326626886,1.752398591751402,1.850039867269508,8.053034586536226,3.365555562074638,4.076125139232266,2.1610582626553207,1.8584129725357894,3.04584415691277,4.657208940729823,8.381364442750035,2.0537207640398276,3.2793350341107486,3.2722063022389825
2019-05-15,444.0,1.9919025441899347,4.618750027246834,3.119122976184386,6.828864456513447,21.300068027559995,1.896587177166424,2.0173430905444056,8.138586746657928,7.599605121479626,3.2244389704440346,3.3926207249333222,1.570036595633855,1.7470509379002355,1.869037981736026,8.144959777989117,3.322702647450147,4.036722595583227,2.221065904240574,1.8606515546036835,3.0475082272636715,4.699019787453441,8.365009166075188,2.0592694954382944,3.284928519758628,3.2408088526480108
2019-05-16,372.0,2.06389895082852,4.506924601226025,3.131238048148511,6.257071139611952,19.592379222324908,1.9919025441899347,1.9041191312227688,6.828864456513447,7.603761786274772,2.787589645946976,2.6178786574218638,2.588109347354285,1.8315332005670057,1.8654036179711018,8.034853968708234,3.0751013863179733,3.353285138304443,2.1503954475032176,1.8668991881578036,3.04875006406054,4.701349024162055,8.34682895781435,2.0599223186978874,3.2764928837386598,3.3132010625857595
2019-05-17,336.0,1.966806796084011,4.478200685239599,3.0724323418444817,6.445005206278773,19.80184243912697,2.06389895082852,2.008020697964374,6.257071139611952,7.372966090456467,2.770845089418817,2.694103473013308,1.8982522772992136,1.9841295573949587,1.8882293064862086,7.842469590613545,2.927624568603276,2.9015342851228287,1.9980404569786114,1.8754655963955913,3.0531519114768804,4.698286452604274,8.323603195663233,2.064737115882215,3.2626786381125052,3.3693064327012556
2019-05-18,306.0,1.8052536778465704,4.395929952022747,2.9801072146107432,6.84287732418088,20.392508082487698,1.966806796084011,1.9126301387199232,6.445005206278773,7.439478484202563,2.482002063116754,1.214450239647645,2.4737172697101464,2.007536097034154,1.8823416062175855,7.70990375001673,2.6801455994941823,2.1754774566942694,1.890232044066632,1.8780896393098183,3.0531920695760038,4.7119427226700905,8.299523655053493,2.072575367253888,3.2426993940120874,3.1639183589589917
2019-05-19,402.0,1.9018573102716452,4.506808173271705,3.049438852633252,7.565627173180183,23.07091744643353,1.8052536778465704,1.7384557561896248,6.84287732418088,9.724992628644744,2.6605434991668764,1.7849832905214589,1.8565676696347289,1.9453198082530327,1.8670021118071065,7.624675012870776,2.637796883900816,1.8978456677274682,1.8036440645126923,1.8787000570405652,3.051467614409316,4.721784685725944,8.274761958592382,2.068090524121473,3.225355515365264,2.9173690639077092
2019-05-20,492.0,2.232836959873058,4.870896959079712,3.3149546374325,6.626245686487527,21.965703867188928,1.9018573102716452,1.6061098803446614,7.565627173180183,9.135327588207714,2.981939542075861,3.725686248288287,2.079128456073016,1.8913059280674076,1.8903451909616809,7.316194233518696,2.708161701453164,2.2417065928191278,1.8326883271675969,1.879683903864791,3.0541952652283735,4.745589795700882,8.268231677364742,2.063095128614328,3.224216412585961,2.7827255237691477
2019-05-21,486.0,2.1881710921082487,5.364301068838126,3.3886147857392075,8.09833971154828,27.442153686491487,2.232836959873058,1.896587177166424,6.626245686487527,8.138586746657928,3.2909934253394426,3.7467146938476015,2.6161078459030804,1.9799826493304231,1.9798776308943091,6.957753961844384,2.9778254888607267,3.085794744219113,1.8304873815601996,1.8828754064538893,3.056562464858269,4.760107337264447,8.257681894147046,2.063597889665802,3.2231653781834013,2.7394910468104983
2019-05-22,444.0,1.9998337977289464,5.64875652480274,3.3766339348292327,8.374010032874084,28.27596644760309,2.1881710921082487,1.9919025441899347,8.09833971154828,6.828864456513447,3.599744929136212,5.411968496138489,2.3790194733152443,2.1076217874176493,2.0215324758859983,6.952004385400149,3.2908926321838385,4.294789812758123,1.8420412571508937,1.8835227203096132,3.0587154605704265,4.77233818641784,8.237612159535104,2.070249792714028,3.22625486948291,3.0279692998398073
2019-05-23,390.0,2.124007186503054,5.93196091331842,3.4860542145269195,7.968577544495359,27.77889333277262,1.9998337977289464,2.06389895082852,8.374010032874084,6.257071139611952,3.811565789989169,5.838581021109879,2.107406610212406,2.140280616570083,2.022665512105857,7.172739467737382,3.567434714821608,4.99908807036532,1.9560119852263411,1.8817440159261645,3.063466576233752,4.792957407459155,8.226718615356736,2.0773235628203377,3.234890024299626,3.4880696375095246
2019-05-24,306.0,2.064892054779816,5.681151328600019,3.406308792224347,8.485216843454342,28.903268737788647,2.124007186503054,1.966806796084011,7.968577544495359,6.445005206278773,3.902566041719016,6.494574125685224,2.2424791749659514,2.104004025446749,2.031252402916505,7.417240382720727,3.7712922536147993,5.915041214311195,2.2396271977390287,1.8886626541728513,3.0745087117878955,4.84788103458018,8.223559270968499,2.075193274132347,3.245631952751904,4.030994016462655
2019-05-25,300.0,1.4835952409511657,4.259486385408898,2.841299188416818,8.79558682696234,24.99089371309775,2.064892054779816,1.8052536778465704,8.485216843454342,6.84287732418088,3.8413017641977136,5.64844712525338,1.846698608482816,2.0629110130039376,2.0452645827301916,7.708699188031523,3.8518111986352994,5.993867424016159,2.285944318420288,1.8907513338553017,3.079393080483734,4.8754591778619885,8.237830734240383,2.0771823690587987,3.2611836372806353,4.66442214297776
2019-05-26,372.0,1.608430330068802,4.282562838008079,2.8811606960377127,7.507127171880136,21.6292397477778,1.4835952409511657,1.9018573102716452,8.79558682696234,7.565627173180183,3.43471862224402,3.736286255422216,2.276621160731502,1.8908314940780109,1.9993133774594194,7.9876576884288735,3.726195476053583,5.293102502120271,2.258711022027769,1.8848034117526715,3.076199599288026,4.855072304101466,8.260635932223382,2.080916481335033,3.2631665149060822,4.943179709392154
2019-05-27,342.0,2.189396006998741,5.164332947613862,3.346948081599468,6.678429353215554,22.352356311842374,1.608430330068802,2.232836959873058,7.507127171880136,6.626245686487527,3.111281356253522,3.169926178907204,1.5844352589115211,1.71897254193326,1.9573952374304415,7.9793005453860095,3.462433914231752,4.184886519860931,2.136379688829768,1.8785191888398773,3.07431635269645,4.83427603704185,8.271648163410344,2.0868063092473297,3.2539604754137526,4.863785413766285
2019-05-28,390.0,2.189380331700635,5.455559003609858,3.4087491091504187,6.517403705835276,22.216194076239635,2.189396006998741,2.1881710921082487,6.678429353215554,8.09833971154828,3.4450552396749923,4.396032370778468,1.5496229122308387,1.7604738593395683,1.951189387019825,7.986755354918585,3.3303517393908453,3.76741493503596,2.2532009571410048,1.8845197801006763,3.0830941827884115,4.845470130109732,8.268143140525316,2.0882382944920166,3.257275576771997,4.956545081899266
2019-05-29,366.0,2.0790100998306813,5.378017360867505,3.3402278052243086,8.547928184310459,28.552027398294335,2.189380331700635,1.9998337977289464,6.517403705835276,8.374010032874084,3.6594200359601934,4.318133972573201,1.6243605829313903,1.995735556256058,1.9513621355330228,7.760907354102442,3.4052522106295697,3.961364174086288,2.3574558613102115,1.889356771424318,3.0904361887093303,4.876154660285644,8.256046693050447,2.0905017327406314,3.268187599057337,4.800283007104225
2019-05-30,402.0,1.837198252000003,5.444005932889405,3.2781363325740007,8.442703017473333,27.67633150671148,2.0790100998306813,2.124007186503054,8.547928184310459,7.968577544495359,3.574121793974728,4.387879736063308,1.501290753334828,2.1525954795100177,1.9626730358332707,7.785752804307639,3.559532356536638,4.3673486931383225,2.320303050320077,1.8895025944731778,3.0955125388504046,4.9166720236640025,8.252857215279615,2.0947667390705327,3.2923305452289373,4.593039966383286
2019-05-31,324.0,2.0628350684397083,5.589327124531196,3.383723075877651,7.455199626712744,25.226331012182364,1.837198252000003,2.064892054779816,8.442703017473333,8.485216843454342,3.544097494925434,4.172632893281208,2.445789013550282,2.035196227843772,1.9217003309042635,7.853485014733063,3.5925464416201183,4.292882200639236,2.1473146132062007,1.8928442291128147,3.105676549252212,4.948887180536078,8.24598820970785,2.0922551306560764,3.313762952620719,4.261334076039856
2019-06-01,624.0,1.6336604414465516,4.756903234327218,3.0330484215271167,9.106763466746328,27.621254558035762,2.0628350684397083,1.4835952409511657,7.455199626712744,8.79558682696234,3.645778322349171,4.7630888532238105,1.8312919892310344,1.993014473423463,1.9214064757128193,7.706339698055692,3.587999203749778,4.44120049418944,2.1602728614817375,1.8974570157976782,3.1158226946907415,4.986513647379283,8.233559755199506,2.0894455381290786,3.3327832021555106,4.134854322892774
2019-06-02,372.0,1.5723150137123176,4.394146880090697,2.906270769952535,6.704935466301269,19.48635796012945,1.6336604414465516,1.608430330068802,9.106763466746328,7.507127171880136,3.435357810020757,3.947258251124557,2.357498289866361,1.8445645872954197,1.9428443614978745,7.750793503739119,3.5417445424317875,4.294326665876523,2.204380787024264,1.891042197108041,3.114594385548635,4.963368677404337,8.226797777282615,2.086252211480536,3.3278350578025444,4.164993179421679
2019-06-03,443.0,2.174471102262789,4.8157475433143375,3.2652194180280545,5.304787177046048,17.321294098996983,1.5723150137123176,2.189396006998741,6.704935466301269,6.678429353215554,3.0034592686414032,2.4378213493364203,2.3822303554396536,1.7562701745328582,1.9376850305898057,7.636194688656423,3.36153180033711,3.7160561512282597,2.133611360733024,1.8861125168979964,3.1121585986189557,4.923862640394158,8.212880748589923,2.0795056791211874,3.305501692227317,4.060406775197282
2019-06-04,408.0,1.9537993928400776,4.546475894675675,3.083045374318747,7.708603595493242,23.7659746575423,2.174471102262789,2.189380331700635,5.304787177046048,6.517403705835276,3.1542727099289776,3.0390840442043108,3.5349293998196503,1.7934821858072183,1.9355529013418125,7.43996009206078,3.197696596197046,3.1413878815550933,2.020061197671899,1.891127517464,3.11453258205639,4.910253074571611,8.18906216128113,2.0719254701491434,3.290453871165485,3.8665570142581167
2019-06-05,366.0,1.9616454846761997,4.734849251587693,3.1337983744000257,7.554474799915849,23.67420084742225,1.9537993928400776,2.0790100998306813,7.708603595493242,8.547928184310459,2.946096623841494,2.270909626671025,1.948580427700208,1.90019516960506,1.9018984815045898,7.61013150486906,3.034609534137292,2.5826050067372495,1.8273829584545795,1.8926800013280303,3.113732441808869,4.917472045470499,8.1817259956213,2.0680220007289054,3.2793880985239645,3.5740963934149486
2019-06-06,450.0,2.1107153856240326,4.611679246889679,3.182397393726847,7.083440887951336,22.542323820434515,1.9616454846761997,1.837198252000003,7.554474799915849,8.442703017473333,2.874765613361577,2.520834074875172,1.310657678587194,2.0299719932596876,1.8851321079110923,7.468209592812687,2.991711649044016,2.6102759152501664,1.759723079459492,1.899020970526872,3.1176334186339916,4.899934421348352,8.17154176943378,2.0629327314143406,3.2662422219550753,3.3073755846737862
2019-06-07,312.0,2.322260222648195,5.195649979679404,3.4394848147990578,5.985400959727791,20.586695711467442,2.1107153856240326,2.0628350684397083,7.083440887951336,7.455199626712744,2.974507233711522,2.198135871741802,1.5894696811642757,2.0087200877134355,1.9242059841430965,7.274029288595259,2.931789823638198,2.3299598577626637,1.704926995105303,1.9103237982961019,3.122348940475936,4.900678044121889,8.15669086793456,2.0571678686754895,3.2572172037344687,3.025304581596728
2019-06-08,354.0,2.2214173057126665,4.87353656986647,3.3076583540922875,7.928677016281644,26.22535476980349,2.322260222648195,1.6336604414465516,5.985400959727791,9.106763466746328,3.215581221457278,3.1019928646978667,2.649040867409692,2.131540364316141,1.9612667204585947,7.064058050454553,3.021618022843459,2.6069876037716107,1.7466186977453153,1.9201978055511455,3.1296853707606638,4.927138996297012,8.136732471169848,2.0585103862275584,3.260669788836281,2.78800515466445
2019-06-09,342.0,1.937890000889456,4.85760028651253,3.155155032384554,8.998944187974038,28.39306404083402,2.2214173057126665,1.5723150137123176,7.928677016281644,6.704935466301269,3.4654719008337893,4.67910402594739,3.087282619050808,2.218130971328297,2.0452319867823254,6.895759986102454,3.2185201186675294,3.326410920795684,1.7938747102592003,1.9240872038341388,3.132479019287651,4.9382030078335175,8.129382883087874,2.058800994900183,3.2712207637137967,2.892554551067712
2019-06-10,348.0,2.2016424889702733,5.196953931959355,3.360794941136355,6.641888683982399,22.32202588871885,1.937890000889456,2.174471102262789,8.998944187974038,5.304787177046048,3.5915038895764093,5.185105293072092,2.122160678508709,2.160522509750104,2.097456984950488,7.223475517769993,3.4241856706224922,4.322067394572447,1.8702252368893775,1.9219637450548244,3.1326143853795614,4.935201049217044,8.135281436006332,2.0500514418775055,3.284189552784335,3.285023685887094
2019-06-11,330.0,2.1898502669152684,5.059359194318157,3.3252327166355244,6.785924483024365,22.564778103570625,2.2016424889702733,1.9537993928400776,6.641888683982399,7.708603595493242,3.3434634481105525,4.181491958526743,2.3240103400225163,2.1203165985241306,2.1013386116229857,7.4144900187609,3.466813079506917,4.681900425848739,1.9175921875319075,1.9248759506517623,3.136061931431654,4.939028520550169,8.120381084410619,2.0501526805508643,3.2838717439107703,3.448224816504584
2019-06-12,330.0,2.345109477761707,5.241574635773666,3.464682690622505,5.705176396786239,19.766625908893353,2.1898502669152684,1.9616454846761997,6.785924483024365,7.554474799915849,3.2237250046092867,2.95231916731785,2.0392881656289674,2.109794252258331,2.1350601650622987,7.282678716979632,3.386230780765416,4.106305472972226,2.007325685007605,1.9269529554186897,3.13918353860451,4.942608879256647,8.103787171400937,2.053761605322641,3.273649463086296,3.5455690365969876
2019-06-13,366.0,2.281986609590402,5.442049512532436,3.458287948076122,5.910238303138211,20.439305894000746,2.345109477761707,2.1107153856240326,5.705176396786239,7.083440887951336,3.4343135477411706,4.254968336104175,1.619413157384878,2.245534077882415,2.1898407355030853,7.018493230818259,3.33383400015367,3.796259820649586,2.1869933680358455,1.935098025608899,3.1493826360733572,4.963808583857071,8.0839648701617,2.0654366354657467,3.2810173965922385,3.7933025024868456
2019-06-14,336.0,2.2805513370895683,5.528186694419351,3.474219893236217,6.459463964576439,22.441598205373946,2.281986609590402,2.322260222648195,5.910238303138211,5.985400959727791,3.4646294886601314,4.391959226488769,1.0940836971255972,2.272315451422458,2.2143080532125667,6.850892861559241,3.3742226803368625,3.8664155766369284,2.2842085266584844,1.941872530291748,3.1594596655179825,4.9767832662700675,8.06604452122988,2.066834543214466,3.2890237471994417,4.10670583887927
2019-06-15,336.0,2.1298016167947327,5.323628675017674,3.3503980383181675,7.0189857751901465,23.51639617218019,2.2805513370895683,2.2214173057126665,6.459463964576439,7.928677016281644,3.6096640985337993,4.974712050711116,1.8541897259818176,2.302549141480558,2.2083496409899057,6.9186161479661905,3.502869044978367,4.540546537768017,2.3138853692561776,1.9452070547963771,3.1648570441338806,5.007097821842485,8.047421001443958,2.063165749572156,3.3164262289523356,4.374237151166876
2019-06-16,282.0,1.720896693890153,4.65233734225529,3.0248669738639467,7.835660624483613,23.701831041406628,2.1298016167947327,1.937890000889456,7.0189857751901465,8.998944187974038,3.6004773518001216,5.378201477147218,1.7385349445295726,2.230779854491567,2.195261685430201,6.788660256381691,3.5582569796646837,4.914957584782365,2.390211585620258,1.946331103602293,3.1681758891393788,5.034321290968874,8.024453060466385,2.0617543483156897,3.344080637698379,4.474108215623995
2019-06-17,450.0,1.9685996175266305,4.893326751847463,3.176544354982472,6.969558998164218,22.13911329233584,1.720896693890153,2.2016424889702733,7.835660624483613,6.641888683982399,3.492064666522202,4.347125688854871,1.6485415255430944,2.043749882591483,2.1642626415731576,6.622476890168774,3.5674020389520407,4.900013072237733,2.5122343805937817,1.9436388191883038,3.1698622892476753,5.04012584620273,8.001381973083369,2.070117989451606,3.3777493911452274,4.354396843592963
2019-06-18,264.0,2.050683903187507,4.922409045745534,3.220332167172696,6.551578731732016,21.098259735561108,1.9685996175266305,2.1898502669152684,6.969558998164218,6.785924483024365,3.413890218274987,4.653542116571534,1.9404377495431928,1.9397659760705042,2.1309708027954946,6.669286935051891,3.5021440788657703,4.792956427524538,2.4880424870339715,1.9459874439477087,3.1743681378518307,5.05670573953022,7.982285794593704,2.08117179299018,3.402860948448831,4.421832580456504
2019-06-19,366.0,2.296029652501808,5.495715610449208,3.477432320887578,7.013895015204316,24.390345221183757,2.050683903187507,2.345109477761707,6.551578731732016,5.705176396786239,3.190605652789664,2.807401875972298,2.3311300841090543,1.9133934048680956,2.1110898936915286,6.6358089705815555,3.365520179195618,3.9360232271328983,2.437285341642906,1.9541200803817065,3.182861018307187,5.0705591019460154,7.95398880562983,2.086310932344074,3.4098164854726245,4.401130110264283
2019-06-20,318.0,1.969975169352105,4.9123592249829935,3.18195207247344,8.371750626426476,26.638509255988545,2.296029652501808,2.281986609590402,7.013895015204316,5.910238303138211,3.712595359759327,5.344038622577572,1.9502052449820744,2.1051043910719804,2.1040784900829714,6.822768773212709,3.4390304102746594,4.268327538373798,2.467446078540785,1.9637392047344187,3.19147011633463,5.091386390324998,7.931572785669663,2.0933739087538887,3.423869883286621,4.556711579760482
2019-06-21,312.0,1.830155344557575,4.241787856071188,2.947908415991922,8.80006999401963,25.94180039668845,1.969975169352105,2.2805513370895683,8.371750626426476,6.459463964576439,3.6605061525303952,4.792830952379208,1.6285373835368375,2.1055629083471388,2.0595054271917865,7.174413390825317,3.5212357216931287,4.314757150309689,2.409292166066123,1.9648269821158864,3.1915192077544945,5.076321662196493,7.920722979233044,2.0908980640462533,3.42589525739976,4.613978969173402
2019-06-22,288.0,1.86119234581956,4.5809635792133125,3.0523123892709814,7.828960394059475,23.89643280589956,1.830155344557575,2.1298016167947327,8.80006999401963,7.0189857751901465,3.279612765059639,2.484281322638311,2.1857583804795278,2.032053388803828,1.9951631425443586,7.508785680745774,3.5509047591164538,4.207050299198361,2.2999977638792863,1.9634546656442668,3.1874792384966755,5.029422706572109,7.918047616754623,2.0850220993064226,3.408163489902109,4.2582031508772875
2019-06-23,258.0,1.8561310982598525,4.609132292815279,3.05794250469536,8.198769765338557,25.071366551639976,1.86119234581956,1.720896693890153,7.828960394059475,7.835660624483613,3.390570814843344,3.505147747992979,2.366669426859455,1.8871076199097454,1.9567903895479055,7.624496340584249,3.44356324414446,3.5940866743368294,2.265749730611979,1.972723337373224,3.191454861086835,4.984389462101938,7.911283414997344,2.0758622892250664,3.391096982339587,3.9906240467123957
2019-06-24,336.0,2.273044529658735,5.069147372344583,3.3809152785694403,6.290741832177319,21.26846517394421,1.8561310982598525,1.9685996175266305,8.198769765338557,6.969558998164218,3.470263439955472,4.42014719993379,2.9062153067407777,1.849159596212328,1.9761095901721482,7.676369074992097,3.3801490066194853,3.469858756855024,2.2601425221599687,1.9718774387823463,3.190051654493322,4.948655494242447,7.898724254499709,2.0763887559178285,3.3787290381981787,4.001055691152241
2019-06-25,372.0,2.36697405752922,5.567718901555442,3.538184330415932,6.529312386945082,23.101910775879738,2.273044529658735,2.050683903187507,6.290741832177319,6.551578731732016,3.530089664744544,4.09899756456909,2.6209438599016632,1.9967893245793815,2.019601720476735,7.579395194136827,3.463641306514454,4.008097504165284,2.263098259742796,1.975265685609171,3.1927712686825065,4.9756441938069695,7.878753537953212,2.0798823924946293,3.3819080729481956,3.921835040866178
2019-06-26,276.0,2.518088076299398,5.395649957155364,3.640635139719748,6.405367755934082,23.319606935081442,2.36697405752922,2.296029652501808,6.529312386945082,7.013895015204316,3.640300543647972,5.74002129093547,2.5388679822929103,2.1653832284826016,2.0647860282398365,7.5762142877386935,3.546884549449329,4.7530553518127805,2.3813766964664254,1.9813542047810837,3.198508129139498,5.018482729258548,7.862825928053943,2.075712006899467,3.399542045861345,4.340780671575202
2019-06-27,330.0,1.7607421697612329,4.622441565574884,3.0283828623851003,9.253596019591456,28.023431601165743,2.518088076299398,1.969975169352105,6.405367755934082,8.371750626426476,3.685599889930961,5.253850859640126,2.484488759530634,2.386035554495783,2.096508660210921,7.48928182212866,3.618663366107826,5.030956571714892,2.2903473212258976,1.9928211434969518,3.2073783836826606,5.026193296243266,7.852024509767343,2.073041913864718,3.4075602008698764,4.327896705441282
2019-06-28,330.0,2.031168146850826,5.279563863138037,3.2971051607529014,8.57326172577119,28.266945480525514,1.7607421697612329,1.830155344557575,9.253596019591456,8.80006999401963,3.62840878084813,3.990212318205515,2.4826969483515056,2.215268101196616,2.066618231697939,7.615259735437943,3.651436404809021,4.994694822927034,2.2573328691326204,1.9919997901697128,3.2075094674142632,4.998422714975433,7.859256876344877,2.0744230442616747,3.406526492366141,4.213236900559326
2019-06-29,168.0,2.0017970438289,4.963641612323823,3.2080711442756296,7.025171815893814,22.53725098614737,2.031168146850826,1.86119234581956,8.57326172577119,7.828960394059475,3.7396536660996578,4.463759763398922,2.016415125560852,2.103332797637151,2.095334346311261,7.582858554259594,3.6845541122929166,4.569274313748185,2.352660645976969,1.9937990748522858,3.2129371908971693,4.995140931717784,7.854180420740663,2.072809982492721,3.412044221436972,4.496019534953699
2019-06-30,204.0,2.181640667125698,4.941847606630096,3.2958578532482905,7.638052142210628,25.173934136424826,2.0017970438289,1.8561310982598525,7.025171815893814,8.198769765338557,3.426772915735336,3.528063192704715,2.011369409122002,1.9312357868136516,2.115420731741166,7.468031614521642,3.598278454227708,3.9940117581030474,2.3172838287751447,1.9950682329017537,3.2155304046690825,4.979128787698931,7.833550831510073,2.070467672465433,3.4081334021306358,4.4992931699125185
2019-07-01,618.0,2.4402595812555927,5.325969635581631,3.556703616319426,6.604689916962824,23.490924512330125,2.181640667125698,2.273044529658735,7.638052142210628,6.290741832177319,3.4431585864677325,4.6092006949159545,3.1173404650259244,2.07153528593514,2.1619220987220014,7.387929096931939,3.5365283894342423,4.200341217006527,2.2327641999092003,2.0051018961983025,3.2216460892710135,4.957546137102228,7.811859989779726,2.0711887434343352,3.401379410934588,4.526300812052828
2019-07-02,354.0,2.0795295402838763,5.5339025690659405,3.376982090463765,9.105635151252168,30.749566828075885,2.4402595812555927,2.36697405752922,6.604689916962824,6.529312386945082,3.630024530995552,4.750727382551049,2.213866472579032,2.2078990974033954,2.185809963235838,7.432778823329867,3.4999853443995406,4.295997090057237,2.2719433254459216,2.0108432240489025,3.2248528422738447,4.976515017144041,7.78004878902175,2.074047702826758,3.407868301633748,4.619405071764537
2019-07-03,275.0,2.486337542140446,5.633214626250973,3.64409070703977,7.099760381713077,25.872170829209754,2.0795295402838763,2.518088076299398,9.105635151252168,6.405367755934082,3.729980016387507,5.323900131711172,1.7738071669850537,2.2338099295550546,2.1447464607722178,7.800824932516595,3.601054377950264,4.8946094030593885,2.2817149648704835,2.0111852814046807,3.224803035301206,5.014506873443216,7.766189001654328,2.082856985051341,3.432085659891951,4.55995919187535
2019-07-04,312.0,2.216361639237223,4.768331912769291,3.2835101859863065,8.621706975846745,28.309462675781983,2.486337542140446,1.7607421697612329,7.099760381713077,9.253596019591456,3.882490544021369,6.065305463577059,2.244752526659484,2.3353755545599704,2.1402106701780816,7.900023879056451,3.7474983638014763,5.379977659279757,2.318633500242471,2.020931855455657,3.2315794266605438,5.041755776207771,7.749412231855742,2.084485888315314,3.456359587695031,4.675881278152055
2019-07-05,264.0,1.8749188040530556,4.557240687454271,3.051421599256684,6.8966579275677296,21.04461096286501,2.216361639237223,2.031168146850826,8.621706975846745,8.57326172577119,3.5184435523023767,4.510563339424955,2.443446489187433,2.2607429072205143,2.2052991658175087,7.809754015664349,3.710304704237084,5.299922978237726,2.314214003118315,2.032130158457106,3.2383226186066656,5.049150976810891,7.756972377490115,2.0859952611156065,3.475437818643727,4.750217138326261
2019-07-06,270.0,1.4581639848059482,3.86315005667062,2.704645465879761,9.255307350468286,25.032325060767675,1.8749188040530556,2.0017970438289,6.8966579275677296,7.025171815893814,2.808023188381692,1.9850711382855943,2.0371052886406447,2.192539328476907,2.182977831132113,7.57023918734957,3.402985761568479,4.1869799804292,2.1986206784787496,2.028963561971836,3.2340683843211546,5.043230691339777,7.76633283584623,2.0885292969937255,3.4732130711443974,4.396118763310072
2019-07-07,150.0,1.3717518504456978,3.3645691994593943,2.505566123400319,9.078609691541043,22.747056890699056,1.4581639848059482,2.181640667125698,9.255307350468286,7.638052142210628,2.856061011437384,1.91256241265873,2.839318466187407,1.8498148093654077,2.105315965557406,7.8888299780030655,3.060842584040484,2.8027322967897565,2.103536277187505,2.0238729554535886,3.228814737687712,5.018279718332475,7.7984184745393454,2.089931165952317,3.4692648637352597,4.165332937589216
2019-07-08,282.0,2.0889193664890158,4.613559772091636,3.169733119418149,7.376092573507261,23.380244922140214,1.3717518504456978,2.4402595812555927,9.078609691541043,6.604689916962824,2.97176806602803,3.4702094635288865,2.48013483834223,1.568278213101566,1.9896175631745485,8.094623913621696,2.8786174219490355,2.4559476714910673,2.071423486120898,2.0131131014519434,3.219232863528646,4.957243692325141,7.810071776663436,2.0867851084679674,3.461137758554285,4.002619904533921
2019-07-09,336.0,1.9417176075379647,4.423157543469176,3.046322458073832,7.725077611357613,23.53307741784205,2.0889193664890158,2.0795295402838763,7.376092573507261,9.105635151252168,3.1595097627532667,3.6013735405715543,1.9827653079260903,1.6396117339135527,1.9394261039221805,8.204824293128045,2.9957796134062264,2.994715138919721,2.0645348859741226,2.0161931053730475,3.2210706737481414,4.948577799065982,7.800212116954528,2.084829367520212,3.450939020618267,3.83842649853685
2019-07-10,270.0,2.088033809397936,4.798053269546204,3.2106752215155963,7.68089315183806,24.660853321715287,1.9417176075379647,2.486337542140446,7.725077611357613,7.099760381713077,3.2163853231261625,3.77785757062797,2.441101604895496,1.8007962748242248,1.9197386849584785,8.007601787428822,3.1158877173024866,3.6164801915761338,2.05245246748309,2.0150880538659406,3.2183955817692635,4.9340963742978685,7.790032062925831,2.094452165901106,3.4384350684032587,3.6175632755249643
2019-07-11,222.0,2.166439095943228,4.590544823591494,3.213711505201187,6.966647794215064,22.388796168953423,2.088033809397936,2.216361639237223,7.68089315183806,8.621706975846745,3.3183167760452017,3.903548568122953,1.997114806246711,2.0395569278083046,1.8628381517095487,8.090620754589533,3.2314039539748767,3.760926559774156,2.033399091526445,2.0180114483772407,3.218507839658164,4.920799685550764,7.778370473718263,2.0924429606987123,3.4375968460010804,3.308740861888663
2019-07-12,354.0,2.3389436117116444,5.22544621763146,3.457307518021796,7.51657218125987,25.987101512023237,2.166439095943228,1.8749188040530556,6.966647794215064,6.8966579275677296,3.645299857481856,4.7823657039461045,1.8518090871258244,2.065396837626375,1.8557063598104067,7.854183728642151,3.3933339855510734,4.154590614232339,2.1750754488968194,2.0251445040398006,3.2201305704237626,4.9051725398598744,7.7729184322571605,2.091081936530958,3.4516493410968327,3.34756977110597
2019-07-13,174.0,2.173633810660883,4.872363814051884,3.276438700178981,8.80252394727216,28.84093012009475,2.3389436117116444,1.4581639848059482,7.51657218125987,9.255307350468286,3.862663458804246,6.456920437941306,2.311359167397692,2.1978055056842685,1.9219956180473479,7.942742907741029,3.6087600307771006,5.047611570003451,2.4423584940443397,2.0373583995625837,3.2280793585138907,4.904634925921802,7.764422997790865,2.094238067555511,3.465927671465602,3.9864053853425006
2019-07-14,246.0,2.0819435357537843,5.170172676171898,3.2929793789814488,9.884271912732077,32.54870358487225,2.173633810660883,1.3717518504456978,8.80252394727216,9.078609691541043,4.026551716409433,7.561920923515826,2.907719942159339,2.226338839438584,2.0242055931694813,7.878059564427296,3.8448383442318446,6.267069021801075,2.8413297189748192,2.041975843454158,3.229506592462818,4.885645402639117,7.7699722863493434,2.0962029842153562,3.4846584123905786,4.793456601179229
2019-07-15,336.0,1.7555679037530707,4.57173270763883,3.012238657010549,9.710827080655111,29.251328723894222,2.0819435357537843,2.0889193664890158,9.884271912732077,7.376092573507261,4.22433349193873,8.001956652601997,2.738564585946147,2.1981736527087694,2.1256615482134937,7.993154167454586,4.03784955571747,7.340266004686373,3.092855083401033,2.0434765266468893,3.2324041991761026,4.873711602030868,7.793999357753193,2.09801494267667,3.505147392170743,5.440849056761102
2019-07-16,354.0,1.522168567179291,4.1321048900341255,2.8095215490197627,8.418716327815222,23.65256493808139,1.7555679037530707,1.9417176075379647,9.710827080655111,7.725077611357613,3.9000353905105207,6.339268744714772,1.951828828056996,2.003715083389245,2.078039910679787,8.326687668475708,4.050306866286228,7.301048773610862,3.0655606950360057,2.038337675862298,3.23042087599047,4.848648403118239,7.818593915537096,2.103062487864469,3.5151326601277564,5.831976943067275
2019-07-17,270.0,1.860417856197224,4.18288975808416,2.945669233010358,8.076130681879459,23.789609671383285,1.522168567179291,2.088033809397936,8.418716327815222,7.68089315183806,3.59803339729105,4.80325636207681,1.6319483324185398,1.786560002228714,2.018104333485691,8.425778913683937,3.9074674265801,6.381493919797857,2.9019683340942675,2.030927038713886,3.2260390294433914,4.831307321377535,7.832574647154976,2.1065240655242117,3.5186649511533847,5.978462484702824
2019-07-18,336.0,2.155600343934912,4.873390010756161,3.272986899702337,7.240573077671078,23.69830082955487,1.860417856197224,2.166439095943228,8.076130681879459,6.966647794215064,3.250329147462121,3.6344410812729935,1.3315239972079973,1.712718109043194,1.9855877687427324,8.482241417975567,3.5827993117545636,4.925655396021522,2.7964736979574676,2.031846441686397,3.2254650630833845,4.807626088252092,7.833735042959364,2.105008368515675,3.513212915459623,5.940018558009973
2019-07-19,390.0,2.231861680120837,5.080799563264154,3.3555857435757903,7.369577413255901,24.729248904099652,2.155600343934912,2.3389436117116444,7.240573077671078,7.51657218125987,3.3773593780280478,4.529792864956703,1.627019549659572,1.8460622557704742,1.984039375598687,8.521373601326426,3.408573974260406,4.322496769435499,2.65317004365655,2.0360754922474515,3.2291908638678692,4.805992120419111,7.833545804942478,2.1055783421658423,3.5194380396342355,5.90393672386863
2019-07-20,192.0,2.1025489065879523,4.993314733338479,3.2624912945754225,7.251995110187275,23.659570915289518,2.231861680120837,2.173633810660883,7.369577413255901,8.80252394727216,3.240290085355307,3.4227028696074897,2.263138966370269,2.0826266267509896,1.9687419568000004,8.500374348754429,3.289326203615159,3.862312271945726,2.552193860392834,2.0360592375849147,3.229868048970258,4.792161585512943,7.832798573693552,2.1032806523920224,3.5036945304874343,5.470477071249513
2019-07-21,252.0,1.9271544111741563,4.7241805295958645,3.116415180240442,7.431216595515913,23.15875620592049,2.1025489065879523,2.0819435357537843,7.251995110187275,9.884271912732077,3.20153795695027,3.3681825807713848,2.82314301272211,2.1633369768812325,1.9585869705038674,8.278870229170874,3.2730624734445417,3.7735594384451896,2.382240673884803,2.0346322011595763,3.2277659907841945,4.794860102458126,7.8233448131508325,2.100240905877757,3.488395590634764,4.871371593714593
2019-07-22,234.0,2.0190617509648736,4.847387406972655,3.1874280641531625,7.516061977059659,23.95690687759446,1.9271544111741563,1.7555679037530707,7.431216595515913,9.710827080655111,3.1852149269495,2.807401875972298,2.605190954249629,2.087188332627647,1.9364742384210631,7.928433755282851,3.2090143230850257,3.1994291087837214,2.2521491739896957,2.03342087805033,3.2234290115410484,4.810939858242282,7.822121536073267,2.0989711399530933,3.485248996031092,4.12929233991035
2019-07-23,288.0,2.1802899841410435,4.8918258469695415,3.283982464231164,6.531988638845384,21.450936146525432,2.0190617509648736,1.522168567179291,7.516061977059659,8.418716327815222,3.198598870316773,2.694103473013308,2.943563329649617,2.016255022908993,1.974116216594178,7.614895883340644,3.1951172514055144,2.9565626432523273,2.3314545846046237,2.0316717874580266,3.2184519090348185,4.819820652500927,7.809406393124729,2.1021428724324185,3.47884993121354,3.6085544439529977
2019-07-24,270.0,2.1399432785915184,4.663917528187518,3.2128342577372626,6.67654209285802,21.450623159159086,2.1802899841410435,1.860417856197224,6.531988638845384,8.076130681879459,3.4498197848010874,3.947258251124557,3.502929648451185,2.04216871542669,2.0681335618744283,7.345363356344953,3.27787786068912,3.1495878667033845,2.517358210806573,2.0335950862807137,3.216413136901599,4.829243770972735,7.784210332732479,2.110027126880041,3.4781684760417275,3.486268999531248
2019-07-25,246.0,1.8824704265009065,4.473650149628502,3.0324087239138087,8.860866434206974,26.86976867652427,2.1399432785915184,2.155600343934912,6.67654209285802,7.240573077671078,3.719060062130028,4.711581475334441,4.124322571721353,2.113098337899144,2.108065765073613,7.145422129341889,3.4558262390826293,3.784314399824099,2.7630488780793003,2.0445342202413865,3.2226053880569396,4.8157361095008335,7.755785993549174,2.1107030023393105,3.48446748928791,3.6401461986828827
2019-10-17,242.0,1.7597024850054812,4.61576997669802,3.0261149345072456,9.02759327309906,27.318534826382212,1.7589086138267478,1.9192937395038805,9.003622436624003,8.409841701585039,3.479945550837272,3.617964595165669,2.374731320383128,1.7159012757266334,1.7624634072146834,9.11217959146463,3.492119731639734,3.372487382934688,2.3436297426215114,1.8668706248948799,3.110597802458409,4.565191159387936,8.049941610750109,2.292118219599086,3.34822584033494,3.3464146069183562
2019-10-18,281.0,1.8101989632564923,4.90895069635936,3.124394053229561,9.217269183453766,28.798381023799035,1.7597024850054812,2.0490148822598155,9.02759327309906,8.003381183398067,3.4258685755068674,3.1089291849469274,1.745709461858413,1.6663590126040868,1.7396646565720548,9.200429815966631,3.4334291769898044,3.358871258337466,2.4060717936625378,1.8563632703735695,3.102137821786834,4.565636234128074,8.065950594660853,2.296431508351951,3.336067380051687,3.1736710658288887
2019-10-19,192.0,1.4101208869626096,4.343700777013631,2.853391753263423,11.18387965104584,31.91198996578481,1.8101989632564923,1.6963643602594682,9.217269183453766,9.470996427892068,3.4959727847256694,3.3436319411263944,1.9022429613412957,1.7762700206962396,1.7055480967144374,9.37384238740316,3.4672623036899366,3.3568419070796605,2.3955409681697764,1.850095027876629,3.098676363250725,4.563270448867687,8.073410124473556,2.2947285768154893,3.3228337985830128,3.3373133614552595
2019-10-20,170.0,1.420887344630797,3.726735611526344,2.6465437088854324,10.221503436584303,27.051655615443014,1.4101208869626096,1.524867041299716,11.18387965104584,9.909580850717331,3.3719739297608893,3.937534032682296,1.6481659180642292,1.66000744507486,1.6646561719577433,9.618539990710842,3.4312717633311416,3.4633650529185367,2.2371789953336045,1.840038412437125,3.093196545895846,4.567924116600578,8.092142588594701,2.2902468637151236,3.3126162827528653,3.416032674609928
2019-10-21,212.0,1.6750950511202942,4.109763920021169,2.849706547935379,8.910989695285474,25.393705683239705,1.420887344630797,1.9083292743731208,10.221503436584303,8.607490807015743,3.119628444277066,2.0663946163299087,1.6037294300570446,1.5470690649499652,1.6498019295764692,9.66310036012041,3.329191719587875,3.1158535300461967,2.008096853407896,1.8307879229728847,3.0853633294103475,4.530854832657143,8.10716209454196,2.2915179203208207,3.2859862241136715,3.2248502748413714
2019-10-22,302.0,1.993496941539982,4.779494645770692,3.159216962812572,8.979160474434563,28.367116082649854,1.6750950511202942,1.4804659389800352,8.910989695285474,10.38034373302015,3.195706239006885,3.012723110523459,1.800831211265778,1.5020344275712325,1.6164827548260654,9.706457344158943,3.2291028710149465,3.0055505865118852,1.873034756663227,1.82497716553707,3.079350237431188,4.508068959841466,8.110000580220834,2.2861948123347786,3.2764893920160607,3.2052710679534946
2019-10-23,222.0,2.0899706962223035,4.42975689272981,3.1298678513353866,8.911200052634836,27.89087856155998,1.993496941539982,1.7589086138267478,8.979160474434563,9.003622436624003,3.473930416303721,3.83897424133906,2.29419555841352,1.6964931124303568,1.6897728980489148,9.506288307218144,3.263088366529224,2.9726973227308062,1.9406922668353324,1.8220576886699091,3.076562815237249,4.536385471922093,8.111224404537316,2.2869215376355356,3.3019028893066507,3.275164531730531
2019-10-24,175.0,2.0036698570813574,4.458805627797955,3.086540227969881,9.246847771509604,28.540767628678037,2.0899706962223035,1.7597024850054812,8.911200052634836,9.02759327309906,3.185962524987481,2.5654711438554,2.8837535319207666,1.919520896294192,1.73706748124828,9.493085109505405,3.285199726766029,3.139056165239303,1.9072955996663559,1.8184868814061492,3.0725061398267925,4.557755776621209,8.120584890409015,2.285281063155494,3.304175270633069,3.1248083244004925
2019-10-25,232.0,1.9567153782982645,4.809614175643186,3.150555319604887,9.599510760952793,30.24378969352418,2.0036698570813574,1.8101989632564923,9.246847771509604,9.217269183453766,3.2802804957422893,2.6006254465758505,3.035303057002714,2.0290458316145465,1.771919962973405,9.524407180706913,3.3133911456778304,3.0016902772567673,1.943759434810837,1.8218690051772874,3.072572737280219,4.5754474145661925,8.137707679864308,2.286854297602007,3.303928213306209,3.0521935046331956
2019-10-26,154.0,1.96692462003758,4.895938708695401,3.176580820380208,9.169183301616547,29.126651814465596,1.9567153782982645,1.4101208869626096,9.599510760952793,11.18387965104584,3.48705831843928,3.5451730268747927,2.6857655984401294,2.016785310533974,1.7928508794079439,9.57901312034963,3.31776711305635,2.903756539102011,1.9877040497991187,1.8224893633663541,3.0734409576223323,4.560008212018207,8.158255060231758,2.2888249833640746,3.3044166743289276,3.080985088311538
2019-10-27,185.0,1.956957367321442,4.288209813622866,3.0204541072563744,9.693300449081995,29.27816915429977,1.96692462003758,1.420887344630797,9.169183301616547,10.221503436584303,3.3771080715951025,3.903548568122953,1.6709513598590553,1.9757699518057328,1.8723942698472256,9.291199356145444,3.3814822952588908,3.3497823471911956,2.0812622952985778,1.820376293371169,3.072072131230692,4.5506842637186065,8.162396761013799,2.2830223274704426,3.311638328443652,3.076130021945918
2019-10-28,177.0,1.9977244982105653,4.781077216919441,3.161505535518599,9.539394724600031,30.15884922731992,1.956957367321442,1.6750950511202942,9.693300449081995,8.910989695285474,3.224795724700248,2.020309505980632,2.034607881448613,1.9601991218857613,1.9489757016601748,9.21574178650226,3.3629873715782104,3.1563437003261225,2.1886057683040847,1.8208621206819713,3.0704858422018537,4.531793231146599,8.170734077224523,2.2798438173906166,3.311212670395433,3.069546434753164
2019-10-29,165.0,1.898985112474375,5.163649915458929,3.220827005151108,11.468928855156632,36.93943577684526,1.9977244982105653,1.993496941539982,9.539394724600031,8.979160474434563,3.5122768740928167,3.428730202670283,2.237925568552968,1.9738688285231947,1.9950656226730705,9.305513933547195,3.371393556796056,3.1175294255912864,2.327708804191448,1.8202020441209477,3.069659101518825,4.547515053686437,8.184628711210438,2.2767822127762956,3.3314771226310618,3.1289760193455676
2019-10-30,201.0,1.9162454054306777,5.037704085919343,3.193489185521227,11.830934751278358,37.7819621828147,1.898985112474375,2.0899706962223035,11.468928855156632,8.911200052634836,3.503577045692897,3.5735070638578628,2.2204797799641898,1.9512223260021262,1.9815639328065553,9.661195130793205,3.413549881495321,3.007515590836256,2.4691579303132154,1.8159037696236133,3.067469488931609,4.578890322147349,8.200376480466508,2.2725238811435693,3.3426969859773767,3.091052136848254
2019-10-31,224.0,1.752956718077285,4.905007296731769,3.106760702097923,9.987723316073357,31.029466301803858,1.9162454054306777,2.0036698570813574,11.830934751278358,9.246847771509604,3.332879154190092,3.149777558738593,1.7752197220675638,1.9376516720385384,1.9567460341220375,10.07830008774228,3.4495776913252683,3.384004941755576,2.602527676775069,1.809361308734558,3.0617324442958154,4.61052469514002,8.234549809033021,2.272218098495456,3.3534169823009696,3.174524481831567
2019-11-01,578.0,1.427730303513885,3.295295427786838,2.500289372737726,10.4274348254682,26.071604479033407,1.752956718077285,1.9567153782982645,9.987723316073357,9.599510760952793,3.684279138281552,5.437040261441079,1.4317280635227514,1.8560624119941116,1.9209298714071699,10.184139451251387,3.5069117793881808,4.053441628012509,2.685996326298913,1.812062043563274,3.063537248643613,4.637290824194064,8.265769383293202,2.272335261146669,3.3677996116174134,3.579726598240885
2019-11-02,213.0,1.3624447034955571,3.2316423717680305,2.455431771383929,10.329194193684788,25.362631595968036,1.427730303513885,1.96692462003758,10.4274348254682,9.169183301616547,3.405652769918405,3.0462191609279525,1.7403309212274478,1.6989774756739482,1.8453605750094015,10.302414317610731,3.4742703541300166,3.877678993702539,2.549131256406298,1.8016876976837586,3.050525212849641,4.591706072198741,8.28389492482637,2.280997382966731,3.36931587981909,3.5084474745341936
2019-11-03,202.0,1.365371737009402,3.4873454002737123,2.547004689849407,10.158402178354232,25.87349798964466,1.3624447034955571,1.956957367321442,10.329194193684788,9.693300449081995,3.2832019381117075,3.3926207249333222,2.144553931063791,1.5143772416955745,1.7590063012176838,10.468130159334766,3.457711282103888,3.958626715767449,2.46057369985841,1.7923470989742019,3.038604211383918,4.545318580198605,8.302393054118163,2.29090191726521,3.3629081697353693,3.435457782649961
2019-11-04,259.0,1.8129546778313392,4.809312075161466,3.0976256306923,9.851030963200587,30.514806000353595,1.365371737009402,1.9977244982105653,10.158402178354232,9.539394724600031,3.327463265172101,2.574368572834564,1.800831211265778,1.3851822480062805,1.674494068315964,10.534573263516515,3.338772657734071,3.0044028195652768,2.538207709056007,1.7805213860513738,3.0272500660890107,4.504798636489488,8.32289279605418,2.297977950701935,3.354145612379213,3.514609077914808
2019-11-05,181.0,1.8313238148546696,4.833444395380748,3.1101698280699908,10.908596887530464,33.92758890617546,1.8129546778313392,1.898985112474375,9.851030963200587,11.468928855156632,3.6771988711579,4.055559622209557,2.4931724145643366,1.513590372778765,1.6480983796903603,10.579092726173737,3.429288024813903,3.3408496399924785,2.4765566057108637,1.7776678965035646,3.025903202239306,4.509043344800374,8.348663662744,2.2991090214120966,3.359727224234448,3.6041561378489897
2019-11-06,214.0,1.5379677088271662,3.655589726544724,2.6600103892283404,10.323000553656229,27.45928872073548,1.8313238148546696,1.9162454054306777,10.908596887530464,11.830934751278358,3.7815945935179913,4.590536881790209,2.528092084882162,1.6698834098984694,1.6384324800304022,10.499045302227142,3.5954189099493306,3.740155025611441,2.4397764155425454,1.7763292189529039,3.025788541205965,4.530947465016004,8.368529795218992,2.296367813864752,3.367598405194261,3.7494461118393256
2019-11-07,365.0,1.762075136106676,4.403475320903303,2.9661702075770493,8.36734278491567,24.818962885201636,1.5379677088271662,1.752956718077285,10.323000553656229,9.987723316073357,3.26339843140716,3.2357137051625995,2.430127440563776,1.7274154005043905,1.5843928090870434,10.283626131138265,3.5740639653610167,3.9606034030541193,2.306107643559567,1.7748054050283104,3.021053828915392,4.511072290027432,8.377356837656873,2.299078704393565,3.357341339210052,3.761722704185612
2019-11-08,272.0,1.7884344244618022,4.483918843416794,2.998406266409701,7.05806410154506,21.162943630794064,1.762075136106676,1.427730303513885,8.36734278491567,10.4274348254682,3.2940796275264543,3.1631763601584817,2.183132374561301,1.7104555532628363,1.5856954402340995,10.05214319811574,3.446357550817202,3.6631423157037606,2.1512737879424177,1.7774048259576773,3.020795126301235,4.50880218804543,8.388859864996428,2.298165247660884,3.359558585010699,3.4368850040023835
2019-11-09,348.0,1.7475323041615038,4.669199218358056,3.03769244295531,7.467030664905562,22.68254262209919,1.7884344244618022,1.3624447034955571,7.05806410154506,10.329194193684788,3.156716772479455,2.5654711438554,2.7140521724389903,1.696159089798547,1.637224600369516,9.570804523269576,3.2380649438043565,2.9881204030588244,2.245504070253131,1.7722160138256142,3.01527541235214,4.49145681984981,8.390674129119901,2.29411851010507,3.3763068649346546,3.368206715849162
2019-11-10,244.0,1.57947140248273,4.427700669258961,2.918611021388388,8.52051538901016,24.86807012227442,1.7475323041615038,1.365371737009402,7.467030664905562,10.158402178354232,3.171818132427514,3.440595700759583,3.1346978139161625,1.7660139549099931,1.6922371147503656,9.161924019158258,3.207538177477808,3.056414401591152,2.2836564870537925,1.7644495506408202,3.0085521694782247,4.472725948735439,8.402419824240695,2.2800971678630906,3.3833158771282594,3.375060283824342
2019-11-11,351.0,1.7296069505752167,4.189641418642129,2.89297844471419,8.199232552398422,23.720203037287547,1.57947140248273,1.8129546778313392,8.52051538901016,9.851030963200587,3.489615151559497,4.697166241493983,2.734419436498756,1.705146043702011,1.7228227812465555,8.927940192109105,3.272716685488822,3.567744362036319,2.247314200148787,1.7558695869540168,3.001648414576159,4.448632549595331,8.419821671479841,2.2787088378199387,3.390256072712249,3.6783170936328307
2019-11-12,278.0,1.850647650281088,3.6577392060142473,2.8034977746179126,7.565247279589194,21.209153912762524,1.7296069505752167,1.8313238148546696,8.199232552398422,10.908596887530464,3.222707923287349,2.8849104746663703,3.077452961231243,1.6855368857398159,1.7109159630671091,8.691968990565938,3.2947137357581195,3.6742241389733095,2.2187424611793367,1.7465900305932605,2.9897946532997577,4.425413925057021,8.431420128731988,2.284268146169783,3.3867771680676273,3.5110815011266614
2019-11-13,258.0,1.6270474229072651,3.72630396994031,2.715490683896729,8.089652319628447,21.967375509914614,1.850647650281088,1.5379677088271662,7.565247279589194,10.323000553656229,3.16909526628848,2.751604515858625,1.570036595633855,1.719908667779677,1.713676510985169,8.2143476180029,3.2938061137117756,3.44456041067299,2.036648250891322,1.7488896484945784,2.986497767474985,4.388510637826983,8.43506187209465,2.2856772230371263,3.3796733225025353,3.248376877422149
2019-11-14,309.0,1.9510144348950904,4.283082761811279,3.016136116940953,5.191949329781981,15.659625890882808,1.6270474229072651,1.762075136106676,8.089652319628447,8.36734278491567,3.1233221147336434,2.861967517497829,1.8102245447285608,1.7357673412545223,1.7264021844251831,7.895297870284645,3.1717084347698243,2.832827502674272,2.073407706535678,1.751076740150746,2.9835795806580747,4.351129651019268,8.43675515006228,2.284638100018157,3.363719385011769,3.1949845648986104
2019-11-15,211.0,1.8551503894702168,3.997780998646752,2.8942816180385624,8.128546117575905,23.526301609478665,1.9510144348950904,1.7884344244618022,5.191949329781981,7.05806410154506,2.910663267173017,2.795635358553697,2.726570438944484,1.8095698360278136,1.753393512823528,7.441670233836975,3.06769354939838,2.803069130636714,2.1430202485015832,1.7627685330433331,2.988653640403496,4.365272285869136,8.424904418939732,2.2809101631236994,3.3475923804300267,3.142478707526499
2019-11-16,290.0,1.744048472615475,3.985589525052969,2.8398541053908897,7.423720465183272,21.08228304032508,1.8551503894702168,1.7475323041615038,8.128546117575905,7.467030664905562,2.7207400217292843,2.8309301361957373,2.2824944490229826,1.8110707490908566,1.7629243649675872,7.594596236127097,2.9182418012119817,2.829511004082418,2.069453255014811,1.7637521100163558,2.9863658425331834,4.346855038827175,8.435417534845358,2.282963274870733,3.3222855294597604,3.180401420717975
2019-11-17,262.0,1.5011568193599596,3.9468587697318784,2.743291396412979,7.771070981510252,21.318312164491637,1.744048472615475,1.57947140248273,7.423720465183272,8.52051538901016,3.261615141499628,3.3436319411263944,2.877236482737937,1.850071098993593,1.7624266747467259,7.5884090647381965,2.9643394768006437,2.9900658119586065,2.019153859266004,1.761412768655149,2.9825763921304675,4.32584902377234,8.438149704511886,2.282024088434325,3.3168104149928523,3.166549455056091
2019-11-18,201.0,1.763845863728977,4.589650209740329,3.0200396848728825,6.773070825606648,20.454942681786815,1.5011568193599596,1.7296069505752167,7.771070981510252,8.199232552398422,3.1742990545832264,3.475975134277141,1.7987380326179048,1.700118560481883,1.7512388771577587,7.481345577952497,3.0522180726040467,3.2168457371997548,1.9964952867759198,1.751083874541941,2.9738122081657052,4.293779292884758,8.434145173545776,2.2865225151463924,3.306087957321438,2.992093582596542
2019-11-19,327.0,1.8202565008099707,4.1649795250120825,2.922781099301678,7.748544026683349,22.64729802829701,1.763845863728977,1.850647650281088,6.773070825606648,7.565247279589194,3.242629927248377,2.937578119979582,1.9936159719112,1.6696837185681364,1.7561301504654387,7.277608188410814,3.226181374443744,3.2523950651277027,2.0788942714076697,1.757464594822139,2.9774756558463755,4.301977607308981,8.420631845756356,2.2966244128566005,3.3017764905710205,2.999617531927001
2019-11-20,238.0,1.5257910723193373,3.5295023444130584,2.614545617873746,8.485661892719556,22.18615011636815,1.8202565008099707,1.6270474229072651,7.748544026683349,8.089652319628447,2.60302991589351,2.122290123086442,2.229648571808849,1.695086394632968,1.7517885576838506,7.303793437995693,3.0066529659083714,2.8452811257810517,2.158223531244453,1.7580468260833488,2.9745706529168996,4.316585737758506,8.420095736640516,2.3075599844524217,3.2845565396249023,2.909715475816689
2019-11-21,323.0,1.6923785735714674,4.05259945668517,2.838968091054157,8.057629313615035,22.87535251089569,1.5257910723193373,1.9510144348950904,8.485661892719556,5.191949329781981,2.5504281228144405,1.9249407134493608,2.0772914623331924,1.7032978122860942,1.7373233647427182,7.360366234151565,2.7986959886521094,2.3282696521717923,2.2008233064757374,1.7584382630453024,2.967860905250109,4.297243685238235,8.422008350823056,2.315715072687418,3.263047269085154,2.775854503809765
2019-11-22,235.0,1.8076012920721425,4.225336668619059,2.93380964823192,8.530917582436517,25.028088311623577,1.6923785735714674,1.8551503894702168,8.057629313615035,8.128546117575905,3.132317290335119,2.9774856675451025,2.4721744306094457,1.6794753822335906,1.7003753845536291,7.7697490889848595,2.761925109681023,2.3415721680269654,2.1431206466101824,1.7655720237288597,2.970494703235348,4.273013845602051,8.433787600699308,2.314591750361446,3.251660164886201,2.8018331193799653
2019-11-23,245.0,1.6464706893394585,3.733370583626133,2.725367125090348,9.898145462879716,26.976080243894565,1.8076012920721425,1.744048472615475,8.530917582436517,7.423720465183272,3.250967554513623,3.4435882688101955,2.082492276236827,1.6752569793209815,1.6935826563539043,7.82723072682209,2.9779043225543944,2.7820048832682165,2.2730008140628404,1.7635892873299035,2.971369498039811,4.266199838131693,8.447131635335916,2.315669637156016,3.253826999203739,2.8893557097534597
2019-11-24,163.0,1.2612169618318942,2.8923973431542804,2.2963535102826254,10.159304324832815,23.329354148359293,1.6464706893394585,1.5011568193599596,9.898145462879716,7.771070981510252,3.199249750613564,3.306156925300655,1.6025770107218351,1.7154835183276884,1.679642973028759,8.180720012207297,3.1941781984874353,3.242410287218648,2.317024015086659,1.7612147473064368,2.9693882279990884,4.242018669992633,8.470416820048888,2.3209105217520247,3.2511259743661145,2.8840021360640686
2019-11-25,311.0,1.6227877243561035,3.971193385283052,2.789322947700951,8.427468161250168,23.50693033319423,1.2612169618318942,1.763845863728977,10.159304324832815,6.773070825606648,3.1521507376216142,2.996129445421861,2.056054222128396,1.5717629810811642,1.6453658505247497,8.521896204110519,3.200789347582934,3.2486248798442343,2.2243718971817312,1.7460473920674555,2.9516603695356745,4.178111442243003,8.476454875417163,2.3205862841847846,3.239962388338859,2.8154527519418857
2019-11-26,340.0,1.7076582615606293,3.919094553955565,2.805489494049667,9.704830304523057,27.22679946087427,1.6227877243561035,1.8202565008099707,8.427468161250168,7.748544026683349,3.2533572403019697,3.1019928646978667,2.480903765672537,1.5101584585091512,1.6252146877571962,8.758238680631022,3.201585909512383,3.1347597451401246,2.1446677272647205,1.7361865847306452,2.9420838177308424,4.147286598129257,8.475482918320358,2.32676649243649,3.2358373606290884,2.838940572615926
2019-11-27,646.0,1.8006975166602814,4.535539843085719,3.0172746802648382,10.05136519847404,30.32772971545088,1.7076582615606293,1.5257910723193373,9.704830304523057,8.485661892719556,3.265883424574905,2.6604996268003847,1.7146796174014414,1.530554315916208,1.6091292250072904,9.037708148893838,3.2237971341661633,2.919540645640035,2.1068636546768147,1.727697860362205,2.933826999363694,4.134982756140348,8.493347308244553,2.327901163430364,3.2372069506249095,2.9158276445750606
2019-11-28,186.0,1.784762813447358,4.383353659541062,2.96885535840016,9.34299742956144,27.7380079822724,1.8006975166602814,1.6923785735714674,10.05136519847404,8.057629313615035,3.4939119228638837,4.008993081232635,1.725195692091542,1.7103811675256704,1.6484015741988538,9.261380049715907,3.3377175292469197,3.257161857576959,2.1139779268647887,1.7309315938417555,2.9359643789817422,4.126798177012557,8.509436061952975,2.326620214039908,3.2365947855839456,3.213549411401243
2019-11-29,155.0,1.6988870218740408,3.860656130705992,2.78477594410578,9.55793173405027,26.616698368388434,1.784762813447358,1.8076012920721425,9.34299742956144,8.530917582436517,3.3722727633453564,3.913289658782226,2.313564423178859,1.764372863889422,1.6615993227525525,9.44500406627968,3.3773560369280484,3.5275941222717457,2.226960846823476,1.7341490775735298,2.9378175875922197,4.100788301815294,8.5276914453703,2.3257067416729043,3.23221797617236,3.347235695863689
2019-11-30,156.0,1.6658203795619737,4.373248729110951,2.925894263789393,9.138494982194338,26.738270048070564,1.6988870218740408,1.6464706893394585,9.55793173405027,9.898145462879716,3.346859114437242,3.255114215408517,2.659285168659077,1.7614491173272258,1.6460687127242524,9.591720373653073,3.404347933548827,3.725798985141123,2.100796438086746,1.7330688848001212,2.9362731933482915,4.061553369974849,8.530706755922287,2.320180582710187,3.232683974847266,3.3203108310920206
2019-12-01,412.0,1.6199252991933613,4.326793289741897,2.898213367655956,9.733062783648904,28.208492667805945,1.6658203795619737,1.2612169618318942,9.138494982194338,10.159304324832815,3.590551727446857,3.844039208790498,2.157881829579317,1.71649007162779,1.6488329541846116,9.483198876412303,3.4365612017431517,3.670814360993744,2.1024440276114262,1.7336447743831052,2.9378321354032764,4.0438280843874885,8.544298319925494,2.3191887865149057,3.2295597278194426,3.3971511573048554
2019-12-02,303.0,1.5504719750062563,3.603346944588718,2.64763773034704,10.158582615256062,26.89624661899946,1.6199252991933613,1.6227877243561035,9.733062783648904,8.427468161250168,3.5750212636134697,4.548975815439975,2.3542526487473867,1.6615442335431243,1.700077002379107,9.422307227671743,3.504144035165856,3.882709746546327,2.3756221942782907,1.7269406851867275,2.9337229789250827,4.078211346452657,8.551707358644176,2.316146281807865,3.235205344275945,3.618986353021729
2019-12-03,360.0,1.792532171799451,4.1217057342777865,2.898761753979258,8.015617190218594,23.235364545544343,1.5504719750062563,1.7076582615606293,10.158582615256062,9.704830304523057,3.0841745761386408,3.255114215408517,2.0769851466136537,1.6120725512538627,1.6897461810434145,9.66960929252973,3.416582522399656,3.882709746546327,2.3454162129820264,1.7222612103645258,2.9269743790234686,4.090601498880013,8.573453523228766,2.31026687014914,3.2285710988768423,3.640860831694679
2019-12-04,322.0,1.7796429932320246,4.336815525973232,2.953826608194483,7.208993062484275,21.294115526255485,1.792532171799451,1.8006975166602814,8.015617190218594,10.05136519847404,3.481820103233056,3.4168039501699496,2.623840789570047,1.6543098153330218,1.701871025363246,9.428293133343377,3.380338647661722,3.740297993672811,2.450027031311459,1.721520883966122,2.9240130667567596,4.111746843346816,8.565188922160432,2.3074225853076524,3.2337163268122073,3.74890430646176
2019-12-05,311.0,1.837608745140712,4.268932012623004,2.958554317310426,6.727730006294103,19.904354655820317,1.7796429932320246,1.784762813447358,7.208993062484275,9.34299742956144,3.5896161232364068,3.499314328683395,2.033358099258275,1.707549046679243,1.6988632363020666,9.022239971059125,3.3852036008693673,3.3904108314206174,2.5146917196849614,1.7227693428174788,2.922761820928766,4.095996958373875,8.552724811300054,2.3105191762417303,3.230796901881491,3.676093056097583
2019-12-06,366.0,1.8169026512483413,4.510821133392647,3.016441020041297,7.02091095852789,21.17816381336099,1.837608745140712,1.6988870218740408,6.727730006294103,9.55793173405027,3.2018482187988724,2.807401875972298,1.6649995978443626,1.8032613033907283,1.7064126551154026,8.648630339163793,3.4244281484227783,3.241173384941878,2.5261104344977077,1.7286314351517063,2.925160540097329,4.077179878948616,8.5484023941853,2.308541244296926,3.211472022724187,3.518109087124736
2019-12-07,188.0,1.6174572002873326,4.227141567187383,2.8667349557416757,9.217774864009666,26.424917416813482,1.8169026512483413,1.6658203795619737,7.02091095852789,9.138494982194338,3.0710281746497587,3.653542969418917,2.1013559792400027,1.8113847965403582,1.7232720307403027,8.286198799803453,3.2874975055616793,3.3200863913582004,2.545512479077637,1.7333653032339635,2.927916812951398,4.105687592510214,8.543707949833102,2.299260279144031,3.205059680832274,3.5750274805547932
2019-12-08,228.0,1.5882807560201435,3.957686117376909,2.77346255450701,9.876067331044386,27.39090292844159,1.6174572002873326,1.6199252991933613,9.217774864009666,9.733062783648904,3.2808707349041657,3.8540179158974266,1.893253321463975,1.757322865558794,1.71636300512964,8.297524497205641,3.1845823761175986,3.4383209204295446,2.54948404867314,1.7330008118292295,2.926563621554442,4.099809800719683,8.553953827914247,2.2999249321480293,3.2046193844115307,3.576453010141497
2019-12-09,290.0,1.8171184707647128,4.503837030589909,3.0144643537107805,8.176637122062044,24.648181137684332,1.5882807560201435,1.5504719750062563,9.876067331044386,10.158582615256062,3.220090814084377,3.306156925300655,2.4040525540632043,1.674213535851938,1.7118423561048945,8.31795371826214,3.1906632412127673,3.6045726035389962,2.308913556809077,1.7303644998680432,2.9205652326041043,4.082268709851687,8.573349958159776,2.3058281188258563,3.2067318524650283,3.3989074544073086
2019-12-10,213.0,1.828941582040977,4.632765043773201,3.0542853799373813,6.632390656370017,20.257213815784233,1.8171184707647128,1.792532171799451,8.176637122062044,8.015617190218594,3.4285142147606007,3.5874811402160613,2.8678655863244646,1.6742854756907286,1.7499347126418168,8.034818647805851,3.309825254583048,3.5825519938047115,2.4018354977790115,1.7286615787223905,2.916723539780355,4.076756636926082,8.577750391098455,2.3052489808453216,3.2152883885427976,3.446388443665529
2019-12-11,309.0,1.7204075507176426,4.492964552061683,2.978175413765019,7.233390963499805,21.54230712564518,1.828941582040977,1.7796429932320246,6.632390656370017,7.208993062484275,3.506864897487219,4.351170707258558,1.7406899284129385,1.7447802696086099,1.755136056962035,7.837214857256053,3.3851566421107324,3.7482695909250885,2.4128175550084126,1.7249936903854097,2.9130670822882547,4.083592116076557,8.563282835825776,2.304654355242388,3.215863380073722,3.5798694089639014
2019-12-12,249.0,1.935178106737156,5.202539508926242,3.242807884252759,5.581808843887642,18.100733727350622,1.7204075507176426,1.837608745140712,7.233390963499805,6.727730006294103,3.340794179918661,4.510563339424955,2.044891225931037,1.7888225345077764,1.7466738508885515,7.840700271686844,3.425391097388827,4.149738395633189,2.324867810764301,1.7253944102263792,2.9112598169845265,4.093702887190542,8.545610296164227,2.304920220962208,3.2197995886280992,3.7243335533555526
2019-12-13,252.0,2.0660621628931675,4.650002700951525,3.165076320785808,8.364628952051987,26.474689028299153,1.935178106737156,1.8169026512483413,5.581808843887642,7.02091095852789,3.4092873440862,5.247959558079557,3.5772467645124144,1.8281757464985908,1.760612331116615,7.676997248485921,3.4189821404973606,4.703231201587687,2.2818130430778965,1.7322329279836701,2.9151012909542913,4.145196230620942,8.51808350791911,2.3034837031180926,3.2278059912213566,4.072984650799447
2019-12-14,265.0,1.5106976066708313,3.834640759683216,2.709209791672015,8.78939145659149,23.81230539703602,2.0660621628931675,1.6174572002873326,8.364628952051987,9.217774864009666,3.185416269040517,4.073969400003493,1.8899141101661516,1.9072159401159876,1.7962065470658761,7.868956961846507,3.311832597681793,4.610830765835998,2.3357965443824145,1.734861809459004,2.9155008785489005,4.175986188321315,8.517722925414024,2.3005051915241994,3.2298757963649183,4.133045569454387
2019-12-15,237.0,1.4946580947521324,4.09396677647644,2.789862560936063,7.641935081566617,21.319948577166585,1.5106976066708313,1.5882807560201435,8.78939145659149,9.876067331044386,3.027121892315483,3.4848070295942306,2.625529049770003,1.8373126254337173,1.7809551765492329,7.807759332215339,3.207275168480733,4.268911995892425,2.292340725279422,1.735365670587184,2.9155182807192537,4.161038121583713,8.522477997245435,2.2983867534569877,3.2337577505363346,4.0803011571253585
2019-12-16,277.0,1.9326080883549903,4.266181620755561,3.002380042169327,6.508009212213809,19.539516973004865,1.4946580947521324,1.8171184707647128,7.641935081566617,8.176637122062044,3.071917606519289,3.331108365919426,2.8567053726777205,1.6904726214387094,1.7675805106538027,7.488597582289943,3.0948185892917635,3.6299615985057136,2.406395541121578,1.7309614952692738,2.911898032560478,4.1642443141780365,8.525153743938073,2.296121782619285,3.2454636700293347,4.083865648642326
2019-12-17,246.0,1.720951008668968,4.32214593138523,2.9284140910384187,10.316536756197278,30.21109160756389,1.9326080883549903,1.828941582040977,6.508009212213809,6.632390656370017,2.970246589100357,2.86970353941686,2.9477965900136915,1.6459879299259839,1.7840790274524139,7.2502221665973385,3.023095362645043,3.228539644976836,2.4458061385554792,1.7338432553250989,2.9115024510215126,4.17359738403479,8.519409955931126,2.295429372720733,3.235751384949359,3.9813259913852974
2019-12-18,283.0,1.471612413525555,3.703198481338684,2.6535476011159926,8.765309960268985,23.25916721810988,1.720951008668968,1.7204075507176426,10.316536756197278,7.233390963499805,3.1740950208175494,3.7467146938476015,1.8765042404724432,1.7160723972586958,1.768651802684984,7.776528752286948,3.0720864054790646,3.315842199727959,2.4453387556972137,1.732355789415307,2.908236118318327,4.186106956089902,8.53984023357119,2.299110995833649,3.2357445838238363,3.894975132326589
2019-12-19,264.0,1.6209496887306742,4.403659005394605,2.922179093447925,6.980775542261824,20.399076345650105,1.471612413525555,1.935178106737156,8.765309960268985,5.581808843887642,3.1149180039241897,3.803468109456889,2.072692213099554,1.7083905035165035,1.7331096402289714,7.995374323253972,3.0864198712806985,3.4732954475737805,2.4370637859246935,1.733380648191356,2.9049053824492033,4.15655856514318,8.548734189336214,2.3028210386264942,3.23148751971303,3.793961528045436
2019-12-20,252.0,1.8289834964507743,4.758657601384496,3.0889103813495207,8.885599523833434,27.446820613683453,1.6209496887306742,2.0660621628931675,6.980775542261824,8.364628952051987,3.038880024551358,3.567840282251354,1.893253321463975,1.6045043703083983,1.6882198662280457,8.195226708735998,3.109297683097699,3.7060076951852783,2.3363499710890268,1.7367150205930206,2.9094993055252445,4.164514547822598,8.545165613104228,2.2950408385348515,3.2460158566682917,3.553944488641408
2019-12-21,296.0,1.8153020309749517,4.647121515955432,3.053412667895355,7.357834062251657,22.466503733951146,1.8289834964507743,1.5106976066708313,8.885599523833434,8.78939145659149,3.0751708363053973,3.828934026462083,2.540367696955694,1.6405151995690002,1.6543514853077037,8.269651076133348,3.0763229549269817,3.733414139390106,2.332611351926768,1.7392798280151953,2.9134860360821473,4.205486389721645,8.560856352337481,2.290416349468084,3.263507280451323,3.518939435278349
2019-12-22,202.0,1.5433332204243284,4.1257172734260745,2.813256259843238,10.07016442538693,28.329953107370464,1.8153020309749517,1.4946580947521324,7.357834062251657,7.641935081566617,3.3965294409554088,3.83897424133906,2.702403450375807,1.7550784053854658,1.6978664030654351,8.065142876941945,3.170193433937388,3.745249516684163,2.5374290419342285,1.7363099128391113,2.9117226311668603,4.22530379169732,8.565398298800105,2.301252469044454,3.2723143521386664,3.5695347512418962
2019-12-23,216.0,1.9810571315352756,4.719508988509585,3.1387291224899,7.39637911696099,23.21523053538159,1.5433332204243284,1.9326080883549903,10.07016442538693,6.508009212213809,3.06842035034438,3.922992555719647,2.241057162968941,1.7292062492833502,1.7048199924471774,8.412032783201989,3.1800402092017293,3.8636336078402604,2.426031781483841,1.7271992882424785,2.906445771308657,4.221983145190888,8.57346028540797,2.302972240896104,3.2662294453330247,3.6540896354990706
2019-12-24,167.0,1.813172592451812,4.79845821217191,3.0946323110570666,8.071892561593089,24.979539532487166,1.9810571315352756,1.720951008668968,7.39637911696099,10.316536756197278,2.911778362188189,3.4227028696074897,2.6464132162088614,1.7798974609781844,1.7117412843300754,8.538942769594442,3.125576051162659,3.728223222222063,2.4303681075046875,1.726822409483377,2.9073155862173246,4.2548544253536695,8.56461859416815,2.3115989412465177,3.2566470657188455,3.7330895398120174
2019-12-25,247.0,1.6099008017289438,3.953853508396628,2.7795272448503536,10.03636899963622,27.896361073860362,1.813172592451812,1.471612413525555,8.071892561593089,8.765309960268985,2.7003252356725853,3.212842054759052,2.2543887496040664,1.7791876481371378,1.724915796299053,8.218279313222414,2.8935079827350516,3.51951249336206,2.327160393366195,1.7244300297192694,2.906383536074861,4.318389787654257,8.564367250124162,2.319796846733305,3.241586215653878,3.656822019942225
2019-12-26,266.0,1.7418305733551365,4.177074582396463,2.8938870168902238,8.99218174366468,26.02235800150851,1.6099008017289438,1.6209496887306742,10.03636899963622,6.980775542261824,2.807078344848917,3.8739736237552735,1.7685014793786062,1.8013768419053429,1.7446712803281084,8.399859175989164,2.8063939809032306,3.5031728493739354,2.3237218629121688,1.718479632747459,2.899765976482697,4.317811791758043,8.563213081949586,2.324361230890928,3.2267102524721096,3.6668942362705654
2019-12-27,266.0,1.621426939184477,3.8974157066245465,2.766045955473709,8.900359181435324,24.61880251607247,1.7418305733551365,1.8289834964507743,8.99218174366468,8.885599523833434,2.932030714528852,3.331108365919426,2.6916370323590715,1.7216346558452962,1.761939978131603,8.687202919046715,2.813144765016785,3.472641348144581,2.3393466386346446,1.714894186181354,2.8976565249765946,4.326411126039406,8.56651724504234,2.318050305742597,3.215581828803908,3.63307539108029
2019-12-28,222.0,1.527299209439137,3.835048685308235,2.7146162620561447,8.650058964539138,23.48159073288248,1.621426939184477,1.8153020309749517,8.900359181435324,7.357834062251657,3.3845690508674005,4.359438508397297,2.816241878993002,1.657719438089518,1.7322890413792749,8.68931144156127,3.0412260367483896,3.8548401660239957,2.553633233163634,1.7086225601975857,2.891065531975846,4.3051403214907005,8.580679157118057,2.31450031413493,3.211937066404025,3.7088617456424635
2019-12-29,170.0,1.378620659888249,3.188315153570351,2.445714014175667,8.312304879402884,20.32952053365641,1.527299209439137,1.5433332204243284,8.650058964539138,10.07016442538693,3.117042532954612,3.6670575182490666,2.6991317703679463,1.6301855739929156,1.691145781159873,8.87391499903091,3.1445474327836216,3.78586813085526,2.536583038398548,1.7024277951469984,2.8826286862575965,4.286863489016273,8.575392734502929,2.307498247413692,3.203429392057667,3.684302213772465
2019-12-30,181.0,1.7331052390018002,3.707214274385944,2.755494272170824,8.662021993980371,23.868151989830615,1.378620659888249,1.9810571315352756,8.312304879402884,7.39637911696099,2.8196795892456032,3.0462191609279525,2.183132374561301,1.5091156028372865,1.6676154153690044,8.622792206747475,3.1070970576892054,3.690905062524769,2.605265713970011,1.6934673827212914,2.8701657667351705,4.264452123111751,8.57437443111293,2.3010811677370553,3.185856741217946,3.559048871659365
2019-12-31,115.0,1.7719635606645658,3.957992401032583,2.8441361295089744,8.837434052611421,25.134865481185056,1.7331052390018002,1.813172592451812,8.662021993980371,8.071892561593089,2.7593538117390684,2.807401875972298,1.941416512359193,1.5463417027763944,1.6321937164356508,8.803598332035959,2.898691977979761,3.1735595183831027,2.4621306804065597,1.6931365247366998,2.8643113262363853,4.242250974620918,8.576539099274926,2.2916017069280854,3.1581501440276862,3.471148729711481
2020-01-01,245.0,1.3803232364401596,3.860334099231904,2.681835600819294,10.16796009826597,27.268797379239725,1.7719635606645658,1.6099008017289438,8.837434052611421,10.03636899963622,2.8952206993844847,2.677469251379378,2.2282184154682563,1.627896486518204,1.6263067118946155,8.912961402181434,2.824751366789719,2.843696762759873,2.5486373583615434,1.6988737456892113,2.8700421055159064,4.229957611663941,8.571033934103633,2.2839574406769243,3.135490125220053,3.394666900657241
2020-01-02,185.0,1.6072364339884468,4.028522869229396,2.80184450011972,8.809348195029106,24.68242378988188,1.3803232364401596,1.7418305733551365,10.16796009826597,8.99218174366468,3.164596364452393,3.990212318205515,3.2022253094308306,1.6284640120355076,1.5935099168533609,8.931760130557112,2.939723625191982,3.158361148519061,2.70996300451981,1.699171721238288,2.8738155026731627,4.238523850152047,8.584488479038187,2.287786340466216,3.1381708514971782,3.4112724284358475
2020-01-03,230.0,1.7760355454227454,4.06380290313004,2.875550003180142,6.915974935162383,19.887231746799973,1.6072364339884468,1.621426939184477,8.809348195029106,8.900359181435324,3.202271117739627,3.961658741983928,1.911856209206356,1.586507743697723,1.5742821826581193,8.905641052180602,3.0873627271921684,3.543113437189604,2.761788486688258,1.703202799521272,2.8780628328443347,4.235417754650434,8.602163756212468,2.291628955556044,3.1288525519807306,3.5013510535879186
2020-01-04,175.0,1.7682402269575423,3.854609089463353,2.8135495344900456,8.04747444257016,22.64196797171381,1.7760355454227454,1.527299209439137,6.915974935162383,8.650058964539138,2.875970385847632,3.3218208416148287,2.846596161138928,1.5878650719504497,1.5963691264064435,8.622157588427324,3.0809459560132173,3.757897300601421,2.5728101942976545,1.7025874806477956,2.8743615723857987,4.2263173338889946,8.59755752850535,2.2909741087432876,3.1050643607344384,3.3531199583332807
2020-01-05,180.0,1.4027021511522562,3.4571075336550443,2.547905525019283,8.275076177332068,21.084112312179823,1.7682402269575423,1.378620659888249,8.04747444257016,8.312304879402884,3.1165431271377706,3.4046714147098056,1.976677771398496,1.7171707354562438,1.6307892717662156,8.536074085288899,3.0649282102416766,3.562716999436185,2.4655744108211812,1.701536087516177,2.869417900826133,4.212506569783673,8.604561073885094,2.2959821039620603,3.1022208576790686,3.3156362292562434
2020-01-06,155.0,1.6967666765532592,4.281262440723287,2.908277871051886,9.498288240509952,27.62366150274745,1.4027021511522562,1.7331052390018002,8.275076177332068,8.662021993980371,2.819191531025962,3.0034045666224016,2.159062661383121,1.6489926411775135,1.6342294848039312,8.530755699278783,2.937235014670455,3.243298940982342,2.362688930606854,1.6992816615549282,2.8675494864226483,4.177382783125752,8.610601208897368,2.2961164073846456,3.0938263028916086,3.3095198586411647
2020-01-07,195.0,1.9205928492812416,4.617646803209179,3.0862414955367043,11.022635005249285,34.01851354335578,1.6967666765532592,1.7719635606645658,9.498288240509952,8.837434052611421,3.068618696777852,3.261595843010229,2.050789942416525,1.6225696848876847,1.6290382615969963,8.650222305925865,3.0014511183138617,3.2232239414474755,2.460466879811452,1.698193187229038,2.866584614147229,4.179186812243616,8.628796974030518,2.2945462840793307,3.0867512349540647,3.3744047110751554
2020-01-08,145.0,1.7996631362343192,4.482034202026858,3.002034847771451,9.34936644029553,28.0671238583521,1.9205928492812416,1.3803232364401596,11.022635005249285,10.16796009826597,3.16320948419988,3.8838318762322266,3.7282245771711815,1.673353892328918,1.6502710171136645,8.962393870588418,3.0170065706678977,3.3829440952882828,2.5166874746372243,1.7003958276426951,2.868048534632679,4.201185501771358,8.650183302416234,2.292586789233891,3.084855190624581,3.546742228911276
2020-01-09,215.0,1.9197605891374776,4.3039633901606535,3.005444990646775,11.084205730237702,33.31297058724118,1.7996631362343192,1.6072364339884468,9.34936644029553,8.809348195029106,3.090735906302092,3.78564305778705,3.082873946075231,1.8056742206896057,1.7101767170842588,8.845451919449783,3.107521362426608,3.643690259009832,2.434380323286864,1.7012646748439089,2.8674542413796145,4.200458740819257,8.652493112725692,2.2880147918354883,3.0735959136759643,3.517518048851496
2020-01-10,125.0,1.6478858105816374,4.760410507159902,3.0375067713816093,10.683846913133726,32.452257343048196,1.9197605891374776,1.7760355454227454,11.084205730237702,6.915974935162383,3.070368729576914,3.55089423717544,2.392634938206595,1.8800055248843452,1.7548230249626917,9.170431567336724,3.1081047066929623,3.7401230570649027,2.4176444943955153,1.7069361612881546,2.8689014742005883,4.1894986856988385,8.666255002033832,2.2830074354749863,3.0590460414122873,3.4588374053074262
2020-01-11,135.0,1.62979801606164,4.3530750125462,2.909028796082491,11.496574763365844,33.44386704294649,1.6478858105816374,1.7682402269575423,10.683846913133726,8.04747444257016,3.2786358875618578,4.416111365643251,1.84465092619477,1.7891031786511435,1.7365159199853906,9.708698992761203,3.146580174480288,3.917549553535244,2.4277744770807153,1.7055741422882613,2.871310279645045,4.198413550868779,8.683278658786236,2.2804451830565178,3.0569740983337272,3.615164623025772
2020-01-12,140.0,1.3112117675663504,3.2659046559689027,2.451256199846742,10.226159215121848,25.066936176687324,1.62979801606164,1.4027021511522562,11.496574763365844,8.275076177332068,3.3176297856292214,3.893650872850957,2.582224517083381,1.7324814719269173,1.716738461285976,10.20142761001773,3.222211467589331,3.9535521585565463,2.533056722812375,1.7018933150512707,2.8730691300027877,4.17009806765611,8.698840072687565,2.272886209622006,3.0539188463851614,3.6850188313316505
2020-01-13,150.0,1.6786428740874195,3.875731416824893,2.7810518854125927,6.438215741812323,17.905012027460195,1.3112117675663504,1.6967666765532592,10.226159215121848,9.498288240509952,2.937260445619461,3.2357137051625995,3.2883421844909844,1.5296318647365414,1.7036684064879892,10.480153758273413,3.1778420396035134,3.848491981218933,2.6161523430907607,1.6966293874622556,2.868665221935288,4.123961466156691,8.718132341647221,2.271726521008114,3.0456469856044595,3.7182058511231078
2020-01-14,140.0,1.7199722874562648,3.974916232377438,2.8268227477533707,7.890482659369099,22.304995872258083,1.6786428740874195,1.9205928492812416,6.438215741812323,11.022635005249285,2.661931757108594,3.1260127233164097,2.4135683175956624,1.539884219238469,1.7010792918500124,10.04300054417375,2.9722739961190925,3.4184591004433194,2.6163674756145068,1.6920898614487945,2.8647471514098157,4.125331154728079,8.705902636721637,2.2638849326455737,3.033473981097563,3.6988368340239903
2020-01-15,145.0,1.785602247925325,4.2069951069759295,2.919689361171954,9.506194494621564,27.75513493117798,1.7199722874562648,1.7996631362343192,7.890482659369099,9.34936644029553,3.073134932636405,2.86970353941686,2.4053765304369565,1.5699423097033438,1.6724192115893015,9.59555020904801,2.8907757117881534,3.077143322631953,2.506039924987214,1.6898368930818952,2.8636228369050625,4.121362803258113,8.705510424842402,2.265221120723222,3.0335145586348005,3.5539613573360813
2020-01-16,145.0,1.8790826478926608,4.32755621755304,2.9922526247110834,9.408140107035026,28.15153192892517,1.785602247925325,1.9197605891374776,9.506194494621564,11.084205730237702,3.150173371146028,3.4583523352442898,2.3322234617399222,1.728072469823002,1.670410513259445,9.617954216808872,2.9617466869636755,3.1513561993258503,2.4562177265023193,1.690529456003726,2.8649534245014134,4.119389919465458,8.711664044474288,2.263971650744482,3.0395121180363227,3.507205539829972
2020-01-17,175.0,1.6147680643049918,3.70223692566898,2.7032695613168274,9.082314505034754,24.551944347766756,1.8790826478926608,1.6478858105816374,9.408140107035026,10.683846913133726,3.2541522837495087,3.3497199948998104,1.6724365767063007,1.7948857277580827,1.6645993787958997,9.378516270637062,3.159153529177314,3.22592528985365,2.4824630583574634,1.6968282198126043,2.869102778306382,4.119570262337718,8.70930275151205,2.268932339863471,3.042180693467388,3.4784663623620253
2020-01-18,150.0,1.622447914453758,3.818910705417481,2.742328926401937,6.35353729119747,17.42348909862423,1.6147680643049918,1.62979801606164,9.082314505034754,11.496574763365844,3.1662752510084053,3.612402872070124,2.5290965706269546,1.7598176533743246,1.6598682721849503,9.149725926622923,3.1902003019679803,3.4734917340714055,2.3502516207929505,1.6943435898222046,2.8638232762471145,4.1195382104820615,8.715425783446513,2.2743615975877023,3.0438926017035284,3.36365086328015
2020-01-19,155.0,1.580963880149247,3.575597319351554,2.6505555685468867,6.890486512275541,18.26361739510915,1.622447914453758,1.3112117675663504,6.35353729119747,10.226159215121848,3.0385032790933986,3.0462191609279525,2.97576868086379,1.7054328755504693,1.6588182576695385,8.415006287741727,3.1529769379504375,3.3361140092992927,2.2308464120937654,1.691046780049601,2.8608157400321184,4.100046600482824,8.699318720859523,2.2731632703536735,3.0438800435215967,3.242589190148292
2020-01-20,145.0,1.429990227369514,3.346146331474032,2.5187876036966097,7.970011204907552,20.074765424244223,1.580963880149247,1.6786428740874195,6.890486512275541,6.438215741812323,3.202468397423324,2.9669614862979388,2.712192125038461,1.6060599529693314,1.6973542737528096,7.9384816159065394,3.135748975841709,3.208527839765335,2.2312905822535147,1.6919663268467662,2.8614159058766706,4.060611257748393,8.702146098290546,2.2638579520989244,3.048123295558861,3.2041960160247696
2020-01-21,190.0,1.9328336535328992,4.259354883003795,3.0007838726368714,6.768065054154126,20.309500463462893,1.429990227369514,1.7199722874562648,7.970011204907552,7.890482659369099,3.063812190619576,3.0177112998767406,2.2964175153562243,1.5444673406575051,1.661832467078823,8.157309539205857,3.1015946223787663,3.0102973157008743,2.108430209038842,1.6875931877434003,2.8560795644207113,4.01724541826568,8.715567517703109,2.268558270471995,3.037032720547666,3.1887243841048165
2020-01-22,260.0,1.9010538228862257,3.933336357620824,2.902080477370601,7.928436690755031,23.00896133630895,1.9328336535328992,1.785602247925325,6.768065054154126,9.506194494621564,3.0897372363188533,3.762336035946359,2.476286409233356,1.6479292536838857,1.6922412336611994,7.9969641670322895,3.1186726081205847,3.24900294070701,2.0728513765999272,1.689680393767746,2.8571958014941274,4.021700005251604,8.719515209388517,2.2795832363300548,3.0377432834134823,3.316243312180459
2020-01-23,149.0,1.9177223238480647,4.570942795338797,3.073189623538797,5.653532416277536,17.374377158044346,1.9010538228862257,1.8790826478926608,7.928436690755031,9.408140107035026,3.086798786002418,3.3864988405996144,3.0691991818615394,1.7546259012628784,1.7087343157984711,7.771570195051358,3.080116070980283,3.388848725474235,2.033936339477085,1.6939234459935257,2.860141024032132,3.995494250888645,8.71896091766299,2.2801510627941313,3.0435772975406232,3.3059785272312197
2020-01-24,175.0,1.852944841689324,4.659974500340408,3.0705055550817404,6.742113978157752,20.701698422927628,1.9177223238480647,1.6147680643049918,5.653532416277536,9.082314505034754,2.9829646236783987,3.6096171385799822,2.254105918655001,1.9172032667557286,1.7142542695063858,7.235197667800287,3.0531668819998905,3.586150671708649,1.9796952118874582,1.7048652020271287,2.8730882925864014,3.987910403660875,8.699832934852619,2.2808386407858476,3.05299861047415,3.343106690614101
2020-01-25,220.0,1.6491683793996166,3.569979119975565,2.6773175039800563,8.384168779054695,22.447081828486233,1.852944841689324,1.622447914453758,6.742113978157752,6.35353729119747,2.8329708393258928,2.8963822198254308,2.5306024982931765,1.8905736628078704,1.748279523418433,6.9008833068178586,2.9675780830022362,3.2974993996683395,2.04867582131905,1.708701153982682,2.8777746693760813,4.011447770059,8.689772973030577,2.279057809441503,3.0538616936233827,3.240818026007717
2020-01-26,160.0,1.8937827683880712,3.884895431184617,2.885719783004413,9.971876048385246,28.776039986493174,1.6491683793996166,1.580963880149247,8.384168779054695,6.890486512275541,2.7947904022506624,2.8309301361957373,2.20347582647274,1.8066118483123341,1.7520967326964132,7.19097351936889,2.870241955084984,3.112309831533713,2.008085504446735,1.7077263226133321,2.8756384695415873,3.9912112546449707,8.684343180608591,2.267046139503218,3.0492870165474435,3.210062451045972
2020-01-27,240.0,1.8534579277261027,4.637415806468254,3.064538769811334,9.836797816195434,30.14524827852637,1.8937827683880712,1.429990227369514,9.971876048385246,7.970011204907552,3.338331814848496,3.9424009015031407,2.3634367356441985,1.798631996492336,1.7967851453019592,7.63117202452742,2.988697685475017,3.2232377525081,2.0825551577367842,1.7092777434754618,2.873445887920581,3.9907939121303064,8.695603305115428,2.265602203304265,3.047745775346813,3.3494109389324294
2020-01-28,200.0,1.6482068006376414,4.463627044782864,2.9480706083550743,9.942405805633484,29.310914331926927,1.8534579277261027,1.9328336535328992,9.836797816195434,6.768065054154126,3.345293608249711,3.937534032682296,2.48013483834223,1.7988030251712626,1.8572805310671863,7.897855826139975,3.159471941782957,3.5702883567937214,2.249549362098028,1.7104226620467744,2.8750406114441,4.01753948283564,8.711977627858772,2.2625092518325536,3.0553541445233163,3.48081418647608
2020-01-29,170.0,1.6451802894522285,4.476665269853945,2.9511080006677908,10.844237822123626,32.00251699801329,1.6482068006376414,1.9010538228862257,9.942405805633484,7.928436690755031,3.3743615902373736,4.35530788494455,1.5508063462817685,1.7984824989172707,1.8166195520821495,8.351333076351311,3.352662337778527,4.078414273043326,2.3553343380659575,1.7095779916928344,2.877762189181588,4.060049879209391,8.721196972259019,2.266964143431312,3.073843544556375,3.5655244506186787
2020-01-30,150.0,1.7752720853480706,4.531229673542387,3.007207851084602,8.80412392709425,26.47583059547963,1.6451802894522285,1.9177223238480647,10.844237822123626,5.653532416277536,3.339671481426415,4.754289165633094,2.233362720967242,1.7156150059386566,1.780066190163007,8.767876095118252,3.3531088933044995,4.349043694419977,2.5031917951882154,1.7092339901910052,2.8781824181295614,4.08569824572499,8.717921475307529,2.264799024170301,3.093187466879287,3.7609230684806043
2020-01-31,165.0,1.717679875809694,4.264345933199631,2.9104126396923187,9.130829741440522,26.57448229036704,1.7752720853480706,1.852944841689324,8.80412392709425,6.742113978157752,3.185962524987481,3.780455499781301,2.257215109773248,1.6895530584793124,1.7597161560915793,9.217960596663499,3.29999853221709,4.296684183452979,2.644368488365196,1.7118231032935836,2.8799989928533725,4.104806154808651,8.720345124795125,2.2650823251956935,3.1028788610660536,3.7853285486522212
2020-02-01,325.0,1.4641237343515547,4.239730527551874,2.8303648343344023,9.908651726330913,28.045099401873884,1.717679875809694,1.6491683793996166,9.130829741440522,8.384168779054695,3.048210463043062,3.4168039501699496,1.6705798857904663,1.71271075020333,1.7403925895373464,9.559205705703894,3.191281489818986,3.983849538528112,2.7080392092427337,1.7146099016403076,2.8843785746757935,4.118273215940908,8.725392095581535,2.272991089419156,3.0989993310190758,3.8596745101300094
2020-02-02,160.0,1.3650213905438355,3.59170300793476,2.583776628851975,8.79334425616801,22.72003737853666,1.4641237343515547,1.8937827683880712,9.908651726330913,9.971876048385246,3.1747943582973037,4.1682976357278285,1.954423999400337,1.652358565169772,1.7139576402447663,9.776988983886211,3.136322448775949,3.7885190285596906,2.845487751882113,1.7091364276828427,2.883238626015046,4.125313471218324,8.749754643330647,2.270266138598441,3.0980834390376653,4.050727010063166
2020-02-03,170.0,1.898879630653624,4.423703252956541,3.0264935344877446,8.821595233582672,26.698500938305862,1.3650213905438355,1.8534579277261027,8.79334425616801,9.836797816195434,2.840968190147031,3.606961028713771,2.091031475784304,1.5156083335683606,1.6384203005527325,9.608627299283748,3.0213243371624663,3.730687538203847,2.737337239878731,1.7022260676380396,2.877071126359338,4.109576808045149,8.75381885146992,2.2690183685528287,3.0969166991809782,4.002807028236113
2020-02-04,145.0,1.7470217719701548,4.429091870596804,2.9683854674018324,7.60980333169469,22.588829619588562,1.898879630653624,1.6482068006376414,8.821595233582672,9.942405805633484,2.9064284991653744,3.410745600274505,2.1004469452148418,1.5760082518496705,1.6449091152566642,9.463598358910497,2.97406368253657,3.728668088238699,2.7380935989952553,1.7032472490632549,2.8782034466456263,4.128546613494921,8.761936901651652,2.263087657081201,3.089912878248565,3.927551537892143
2020-02-05,160.0,1.8273456174408609,4.748316723072264,3.0854726167586497,6.569185873682929,20.269043127646423,1.7470217719701548,1.6451802894522285,7.60980333169469,10.844237822123626,2.9537438520009727,3.440595700759583,2.03367061230291,1.6703075977225372,1.6590255397327376,9.130369434062098,2.900380180437793,3.4861007765826173,2.7010883764177342,1.7020825677419515,2.8774025207683014,4.16094609139298,8.757681450105915,2.2592201464544983,3.0943979556143986,3.796878368722862
2020-02-06,170.0,1.9249576865399531,4.7628312403754185,3.1255248969684297,5.453435744587271,17.04484919372508,1.8273456174408609,1.7752720853480706,6.569185873682929,8.80412392709425,3.159924944772267,4.571742077998891,1.9492305028610364,1.8244156733548789,1.6850491580168276,8.519647727141997,3.0066990986462048,3.807694459677657,2.566929922967623,1.705580708027844,2.881048148451918,4.176514567471279,8.747815953203201,2.26290760473411,3.097441497214213,3.770800213346547
2020-02-07,150.0,1.8245586818570407,3.9913184387141056,2.8778046401388124,6.180642356439338,17.78668125239961,1.9249576865399531,1.717679875809694,5.453435744587271,9.130829741440522,3.141823189197122,3.7104623124799674,2.778502682803593,1.833108358650322,1.706432815329954,8.040977986783858,3.085163995323454,3.907600030412811,2.4116264762486117,1.7111919902031738,2.8869158541596085,4.181354048710154,8.729665919795154,2.260835285567672,3.0967286207141203,3.7608011865892137
2020-02-15,150.0,1.8145210769187856,4.556331553221551,3.028036942802533,8.517081692004393,25.790038008256406,1.9214565022921024,1.6191041034764029,7.2289980308141715,8.107133765111051,2.8825456502424114,3.76756233235873,2.8448338301348466,1.874302135463066,1.7872161992842521,7.203488997904633,2.6433871258145256,3.451932126902058,2.0600732403179616,1.7116819971017605,2.872510117074572,4.158725358287214,8.614197107679503,2.2640112806471433,3.0113634100121422,3.619340933677509
2020-02-16,145.0,1.5080036836079695,4.035085042553005,2.7742329686120004,8.779125986000208,24.355340745960113,1.8145210769187856,1.8060081501328429,8.517081692004393,7.650694928415089,3.178456328653617,4.444042658556744,2.4358822731331955,1.8441588411747805,1.8151329097760212,7.262052987460824,2.874597629913746,3.850356657507769,2.1038536660775606,1.7132414982392574,2.8741704979373073,4.166351202809497,8.602250365679728,2.269008110651967,3.008840211508946,3.678811903104562
2020-02-17,185.0,1.690401023480001,4.490794867598446,2.9683332341896698,7.953985478887183,23.61007944124286,1.5080036836079695,1.6673593418481454,8.779125986000208,9.122542880527638,3.266666623280011,4.84120231679349,2.1869245014893286,1.7479937542729516,1.7725608431296107,7.423257424258698,3.1092228673920133,4.350935769236319,2.0762697285644833,1.7138480194072978,2.8761819207289077,4.177446140038964,8.585510898118912,2.2716678381044804,3.0121865905846663,3.8259590336905283
2020-02-18,225.0,1.7119501715862775,4.1822064994995625,2.88447801072424,7.032587226689513,20.285343213886065,1.690401023480001,1.7951353931431722,7.953985478887183,6.642034693444457,3.0390854511062138,4.177066267318524,2.0015596704206287,1.6709752613355844,1.7758525119341615,7.256320652595776,3.16140280101328,4.487437080889584,2.20301467588829,1.7150055416531198,2.8769511564079364,4.1998422787783305,8.57637507538534,2.266611663806107,3.0122059963184267,3.867139156331661
2020-02-19,205.0,1.8525101780648408,4.358465972524785,2.9890001833384585,8.811799171890014,26.338469340320927,1.7119501715862775,1.904950959783643,7.032587226689513,5.290005069463283,3.061515282655773,4.211947128148558,2.2515588420292234,1.6367849595580817,1.7639689088546049,7.3121138716307845,3.1224224523473327,4.410071904086855,2.197760265828202,1.7130549862387114,2.873543950230848,4.220062584783263,8.571761772064278,2.2723474015670777,3.0075075591595084,4.004293535931928
2020-02-20,245.0,1.7798792327382178,4.6741454067716095,3.049165885353392,9.854211375519606,30.047125153295703,1.8525101780648408,1.7964989443134565,8.811799171890014,6.3830136175567365,3.123848457738492,4.2421476559415785,2.4006066632020686,1.751620457710372,1.756477368609062,7.815227314834603,3.0748163971668263,4.210387017136218,2.2826597139812703,1.713675122023543,2.872470408821567,4.253806572818289,8.573850054955768,2.2812576587700923,3.0095087680634722,4.146204762960781
2020-02-21,155.0,1.80222185404878,4.630079284146576,3.044199858983313,8.198885464879712,24.959045976007154,1.7798792327382178,1.9214565022921024,9.854211375519606,7.2289980308141715,3.4194018203408496,5.338328529939973,2.233933583822264,1.781446527463111,1.7541031240983134,8.311112708829297,3.201588520245038,4.5974744380100345,2.5130287795349395,1.7176175555621078,2.8764022359134027,4.267632923610549,8.577902504519448,2.285525558885588,3.020497587530872,4.431756698436799
2020-02-22,170.0,1.7196455496242924,4.3099355835599376,2.9244334809326364,7.428374221448301,21.72378628210032,1.80222185404878,1.8145210769187856,8.198885464879712,8.517081692004393,3.219235033269644,4.412069318262482,1.6705798857904663,1.8115370882839452,1.737069602920696,8.449668056552946,3.2541617704496617,4.664181834714675,2.462397400928532,1.7146369676039996,2.8748267481882928,4.290857687828074,8.576011434368011,2.2921956025401724,3.0249121291064465,4.523829124994479
2020-02-23,195.0,1.648655796853533,4.013695919395518,2.811516256781164,7.48870979222901,21.054629323168154,1.7196455496242924,1.5080036836079695,7.428374221448301,8.779125986000208,2.832053299492021,3.966364009512576,2.0018768104571243,1.7672488788037626,1.7235159561643398,8.294138417902078,3.1568967177008385,4.572253952571675,2.29912595466025,1.7130781835568742,2.8719901010195525,4.282157447435447,8.590914649582139,2.296608102252431,3.0198817516335676,4.455589317988169
2020-02-24,110.0,1.698829851519693,4.486860134469632,2.969759280822965,7.2968275726472305,21.66982140443402,1.648655796853533,1.690401023480001,7.48870979222901,7.953985478887183,2.8504325579528142,3.7932807525872585,2.107406610212406,1.7235077335088673,1.7436091151994204,8.109793247363333,2.9672402969048264,4.057238026787437,2.2888110190561735,1.713724100142284,2.872523251218399,4.260614828070616,8.613772145592417,2.3065330586512998,3.0204638089211313,4.305886237387279
2020-02-25,180.0,1.7543647517823802,4.411907710203742,2.966030384951432,7.54825701530924,22.388359660830012,1.698829851519693,1.7119501715862775,7.2968275726472305,7.032587226689513,3.137327407151009,3.903548568122953,1.6526686084427813,1.6890437326658383,1.7448132334908049,8.015913546471912,2.9399377548652814,3.88773111007426,2.2666964918917856,1.7130074214450268,2.873787788950611,4.291177528553751,8.61460864909075,2.309809939734971,3.031881709084476,4.26681228035934
2020-02-26,250.0,1.8399814085681,4.279310268236921,2.962277789609355,7.571449553979293,22.428736848900517,1.7543647517823802,1.8525101780648408,7.54825701530924,8.811799171890014,2.853294082286776,4.041691224165509,2.353440520298622,1.7006168000518675,1.7508724592331053,8.089580659131872,2.9470180157968664,3.912840181625238,2.3345110532562687,1.7152230516549918,2.8771208627752407,4.308744604521055,8.611721357318576,2.3086655754071583,3.015713784665752,4.242490008361761
2020-02-27,130.0,1.9302478358790616,4.435250147103411,3.043955033717251,8.227406762126872,25.043856228015443,1.8399814085681,1.7798792327382178,7.571449553979293,9.854211375519606,2.853976008767957,3.736286255422216,2.7070696435192607,1.7643920039567231,1.749082635019285,7.912387856573198,2.9481991660685805,3.893842015903557,2.229097117963402,1.7204344216404743,2.881248554901127,4.296807753246678,8.61611728577588,2.3047112234763625,2.999336531349693,4.170224094001853
2020-02-28,190.0,1.9720145785555172,4.685872572691435,3.126335072673791,5.221466053265344,16.324052453099043,1.9302478358790616,1.80222185404878,8.227406762126872,8.198885464879712,2.669421483098817,3.3805070699684383,2.0408460212307227,1.8415313320765128,1.7705638640394057,7.679987197517094,2.79223052471785,3.7194948498520524,1.9441327953600716,1.729628207906988,2.8912192385601534,4.295861856657363,8.617499947452187,2.2996271435139577,2.975838527778408,3.8905353140059193
2020-02-29,120.0,1.81875497900704,4.22225790378298,2.9376731177867,5.887726850975444,17.2962168949815,1.9720145785555172,1.7196455496242924,5.221466053265344,7.428374221448301,2.9631598767193736,3.595772909739279,2.55779451705711,1.9140812743342253,1.7948199675403682,7.25464156728647,2.8288524561953827,3.570855411709976,1.9598753218625162,1.7336100302328832,2.8973999185685364,4.302835433418612,8.59131156215733,2.298346135351841,2.9632881409548397,3.7739215413597473
2020-03-01,230.0,1.6349846084982342,3.97430890490962,2.794488241257736,7.027232508944894,19.637518614830604,1.81875497900704,1.648655796853533,5.887726850975444,7.48870979222901,2.9489581558440063,3.255114215408517,1.965095940036509,1.9070057978138717,1.8089784574521894,7.034549085790347,2.860513171887399,3.410464731705409,1.9988690470898154,1.7343898872052579,2.8989588683731653,4.292536374426632,8.570341833003216,2.28851092401017,2.9553879953167246,3.67231442791631
2020-03-02,135.0,2.195668583429256,5.189793652936345,3.3558416441750567,5.33734613687056,17.911288435487087,1.6349846084982342,1.698829851519693,7.027232508944894,7.2968275726472305,2.175360774746096,2.959740777347883,2.7017027472838864,1.8085847220202627,1.8070254305442894,6.968623759606902,2.695826269103159,3.2702093008318904,2.0009324407257365,1.7386342434062256,2.9008364123804724,4.2828684734836315,8.558690371804966,2.2877171689191202,2.9262930057068255,3.5532372885963994
2020-03-03,150.0,2.109645497754716,4.654669371170505,3.1911009389247043,6.268574816568563,20.003654982871698,2.195668583429256,1.7543647517823802,5.33734613687056,7.54825701530924,2.735407089549009,3.401628353732764,3.265252067318469,1.8831360569781757,1.8780023922456555,6.688697840210236,2.619908673379704,3.2054944488297186,1.9996808206347172,1.7484414458969058,2.910069698114728,4.314537244329781,8.528350825732568,2.291672737456031,2.9116467634152157,3.4815344008263724
2020-03-04,225.0,2.027610790614952,4.2826928315475605,3.0587786070567966,6.113418972825252,18.699595170053016,2.109645497754716,1.8399814085681,6.268574816568563,7.571449553979293,2.836587651863828,3.3743530343137427,1.9990208700537664,1.980099563227401,1.9287567845274178,6.505886097532995,2.5824518387196442,3.2452407217981274,1.9649685513504644,1.7540016117691055,2.9153288803771376,4.3499694564376385,8.516104704328056,2.293252502314026,2.9115007454724426,3.3862003737046917
2020-03-05,225.0,2.118229532061357,4.144122322327299,3.0888395596721003,5.723992448159861,17.68049431314053,2.027610790614952,1.9302478358790616,6.113418972825252,8.227406762126872,3.024374310625096,3.4525430227472893,1.5641695196412873,2.1109749572663072,1.9555609819626825,6.297596014510989,2.865456350679311,3.409508136931263,1.9630257006002156,1.758324454496729,2.919416031586583,4.34526910905734,8.489748283334066,2.2854123300113396,2.9154322725211,3.3456656261797018
2020-03-06,195.0,2.0257059144382987,3.856949524014783,2.962207420177246,6.786923108804642,20.104273993073534,2.118229532061357,1.9720145785555172,5.723992448159861,5.221466053265344,3.1087641172734446,3.8540179158974266,1.968641472002187,2.085161940143674,1.9824155099887248,5.939965398229988,2.989908693254123,3.5603046576528166,2.026843003277554,1.7702499108452139,2.9284315988307967,4.335770124115023,8.464299314646302,2.2750935533518915,2.9205996146968487,3.4133100327409855
2020-03-07,200.0,2.122117578482965,4.131403959165068,3.089151110135351,7.100439470093843,21.934330471489258,2.0257059144382987,1.81875497900704,6.786923108804642,5.887726850975444,3.2481442310341504,3.7932807525872585,2.4029928269063947,2.0571820790382014,1.990085700829122,6.163602120449888,3.12709421964423,3.6999472304106558,1.980537598655815,1.7757322314766313,2.9293304246495526,4.3060578841464405,8.453890725338,2.2762833884341034,2.9235402575722444,3.441525438862126
2020-03-08,185.0,1.648142621204142,3.7475111724983456,2.730427475987979,7.612067534661989,20.784198345717172,2.122117578482965,1.6349846084982342,7.100439470093843,7.027232508944894,3.433118488920017,4.689973164607813,2.439797869587893,2.0886843416608727,2.033423215039968,6.3368467803239446,3.26334227907587,4.1124239443641635,1.9537043036455888,1.7790909769633267,2.929378918226197,4.285010308106095,8.444073376448749,2.278626101834402,2.9332501008963416,3.6465052887477394
2020-03-09,285.0,1.8169026512483413,4.106287992814221,2.905109747948132,7.67179773843433,22.287414394212004,1.648142621204142,2.195668583429256,7.612067534661989,5.33734613687056,3.1376014884693606,3.878848291845801,1.9638052002338164,1.9319887047084674,2.0353029311408126,6.420394641140673,3.2729547361411755,4.120700736346955,1.8996203199477706,1.7765656350461572,2.9248521286964726,4.276883399232236,8.438754882002595,2.276434249864346,2.940483240068239,3.7778063622474423
2020-03-10,220.0,1.8970820727101825,4.218302108144603,2.9724973480831016,7.5982190039599695,22.585685839425636,1.8169026512483413,2.109645497754716,7.67179773843433,6.268574816568563,3.0625480022336853,3.77785757062797,1.2705018090951563,1.8623876169784817,1.9811935122578246,6.753887727078355,3.211089326541021,4.115559675693858,1.791910391115384,1.774851336081338,2.923179874651495,4.282509031871009,8.436544325702837,2.2757681880563543,2.940641271594178,3.8315533932324715
2020-03-11,270.0,1.6885900891409649,3.78806267990616,2.75915508173577,6.994734154920875,19.29955628894069,1.8970820727101825,2.027610790614952,7.5982190039599695,6.113418972825252,3.224576201647819,3.951990808516692,2.109218555570879,1.7873757817208873,1.950827308680034,6.943836896705698,3.1415752307836216,3.8695655569968186,1.7980278578169313,1.779004607116814,2.9220963842631864,4.291482749202681,8.424059142876622,2.282694451865029,2.948737709074521,3.9140730752614643
2020-03-12,310.0,1.7438941116930935,3.944932734727788,2.82812318945851,7.492934878174353,21.19094288606736,1.6885900891409649,2.118229532061357,6.994734154920875,5.723992448159861,3.2271519617183158,3.645319061531428,1.8371255962323805,1.800858271033162,1.902395779898036,7.069739065576501,3.1714253885332737,3.7917224802253613,1.7739362973802384,1.7799844750014695,2.9195984890240747,4.276553432562098,8.404626831571314,2.2935051111579114,2.961485323794498,3.9416125093734844
2020-03-13,235.0,1.692088321281095,4.1542664281181,2.8690023183930613,7.143079586857667,20.493511895160797,1.7438941116930935,2.0257059144382987,7.492934878174353,6.786923108804642,3.16524475448742,3.736286255422216,1.9830852274536348,1.7765220911814126,1.848919291273998,7.322445127007143,3.2056576392845186,3.7778653751567766,1.8351957043259357,1.7871958474035816,2.9258796055176046,4.269448708510448,8.39719645871237,2.294018020135449,2.9908624106123063,3.9247937007341682
2020-03-14,200.0,1.587326612775294,4.009971610825435,2.7896045447272937,7.07908207210767,19.747839520849062,1.692088321281095,2.122117578482965,7.143079586857667,7.100439470093843,3.2747685725185165,3.8540179158974266,2.39423148626926,1.70819084070505,1.8012596351086836,7.37332462387186,3.222388429574751,3.7452077442836877,1.8913086087901034,1.787419938190143,2.9273454460672785,4.262901309938042,8.375614697737955,2.287045489877898,3.0171938691510585,3.933470438349907
2020-03-15,210.0,1.5725427192784904,4.059300083097917,2.80055550149311,7.436252393600181,20.825637551388294,1.587326612775294,1.648142621204142,7.07908207210767,7.612067534661989,3.2157476508002505,3.4168039501699496,2.196811984598124,1.67443634858316,1.7248609257218734,7.370273567016693,3.2185869926020625,3.6690360404965285,1.871548525549457,1.78520917694546,2.9267251426835106,4.267680228485875,8.362784428641179,2.286616129416647,3.0389590938162265,3.7515891220016404
2020-03-16,245.0,1.8743578046722331,4.694664853617244,3.0878329538851625,8.452097128951522,26.09866404421468,1.5725427192784904,1.8169026512483413,7.436252393600181,7.67179773843433,3.075400387188236,4.141702384566644,1.9502052449820744,1.6173192177782922,1.7140609397324946,7.345157118293578,3.188638870169001,3.8041747502113377,2.019675877728822,1.7816581848013464,2.92473957835553,4.267825808065429,8.35217548944452,2.287957819273285,3.045387585047754,3.7891397066760466
2020-03-17,300.0,1.6809127667881656,4.656836360648232,3.014979251107053,9.0176403271217,27.187998480218145,1.8743578046722331,1.8970820727101825,8.452097128951522,7.5982190039599695,3.335261586387086,4.424080970955645,1.7172229278365252,1.678075712242005,1.7222688187930506,7.456628459796034,3.208803208125191,3.994195768564077,2.1842166564260905,1.7815794374143392,2.926332583841764,4.272436918078619,8.347074342414505,2.2920305705398873,3.050614426972203,3.881457335294286
2020-03-18,195.0,1.904327254856356,4.636978530466377,3.084288824196597,8.329257478506596,25.689835754813824,1.6809127667881656,1.6885900891409649,9.0176403271217,6.994734154920875,3.4313012555009506,5.029644384949974,1.7850807232187056,1.709271096912962,1.6913874893756196,7.659402934533424,3.2806544096920907,4.531809246824086,2.2003586353671976,1.782681849122392,2.931527745338268,4.293161962015126,8.332632746921677,2.2958088965333525,3.0561022480462348,4.035407846213326
2020-03-19,205.0,1.837033937850969,4.42824516532284,3.001146271365485,9.236765081340232,27.72088308334315,1.904327254856356,1.7438941116930935,8.329257478506596,7.492934878174353,3.1739784077716955,4.895348064701939,1.6492925311607978,1.8198659421055838,1.7222070844778181,7.850049123617098,3.3135137498865777,4.783024473535851,2.1143326028931075,1.787379838129102,2.937227076968179,4.29803475077739,8.320017773867825,2.292540941350731,3.060598679935084,4.213983418094828
2020-03-20,170.0,1.717515662264089,4.294228780483555,2.919159894498044,9.17477791728308,26.78264373705906,1.837033937850969,1.692088321281095,9.236765081340232,7.143079586857667,3.380664956819263,4.491193465284514,1.6044973415689072,1.8074246531651623,1.7355127739289433,8.099167724069368,3.3286482066973027,4.8053953049788065,2.2436690139175752,1.7916476724241306,2.943070255348489,4.306236039638167,8.322189609774856,2.294671444058217,3.0712370024072,4.321827305218013
2020-03-21,165.0,1.6624777371657706,4.295004113438954,2.9011452930990687,7.679149757734911,22.27832917465549,1.717515662264089,1.587326612775294,9.17477791728308,7.07908207210767,3.25998587091555,3.798441116073623,1.640261984442554,1.8196256183238038,1.7391452512122283,8.389410342701568,3.2715430785021695,4.394994215353356,2.29305409188056,1.796439763005707,2.9497431268618466,4.304094799903458,8.323493726060514,2.2935372075503477,3.0757749161797685,4.313887762386041
2020-03-22,155.0,1.42566674149717,3.637943630876746,2.616473854262337,7.497413143696404,19.616785465084433,1.6624777371657706,1.5725427192784904,7.679149757734911,7.436252393600181,2.6561503667497437,3.1395537498565287,2.2396342515089542,1.7390091124269418,1.7498811261251535,8.475134297791175,3.0989337314948524,3.80972944373822,2.314045115062243,1.791933831066255,2.9480824838695496,4.29145675679237,8.315280057427847,2.29190680174868,3.050333201060065,4.274280590912696
2020-03-23,155.0,1.8737210433469256,3.4484197897681965,2.7648743536085507,6.924774103352386,19.14613032289166,1.42566674149717,1.8743578046722331,7.497413143696404,8.452097128951522,2.8573350236439032,3.505147747992979,1.781564321925224,1.601886713642342,1.7288988435849646,8.483871547804922,2.924490420436399,3.4810475379743746,2.2342464029144966,1.7840107130431038,2.943322373484412,4.258385568350042,8.303617159909091,2.293917992746397,3.038269867405874,4.183344214259315
2020-03-24,235.0,1.8727076086319847,3.320468483873999,2.733443815103201,6.948874594975881,18.99435828356458,1.8737210433469256,1.6809127667881656,6.924774103352386,9.0176403271217,2.893351807180634,3.2227396350785105,2.146038776456407,1.6539551740032878,1.7288078776813494,8.265682544147902,2.802279065858093,3.289147044309337,2.159130447408017,1.783277358368085,2.9381837856522415,4.2296683752236515,8.285785582191757,2.2927318638411633,3.040313150995494,4.011724023419724
2020-03-25,215.0,1.830238918534174,3.742466860858472,2.814022986316922,7.41621594770622,20.86940214833544,1.8727076086319847,1.904327254856356,6.948874594975881,8.329257478506596,2.861145639706722,3.5874811402160613,2.17787105446788,1.724031797825359,1.756207140801895,7.970144582412785,2.8706108235104195,3.4384561744291813,2.1234507468447696,1.7836067378171294,2.932566089985932,4.206560794039601,8.270983524147486,2.294095169061988,3.0406702537206245,3.805700702743451
2020-03-26,135.0,1.7619272375848505,3.663370007962401,2.757030520671171,7.888670204571504,21.749304521512926,1.830238918534174,1.837033937850969,7.41621594770622,9.236765081340232,3.0704346973444228,4.387879736063308,1.5109719484762731,1.858889190171027,1.745623092755869,7.839710078012731,2.9416440480772597,3.732700170452624,2.326929246993276,1.7866245801360383,2.9348445146915467,4.1817476849192285,8.25580296080498,2.292861702171956,3.0384404967270715,3.7332052272236464
2020-03-27,190.0,1.6232630265163703,3.216027562283666,2.558071857747344,7.633289406455171,19.5265028126939,1.7619272375848505,1.717515662264089,7.888670204571504,9.17477791728308,2.998049669602631,3.7151665977227646,2.641388806824461,1.8216245882503355,1.7348935641464236,7.6471250956171986,2.9765433355512587,3.8968424913340427,2.2361126722827533,1.7844269879559849,2.9326996936526593,4.1567964281778504,8.244798130671457,2.2937744675396523,3.043265682970933,3.6223442461433963
2020-03-28,175.0,1.399550629982439,3.3551176808717567,2.5108729932435856,8.293485871679987,20.823889695048518,1.6232630265163703,1.6624777371657706,7.633289406455171,7.679149757734911,2.9000767774615817,3.7932807525872585,2.7920474353234344,1.7384763942117971,1.7214289018967495,7.426912451213211,2.989520381469545,3.9654423621244415,2.1801378617853584,1.7805904062691558,2.924258578451593,4.121353671312742,8.219227201013448,2.2940782215470112,3.044802375260721,3.62160705135963
2020-03-29,205.0,1.3369172122291422,2.8348792981780004,2.3015949642414504,8.10162408724308,18.64665720137591,1.399550629982439,1.42566674149717,8.293485871679987,7.497413143696404,2.984426871890599,3.3987264866013787,2.3526281040967025,1.594913631361219,1.6838678865848447,7.514674753205365,2.96085110631827,3.635724612303798,2.181257206518453,1.7764461367582358,2.9169719515330685,4.085349255771686,8.195644208482792,2.292769329082365,3.0553025548871138,3.6586317280374656
2020-03-30,155.0,1.6534381398011029,3.855416456286133,2.764727745333023,7.623753986328587,21.07760416959588,1.3369172122291422,1.8737210433469256,8.10162408724308,6.924774103352386,3.059546277192148,3.56215992430993,1.1793820946065945,1.4532436229093164,1.671189382403698,7.600990602283461,2.981349975514776,3.584722387832853,2.144393626586254,1.7713084188045178,2.9061467342592957,4.023649479954573,8.183070213623923,2.288409771922559,3.0585154349028727,3.666776324654173
2020-03-31,125.0,1.6953281150069452,4.078762471512169,2.848004605269934,7.599479122426247,21.64335153832267,1.6534381398011029,1.8727076086319847,7.623753986328587,6.948874594975881,3.1879719761705587,4.438041426547156,3.0513936536276813,1.463301994004227,1.6397203961828664,7.7008448712800615,3.0773150417511013,3.799642612486153,2.1921899772636726,1.7692778530454016,2.9021053991634362,4.011421431704678,8.164379008029657,2.28411564338648,3.0664825622470913,3.840390866292551
2020-04-01,295.0,1.4947477211876976,3.413561347777584,2.5647148258133665,6.95873926948699,17.847181773422957,1.6953281150069452,1.830238918534174,7.599479122426247,7.41621594770622,3.0237470250935075,4.276161639578261,2.5235666002087727,1.5618944890123956,1.6143804685221461,7.793788375201542,3.090421759485405,4.092120996811779,2.1592748923697043,1.7689053236986891,2.9010652652563964,4.014903217258095,8.146180907554601,2.2757573851526303,3.0947621039253383,3.9387737947728647
2020-04-02,135.0,1.5472771022985363,3.8499196928150905,2.725471346477863,7.796464507046359,21.24904061778651,1.4947477211876976,1.7619272375848505,6.95873926948699,7.888670204571504,2.946975189399564,3.3987264866013787,1.657909110748055,1.6145046586652476,1.566453154615507,7.728434564027366,3.0528980635545437,4.037643184242262,2.045022812262604,1.7694157234792915,2.8966377651143786,3.9556954737528036,8.124849821495486,2.2721592063394054,3.1018143739203565,3.797466187706875
2020-04-03,95.0,1.6567867701545005,4.0019028785770505,2.810610384629326,8.604425338355835,24.183687209750612,1.5472771022985363,1.6232630265163703,7.796464507046359,7.633289406455171,2.964694148133792,3.4818667590287875,2.082797821790237,1.579117646164392,1.5357888495746048,7.715262321523774,2.978472120875621,3.7189182950694737,2.0345809433993876,1.7724533186752034,2.8989993437414774,3.92887048447429,8.111152711787792,2.2755386709701306,3.1060845904626886,3.764137639322022
2020-04-04,85.0,1.6618559355367708,3.2397360981975947,2.5852795767290098,9.13594073172859,23.61896098794461,1.6567867701545005,1.399550629982439,8.604425338355835,8.293485871679987,3.187685206928399,4.032440155830781,2.266235746778076,1.5662705312135772,1.5405779558086234,7.853996026081012,3.0331181814872514,3.6376778004869803,1.9785110286480079,1.7684184376668846,2.8954012912438367,3.9195108193752732,8.095791568126627,2.2720477647503157,3.1115282870061325,3.7983032683568108
2020-04-05,95.0,1.4173246202927878,3.145340017727115,2.4447788805787214,8.821595233582672,21.566849720076828,1.6618559355367708,1.3369172122291422,9.13594073172859,8.10162408724308,3.232823441311495,3.751974689905526,2.1028702001539714,1.621973269329935,1.5780501423163853,7.974346720373669,3.128400932124562,3.755427201588363,2.036295427496172,1.7669990070596617,2.889016193065957,3.8893646119042824,8.087877835980443,2.274737519672125,3.1156635978074005,3.84876729740026
2020-04-06,155.0,1.4785228666764716,3.792154441112515,2.68515402313697,9.075109090404997,24.368065684507865,1.4173246202927878,1.6534381398011029,8.821595233582672,7.623753986328587,3.3870562535664006,4.146083092379607,2.603731595646134,1.5786557753280188,1.5895369148969059,8.077199741279326,3.269188300602098,3.9768326460386363,2.0939742499778418,1.7601653237738601,2.878337964129624,3.865644295028027,8.090906185638223,2.2785479707078538,3.1202939985584757,3.932184892838785
2020-04-07,125.0,1.741313115074586,4.359842755903245,2.946265971543136,7.807354065942837,23.002541612276328,1.4785228666764716,1.6953281150069452,9.075109090404997,7.599479122426247,3.471446800121444,3.951990808516692,2.415677630654026,1.5192344741686759,1.5645490187362443,8.284536184718814,3.3637754983331134,3.9500161969339396,2.062060271462168,1.7527247434428022,2.870998449565767,3.8543359777596087,8.104353152230622,2.282397359921381,3.121571608931857,3.8627490902630046
2020-04-08,185.0,1.6587963669351853,3.67573465232371,2.712943459005402,8.398254924193878,22.78399076365169,1.741313115074586,1.4947477211876976,7.807354065942837,6.95873926948699,3.5750392429690234,4.686326001393388,2.131742926727009,1.5457202006812807,1.5711183044601928,8.314232605221182,3.477847432218956,4.26146663409656,2.1587220614702747,1.751337317329761,2.8721394717558386,3.874747030539772,8.106621974904206,2.28071505346194,3.1361528674151784,3.921343999093737
2020-04-09,135.0,1.736784400360386,3.975068034756488,2.8337772314552048,8.357387157617705,23.682973441713184,1.6587963669351853,1.5472771022985363,8.398254924193878,7.796464507046359,2.930708489947315,3.2487690667396105,1.6657445238797166,1.626210782895413,1.5945538252812628,8.519877698750738,3.325731511012594,3.962361958883228,2.135766293029208,1.7519988550540744,2.8710611961752277,3.8603952525234217,8.105806905138763,2.2894554716779414,3.1317582170056326,3.8999215105420566
2020-04-10,165.0,1.622243905001461,3.8629088496049433,2.755543888800973,7.909545509450699,21.79509979176005,1.736784400360386,1.6567867701545005,8.357387157617705,8.604425338355835,3.0304833052937474,3.8540179158974266,1.8247527622648436,1.7122979607900515,1.6216262964329553,8.600009505975217,3.1787436794033623,3.9297043280101396,1.9854629545549272,1.7508451258912,2.8706697438982474,3.852287450077151,8.106861269173558,2.291982222805575,3.1252884537938304,3.95308596152329
2020-04-11,215.0,1.726883934166993,4.2676882538127,2.9146403162800585,6.155999042757329,17.94252299700196,1.622243905001461,1.6618559355367708,7.909545509450699,9.13594073172859,3.1777600440918685,4.016083981670159,2.6008102015200065,1.6726082240990099,1.6166916014110926,8.500740958988768,3.0463172797776434,3.70629032143573,1.96588284028684,1.7500932019437554,2.8685131592333937,3.854782322400444,8.109156590705966,2.2910294088021232,3.123642056539616,3.9507493652146297
2020-04-12,100.0,1.5907668111993336,4.136724835251693,2.83032096031319,7.324579557389007,20.730911046759612,1.726883934166993,1.4173246202927878,6.155999042757329,8.821595233582672,3.3134958867076865,4.250667702962391,1.8724646058961936,1.6953040798429457,1.6259813155011245,8.075035003421444,3.173913078697767,4.04025653350999,2.046722631142636,1.7489556776274857,2.868591622798985,3.8655408397032742,8.096265568860161,2.2882935781836293,3.1285837609469582,4.021991224222754
2020-04-13,260.0,1.906643781641588,4.018898101185116,2.9265298939162867,7.718022130223907,22.587022486007722,1.5907668111993336,1.4785228666764716,7.324579557389007,9.075109090404997,3.0884468745491893,4.128299788926392,1.803967034896432,1.6466315501225948,1.6507587713449168,7.861175621108065,3.1932342684495816,4.131683824519645,2.0567019777430366,1.7437192751510804,2.865590681695312,3.8649561199410605,8.110483103710875,2.2865478692629355,3.1223730376813137,4.019450752300865
2020-04-14,345.0,1.5810383764697726,3.87980081188106,2.745993424035556,7.979203623576764,21.91084067938247,1.906643781641588,1.741313115074586,7.718022130223907,7.807354065942837,3.1082282307672693,4.16607428195387,2.3425845486115104,1.741431509002637,1.711918902054219,7.667306055367909,3.1700569973413817,4.181680591280883,2.028112455314819,1.7455550224398828,2.86719599223849,3.865253669619717,8.107746277128529,2.2843661543268703,3.1187890570135477,4.050034105649034
2020-04-15,330.0,1.8199137831835115,4.167252950640211,2.9230818739394917,8.809454775577994,25.750757573781726,1.5810383764697726,1.6587963669351853,7.979203623576764,8.398254924193878,2.9645445856007044,3.3926207249333222,1.7392535234673534,1.6928163231035638,1.6890225108249601,7.691855992172756,3.0537398969723877,3.89566493193786,2.0005094420868548,1.7398813870095107,2.8639000766194807,3.859270360579155,8.111449498184484,2.287170149134102,3.1150938636272967,3.8652190661547388
2020-04-16,265.0,1.660422454224675,4.032875521427333,2.8212589023945607,8.968727707838458,25.30310288889201,1.8199137831835115,1.736784400360386,8.809454775577994,8.357387157617705,3.2511802483743626,4.141702384566644,2.0702353158168663,1.7691986470982897,1.7120392845747208,7.7505988280847715,3.1079843549141124,3.9001324638179433,2.1192539638034154,1.7399712654472559,2.862150825471763,3.841689963813254,8.118372056811603,2.285180985522202,3.1122911523602057,3.9927809687014575
2020-04-17,255.0,1.677203160963308,4.012504909925207,2.820768787777571,8.648208438283993,24.3945964329061,1.660422454224675,1.622243905001461,8.968727707838458,7.909545509450699,3.274846094932983,3.8838318762322266,2.228504519636532,1.687124871292652,1.7011304351267622,7.837933192402022,3.1635236429693503,3.806051661910729,2.2245773882408746,1.7425115782908676,2.862934591034806,3.820891269172557,8.133009769359814,2.278494619607608,3.107075980341273,3.997040105892143
2020-04-18,240.0,1.6597977450925268,3.9009668640202655,2.7812184118610173,7.999932287327528,22.249558971156745,1.677203160963308,1.726883934166993,8.648208438283993,6.155999042757329,3.055862908686709,1.4366179914705255,2.377412351910289,1.7191797994571638,1.7089817574070258,7.943456467949637,3.193963083998018,3.154050750756463,2.3160468812944757,1.7422916139155895,2.860475183594604,3.8000754818211844,8.13900753210382,2.271370120190148,3.103138797038441,3.6285449644350534
2020-04-19,295.0,1.810725293566784,4.131824547398047,2.90941351935777,8.217258202142249,23.90740210536618,1.6597977450925268,1.5907668111993336,7.999932287327528,7.324579557389007,3.0109607731162265,2.892565045631778,2.54909713595294,1.665807786760169,1.6993980161106736,8.206875502888236,3.1138899255786394,2.7376716377781753,2.2720478444683785,1.7414224068073603,2.858754190280217,3.7824995384444327,8.135769334734539,2.263018785530372,3.0908153242483394,3.434530299102108
2020-04-20,315.0,1.8442011856305156,4.289117045180877,2.966868824433292,7.990409392103333,23.70649651989035,1.810725293566784,1.906643781641588,8.217258202142249,7.718022130223907,3.041887939909027,2.807401875972298,1.643276655808963,1.7159087332075387,1.7308206564488806,8.33440102356727,3.036237207237321,2.3788616376915317,2.2759863350280343,1.7407259920657259,2.8574277458805386,3.777086064008249,8.13683352732472,2.269890609569613,3.0835453932147887,3.245830597251523
2020-04-21,235.0,1.7536613229552052,4.037880208775366,2.8588148326839864,8.644288176213408,24.712419256153694,1.8442011856305156,1.5810383764697726,7.990409392103333,7.979203623576764,2.866074026591729,2.355982511220287,1.290461179291546,1.771574741429941,1.7219002855901562,8.373313489550045,2.9729742465389943,2.685316477608119,2.277488191755188,1.741798024613931,2.8560561281985377,3.776889828399646,8.133230139389166,2.27030554331073,3.0905428485428548,2.987246058575298
2020-04-22,295.0,1.8128674794616344,4.292030382529385,2.9543617028644062,8.6165703874873,25.456465562827997,1.7536613229552052,1.8199137831835115,8.644288176213408,8.809454775577994,3.129708764685522,3.7467146938476015,1.6021927235907434,1.8028626007175006,1.7465607065166466,8.468325568498136,3.012556910395426,2.9700330270133937,2.371442000239164,1.7409886824290381,2.8529663777602154,3.7902210476629334,8.124871090811391,2.26415485395041,3.0996219732442416,3.037830911277337
2020-04-23,245.0,1.4766649684668924,3.3563806981258733,2.537995570713625,8.848894111814536,22.458454061499168,1.8128674794616344,1.660422454224675,8.6165703874873,8.968727707838458,3.212189951139208,3.122573661999862,2.6361138518074365,1.8035766626824508,1.7455540916992354,8.440770655913752,3.069324247472153,3.0750902890225817,2.527619619390381,1.7425423812596605,2.8534651814590783,3.818341400754973,8.114586197895754,2.2645554546143334,3.110249911376194,2.892241093767797
2020-04-24,240.0,1.6122714599528556,3.640293935060293,2.6824224975793047,8.972693812172807,24.06855574566295,1.4766649684668924,1.677203160963308,8.848894111814536,8.648208438283993,2.972953660413555,2.423537465992395,2.29835994583934,1.6810645902945762,1.7193030223052665,8.423651570767477,3.1049507920794284,3.0976086072799514,2.562575541420235,1.7396758674532165,2.8489065033579526,3.8195384745633687,8.11739570423285,2.2569689015525296,3.1139768453997556,2.683627606590678
2020-04-25,310.0,1.662415596472146,3.845056573938257,2.7654848431702117,8.973945844945645,24.81731121762748,1.6122714599528556,1.6597977450925268,8.972693812172807,7.999932287327528,2.8144294002499617,1.420756741549666,2.1772856949127632,1.6339346359604596,1.7100270650180591,8.470006624180167,2.999857670600908,2.3222892898473058,2.5476511939357755,1.738233227593769,2.8441175569705583,3.8161327103700966,8.112514794283847,2.258778883440523,3.1054433354966067,2.681361713744841
2020-04-26,355.0,1.4867953318573397,3.758069572878477,2.676584776270978,8.39363763771339,22.46628271863875,1.662415596472146,1.810725293566784,8.973945844945645,8.217258202142249,3.0549899349394187,2.3609172455541145,2.355876043357192,1.583784008297297,1.710401043786576,8.609151418125611,2.9474576652009783,2.0684038176987234,2.5700626025070505,1.7367007416719318,2.8407751312742047,3.822188929235958,8.105331998593659,2.260344807092025,3.1073413443411666,2.605412028019461
2020-04-27,450.0,1.642198071130733,3.628149406792759,2.691655441363393,8.842423405460798,23.80075707414758,1.4867953318573397,1.8442011856305156,8.39363763771339,7.990409392103333,3.17575499473126,3.1429668647980087,2.474488307824886,1.587160796094113,1.6641253349709413,8.63434848035006,3.015058109973547,2.3082136173005945,2.7385722028113597,1.730814307060086,2.8360135810518985,3.840256996255785,8.099002933314672,2.2613298989593678,3.1165306182501564,2.6533498835659906
2020-04-28,295.0,1.715320123145499,3.894016292034183,2.801430477350268,8.18498828203305,22.929675630042198,1.642198071130733,1.7536613229552052,8.842423405460798,8.644288176213408,3.0369259707430145,2.4283099396513568,2.027725150353763,1.5971363331534052,1.635267747185258,8.756064767972555,3.089223633471231,2.6440646833344914,2.805689597839934,1.7260134776476135,2.830141921179334,3.8493580537864855,8.094232877790741,2.264475270116833,3.118280588211903,2.6636823733418575
2020-04-29,420.0,1.8459330590197816,4.270894277178562,2.962594348375557,7.939363218971896,23.521112602226907,1.715320123145499,1.8128674794616344,8.18498828203305,8.6165703874873,3.142459156486765,2.771713814170004,2.2424791749659514,1.6147711753778562,1.6297904329267285,8.69045049737536,3.1183800406536797,2.7809968728731214,2.75592795495881,1.7217352367241134,2.8247268445906086,3.884662620248358,8.087876166456333,2.258949284951496,3.121044350855057,2.524396533387915
2020-04-30,390.0,2.0508949163765755,4.74333498061131,3.1782920616563595,8.42701960148257,26.78352950281459,1.8459330590197816,1.4766649684668924,7.939363218971896,8.848894111814536,3.2432474116341847,2.959740777347883,2.328120594024754,1.7344837510986704,1.6345140871493211,8.593706616158874,3.140877512954655,2.719921510389746,2.687578301728823,1.7221882047243258,2.8251421984337566,3.8985118809447723,8.075918169358486,2.2536690776385275,3.122886865370511,2.5011346927233467
2020-05-01,520.0,1.8409591329334605,4.660028564806278,3.0661319955729964,9.815590367993565,30.09589568274319,2.0508949163765755,1.6122714599528556,8.42701960148257,8.972693812172807,3.5163223197069486,4.367582225469881,2.325929379756929,1.8707160328472845,1.7165469368507045,8.533438828968594,3.300676295942633,3.3663456056625876,2.717105816646541,1.7291200431889648,2.831538928773733,3.9206642979147444,8.06437441593333,2.2536665157243205,3.1393060418576257,2.778855372648702
2020-05-02,185.0,1.4511495375821275,4.034937818392411,2.758982427864275,10.462957568684384,28.867116075489736,1.8409591329334605,1.662415596472146,9.815590367993565,8.973945844945645,3.697933406474302,5.392296034263617,2.187798692002842,1.9125957027766047,1.749216604419362,8.653852622657274,3.4858343792718123,4.239873012360459,2.717616174416289,1.7232082190140352,2.8267104346303653,3.9622132051490335,8.076374237118497,2.2575335799221805,3.164337982426784,3.346218128750695
2020-05-03,230.0,1.6321993092710978,4.677579336591747,3.00877039988798,8.114980675212339,24.416113651241854,1.4511495375821275,1.4867953318573397,10.462957568684384,8.39363763771339,3.618868443081795,4.073969400003493,3.0135527027450224,1.7810011956307201,1.7190357388636455,8.866568583191379,3.6110413897543485,4.611282553245662,2.6851964420792434,1.7122332863444918,2.819508459446025,3.968380476001611,8.098067333826496,2.256316621123293,3.186143792258384,3.5909398651006064
2020-05-04,130.0,1.9318337142664213,4.748420383938831,3.1246070882054715,7.671922414433055,23.971743156299958,1.6321993092710978,1.642198071130733,8.114980675212339,8.842423405460798,2.828153657521516,1.4288989726900228,3.5677316418834044,1.6414359932622276,1.7398077356370394,8.82676044569123,3.3816518356925376,3.631721468985709,2.489926153394361,1.7056430949887609,2.818674989326545,3.9909030246021002,8.107315671619284,2.259400661640035,3.1741594072781543,3.346073023370894
2020-05-05,140.0,2.0468880217112355,5.21662898848271,3.2885040637271867,8.45399686851743,27.80100305685648,1.9318337142664213,1.715320123145499,7.671922414433055,8.18498828203305,2.9913019662888773,2.702471035590692,2.272416604562744,1.6717275203732145,1.7811842560849949,8.659546018401551,3.146108022297396,2.7351131360947343,2.5230357904499074,1.702536498025512,2.8192711148021012,4.041192500793476,8.111655747991986,2.2636051973151394,3.166108691444067,3.3852388942193703
2020-05-06,225.0,1.9240029686205544,5.168085808240631,3.230158397241168,8.521069062919379,27.52440278706096,2.0468880217112355,1.8459330590197816,8.45399686851743,7.939363218971896,3.184236290146444,3.751974689905526,2.1380087425747334,1.8703070150829173,1.8285510987372429,8.697975816470748,3.0012306379856124,2.6277815660620782,2.6155594597576806,1.7028895331467275,2.8247093921946,4.110235466485329,8.106563894688703,2.2646780232127797,3.159348025996735,3.5252761621815876
2020-05-07,120.0,1.8631220144082103,4.47063058786588,3.023568797260248,9.141150523472174,27.638897493829646,1.9240029686205544,2.0508949163765755,8.521069062919379,8.42701960148257,3.560528593665875,4.49502278355182,2.4850004540236776,1.9675749015327362,1.8397039429659245,8.781076651320388,3.2453556167003987,3.649822836349344,2.54626432808243,1.6995876229823539,2.827059513646364,4.156099845389599,8.097530572901205,2.260467623090744,3.162317419114883,3.7446021630678645
2020-05-08,150.0,1.890239822859817,4.540528377254604,3.0532921909477384,7.967382605571712,24.32674709188495,1.8631220144082103,1.8409591329334605,9.141150523472174,9.815590367993565,2.6172537259195305,1.468667743711464,3.505496581887095,1.944671001579999,1.8128792426847296,8.88309535446176,3.1206728699106168,3.2385550723896017,2.4651336729988302,1.7031706128690884,2.8319452023342344,4.159792773121687,8.10396066224394,2.2610316053933217,3.130391235213233,3.330471522816662
2020-05-09,110.0,2.3885124976026377,4.452359354513707,3.3777031726610898,8.068358873776711,27.252521366123855,1.890239822859817,1.4511495375821275,7.967382605571712,10.462957568684384,2.6236927801853485,2.538761952571278,2.657620457202866,1.892454935296193,1.8199193412456374,8.619065674115783,2.9338250332569182,2.8341508266115185,2.4377014186183326,1.704392899062613,2.8344149097175615,4.188619230619383,8.11286060857195,2.2608573916951706,3.1201573782211676,2.9228237968606137
2020-06-01,345.0,2.2853370794811685,5.541405224473217,3.479671059389374,9.634255342233468,33.524039493137266,2.4237774606207254,1.741364889330245,10.20644444240906,7.8840765574932385,3.676881353896592,6.101175947583452,2.306665893346498,2.291538136948372,2.1172104640215377,8.646910889876127,3.538902472300651,5.407684109498478,2.2030110731487302,1.8329619301454174,2.9716735027792565,4.62606404279435,8.06428439128421,2.307904354778145,3.194697979176165,4.727376206208684
2020-06-02,240.0,2.3760739271717632,5.368856650223854,3.5104020084789744,9.196102794634408,32.282017720463735,2.2853370794811685,2.1916299369612453,9.634255342233468,8.499223104836073,3.814494976909325,5.764933056029144,2.653096149148193,2.281292371281158,2.194920776900241,8.896936430553302,3.6224317922243867,5.536594635792453,2.327189257617602,1.845262929765128,2.984243497994448,4.676279622997044,8.082406260664682,2.3153523804768135,3.2012188636370826,4.839795733390146
2020-06-03,220.0,1.8280183677193456,5.164332947613862,3.1997546306485223,9.10460926908521,29.132515669000856,2.3760739271717632,2.041081948313114,9.196102794634408,8.506327303523,3.830642940454653,6.1585577153287785,3.1447042639110285,2.361729489091218,2.221269918358886,8.996490671953064,3.774006423753523,6.0082222396471225,2.2998730258092457,1.8572510490487493,2.9959066917252755,4.6993222001181145,8.090063783011779,2.3159163865971597,3.2346351730681873,5.160548312896796
2020-06-04,215.0,1.6048391456091793,4.8982577632528015,3.069481169330528,9.634447423366865,29.572754942929617,1.8280183677193456,1.9717820627010407,9.10460926908521,8.949599311804825,3.745455810304408,5.814268350653531,1.9894736455427304,2.1631431247907584,2.190832263988348,9.081959524176236,3.7968645758894617,5.912586374003816,2.396145035995189,1.8600204229184587,3.006147942623934,4.713185952240615,8.095594003623466,2.31331957502847,3.259773634535372,5.357997782483097
2020-06-05,225.0,1.4848778500040276,4.054495423910656,2.774281087216035,8.814781910011535,24.45468274087904,1.6048391456091793,2.316074376482809,9.634447423366865,7.718145972714992,3.4633745518348107,4.078468689707932,1.235517613466777,1.936310480166762,2.1384118472609392,9.1797949686851,3.6798244341979576,5.350431585230079,2.4843926688202935,1.8631456650070652,3.0165596474364644,4.702573578066284,8.096501731509179,2.308677549565663,3.269078243258318,5.434182877173546
2020-06-06,115.0,1.63808102143429,4.689180675660955,3.01365891884716,7.464717531698477,22.496112566077873,1.4848778500040276,2.1347625737415834,8.814781910011535,8.764559536351694,3.103770299732648,2.90001139017407,2.1965218008058582,1.63924512111085,2.019669486335399,9.336457245441748,3.437533553957289,4.264249476845175,2.4016279861390557,1.863251581395858,3.018045098504449,4.665453898588619,8.08178271087426,2.3115026164938617,3.2538529667938767,5.080155721891669
2020-06-07,175.0,1.524530578589853,4.450804435973162,2.9127692998627914,7.533769077365976,21.94413128080724,1.63808102143429,2.4237774606207254,7.464717531698477,10.20644444240906,3.136626570012276,2.846597639260517,2.216744222696789,1.5759326723491647,1.9487149788629288,9.150765530491288,3.2345904738599116,3.275025906380838,2.475211137388815,1.861531046501853,3.0191683142928487,4.672738901515121,8.069218384816947,2.3146538119178413,3.2711653949303012,4.8091446841053465
2020-06-08,165.0,1.785415853680872,4.85094528964157,3.1007006454869925,8.21483428474744,25.471741969285063,1.524530578589853,2.2853370794811685,7.533769077365976,9.634255342233468,3.2869285363935425,3.7098258946068894,1.7507167857202184,1.5491631500093892,1.8202511385728037,8.768954764056563,3.1757751353794887,3.1521449746804904,2.51508647547285,1.859293283362764,3.0224987449738054,4.669748103472407,8.045548807131135,2.319636085911253,3.2932732534705744,4.467523247965837
2020-06-09,250.0,1.878675635196864,5.563265374787554,3.3204280234150803,9.364373295571912,31.093727512336805,1.785415853680872,2.3760739271717632,8.21483428474744,9.196102794634408,3.409089505261207,4.408117496055542,1.784729351350504,1.6493424845683375,1.7488338206013327,8.566180327272845,3.2775482038890082,3.6548470099743144,2.4360434046245585,1.8601038075847722,3.026947468541002,4.683034301310003,8.029088722941895,2.3126422652016303,3.307201920107972,4.2736924536838945
2020-06-10,200.0,2.052368545138471,5.538955179878336,3.367814256505659,6.539564986866292,22.024040194113542,1.878675635196864,1.8280183677193456,9.364373295571912,9.10460926908521,3.655762047816725,5.450854814740911,2.5418664611919777,1.7295406891558622,1.677776921747776,8.590218970263917,3.4505933631571586,4.522932735134446,2.7065016868776266,1.8643776697546957,3.0363622041179044,4.732266229413154,8.014874046489933,2.3152743297625644,3.3361057102250955,4.172592039314199
2020-06-11,115.0,1.92898091235411,5.36531422808284,3.2828362460414287,8.639711957488329,28.36275956940023,2.052368545138471,1.6048391456091793,6.539564986866292,9.634447423366865,3.703500953674297,5.191127054028046,2.596909441895826,1.9054866780054016,1.7098269470933651,8.22378407280407,3.5894508355840764,5.016699788274831,2.7566355820572457,1.8698024132708868,3.043915103121664,4.764274204061446,7.990296751634896,2.3139843296826266,3.360671603830844,4.0835718540819865
2020-06-12,240.0,2.4446465103114647,6.020778250918126,3.671792658091212,8.977492174242396,32.96348985345455,1.92898091235411,1.4848778500040276,8.639711957488329,8.814781910011535,3.777885098098587,5.905770699261642,2.333589448379936,1.9533416975631475,1.7561329137712125,8.081679006249995,3.7123826998632032,5.515917522676864,2.850382710154247,1.8754393149567998,3.051457024550468,4.7654734163684065,8.004973393072735,2.3217711729660433,3.375007558025581,4.344614998303945
2020-06-13,150.0,2.1755025056294146,5.770040882251469,3.470366649953289,9.654686777104631,33.50530300700891,2.4446465103114647,1.63808102143429,8.977492174242396,7.464717531698477,3.94353762113336,6.717252054113553,3.0657690920879674,2.141998655934681,1.8932427223865607,8.104923329711546,3.8083078909687473,5.938049935801079,3.0439486663103885,1.884406027101298,3.06387807062005,4.784585172901109,8.012220123171891,2.3206405795271072,3.390820821406908,4.8899350931524435
2020-06-14,175.0,1.8290254065298115,4.688167458265263,3.0695104626289726,9.438498152988505,28.97156883210245,2.1755025056294146,1.524530578589853,9.654686777104631,7.533769077365976,3.905304673299136,6.280856315125534,2.025530600038294,2.183043309431662,1.9700172201287212,8.417776079055283,3.875575797510361,6.3012930228335735,3.0719125057455194,1.8943137625872917,3.0759509577186788,4.817214624409186,8.01321007172178,2.3152054306674423,3.4079494061127806,5.380543475418874
2020-06-15,210.0,1.7942694747162329,4.6994451134041695,3.0609528026525017,8.231784707287446,25.19710447060351,1.8290254065298115,1.785415853680872,9.438498152988505,8.21483428474744,3.715553976864964,5.03921864430539,2.4246208570218157,2.1497248074902293,2.013516481263001,8.689880232715643,3.8547987570991533,6.0124423378481575,2.960329474060907,1.8944656229763968,3.078391434196837,4.817877407533187,8.013412458694802,2.3049940788250067,3.443538112961298,5.570456725375801
2020-06-16,265.0,1.516296754394091,4.10437007451875,2.7989403977963225,8.700609312775239,24.352486890969516,1.7942694747162329,1.878675635196864,8.231784707287446,9.364373295571912,3.2575096003977144,2.70664241099529,2.402462781126238,1.932932462291819,2.014781284268053,8.69230172164993,3.6261227501872715,4.6755724568087365,2.8945969005814876,1.896696406651256,3.0823863325344694,4.813362657805527,8.007742260043154,2.2992198806691504,3.4473368241275284,5.327388856081481
2020-06-17,200.0,1.5123411621168723,4.033243947484966,2.774738024811328,8.92696053733044,24.769976848920937,1.516296754394091,2.052368545138471,8.700609312775239,6.539564986866292,3.1226094778984783,2.0663946163299087,1.9625136824233147,1.7131972118800443,1.9630128727247993,8.59747829553612,3.3652243517203857,3.270751890543528,2.693556532275678,1.8940146332084358,3.0820225260347818,4.808724602575685,8.02338940685367,2.2949404263192412,3.440867255620676,4.843894542022766
2020-06-18,155.0,2.1020219331179697,4.86874373937428,3.234179738493657,7.768489633709976,25.124691772042816,1.5123411621168723,1.92898091235411,8.92696053733044,8.639711957488329,3.0712259074392434,1.8113995202937216,3.111991500644136,1.6076357970757311,1.885866103721714,8.938534802745284,3.1504483285784786,2.1948121825396383,2.6355666200154255,1.891557023492175,3.081914519583954,4.7889252244289775,8.036965900354037,2.2945409491536126,3.43114825916666,4.361076322917863
2020-06-19,225.0,2.348211184465175,5.447012471758872,3.503336941016093,7.090789745029638,24.841425654740416,2.1020219331179697,2.4446465103114647,7.768489633709976,8.977492174242396,3.196728310189448,2.783612392562701,2.612716814968187,1.7102199498763102,1.9105862495451222,8.814074470776948,3.1301878985090568,2.220468843062109,2.644679221660678,1.8964119674846949,3.0873272899028854,4.813209427420764,8.03562242321272,2.29427189544767,3.434522953992487,3.9150537076751566
2020-06-20,185.0,2.5763940442780418,5.847918427665844,3.7595190718444513,7.208859491305096,27.101844743808396,2.348211184465175,2.1755025056294146,7.090789745029638,9.654686777104631,3.674623429920127,5.16535497496334,2.5124675961499245,1.9875247599000048,1.8968097744242238,8.544545552317983,3.3141925491829394,3.2534556292732524,2.772523784227243,1.9048121341319388,3.0962684251792654,4.860214814046392,8.037773921151892,2.289662343830369,3.451678581897784,3.693354124939412
2020-06-21,130.0,2.138760313376842,5.501111248974441,3.394401335525141,6.889644490538065,23.386218459975836,2.5763940442780418,1.8290254065298115,7.208859491305096,9.438498152988505,3.8510406287256966,6.591575061926519,3.918738575809771,2.342209053953728,1.9540799942311706,8.19514165434662,3.574130789611757,4.846847476484185,2.8661125658302424,1.9185243461539863,3.1112801624986064,4.909382901385892,8.032976739822224,2.2891291513689307,3.4657449057340033,3.737742517339553
2020-06-22,235.0,2.3721341557459428,5.440543407881684,3.519713812325606,8.309912423928091,29.248513537715862,2.138760313376842,1.7942694747162329,6.889644490538065,8.231784707287446,3.74704564438275,6.512251414418785,2.7755581232791458,2.3544551807066854,1.9983278380664606,7.8310197025679855,3.7575699010095245,6.089727150436212,3.0895282835609765,1.9239558933859062,3.118614156376285,4.93237241393031,8.041217486983962,2.293531768446605,3.47924686464071,3.948175770212895
2020-06-23,185.0,2.3161058846983176,5.986468077839954,3.5841791261415734,6.570810871844983,23.5509631686909,2.3721341557459428,1.516296754394091,8.309912423928091,8.700609312775239,3.6534613499504034,5.1638187828909095,3.058692677805254,2.362429504466941,2.080879935356419,7.8421808049452215,3.7505158743529505,6.089215086412069,3.3162237360691655,1.9388803798405572,3.1349761270698178,4.9612256718939225,8.05166947662243,2.2914871493685935,3.4859715057285587,4.299200966197984
2020-06-24,210.0,2.111998846362831,5.509527496099953,3.3845609397299223,7.685249705892423,26.01119596663437,2.3161058846983176,1.5123411621168723,6.570810871844983,8.92696053733044,3.837190672850047,5.179070810415135,3.3174753755163,2.2756667846070333,2.1951383825427375,7.537923884812327,3.7458992223944,5.618380335908275,3.424789551348629,1.9506109535863152,3.1500054042125223,5.032885290321692,8.0395804239077,2.296501711237364,3.5118762845390186,4.743868993924444
2020-06-25,225.0,2.247657415127737,5.70821264777899,3.4918475086210607,6.404153340465125,22.362326886730393,2.111998846362831,2.1020219331179697,7.685249705892423,7.768489633709976,3.55492828051178,3.895657181580893,3.307738376690055,2.266746295602363,2.280803766006446,7.360536623178325,3.681860101104077,4.746182258295644,3.5620256288739003,1.9581040077511598,3.1603233391551844,5.059531721382167,8.02433624829108,2.2956574859740257,3.5296976075663027,5.0416200883940405
2020-06-26,225.0,2.1122352735836487,4.849908189967256,3.2355174767500827,8.81382329960029,28.51727932284382,2.247657415127737,2.348211184465175,6.404153340465125,7.090789745029638,3.798224851957658,5.185105293072092,1.8316355931759,2.2252540487296275,2.3016088348649837,7.1656314384290605,3.7301146017731615,4.753277761689372,3.5998370933278854,1.9707850424723328,3.173911051361019,5.09423192026639,8.001451951786212,2.2889024526510893,3.550115933754972,5.384690502752525
2020-06-27,165.0,1.49938517008195,4.1559290098131045,2.811335190571928,9.100607046377878,25.584856845048982,2.1122352735836487,2.5763940442780418,8.81382329960029,7.208859491305096,3.511286686909356,4.351170707258558,2.0523395817939862,2.157297178358071,2.267897990453337,7.41177908908201,3.621479939792931,4.47731106063718,3.289794834520804,1.9786189958465483,3.182975418617464,5.103161181484389,7.993928068412657,2.2915677818217937,3.554061969802014,5.268378464508984
2020-06-28,105.0,1.482952643893042,3.922918169718729,2.73014312583724,8.595111774814272,23.465885327811908,1.49938517008195,2.138760313376842,9.100607046377878,6.889644490538065,3.339121522542849,3.2357137051625995,2.5114559976691027,1.9530926195977776,2.1140395798538956,7.682028739806694,3.549544353803288,4.257329901831082,3.0950770860908756,1.9750200799621558,3.1831404971711583,5.092450283468151,7.98230386324102,2.2936764438192068,3.5574543780789147,4.788969699256996
2020-06-29,190.0,1.4956430581782023,4.02327211317422,2.766679636545413,8.593576666555402,23.775673568450642,1.482952643893042,2.3721341557459428,8.595111774814272,8.309912423928091,2.8526969474753137,3.648063502584553,2.369628737457385,1.6981910291862128,2.0203527699276385,7.925666923274724,3.2343683856425063,3.744982638335235,2.9377413633940868,1.96897040637671,3.1792663101288525,5.059232659989417,7.980910448892486,2.293917651731984,3.5337473757568207,4.3797999975663915
2020-06-30,190.0,1.7406913304710994,4.5003944599307015,2.9867768526635348,7.110888468616818,21.238637079936762,1.4956430581782023,2.3161058846983176,8.593576666555402,6.570810871844983,2.694233057919503,1.3033443928198485,3.1224808893220164,1.4926602907177307,1.89513975598939,7.966190386507196,2.962017175979222,2.729040533522332,2.702565857673919,1.9597162087400704,3.1724061030436705,5.032354808861098,7.977328761726585,2.2995812476916386,3.5110245094918966,3.8283036561276687
2020-07-01,345.0,1.93434473820423,4.37430496862412,3.0303601002247342,7.51631708396604,22.77714739188821,1.7406913304710994,2.111998846362831,7.110888468616818,7.685249705892423,2.9925690135930134,2.187406411449904,4.212387313482255,1.5730956775141136,1.812937676814073,8.043344328903173,2.846499672995943,2.3796047689514337,2.670785759629662,1.9580450786990313,3.171083517328513,5.0187939460106525,7.958677006675157,2.303057595722466,3.488214098148444,3.400923027704064
2020-07-02,224.0,1.5289692489857685,3.806779876197098,2.705614849937988,9.537256859417598,25.80414378651319,1.93434473820423,2.247657415127737,7.51631708396604,6.404153340465125,3.376719539118116,2.7189100784165072,3.962859847911051,1.7235597089511765,1.7875585185057015,8.019211097199404,3.0211738702102107,2.0698869608954182,2.5908590132038207,1.9660983320427328,3.17560647853452,4.979890604149016,7.95016349219381,2.3065781969192134,3.473621583555404,3.232816298680581
2020-07-03,195.0,1.6823997097343542,4.188688024495018,2.875326108371972,8.855465308281541,25.46235060268417,1.5289692489857685,2.1122352735836487,9.537256859417598,8.81382329960029,3.212719005121078,2.390042739649576,3.39554561729104,1.734668439220365,1.68488878048542,8.466797314192615,3.1940025192774026,2.432119743171994,2.4219263830519497,1.9643778310379776,3.1705538860353544,4.927821378348124,7.954934569699376,2.314004860579504,3.4530241190442847,2.8335216481916494
2020-07-04,200.0,1.3903074933222743,3.9576095389489656,2.7178955599767542,8.753401659231198,23.790831504317627,1.6823997097343542,1.49938517008195,8.855465308281541,9.100607046377878,3.2379166586597408,2.9225573706866603,3.639207749351306,1.7152378989747834,1.6234836999355209,8.47274617257565,3.2757850676329787,2.6771700629175794,2.4582983266695235,1.9602205976291096,3.166399203038129,4.895299880910829,7.963238982876623,2.320300204853143,3.436106147322796,2.629434028681378
2020-07-05,145.0,2.055737394007405,4.825364189114402,3.2000579278280994,7.858878945669871,25.148867873932208,1.3903074933222743,1.482952643893042,8.753401659231198,8.595111774814272,3.1326542724084265,2.465868723918368,3.271416704625349,1.533892150680798,1.607901174684139,8.423145402983266,3.1944299787297488,2.5928229447515334,2.4605537692456116,1.949277588822627,3.156889061308955,4.863944940100702,7.977800421446944,2.315976876552034,3.4250821380085825,2.519456174217917
2020-07-06,160.0,2.3869546114041,4.727638113101638,3.4164475308135605,8.249729701935228,28.184768670055902,2.055737394007405,1.4956430581782023,7.858878945669871,8.593576666555402,3.394070539414687,4.686326001393388,3.330281280134283,1.709481532354677,1.6897275675576193,8.317969284534067,3.2548804901609514,3.358250698666137,2.693010974754414,1.9514731625790744,3.156387386818737,4.889640565607493,7.993836709454161,2.3193204314554485,3.434758812664651,2.6677793883334644
2020-07-07,165.0,1.944852225794931,5.23811081841438,3.2552740154367963,9.386484530677134,30.555579189012725,2.3869546114041,1.7406913304710994,8.249729701935228,7.110888468616818,3.5842467311590407,5.020037389425857,3.387161140499914,1.9443331662445924,1.817057789447033,8.268848289588329,3.370323847660718,4.057410704912536,2.8285059492039517,1.9602037058623394,3.1629353657112924,4.890922480188849,8.007630625090801,2.3211743866334613,3.4496794847028767,3.1987355307057515
2020-07-08,260.0,2.359341103653932,5.395380924472089,3.502287269192636,6.97330002983314,24.422499918745235,1.944852225794931,1.93434473820423,9.386484530677134,7.51631708396604,3.759926449568818,5.439834985036087,2.042091501832685,2.1291814104021447,1.8462236316361518,8.593933441311231,3.5794145733808485,5.0487327919517755,2.791901192231257,1.9611139125779247,3.1663017294527767,4.917166026270223,8.016159630194574,2.321923810818022,3.465446081808719,3.6633681840752064
2020-07-09,175.0,2.3496419888208884,4.815245476916712,3.3960844300812743,6.686117632190613,22.706619988374417,2.359341103653932,1.5289692489857685,6.97330002983314,9.537256859417598,3.672391189199311,4.97150220444794,2.599835608901553,2.2303826469509866,1.9069373981289661,8.516359576435102,3.672188123309057,5.143791526303293,2.8461831603550287,1.9606277226787796,3.168378131061636,4.935313880764573,8.011643664204028,2.3316031508415658,3.4742228046066557,3.9851670592225537
2020-07-10,225.0,1.7749376313939698,4.727219315390217,3.062704099741257,8.539206809786835,26.1530637048726,2.3496419888208884,1.6823997097343542,6.686117632190613,8.855465308281541,3.697128297540129,5.1638187828909095,2.29419555841352,2.2179451060899162,2.024176360962555,8.109053972545533,3.709815312102753,5.191718657458311,2.86596828059411,1.9691445365615476,3.176483225284729,4.910379884168879,7.995400829215115,2.3466562396021122,3.4756016795974363,4.381420779685601
2020-07-11,190.0,2.050425829649351,4.782862564542393,3.1874161391508347,8.438785281394013,26.897920400743796,1.7749376313939698,1.3903074933222743,8.539206809786835,8.753401659231198,3.339886583693595,3.299800660586325,1.9929792093101315,2.1613069079562623,2.037396064056786,8.063874187046288,3.569802023477678,4.478373882641724,2.878072987345045,1.962891093771443,3.174188942569629,4.883322022019275,8.008048643324065,2.35913509541629,3.463481200598079,4.435312678242696
2020-07-12,150.0,2.3087930587740004,4.911303643273505,3.3785502915010515,7.735956161947478,26.13631694598701,2.050425829649351,2.055737394007405,8.438785281394013,7.858878945669871,3.528112459310369,4.326407707800202,3.048956018315547,2.0583351499547358,2.131698683532082,8.018928990212405,3.5217091135146976,4.263342383759144,2.958077598293655,1.9579563936980657,3.1692927713780987,4.863906966567927,8.029040511403602,2.367769086563465,3.4551554459718052,4.701103961654387
2020-07-13,180.0,2.3465078340519923,5.012856333900096,3.426354214582979,9.300674168440136,31.8674041354979,2.3087930587740004,2.3869546114041,7.735956161947478,8.249729701935228,3.574193787782903,5.591055604933829,2.770794055153393,2.0447188399391063,2.167849492784453,8.001368592537778,3.4807309435956224,4.405754657773451,2.7107536261694856,1.9608247122999325,3.1692452113285583,4.826924479646439,8.038060128366208,2.378472667477121,3.4428439848601236,4.83035104787445
2020-07-14,160.0,1.6935955191130143,4.788514692212751,3.057194966523785,8.097753057428262,24.756409887322274,2.3465078340519923,1.944852225794931,9.300674168440136,9.386484530677134,3.6658025600514494,4.848008451912491,2.2046327294368195,2.235242240825114,2.1620713817341524,8.151503516324192,3.5893696023815735,4.921823921548839,2.627834368660313,1.9656963776482506,3.1731629403353514,4.801684994701393,8.051871302617048,2.3872872421555495,3.4348605810852004,4.805775485372541
2020-07-15,165.0,1.6899927614665904,4.509658762212775,2.973775376444368,8.712816503590192,25.909959177854624,1.6935955191130143,2.359341103653932,8.097753057428262,6.97330002983314,3.5244305983059028,4.575457289044914,2.2966951071557,2.116298803979668,2.1261775664938782,7.967399020145783,3.5881423153800847,5.00484044863041,2.5560599647673574,1.9631567488577715,3.1729464597725805,4.805029902499643,8.04907577838654,2.390965766137754,3.428489801799898,4.682292957373802
2020-07-16,190.0,1.7008832415981487,4.93084303688007,3.1008116512821147,8.194834879120439,25.410639473509715,1.6899927614665904,2.3496419888208884,8.712816503590192,6.686117632190613,2.796250638245918,1.862517127601788,2.6156237069341746,1.9100320382105316,2.0305563747528295,8.215901373539648,3.32882793220109,3.76199428951973,2.3378388386465265,1.9566314002950582,3.1689177832380806,4.798703690793263,8.048633715170473,2.394616578298959,3.413114503061505,4.238152232110066
2020-07-17,170.0,2.106556060735872,5.106329939360966,3.290076008308387,7.925431930098252,26.07527344869749,1.7008832415981487,1.7749376313939698,8.194834879120439,8.539206809786835,3.2649687620705885,2.8772287569271167,3.921395996975135,1.6948238407259169,1.9378765537210094,8.431432408815336,3.19521666620747,3.1050677245246043,2.2726161308388195,1.9586761382966964,3.172923897571074,4.826252789538641,8.050239377838695,2.3902643961033383,3.417859812533909,3.911496514115238
2020-07-18,145.0,1.4874327855471152,4.548074224815613,2.9360204234341265,8.665933050866073,25.4433564254556,2.106556060735872,2.050425829649351,7.925431930098252,8.438785281394013,3.35186784376082,4.290934518623169,2.941444030456897,1.8324773546002031,1.9852506150555669,8.343750283145539,3.1376957480257754,3.0102268010506896,2.2880328878248926,1.9652399736090553,3.1775056273607167,4.862022322601174,8.056191675861418,2.3867564089917477,3.4272145437446278,4.053087065263358
2020-07-19,110.0,1.5539611182107524,4.3446464583300495,2.885819813804282,8.592370289599927,24.796032429270706,1.4874327855471152,2.3087930587740004,8.665933050866073,7.735956161947478,3.3443433788989374,3.4818667590287875,2.7927227195066777,1.7649573626270447,1.9048230373266761,8.37619996449869,3.320393328243449,3.5500100115263558,2.208201157434821,1.962369308417614,3.178882771863562,4.851333338782552,8.055219235054592,2.3814598207314797,3.4321350460349445,3.932438358296014
2020-07-20,260.0,2.149967856268577,5.0353499314255785,3.297183637749273,6.558094837425256,21.62324299276653,1.5539611182107524,2.3465078340519923,8.592370289599927,9.300674168440136,3.150203366067434,2.981681240216086,3.1507678320197967,1.7159833214979126,1.7969899029604979,8.498544839877612,3.2821381962423968,3.5848275059560124,2.3262157299119566,1.9564170007820678,3.1780881722888847,4.814587805001592,8.046806961148462,2.3782172444039094,3.4146543772398545,3.5596705919077647
2020-07-21,145.0,2.1739624111776696,5.582441998205157,3.347575327118124,6.653267075664588,22.272312707222127,2.149967856268577,1.6935955191130143,6.558094837425256,8.097753057428262,3.300668967676131,4.363464484469375,2.343128571110389,1.730453920008814,1.7689127632771526,8.106747792589772,3.2650719042141674,3.6090041612380817,2.3388841247690553,1.9582696204633885,3.18160577205001,4.787502188460249,8.035868356965432,2.379134482517102,3.396308655204869,3.4904500251301767
2020-07-22,200.0,2.274189963460446,5.816692884519147,3.527922982312925,7.95075201256995,28.04964075181627,2.1739624111776696,1.6899927614665904,6.653267075664588,8.712816503590192,3.748399661200213,5.973807253026584,2.3814280544122424,1.959297128552332,1.8375366050006752,7.9003926523378185,3.399757331647926,4.43965099257068,2.591658947585334,1.9577992324481663,3.182692980027175,4.7902132134346065,8.030700975993541,2.3841301155595915,3.396353789098784,3.6902143056989867
2020-07-23,160.0,2.396233840880152,5.706873863030642,3.5315312754738866,8.363611006166835,29.536353844175796,2.274189963460446,1.7008832415981487,7.95075201256995,8.194834879120439,3.872737519977818,6.056259539199181,3.1756559835744453,2.19937341030223,1.9209933481426547,7.791526296477784,3.6406020496180544,5.464510425565045,2.915454996142944,1.9569857276629024,3.185935843685187,4.802751529322522,8.033781257462481,2.3798621082216047,3.4036629947663646,4.289320364498614
2020-07-24,165.0,2.070105273974965,5.076003964378058,3.2653752065303485,7.653945738881684,24.99300464787286,2.396233840880152,2.106556060735872,8.363611006166835,7.925431930098252,3.826292327174076,5.872388897492296,2.190128192105949,2.2814620718394214,2.0203291480400836,7.815637171770127,3.815809836117369,5.967485229906019,3.065969564477812,1.9727322276310821,3.1999204810913593,4.793431722162211,8.040893147019279,2.3789341937817547,3.4032997165771657,4.717200384579355
2020-07-25,165.0,2.0537198874850997,4.933124495516978,3.2243234575758755,7.381560397878552,23.800538344392926,2.070105273974965,1.4874327855471152,7.653945738881684,8.665933050866073,3.4724248520293184,3.623513384317529,2.3610092278926937,2.246843026105187,2.0151218927885255,7.776853430167759,3.723818233060404,5.184053940336334,3.203484486460176,1.9782112340418274,3.2035490299979736,4.778980937771481,8.041597738509761,2.38179218848472,3.4005496022944173,4.621854508249977
2020-07-26,155.0,1.7039451607962073,4.035305858121211,2.835062810996648,8.960475886592269,25.403511954909956,2.0537198874850997,1.5539611182107524,7.381560397878552,8.592370289599927,3.438694860966077,3.331108365919426,2.290301892255985,2.173353000780071,2.0960200502082373,7.593371622598113,3.5791373467231566,4.275670215909749,3.2370932761915694,1.975912733217225,3.203181325957034,4.7531446660294145,8.040331810802423,2.3945910973284175,3.3885652692613646,4.60031759494864
2020-07-27,165.0,2.096089518517247,4.6770431570648485,3.187952516358267,7.538856087481442,24.033515234549302,1.7039451607962073,2.149967856268577,8.960475886592269,6.558094837425256,3.699371337581373,4.412069318262482,1.6232199491739812,1.9425901074187564,2.1174463420061596,7.645958136454162,3.5368303501922562,3.788897022833144,3.1116756294012236,1.9702937867586099,3.1981703572462723,4.725991254967879,8.045218938298857,2.3991903319179353,3.3948347576170983,4.804658748955268
2020-07-28,320.0,2.1085324855958256,4.779545714996996,3.21786274745527,7.500098679012667,24.13428814143334,2.096089518517247,2.1739624111776696,7.538856087481442,6.653267075664588,3.64076534147338,4.250667702962391,1.88656961645644,1.951251522266184,2.109749436613112,7.786066886462188,3.59294384667361,3.9979484623814314,3.205013328989254,1.97236557768888,3.2000602983707926,4.743361726542939,8.060668205193632,2.4018044389599655,3.4048895515814492,4.7885449230256985
2020-07-29,125.0,1.5935293856671726,4.110401692787096,2.8222824070633514,9.49662792471048,26.802165918336936,2.1085324855958256,2.274189963460446,7.500098679012667,7.95075201256995,3.5699353265178435,3.848973518194052,2.489345353314754,1.9695223883030923,2.1004023043871345,7.907042829797628,3.636690668524199,4.170570179806307,3.0514151093090582,1.968906546174097,3.1972619239232034,4.7719159780522125,8.071417350713881,2.407916667281283,3.428797497549534,4.4849972466210515
2020-07-30,95.0,1.688180123035478,3.999955434371112,2.8211698201533224,8.537770670035451,24.086500945694226,1.5935293856671726,2.396233840880152,9.49662792471048,8.363611006166835,3.5726264976357625,4.594316023007843,2.6168338708439465,1.9327171299267476,2.0031650789880957,8.127882245817704,3.5944423885423284,4.231319081388094,2.7583727608973865,1.9598859930395236,3.1902339062709433,4.774820297372643,8.087879986818985,2.4124003251834156,3.458077278873409,4.276148172879432
2020-07-31,124.0,1.5497550425188031,3.451120345562804,2.596791292915575,8.593138006478894,22.314585954046294,1.688180123035478,2.070105273974965,8.537770670035451,7.653945738881684,2.887924996608472,3.52242404484467,3.0162301994458955,1.7967473314328244,1.9020145478674277,8.152762197798934,3.3434956069206927,3.988571195348854,2.637718589488967,1.9476260374131027,3.1792767010441025,4.758138996520656,8.109216150373419,2.414930666809783,3.4545891449739243,3.9404389082154845
2020-08-01,300.0,1.591641014902442,3.5462921145315502,2.645358819351961,9.231517016014946,24.420674954312833,1.5497550425188031,2.0537198874850997,8.593138006478894,7.381560397878552,2.76773927705005,3.0602522808198023,2.449687991892385,1.6104881837404836,1.8276788005165476,8.286932521741393,3.0760969237647617,3.7256641162241038,2.438834693962233,1.9353663367970633,3.164562038269539,4.727366175751945,8.124713238306153,2.422052329298863,3.434289802904989,3.8599730362872378
2020-08-02,140.0,1.7443056158439396,3.8079384962690415,2.7884303633845646,9.242917045321082,25.77323053541805,1.591641014902442,1.7039451607962073,9.231517016014946,8.960475886592269,3.031278379538284,3.4465770043196664,4.059725651969936,1.6098587268189066,1.7616675330047393,8.551212038618022,2.895647551065602,3.343084443328045,2.315921796834514,1.922292454925908,3.1501446517840894,4.718683250363094,8.145500558594083,2.425635393189951,3.4282417820522286,3.8764685560587013
2020-08-03,135.0,2.06299372042047,4.236673821644502,3.07043244467374,8.275076177332068,25.408062377027125,1.7443056158439396,2.096089518517247,9.242917045321082,7.538856087481442,3.158975654878782,3.994864076461321,3.889792289077254,1.628567224421727,1.7674333122972725,8.59156077557928,2.985997770489039,3.5005644538669287,2.2699441746811617,1.9208972423946513,3.14328924732969,4.705991599422228,8.168960055908492,2.425685851240578,3.42561041525953,3.8168678072299635
2020-08-04,185.0,1.9701796089832608,4.0069870627236215,2.960074774234022,8.794732591935398,26.033066091521768,2.06299372042047,2.1085324855958256,8.275076177332068,7.500098679012667,3.1082597629682,4.046359541655697,2.9401715948005114,1.7996467837222827,1.7627053411405902,8.69673507412937,3.0995045991284216,3.82926687414556,2.1552654357972236,1.9285331519748394,3.1433051019187435,4.715293742178746,8.178881076365341,2.4229073995654895,3.424797264944856,3.787680927043293
2020-08-05,140.0,1.8519166940240896,3.946550732030708,2.8792019100044204,8.837115473004156,25.443839748803182,1.9701796089832608,1.5935293856671726,8.794732591935398,9.49662792471048,3.277915349655589,4.428104591351282,3.4519498071913013,1.9258263150825556,1.7429406444816524,8.881682775975474,3.1817169225008572,4.156442736489432,2.1090723179882995,1.9366215146244932,3.146401663369043,4.688014504632387,8.190176363844285,2.420123225751778,3.4209254252862196,3.870413937494326
2020-08-06,160.0,1.897576343143741,3.83202798896347,2.873082552136925,9.08817687773395,26.11108241815165,1.8519166940240896,1.688180123035478,8.837115473004156,8.537770670035451,3.1044990964915318,3.881341343432717,2.8520953989637032,1.961696674475939,1.779853117104069,8.787466711446,3.163558069705107,4.118601825479897,2.188842903492243,1.9401854425009897,3.1441607132216647,4.6619782585966885,8.1983433500999,2.415648393081107,3.404933837463969,3.768560411840736
2020-08-07,135.0,1.8308651746767557,4.198472682964896,2.936241048778653,8.606177187982018,25.26981073241524,1.897576343143741,1.5497550425188031,9.08817687773395,8.593138006478894,3.236565108997932,3.848973518194052,2.138306671913476,1.9065575487170294,1.8097668628338208,8.866096169688642,3.2063265183816845,4.052806484326016,2.228106155850404,1.9464028719102215,3.143499267426233,4.6151088309483255,8.207785877695231,2.4191433891696286,3.3874884594449397,3.815210336604934
2020-08-08,95.0,1.9593086893988767,4.518823645614945,3.078736999702919,7.864338036292035,24.212228490503286,1.8308651746767557,1.591641014902442,8.606177187982018,9.231517016014946,3.316377022000617,4.387879736063308,3.1030518890086007,1.8601194039481943,1.8499254531420999,8.867958909903374,3.2191470758300267,4.039398199230024,2.2532730021310914,1.947160360593486,3.1407582741477613,4.575211889564752,8.214505598922045,2.418577596660029,3.3756213205383165,4.00487140163972
2020-08-09,90.0,1.864812426878248,4.291059738085452,2.9763746825601376,8.135319244081709,24.213758232629075,1.9593086893988767,1.7443056158439396,7.864338036292035,9.242917045321082,3.557999403780544,5.233142549858586,2.9845381142085623,1.89591673573979,1.9024494066415905,8.672647627085814,3.3703138449263643,4.489998601371981,2.468305235623241,1.9485042448301861,3.136730090419225,4.565331161854693,8.220302958131185,2.4169174508742115,3.37098369074633,4.260095051002423
2020-08-10,140.0,1.8818466103145144,4.3687068560915305,3.0044633287058065,7.290893835280507,21.905223161587514,1.864812426878248,2.06299372042047,8.135319244081709,8.275076177332068,3.5084649334264517,5.12699575590098,1.838495850195548,1.884995430317959,1.9196646653607774,8.514419369765905,3.4609471197358705,4.916006013940956,2.6381385547177993,1.9453783095258492,3.1302060975201327,4.550792509277868,8.224585520570567,2.419921898353136,3.3766029690707593,4.421828148065232
2020-08-11,160.0,2.0032693392046124,4.84803024396483,3.1804088037722504,7.156423293319583,22.760351645594405,1.8818466103145144,1.9701796089832608,7.290893835280507,8.794732591935398,3.405763143147478,4.510563339424955,2.095592394941581,1.901989242197212,1.8937865067742123,8.373821892329968,3.490742493451491,4.956900548394839,2.6683758596361367,1.9445927378251893,3.1255665488978726,4.536987318996172,8.225570948893386,2.436558939235327,3.3725246585319955,4.488142976317983
2020-08-12,197.0,1.8419344915664144,4.643582537785058,3.061977507509042,8.114863620226181,24.847529881635964,2.0032693392046124,1.8519166940240896,7.156423293319583,8.837115473004156,3.597736135383431,5.247959558079557,2.059762538504162,1.9166427921324571,1.8985136110915484,8.139777706813422,3.5039880706524538,4.961839551135163,2.7402924371720165,1.937236451640075,3.117376817992556,4.534878205685883,8.2260865570348,2.4493666113491606,3.3733094034520135,4.605265114422022
2020-08-13,155.0,1.9786955975928684,4.881289787139814,3.1778313827894373,7.122538942710717,22.634227777286014,1.8419344915664144,1.897576343143741,8.114863620226181,9.08817687773395,3.650186820623439,5.185105293072092,1.991705119069667,1.9090168136951793,1.897087582169023,8.036598870702283,3.5512286997181164,4.981209396858866,2.8576864011052274,1.931676984739025,3.1105703322851523,4.522569079148715,8.230610631878971,2.4529478031351215,3.372788878804413,4.791517107227648
2020-08-14,170.0,2.039343530994843,4.450026533226896,3.1041181284161543,7.138760622124598,22.159556261560347,1.9786955975928684,1.8308651746767557,7.122538942710717,8.606177187982018,3.7195726220946734,5.799563472628067,1.8164633168400115,1.941299809454631,1.9086760470903272,7.75579345141325,3.6558318593671815,5.410876107926572,2.886853047501266,1.9341714879234095,3.1123756809544934,4.52566158231295,8.221746910637368,2.459695482719144,3.3792936129307054,5.070172815003935
2020-08-15,145.0,1.7297665881102129,4.122691776814581,2.873634020654428,8.526603540601625,24.50233801490533,2.039343530994843,1.9593086893988767,7.138760622124598,7.864338036292035,3.8541631875405113,5.905770699261642,2.300300716821034,1.9533245400513743,1.9384586694214825,7.546162513433619,3.7413075434195413,5.630146488320599,3.045838988803156,1.938256055528053,3.1130951030505543,4.5236738413467545,8.209221045937387,2.4656174173773433,3.4145573645738585,5.287014381175125
2020-08-16,145.0,1.3635003973993758,3.5750362554699646,2.5772992277298723,8.767989442300617,22.597732418385053,1.7297665881102129,1.864812426878248,8.526603540601625,8.135319244081709,3.73890341017206,4.958389681534026,2.661186289546095,1.915935238899307,1.9056669406659592,7.640771871192131,3.7708797399357485,5.554574617807911,2.861390171729881,1.9418138860899883,3.114339996764856,4.496735466011239,8.210536686351354,2.4714027831294656,3.430355186177241,5.247763971414474
2020-08-17,204.0,1.8368284511246653,4.09610891194237,2.911525071351341,7.493958743484944,21.818848765329008,1.3635003973993758,1.8818466103145144,8.767989442300617,7.290893835280507,3.40322083117934,4.516309793535164,2.39688994872315,1.7108701721681427,1.8340509364546915,7.731153328080546,3.6654291429639705,5.126823391443609,2.803641205592887,1.9393332066780298,3.1110493501468315,4.445692343214872,8.207411515424422,2.4780283386857174,3.4320669524245253,5.160523119647928
2020-08-18,165.0,1.7884806926794663,4.63490021376854,3.0408706179056675,8.594124955573779,26.133622064014155,1.8368284511246653,2.0032693392046124,7.493958743484944,7.156423293319583,3.442673187513277,5.120836693462433,2.3704351614487083,1.6433651455447504,1.8276197708561417,7.7601626006811815,3.528265809621559,4.865178722843873,2.8896429252271036,1.934913315311475,3.1056717723611262,4.430626832785763,8.196206054265769,2.4856777554722247,3.435344612711669,5.2477050273675685
2020-08-19,135.0,1.545832211842589,4.150728819611343,2.821971088800056,8.182205635107316,23.08994774488975,1.7884806926794663,1.8419344915664144,8.594124955573779,8.114863620226181,3.382142502339945,4.67910402594739,2.235930462468976,1.6629365137345016,1.7969356784954065,7.965548552431781,3.4093455070108543,4.7720835043149945,2.7781427785380877,1.925584473781713,3.0979640003092856,4.440301957967047,8.202305888918028,2.484713826290504,3.4430759172540863,5.166439951348687
2020-08-20,160.0,1.5455105144901415,3.724922059752416,2.684931492331488,9.403991497482162,25.249072925207408,1.545832211842589,1.9786955975928684,8.182205635107316,7.122538942710717,3.6128295593538096,5.262700601367623,3.4969307535147105,1.7237137852155726,1.7546353528205743,7.975168840271943,3.4792150830690107,5.020880440259147,2.640875958651738,1.9084084432411221,3.082338200591879,4.410814587573239,8.2068711721941,2.4827228990149863,3.453481270310009,5.177524995390907
2020-08-21,130.0,1.8856839052496877,4.486566194997582,3.0368719470300567,7.852686826648736,23.847604332662026,1.5455105144901415,2.039343530994843,9.403991497482162,7.138760622124598,2.9416132250003213,3.5846660683590232,3.005296550501923,1.6266078063373979,1.6927517695201846,8.30109063381072,3.3121950955646917,4.508823565224677,2.5542181843035485,1.8985209465930104,3.070513703205319,4.3488972562914805,8.223399288154967,2.481809236041027,3.426588389103346,4.861111080495329
2020-08-22,140.0,1.6265087466258548,4.198947106040054,2.860152559730675,8.798789357618961,25.165879903724893,1.8856839052496877,1.7297665881102129,7.852686826648736,8.526603540601625,2.7012429778564857,3.419827216350978,2.5119618512493957,1.6590088771941385,1.6708003944137342,8.403080091599882,3.0852285874035386,4.08906462869254,2.3808601153952216,1.890413442418073,3.0624663387837265,4.304559699974095,8.229424703032786,2.4820859018682775,3.387538571032635,4.505976297222377
2020-08-23,130.0,1.664337893173071,4.248211704304882,2.887418037668356,7.772791346973697,22.443297938284367,1.6265087466258548,1.3635003973993758,8.798789357618961,8.767989442300617,2.615847522147777,2.861967517497829,3.1646023322972527,1.6859010554552272,1.6560492742016828,8.441963779745217,2.752901241668195,3.2888202674026084,2.3368311721935453,1.8789201567835319,3.0503992293435447,4.254295474741076,8.23864185909887,2.482747504461634,3.347190410865092,4.206487416645777
2020-08-24,139.0,2.137481738289753,4.313587244379508,3.1370772254032744,7.331532234005501,22.99958279860865,1.664337893173071,1.8368284511246653,7.772791346973697,7.493958743484944,2.9044637460554004,3.770667896390974,3.218647696255625,1.7255101816828702,1.6990260593122106,8.299792623269942,2.7405180820198876,3.3508208767465923,2.28916074497846,1.8714591408970358,3.042113514309185,4.226702399405303,8.237869333381552,2.486182304418983,3.328258373999295,4.099967145625178
2020-08-25,175.0,1.8642753462647388,4.278007767133961,2.9724108948411905,8.158160662926763,24.24940563634834,2.137481738289753,1.7884806926794663,7.331532234005501,8.594124955573779,2.935094994508697,4.711581475334441,2.5746016862209764,1.809442792696225,1.741976528907223,8.276588836201451,2.818468754237291,3.78140562974108,2.21762183833967,1.869622879616403,3.036200676255555,4.206051157700721,8.235857618898551,2.492928262808218,3.3114717117840486,4.041502114464037
2020-08-26,100.0,2.0514336094406804,4.543161124756486,3.132381760609835,6.833822058325701,21.406139570752586,1.8642753462647388,1.545832211842589,8.158160662926763,8.182205635107316,2.731481063809887,2.8495690435275147,3.3488320515822108,1.8886983259091867,1.752804336562262,8.214308222966162,2.857013268124662,3.7772728050843085,2.16702414909863,1.8654902141610876,3.0318155665570736,4.214141221334478,8.234955450840198,2.4982108801892466,3.2792087026583325,3.780139974118341
2020-08-27,120.0,2.312758295727828,4.6323815760695854,3.333801261025008,7.189328843845586,23.967793565535878,2.0514336094406804,1.5455105144901415,6.833822058325701,9.403991497482162,3.216911729216356,3.377432098096332,2.205789034001784,2.0177302313317234,1.8250331076477038,8.021681997711646,2.9611625958449803,3.6461942056527614,2.187390066916426,1.8746910214837333,3.037166342724372,4.209678486924201,8.226503437314081,2.5030787013692875,3.2650802489164317,3.510815902222442
2020-08-28,199.0,1.9412136713745185,4.459163159442915,3.0551117431962327,7.810043244758556,23.860554831932273,2.312758295727828,1.8856839052496877,7.189328843845586,7.852686826648736,3.4736864571361323,2.4564878309801075,2.6010537875429667,2.076155750477748,1.934639933538802,7.705301618620707,3.140693083387459,2.8944963242013166,2.2823548891008705,1.8885211156809796,3.0472273116441686,4.204773015626619,8.22360726969753,2.503054009442354,3.2618719532703744,3.3496475825968823
2020-08-29,120.0,1.8837882003480184,4.344835541609272,2.9990676791862616,7.55853232516659,22.668549998491702,1.9412136713745185,1.6265087466258548,7.810043244758556,8.798789357618961,3.1921476548588945,3.533825937536628,3.113973888688909,2.101801858847675,1.9425727572709204,7.699209678350681,3.294248613737128,3.122581955537688,2.371021122450436,1.8959472925675849,3.0520345134216815,4.216398397848481,8.225011030513077,2.514489785652951,3.249189325177812,3.3659331141948323
2020-08-30,115.0,2.0949322458816986,4.498992440499115,3.1481201333695434,8.42174698262467,26.51267123414493,1.8837882003480184,1.664337893173071,7.55853232516659,7.772791346973697,3.180512786666374,3.558229809767209,2.3841013054741444,2.0459200558167874,1.9793269649455156,7.522030102286055,3.2821156328871335,3.18284785942798,2.5912495840624667,1.8983322403988667,3.052239360530394,4.227894401423086,8.229009650884276,2.520218170813254,3.258942251513076,3.465399155947601
2020-08-31,130.0,1.556953472557154,3.823758110840192,2.7206062839879714,12.308214843886358,33.485806648951254,2.0949322458816986,2.137481738289753,8.42174698262467,7.331532234005501,3.388003948131918,4.496982000099492,2.257779957051175,1.9733113725347444,2.040840443903891,7.6147380502361965,3.2535547965523954,3.863012582467775,2.69793673254141,1.901008698860158,3.0542020277494744,4.262823471254296,8.233178200721463,2.5224454427917977,3.2796177405491376,3.5691583136202465
2020-09-01,315.0,1.450855053678768,3.564344049291642,2.5999873680293057,11.480230611361764,29.848454571603938,1.556953472557154,1.8642753462647388,12.308214843886358,8.158160662926763,3.5284550077779584,4.631462761928727,1.9679972657836509,1.8452246395956229,1.9579078345135195,8.325692708790603,3.365657247525417,4.228891523931808,2.642079624470734,1.9014751025863477,3.0544518849836404,4.272072337797918,8.257870130758334,2.533469645350604,3.296190294823794,3.5577127831337156
2020-09-02,235.0,1.5645051956061622,3.564061850891413,2.6404770990454147,9.404979455599712,24.83363286950365,1.450855053678768,2.0514336094406804,11.480230611361764,6.833822058325701,3.520098175557039,4.267725553895561,2.1353255692239177,1.7009135907058728,1.8988477927155236,8.800274129995604,3.4788523771556386,4.465390105307925,2.654355643332323,1.8976160249854213,3.0498629059779296,4.263952522898671,8.27349872995589,2.537318037946812,3.3082277121797357,3.7603065703291505
2020-09-03,155.0,1.713057987136467,3.945549273082221,2.815171260553082,7.678402453585563,21.616017914294346,1.5645051956061622,2.312758295727828,9.404979455599712,7.189328843845586,3.29228495043498,3.8212855730741264,1.8975864315900544,1.5241045739473604,1.8292865907391642,9.167582329606176,3.4469460445899927,4.240157962966137,2.586878451794643,1.9005193200234862,3.0485725982957406,4.241532123873568,8.277387958102668,2.535868399619462,3.3143618850952947,3.823714209611693
2020-09-04,130.0,2.08636204505136,4.648698507015689,3.17611875249023,9.038257839933667,28.70658021525516,1.713057987136467,1.9412136713745185,7.678402453585563,7.810043244758556,3.196785055325836,3.5846660683590232,2.2673607970373717,1.5761394121404646,1.7436151180832553,9.237449988140458,3.3363893937726186,3.891225731776235,2.647293154927874,1.894807996575637,3.0421578205078235,4.239484197552189,8.268076580523871,2.5425097592693655,3.3116575419509697,3.9848825292372525
2020-09-05,215.0,1.377140391515437,3.987928344642827,2.7250282836106963,11.375424861430917,30.998354485487532,2.08636204505136,1.8837882003480184,9.038257839933667,7.55853232516659,3.581593408166768,4.892045235659764,2.6132015422173747,1.7879750759313289,1.7643506000370894,9.412909216022618,3.3568878046425277,4.099332292364303,2.6216971664116278,1.889798120469758,3.0381523408691016,4.262889123385021,8.27628260568381,2.5493524721986667,3.3275606856734776,4.178913857540557
2020-09-06,115.0,1.3958300542397115,4.173302760226977,2.7901673482298084,10.97447681028218,30.620626859954555,1.377140391515437,2.0949322458816986,11.375424861430917,8.42174698262467,3.623593176569463,5.393715265169299,2.029917480786864,1.7255201412344203,1.6919723416324353,9.958179578346092,3.467323880020689,4.6234755230626945,2.5005693440452665,1.8803362565650998,3.029314912005333,4.268085801907666,8.29613040526539,2.5463502064247687,3.3404616212591955,4.441126065455141
2020-09-07,190.0,1.261502825882643,3.5701666644883585,2.5442944761542936,11.185969912081562,28.460401457737248,1.3958300542397115,1.556953472557154,10.97447681028218,12.308214843886358,3.787578025320436,6.12997141691017,2.4003413817757484,1.6197774969355019,1.592100599969294,10.322855268011452,3.664254870018889,5.47191063924641,2.5477561858997686,1.8642777390748626,3.017446246655952,4.267246804483069,8.313577669616489,2.5502862550146363,3.356168321369856,4.6744102678566675
2020-09-08,170.0,1.4099074111477852,3.804543420166937,2.6678954938598483,10.23242263466963,27.299034238304625,1.261502825882643,1.450855053678768,11.185969912081562,11.480230611361764,3.666960612200482,6.025677984583012,2.6327510210747627,1.344824423879263,1.5498933647300785,10.16253456346791,3.6927106046967935,5.849788222220826,2.5365362944045144,1.8461420863592255,3.0032497474238364,4.235624905112183,8.33542049896736,2.55512753631281,3.3598003616505205,4.873583871092994
2020-09-09,205.0,1.833609257146792,4.188756139187102,2.9331632850691647,9.981645905743315,29.27779729528724,1.4099074111477852,1.5645051956061622,10.23242263466963,9.404979455599712,3.692826125138585,5.849505239195667,2.755989202670875,1.3557467637567122,1.5440437015113666,9.98427628108332,3.7157882542198344,6.001718213562949,2.5694706345698037,1.8400582493551225,2.9966696039924794,4.219407694514898,8.362596656246776,2.5562940838812165,3.365945734707592,5.0995523975644375
2020-09-10,240.0,1.7282743094054005,4.896035386372656,3.0975698229810504,8.562037440557315,26.52150879910425,1.833609257146792,1.713057987136467,9.981645905743315,7.678402453585563,3.679592155962948,5.915266402885179,3.43918566287427,1.501673164725739,1.5824871388743136,10.066657202532406,3.679792964434005,5.930149875554619,2.6063764168910915,1.8364446398134129,2.9924320564244513,4.213409337284751,8.38031043190247,2.5543058273412536,3.3750733684681076,5.3986925161088735
2020-09-11,210.0,1.4024854473201294,4.284706658856763,2.831942181703217,10.30927029879646,29.19525742174182,1.7282743094054005,2.08636204505136,8.562037440557315,9.038257839933667,3.6898463977555975,5.640688422163456,3.014170836389974,1.657263659233325,1.584660899198447,10.1928907720998,3.687421559619043,5.801820021414766,2.666018531333709,1.8267693273239365,2.9877490486157847,4.215009508698345,8.385937200638027,2.554522196468387,3.3781437105471794,5.692409995223793
2020-09-12,150.0,1.5266295247241528,4.791715934269472,3.02112293904399,11.121436660928277,33.59922741145522,1.4024854473201294,1.377140391515437,10.30927029879646,11.375424861430917,3.86435539304764,5.865183989164103,2.2222017857226417,1.654789671290773,1.4869642423796996,10.374463980508768,3.7445979822553954,5.807046271404244,2.63584354353274,1.8110356208784055,2.9778421814011224,4.203046979400735,8.401470978472826,2.549814562041346,3.38528266296132,5.831429817152984
2020-09-13,194.0,1.5114768458899113,4.298876311190026,2.860653441226444,9.381928449649912,26.838445904831296,1.5266295247241528,1.3958300542397115,11.121436660928277,10.97447681028218,3.8840308311518608,6.432921809228919,2.1158496128179918,1.55246309381656,1.5083198328380878,10.338179951865532,3.812744207318366,5.979598073518825,2.7171895172128697,1.8082528543052576,2.9772409809431255,4.200061184305057,8.416884191041829,2.5488257831505687,3.3907646032632264,5.9798878948757865
2020-09-14,195.0,1.5924408970423385,4.764323496847706,3.026020246164107,9.541629165342204,28.87316303571544,1.5114768458899113,1.261502825882643,9.381928449649912,11.185969912081562,3.7969649831663856,5.716114951658503,1.9280010410119843,1.4801972726447303,1.5248408030738305,10.11067304320378,3.8484504024552955,6.004740250017174,2.538212576849767,1.8052775890456465,2.9753556153561598,4.195022843570495,8.419638862653905,2.5520355072538377,3.388857996450755,5.9207655426969765
2020-09-15,153.0,1.5291359261653006,3.7978183888592776,2.6988513973023256,10.856079663128977,29.298945768061,1.5924408970423385,1.4099074111477852,9.541629165342204,10.23242263466963,3.758375941381615,5.46737330071181,3.0556539430073824,1.5435157558854666,1.5721176703823583,9.875767222241018,3.8131239185666206,5.872136687199743,2.5854734000739135,1.803470216636383,2.974109091937527,4.216410567571599,8.425595000834292,2.5544633269665518,3.3895070808244068,5.8410077307153765
2020-09-16,155.0,1.498852383599407,3.8895008833815976,2.721524694394841,9.786883785932394,26.63524590458748,1.5291359261653006,1.833609257146792,10.856079663128977,9.981645905743315,3.662593282064011,5.642490233260353,2.5768172830571494,1.5443512230325158,1.5891503153848607,9.964861083449494,3.7393114022040037,5.608659495210222,2.5533120015008057,1.7938465477268732,2.964255348420759,4.223836638684577,8.444635983339635,2.558300584429958,3.398152829187229,5.811434158438904
2020-09-17,200.0,1.645825958076574,3.710264101527411,2.7181065294705875,9.515652358033806,25.86455680654388,1.498852383599407,1.7282743094054005,9.786883785932394,8.562037440557315,3.490512159336659,5.09284158100945,2.59129090630974,1.540143068935681,1.5413279048780915,9.937037923476506,3.637160460927428,5.40090170499387,2.503472962433775,1.7940368743610782,2.9606804196034373,4.216949704399217,8.455100153898234,2.5585135232269898,3.399747461581342,5.693944898170941
2020-10-08,174.0,1.7207337082173977,4.8351860776953295,3.077134736386489,8.615258355387416,26.510310748306555,1.567046425404666,1.578573575804444,10.492435807413774,10.326009445489774,3.37165198857084,3.893650872850957,2.067160301706924,1.648256125386028,1.7037169726322001,9.883133781811162,3.2843632443803963,2.9929368177044378,2.289990059619029,1.7068643373611008,2.9082010591996066,4.267011988213565,8.619252685621099,2.6259350631512874,3.532707525593766,3.640629721611806
2020-10-09,172.0,1.784435907463445,4.880802995176375,3.1074880322780505,7.7711938788954,24.148891975179897,1.7207337082173977,2.0862135297705957,8.615258355387416,9.731734123266536,3.548899915725534,4.854797815468054,2.4358822731331955,1.687572588338677,1.7240255629769075,9.638740768939396,3.4521189506989383,4.096007779295619,2.1628873623305225,1.7044630253834199,2.9098803934300457,4.301366743464511,8.622237213896653,2.6202954114680144,3.5279099852799978,3.7318418421516655
2020-10-10,188.0,1.574284722371972,3.6819310616534047,2.680744173091534,10.611513231029424,28.44675226176584,1.784435907463445,1.8723316039333664,7.7711938788954,10.0009679608077,3.427654771912632,4.851446123646901,2.1010530097155264,1.6907386803618356,1.6809144740758861,9.35866359117209,3.449402225403002,4.533298270655303,2.05666795105318,1.7028395136692356,2.9115974718229167,4.324434971997487,8.622835068518883,2.6139512528281457,3.519512072478321,3.687645979519145
2020-10-11,194.0,1.7496698300017717,3.408863488883376,2.6797911015786244,10.494085054790132,28.121955749035827,1.574284722371972,1.444131722758907,10.611513231029424,10.621870513625248,3.025905713716488,4.1505628403889,1.6864922552582418,1.6931514460176038,1.6383363481385442,9.445884344060909,3.334153467118218,4.618935593167951,2.0635158045742688,1.6956897700553581,2.9032697279782385,4.283964827840179,8.643514800058426,2.6103512545170386,3.497380716343684,3.5731764319547303
2020-10-12,169.0,1.481756954327736,3.316494141910842,2.5234463966662504,10.36036068553017,26.14381484006379,1.7496698300017717,1.6027843193594506,10.494085054790132,9.695588644294393,2.9782315585451133,3.331108365919426,2.4621210786585124,1.7027968199457286,1.681984649173239,9.427629278513034,3.1439306813914114,4.111039109985074,2.110625099338635,1.6941520256959473,2.8968999545460643,4.254770055507732,8.664399638821841,2.608416007569418,3.4678432551935994,3.7381036569337995
2020-10-13,183.0,1.7152650905612583,4.386813727206548,2.9447095753371237,9.661868866212544,28.451397765987718,1.481756954327736,1.7749376313939698,10.36036068553017,8.313329977780702,2.9817197198379017,3.2807781044754947,3.043462839579113,1.6019038355671589,1.6646950255972797,9.522596712975288,2.9952856640331675,3.5874831035946055,2.1373737149232266,1.6858697149748616,2.885993538110678,4.205595995762445,8.68508316809952,2.606667841168406,3.4377662181498008,3.985988396045369
2020-10-14,149.0,1.671883330562526,4.225202907685224,2.8817652120954227,8.976449304462406,25.868019333737916,1.7152650905612583,1.567046425404666,9.661868866212544,10.492435807413774,3.3074302275838083,4.076274916352977,2.898462874787493,1.6488972916302547,1.6561703769068925,9.715245125608408,3.0891271686556077,3.5627204622492976,2.186059239935382,1.680468407634302,2.883336728892694,4.208527242962996,8.69966576922916,2.591999817554143,3.421448392963715,4.0626598627289585
2020-10-15,124.0,1.4232828600534373,3.0321538666884837,2.4075547882534534,10.238949636804843,24.650832224775456,1.671883330562526,1.7207337082173977,8.976449304462406,8.615258355387416,3.536181467616041,4.757846302831734,1.84465092619477,1.6229684584838393,1.6711470776437294,9.498675625186783,3.27511047167925,4.0382997745534,2.244720559860484,1.6795036866751738,2.883472248750044,4.1905565566575795,8.699076737136103,2.584182671784398,3.4140419105048627,4.186116352726212
2020-10-16,165.0,1.7310415413051037,3.9793894535777703,2.830803399478105,8.958699028855872,25.360315665786402,1.4232828600534373,1.784435907463445,10.238949636804843,7.7711938788954,3.424035334111353,4.301406464934273,1.787889557274178,1.6034770937257397,1.6286540993345924,9.730631522532132,3.422549009770401,4.37850922803966,2.124024445362326,1.6805000610527416,2.8806431747587706,4.165034405918553,8.706321923679102,2.5791116463930632,3.406089978906441,4.107060445507101
2020-10-17,198.0,1.5270481897010628,3.8367610307832334,2.7145897450497727,8.43542556916968,22.898719745198658,1.7310415413051037,1.574284722371972,8.958699028855872,10.611513231029424,3.086022095743801,3.5735070638578628,2.0809639081978086,1.6087359106403547,1.6210263327405436,9.900275115383627,3.348746299157065,4.2109199438746225,2.0640260569280824,1.6787369458890822,2.8792978135608833,4.168030691591759,8.706776199163482,2.5722974879426195,3.392606976786679,3.924497722680095
2020-10-18,143.0,1.490245604362823,3.337130870770821,2.5362347196548587,9.700544223709734,24.602857059720016,1.5270481897010628,1.7496698300017717,8.43542556916968,10.494085054790132,2.975652089887256,3.8415080322665776,2.209542900051714,1.5604575303532002,1.6142782566446994,9.589405449403662,3.1619031732474703,3.9054738536862366,2.1092231842475413,1.674379737506109,2.873859799013285,4.172247255900286,8.702289673868737,2.5720093083702626,3.3711908730479534,3.8803470358054777
2020-10-19,241.0,1.4400325686995634,3.395624890606668,2.537362226934384,9.544639833003885,24.218208581957363,1.490245604362823,1.481756954327736,9.700544223709734,10.36036068553017,2.940267409867893,3.274350833029936,2.164957411248125,1.5827784451229956,1.5772176529819926,9.476042473535035,3.00064719849965,3.563121976384791,2.089861856446807,1.6734532940481128,2.8690975261941984,4.158918953055016,8.713281000888612,2.5717391201219457,3.346109216309226,3.872238816821265
2020-10-20,251.0,1.5882807560201435,4.130702780597522,2.826535833414604,9.118549791961168,25.77390773575352,1.4400325686995634,1.7152650905612583,9.544639833003885,9.661868866212544,3.047770105263571,3.77785757062797,2.153743958559569,1.485775454254482,1.571257026463682,9.359510923174138,2.98789653500624,3.6312388119748267,2.1033894698624125,1.6716953282849365,2.86663803843758,4.154491517377783,8.739218258073766,2.5679286529725722,3.3193626111137315,3.943250169128762
2020-10-21,273.0,1.432749583160573,3.695667872511328,2.6385016751368577,9.074697152025092,23.943603636977876,1.5882807560201435,1.671883330562526,9.118549791961168,8.976449304462406,3.115918451894095,3.913289658782226,2.154926995846093,1.5061863096941757,1.5531164072435228,9.2818939125668,3.0346519890085197,3.655166020813376,2.0996004225433915,1.666738609131111,2.863132436543989,4.187498683781806,8.760267119244023,2.5700854297563427,3.306139023906002,3.9199665609043683
2020-10-29,168.0,1.4582606954798092,4.433259795208422,2.8881557754740323,11.202354066802425,32.35414359694044,1.608850953389702,1.4770371244697034,10.800488549332034,9.434266711759989,3.597648684922262,3.893650872850957,2.2089657920786108,1.5872790073975,1.556883762445431,9.461733094527542,3.2210440454981804,2.6997295476227277,1.9215604307572136,1.614224249448346,2.820485934091707,4.031752234461201,8.811197498920464,2.5465953205538914,3.2825651764865187,2.4283059668551625
2020-10-30,200.0,1.5847478089748566,3.5736328617558,2.650437940585072,8.80337731153045,23.332805231766116,1.4582606954798092,1.5996487521006053,11.202354066802425,9.137677712255854,3.5888562641733524,4.2335993066419775,1.982125326019602,1.5465767483117554,1.5542014154468748,9.714317002390747,3.458092065704838,3.3747448119171586,2.047191675949801,1.603613056941648,2.8161531947934484,4.031917372437477,8.82165149041759,2.5417234649650067,3.2845500267526244,2.766771778994642
2020-10-31,148.0,1.4463171157313313,3.7835432598447256,2.6699794996345543,10.134822447582298,27.059768167480833,1.5847478089748566,1.6319331348413215,8.80337731153045,8.422756924500653,2.837587185921306,1.7449555148549891,2.362897511199185,1.550619819281455,1.5520727092860536,9.66655980228712,3.34136404500564,3.290735231449307,2.0091860334414138,1.604076295881943,2.8149837224034,3.9989583413475844,8.819033320530231,2.5358324513012156,3.260226002428696,2.5641688010941435
2020-11-01,319.0,1.4245280693779971,3.495365499091301,2.565994707144708,8.511207508239965,21.839713417554048,1.4463171157313313,1.427730303513885,10.134822447582298,9.475796273952696,2.5265949011038527,1.4997667794642613,2.523818243903656,1.4964418733953313,1.5255561351274836,9.91114059129878,2.9843461170661705,2.4927738669870747,1.972442040117023,1.6040006635828192,2.816150257930154,3.9702032327564836,8.825901408386878,2.533772014480783,3.2163410860396437,2.452536180704002
2020-11-02,225.0,1.608991074203634,3.4345551279306505,2.6179316376828243,8.202471233029545,21.473508948131293,1.4245280693779971,1.5803674727370436,8.511207508239965,9.209882568546274,2.8706398435897014,2.122290123086442,2.7166074169947927,1.4851976646947274,1.525098673108071,9.773342196196962,2.744940643538287,1.7890041391352296,1.9356686039692974,1.6016677114790165,2.814908884731809,3.897585614349139,8.818413142286031,2.5355411895897375,3.180812162810313,2.528542909559408
2020-11-03,217.0,1.852470639796373,4.315378626531735,2.97868889922114,8.20374317527312,24.43639872824723,1.608991074203634,1.5726185960657575,8.202471233029545,9.75126292134529,2.7886023412693213,1.837134729448544,1.5081531865730176,1.4932787531043197,1.5291877590318694,9.629426291123144,2.7286123619876252,1.819730543999748,1.9060192597880012,1.599933262930136,2.811621557683971,3.8486427808380808,8.814331071106151,2.535164183998708,3.145566475908295,2.475483083229388
2020-11-04,211.0,1.734159678669312,4.235676061065276,2.9056131348808814,7.561827282226677,21.971744674938428,1.852470639796373,1.608850953389702,8.20374317527312,10.800488549332034,3.046549450194614,3.1156796374729723,2.164957411248125,1.6286632611260004,1.5691666224219578,9.408352041684264,2.9019305450178785,2.3583681633359848,1.913362135833711,1.596035072842553,2.8083310601294866,3.8944973646594763,8.819257908729982,2.5362407894971595,3.135463100307831,2.635296709117163
2020-11-05,191.0,1.746510622621301,4.282822816693796,2.925407734781078,7.403127642038647,21.65716686559146,1.734159678669312,1.4582606954798092,7.561827282226677,11.202354066802425,2.753621528923472,2.791635212160688,1.9827653079260903,1.7318737975564389,1.5870678688904734,8.945686146383498,2.862924440129136,2.5814831930274003,1.9639721778069883,1.6019853942951172,2.8113408076506565,3.9093843816615346,8.819444963429053,2.5251295337811097,3.1257293913796165,2.477865900447125
2020-11-06,199.0,1.6660669757203246,4.596852063744288,2.9927539768369797,9.087457173491206,27.196523595301546,1.746510622621301,1.5847478089748566,7.403127642038647,8.80337731153045,2.762395362409109,2.465868723918368,1.922413650878444,1.7777136470289945,1.6282464299106862,8.402939514274387,2.8541887805090647,2.791061191184008,1.9382920672912645,1.6078300704348105,2.813594814093178,3.9081288714359372,8.814033585810995,2.5223414409399028,3.1032824051999057,2.225332960058038
2020-11-07,217.0,1.881148234711778,4.669414513883998,3.081756227403973,7.770948081949548,23.94816764438098,1.6660669757203246,1.4463171157313313,9.087457173491206,10.134822447582298,2.8604271645797072,2.511702266582277,1.7385349445295726,1.7155790923369783,1.6398634537314674,8.443522351697352,2.792148018637429,2.58973540088711,2.052407832511683,1.6145728062654385,2.821069139104556,3.920201346776989,8.812187478330458,2.52169010693145,3.086241577733534,2.3348682103047933
2020-11-08,159.0,1.490245604362823,3.9219044738185698,2.7305566825916103,8.784474308843093,23.986505027065824,1.881148234711778,1.4245280693779971,7.770948081949548,8.511207508239965,3.226960423233642,3.2807781044754947,2.244184403979093,1.764575277684467,1.7019821850143886,8.105826013749816,2.949927650074153,2.752783031658712,2.1177756924982467,1.6224268199915053,2.8279668179969577,3.914675627983278,8.820396698964347,2.517216968110593,3.0755102613171386,2.589298399592112
2020-11-09,224.0,1.6793609568883552,4.242185804999877,2.8898868813059546,8.263618120446798,23.880921598401372,1.490245604362823,1.608991074203634,8.784474308843093,8.202471233029545,3.150623182326994,2.9151880231865666,1.8899141101661516,1.6791536049316411,1.711370404297935,8.144864128121691,3.0793369233801147,2.9025561314147783,2.04640993783708,1.6167040924451055,2.8245900412889986,3.8827123439380182,8.821361781306711,2.512004923092514,3.066275874997617,2.702569528177844
2020-11-10,251.0,2.067161254492537,5.056624899728172,3.258573772664771,6.976069755647522,22.732037942032953,1.6793609568883552,1.852470639796373,8.263618120446798,8.20374317527312,2.9746550442561213,2.7996280390015484,2.3875719029211298,1.6835849319876512,1.7214232446814666,8.153599397752727,3.117412883272252,2.998531388887869,2.087389601293031,1.6158888699031548,2.821128658927747,3.901387502049567,8.816602620948073,2.51556722041492,3.064567519348938,2.840068572399702
2020-11-11,186.0,1.8073803919854463,4.561383543509206,3.0254833888288784,8.509876860639116,25.746491082842887,2.067161254492537,1.734159678669312,6.976069755647522,7.561827282226677,3.2278903419099776,3.4168039501699496,1.8989179136894152,1.745589271914571,1.7520933324952044,7.978217480663355,3.1177228561643644,3.043873337452687,2.1002256345425425,1.626966800022695,2.8282391854437723,3.9563128824110603,8.798745174138359,2.52544115243844,3.072889478794434,2.883086331356413
2020-11-12,208.0,1.7038321424441685,4.744944959385194,3.0459107597683883,9.048597858635022,27.56122157843361,1.8073803919854463,1.746510622621301,8.509876860639116,7.403127642038647,3.352268182068898,3.980654738692519,1.7255573546553562,1.8513008677887788,1.7625534343975093,8.113653134722275,3.184937856078333,3.399028909288005,2.00358383979841,1.6316459811437165,2.8283118596068544,3.9978091957976725,8.792554365522697,2.5208520283435547,3.0852410942021335,3.052946263718103
2020-11-13,188.0,1.7903271940295646,4.659433778582424,3.048239876113318,8.050427930753456,24.539635438299108,1.7038321424441685,1.6660669757203246,9.048597858635022,9.087457173491206,3.328142183813059,4.114826075206382,1.6649995978443626,1.8594579296407165,1.756456508657919,8.348720308521758,3.302766902597312,3.837428254689616,1.9887652249909895,1.634851902752954,2.831399481582553,4.009746903536961,8.79799978653168,2.520506782933897,3.0859314927431085,3.2885115996163914
2020-11-14,234.0,1.7565179668680309,4.3490538086267465,2.9472592020546915,8.123754363032452,23.942809801679342,1.7903271940295646,1.881148234711778,8.050427930753456,7.770948081949548,3.385519590724108,4.018443161760141,1.530989535260499,1.7671799094863925,1.7742079684163818,8.200573273844936,3.355309985535355,4.037974658553012,1.9384576254841088,1.6381500077027413,2.8317698087483736,4.0242212659002,8.793665243984869,2.522053773081936,3.080909430180044,3.503760298927514
2020-11-15,190.0,1.660422454224675,4.284576795279251,2.895877094387508,10.15876304835462,29.418529219040362,1.7565179668680309,1.490245604362823,8.123754363032452,8.784474308843093,3.1792679294891366,3.4934663956201355,2.2955845362990623,1.7502257677805872,1.7564036444387037,8.250974171142493,3.297643234675435,3.8755785441955517,1.9171059451614814,1.64193970838112,2.8359099388275797,4.068117930631476,8.788310536156217,2.522971668412122,3.0727505166926368,3.534144340519606
2020-11-16,216.0,1.565816063639916,4.376726032607058,2.898722600217264,10.72825188700966,31.098226205698413,1.660422454224675,1.6793609568883552,10.15876304835462,8.263618120446798,3.3883421481357456,3.8986046776596335,2.244184403979093,1.7357558717074228,1.7807146229903967,8.447301133929855,3.3177098894496635,3.8035047450133024,2.097139005520114,1.6446325428915414,2.8388158121607905,4.078290842021525,8.804245692253847,2.5176161249677063,3.0828278517723686,3.6746324340157583
2020-11-17,256.0,1.5828968537029484,4.288987465686287,2.872735071014733,10.341479903304911,29.708332004418068,1.565816063639916,2.067161254492537,10.72825188700966,6.976069755647522,3.401536403089606,3.7467146938476015,2.2078111293110627,1.660918828244207,1.7644939239549053,8.799391672010264,3.3230488269048295,3.7129285890424555,2.204330758616268,1.6432990446509304,2.8418260800065687,4.096289675415653,8.828495439867048,2.515264624714928,3.09702399554578,3.8099305275651942
2020-11-18,214.0,1.7370459835121457,4.109196838386283,2.8716914187773237,8.45533756778323,24.28112033626863,1.5828968537029484,1.8073803919854463,10.341479903304911,8.509876860639116,3.1965864305066565,3.2775667297081985,2.6977282702323446,1.6030451238558456,1.6953132952706784,9.280164550247035,3.328821660577336,3.6409620337384765,2.153810485662365,1.645196224324624,2.845312770639437,4.128018228579502,8.849379575947045,2.512306789126836,3.105567962900406,3.790039496070659
2020-11-19,204.0,1.7948165818469266,4.216825061721868,2.925669761405844,8.191361141316198,23.965217595903663,1.7370459835121457,1.7038321424441685,8.45533756778323,9.048597858635022,2.774921915604282,1.9670598736796776,2.183132374561301,1.6285863002850025,1.6852655226316355,9.272373222696192,3.124348249733515,2.997113765745158,2.1940581863763358,1.6514552499239215,2.8504989567909496,4.151803960172155,8.859817529795345,2.5077854745323904,3.0964730232450957,3.50238308678311
2020-11-20,169.0,1.5062574905380115,3.664173043506804,2.649024670198436,9.430525450854653,24.981694572248205,1.7948165818469266,1.7903271940295646,8.191361141316198,8.050427930753456,2.6978731014798503,2.390042739649576,1.1654393152161986,1.704919806354006,1.6982632996891724,9.149910834507791,2.8897938158635963,2.544889781012483,2.139207454922147,1.65811418376889,2.858739949126892,4.1546747028763,8.859027187911266,2.506941389956731,3.082538178231288,3.255985467417852
2020-11-21,123.0,1.620062019436151,3.884100279882575,2.759450946489963,9.177014653666149,25.323521772011315,1.5062574905380115,1.7565179668680309,9.430525450854653,8.123754363032452,2.403309178484058,1.452716822522394,1.8178471794521545,1.679373351965694,1.6576819134760934,9.347067623093675,2.625368065189397,1.9366064786172146,2.024143860698768,1.6557025125230695,2.856509007319991,4.153624875242816,8.878091951771331,2.502280966607622,3.0477089600892175,2.889453133241031
2020-11-22,150.0,1.4933116689542094,3.3836386695644274,2.55345542573201,8.304326979611062,21.20472878314058,1.620062019436151,1.660422454224675,9.177014653666149,10.15876304835462,2.8539334043883677,2.380535928475548,2.385436769045645,1.6403786972736958,1.6381882067001106,9.49753337889849,2.651705228117425,2.074431830215838,2.0480295736662404,1.6544040230269454,2.8542051216045574,4.177744157175395,8.888037051423158,2.4973645453857425,3.047650792400746,2.73046306650609
2020-11-23,237.0,1.7056368957356247,3.3134807774082544,2.6296861542165346,8.020007510680772,21.090102707549843,1.4933116689542094,1.565816063639916,8.304326979611062,10.72825188700966,2.776556537949382,1.460710576402295,1.5676918407701617,1.5398770596427898,1.6143152373757583,9.232613940506553,2.677933040273936,1.7646544424667443,1.9451581064846764,1.6490904584786052,2.846661342187403,4.163098130670508,8.900704875684129,2.49448771773799,3.035867783808179,2.382192480612184
2020-11-24,202.0,1.622447914453758,3.336705519033746,2.593417831599366,8.792489770205055,22.802599754204802,1.7056368957356247,1.5828968537029484,8.020007510680772,10.341479903304911,2.610822674025933,1.8752302969552064,2.1040808256591195,1.6063368613753275,1.6342896419608597,8.845721886745283,2.7471042054545607,1.9054922672776822,1.8542179865343058,1.646043769546352,2.840697182243788,4.131982321794045,8.895412770424665,2.4890450046423562,3.0127828703552852,2.114837566770414
2020-11-25,221.0,1.6710310088835707,3.700837430819692,2.7250543549655557,9.020959388885792,24.582604668650646,1.622447914453758,1.7370459835121457,8.792489770205055,8.45533756778323,2.7131854246015576,2.187406411449904,2.345575073684181,1.6071321597145298,1.6399397934966895,8.624437582016732,2.700188212192291,1.8411157616024674,1.8897128355816137,1.641923075723484,2.8326719223045957,4.132681130213826,8.89335865525018,2.4865881219024293,3.011360009158212,1.9591003784478
2020-11-26,183.0,1.7744115183062317,4.005642532270182,2.857599942414664,8.345944143816007,23.849369504764624,1.6710310088835707,1.7948165818469266,9.020959388885792,8.191361141316198,3.0163236738980403,2.0320047249324142,2.03367061230291,1.6663719396909837,1.6305090828354645,8.705240699317098,2.7801105908418435,2.0315471444458404,1.8606929908620764,1.6413632150302218,2.8280544846415947,4.123038586420135,8.89619763934399,2.48455707879017,3.015980391503034,1.9683782143410482
2020-11-27,173.0,1.766292866524139,4.358716366312939,2.9542368907195367,9.612328546745893,28.39709559851323,1.7744115183062317,1.5062574905380115,8.345944143816007,9.430525450854653,3.0403169599231448,2.198135871741802,2.4256707377266244,1.6892968138811861,1.6275940737582226,8.727323985388498,2.923275352807581,2.139182336041372,1.977370301766903,1.6400267379905105,2.823385898078708,4.1168735255802495,8.89454675585906,2.4764170100863203,3.0110652485665086,1.9409629474970806
2020-11-28,213.0,1.5563251082846832,3.748620842473112,2.6939903005141588,9.999497358363907,26.93854889344932,1.766292866524139,1.620062019436151,9.612328546745893,9.177014653666149,3.2576415021816474,3.475975134277141,2.568189451125236,1.7372451312379795,1.6647419846133837,8.753295856230105,3.104760712000944,2.568705243650451,2.1236003214796404,1.6425590703906485,2.8230642829299897,4.109321290229318,8.911223023046588,2.472467505094868,2.9997316758084884,2.22999984917633
2020-11-29,117.0,1.5661239621973313,3.4917509516595064,2.616815341796716,8.646139665228558,22.625350923287215,1.5563251082846832,1.4933116689542094,9.999497358363907,8.304326979611062,3.274897772537392,3.783050659907921,2.031794858368321,1.6990098310383506,1.6556367115917452,8.870793385472641,3.1909520782140617,3.1523872219756206,2.093810557955645,1.6418477437395724,2.819232630388201,4.086499991804808,8.927777558209241,2.459845816010941,2.989266392753956,2.430359096523812
2020-11-30,322.0,1.6946359066922805,4.363343083828676,2.9307377768708203,9.76526495164566,28.61943089494054,1.5661239621973313,1.7056368957356247,8.646139665228558,8.020007510680772,2.929345216763566,3.7309920556752343,1.8494257457679573,1.6295806456687172,1.666038467769334,8.919623769132283,3.1539614971608683,3.663339283286764,2.0946440619888564,1.6412640101491702,2.8134147105980407,4.083770594801598,8.921836776914649,2.449848294703847,2.9923249937820318,2.754685022134232
2020-12-14,234.0,1.72328004989323,4.626895732885572,3.016745764371375,9.675545362476653,29.18866049023454,1.543979407106794,1.955381668717079,8.23719588228581,5.6221382427313245,3.1426407728865184,5.309469093861548,1.9128482014504955,1.722785114464014,1.7474184518347857,7.140936599960179,3.1354330140261673,4.324067847631853,2.140455357223295,1.6359929165925788,2.7967665312221257,3.9600277898132457,8.941620397922213,2.356339033935965,3.0096736445570116,3.941953889972314
2020-12-15,238.0,1.403568019287712,4.040157536558135,2.748256974254272,11.856508323718923,32.58473169096436,1.72328004989323,1.626710826123807,9.675545362476653,8.695309807492661,3.303070386731098,4.070562163278089,3.385195039616451,1.6638189351903545,1.7142610777170932,7.719994759923799,3.225616029560186,4.591568872293198,2.104679672247697,1.6409928697565754,2.806919714157424,3.96928918728854,8.953287820804736,2.354208521887951,3.0138003931317443,3.8386055457368466
2020-12-16,268.0,1.4715183446738178,3.840750598614503,2.695879196949115,10.19845605608083,27.49380552258803,1.403568019287712,1.6463418179588851,11.856508323718923,6.648747401854022,3.308770952014713,4.424080970955645,2.6361138518074365,1.5569424920959112,1.6823835338833653,8.171594547956122,3.2514940372107763,4.601370742698426,2.1784956117071252,1.635534977722952,2.8055439404036937,3.961141878664503,8.974558322623755,2.349889130383402,3.0111480199277096,4.056848224469734
2020-12-17,195.0,1.5598486063922372,4.787039470848553,3.0230296821275995,9.090849486299415,27.48190783283757,1.4715183446738178,1.835139506651685,10.19845605608083,5.421400906003395,3.161524437023988,4.2032974657078,1.9705729304644244,1.5327888046182523,1.6574087519854983,8.678695784274238,3.257788591923266,4.232646866647177,2.187300564092487,1.6346094803058313,2.8052320979353493,3.943276030864751,8.985265561066962,2.3535150482000917,3.0031476210588557,4.065968479285398
2020-12-18,227.0,1.6857711089984782,4.439225041948999,2.951412676389979,9.93972157075588,29.336220243715818,1.5598486063922372,1.9001785877142083,9.090849486299415,7.292344795718965,3.271013034369836,4.21631297168904,1.454226210385587,1.4783116567845882,1.618081480519863,9.202902724316525,3.2471028078028454,4.281230469450827,2.2252719075745024,1.6357695303396549,2.813345347309895,3.95987776437016,9.002150592059454,2.350280275092053,3.005628507854295,4.269493873503733
2020-12-19,213.0,1.5295523599236287,4.510240029913455,2.930645003709529,11.152549587668435,32.684163727723266,1.6857711089984782,1.724197348571042,9.93972157075588,8.069419163635082,3.230156098855656,3.828934026462083,2.1947799054116857,1.5723793533548438,1.5874518407033302,9.581099406464658,3.220897856749827,4.08284815461964,2.3192629212173794,1.6398651726779705,2.820246188134155,3.9708787044889173,9.024060288693397,2.3450905964470783,3.0208029806293406,4.349618864527737
2020-12-20,251.0,1.4291696431598062,4.139659212039654,2.786853401443863,12.112858157295804,33.75675995686685,1.5295523599236287,1.543979407106794,11.152549587668435,8.23719588228581,3.298361089491452,1.560716083390255,2.038352915614291,1.5917240251047806,1.5596454137536997,10.021546609897992,3.266510074238981,3.201987693847125,2.3936198874969477,1.6388863660763617,2.8219813409724037,3.9806592034286368,9.045405605860719,2.341802411555421,3.0408192468963935,3.944767539334923
2020-12-21,237.0,1.573603855608306,4.42054824802903,2.9134763945450075,11.039720538331537,32.163965190802635,1.4291696431598062,1.72328004989323,12.112858157295804,9.675545362476653,3.350099338088227,5.007150911109617,2.2242091224717586,1.5481643706939703,1.5432440189041299,10.575212649185135,3.292872175478445,3.4656003403206506,2.460601907930542,1.6388267004096824,2.824453869744187,3.996508742379732,9.070400586868246,2.345118262391362,3.0723789188832,3.9015792275132184
2020-12-22,170.0,1.5818570366611815,3.740496819275414,2.699938538163128,8.959848806861674,24.191041089760752,1.573603855608306,1.403568019287712,11.039720538331537,11.856508323718923,3.3847049090024472,4.8616519995646845,2.053268836156151,1.5107752862305797,1.521861705434855,10.770094817164404,3.3443884455273754,3.809839664688185,2.5693953114918697,1.640436145928659,2.8318439587484363,4.014390341317947,9.092972418864578,2.3446647906469225,3.0900713023703354,4.014592061268447
2020-12-23,171.0,1.910656288330652,4.489386277742848,3.047966345686252,6.127434795986345,18.676215043553285,1.5818570366611815,1.4715183446738178,8.959848806861674,10.19845605608083,3.16205692335924,4.594316023007843,2.06377277454666,1.5282101784764306,1.5473315650596364,10.356286314756224,3.2989537234833044,4.821039644560714,2.512486151035953,1.6401396173380018,2.8312893958196628,4.02628561297498,9.103494341591132,2.331274472010091,3.1029213152173307,4.03891135441876
2020-12-24,155.0,2.044891545175739,4.736100838258245,3.1732895359932263,4.449916861478044,14.120874612568098,1.910656288330652,1.5598486063922372,6.127434795986345,9.090849486299415,3.0376121197413264,4.163848988353761,2.2589092275274223,1.6887057268667125,1.6100655570106128,9.77471184902844,3.1947913173676716,4.539939003642096,2.5119677688323274,1.6447850032294906,2.8341480891222655,4.065482462986133,9.084607400987094,2.334232812071155,3.117147630074511,4.033275857653898
2020-12-25,161.0,1.4960900955136578,3.5778398998847103,2.6091022181588235,6.971914717470861,18.19043815416737,2.044891545175739,1.6857711089984782,4.449916861478044,9.93972157075588,2.860004248178796,4.137206992399192,2.149894718835096,1.84580162338919,1.679357405408256,9.11172147405396,3.0198910970931205,4.298457334586931,2.51834463452789,1.655071023923855,2.845271263062801,4.112128973626949,9.064014472813737,2.3331887529531605,3.1220415908604187,4.021975003469634
2020-12-26,167.0,1.578573575804444,3.75543543464647,2.7025669382294355,8.712600617969938,23.546386376122904,1.4960900955136578,1.5295523599236287,6.971914717470861,11.152549587668435,2.6405947601235846,3.56215992430993,1.9443501105825,1.8172126430066822,1.6522601177675675,8.687749066441814,2.8460703760145694,3.954405301687627,2.3625562020652766,1.6536664009701316,2.8424232955218307,4.108029055929117,9.060493246403459,2.325320786942791,3.1095172937346036,3.9838644174478977
2020-12-27,184.0,1.6590469245874602,4.364466907704796,2.920161701618214,6.44259204844488,18.813410559018777,1.578573575804444,1.4291696431598062,8.712600617969938,12.112858157295804,2.6317986405402163,3.4227028696074897,2.55506449183029,1.706518405497946,1.6592631486076836,8.339184927913458,2.7107992162808654,3.707356595438869,2.2628658294996065,1.6537656506324434,2.8401082194161438,4.09968881934166,9.055266397691856,2.3193947712046254,3.095900016421839,4.249862529764646
2020-12-28,177.0,1.9460366583863888,4.731142267014282,3.1256046371141584,6.035721155878406,18.865278033141575,1.6590469245874602,1.573603855608306,6.44259204844488,11.039720538331537,2.878995542584469,4.2335993066419775,2.28584378916929,1.57790353196852,1.6921027602402057,7.529146912363325,2.7171296477494233,3.7394873668531314,2.2403029995999906,1.6546022501524058,2.839226741960971,4.099880504054721,9.041298540214584,2.318150450211289,3.0832784844352665,4.13935515769784
2020-12-29,167.0,1.8639296972260275,4.70469082071621,3.086227266330958,7.896037939767459,24.368967585694055,1.9460366583863888,1.5818570366611815,6.035721155878406,8.959848806861674,3.238240705309887,5.099061722577996,2.3190682405302567,1.7278857195927635,1.7453074463513603,6.814289857727164,2.916344962811524,4.2517879662758205,2.2143626446358766,1.6627318495341823,2.843184222988307,4.132631218206094,9.024249094543915,2.310568429758221,3.0820565821943497,4.173270832414027
2020-12-30,132.0,1.836787341233124,4.856911107422235,3.118073703857557,8.553332531206552,26.669921245904547,1.8639296972260275,1.910656288330652,7.896037939767459,6.127434795986345,3.149393126288289,4.545131946204911,2.7217098700468005,1.8230044267332914,1.7856035407177673,6.662316876713705,3.088876458060882,4.625930991808294,2.3061220862254364,1.6673848810050351,2.850447378417405,4.17306254717465,9.015345900702265,2.31079563596066,3.0893915125118405,4.166244535727894
2020-12-31,88.0,1.6664981865992925,4.403903892279347,2.9329784805808026,8.511540132977247,24.964164046622127,1.836787341233124,2.044891545175739,8.553332531206552,4.449916861478044,3.276395031020355,4.567930888816959,2.779407991484401,1.882251232281846,1.7750508339895485,7.008873696030877,3.221342954206177,4.737374852533288,2.3897552469393837,1.6738927180967316,2.8579156151544547,4.189514814627769,9.010748670608168,2.3087440333490825,3.0899341008209062,4.223970521508351
2021-01-01,308.0,1.3767981684614508,3.6244178833537206,2.5978797832378087,9.228588701556202,23.974764015589717,1.6664981865992925,1.4960900955136578,8.511540132977247,6.971914717470861,3.3078028677432654,4.387879736063308,2.618768861870255,1.789071741686147,1.7209946399071991,7.589105591959334,3.2445303416839697,4.500314190361725,2.4497548696366462,1.6779255533837534,2.8640320113783897,4.209775910659136,9.012325096979136,2.3072338392310203,3.094411442375889,4.259780913460367
2021-01-02,228.0,1.452912695162829,3.736722370085932,2.6591989521199637,7.520907365473183,19.999588985257603,1.3767981684614508,1.578573575804444,9.228588701556202,8.712600617969938,3.452285704543678,6.17928073170344,2.705903935511793,1.6266945654312883,1.703952936042598,7.911487589685812,3.345494534435766,5.045030452194568,2.5582282475196507,1.6740556716213837,2.8636978138043063,4.205272754722593,9.015217471043275,2.3114717677533765,3.1040886925562723,4.633655314516583
2021-01-03,200.0,1.399550629982439,3.097066144543503,2.4209065612699443,7.96618746481121,19.285395501867843,1.452912695162829,1.6590469245874602,7.520907365473183,6.44259204844488,2.923359870225442,4.267725553895561,2.1567003686388757,1.4987363500745234,1.6860013816652248,7.7412456964719905,3.2278161475041287,4.944962007220769,2.5407114766863694,1.6673963725441576,2.85837298135262,4.182561593640923,9.0064427503264,2.3132272684359014,3.089084355821989,4.754372840843451
2021-01-04,224.0,1.6218356078455851,3.892433135782137,2.7646788680922385,8.573811503231319,23.703835481989778,1.399550629982439,1.9460366583863888,7.96618746481121,6.035721155878406,2.549334090184109,3.389561804219099,2.282215113743908,1.4097538312022388,1.648930482435936,7.958902184524322,2.974993221651076,4.612189363272699,2.4967153643081152,1.6618195550660433,2.8502945384591043,4.144761133359552,8.998962820906916,2.309593966817686,3.069748780643546,4.63379605478304
2021-01-05,200.0,1.650255653613423,4.376850111975599,2.9222920159556622,9.514970200385848,27.805521448643614,1.6218356078455851,1.8639296972260275,8.573811503231319,7.896037939767459,2.898259004599639,3.8263871958882176,2.363706300399199,1.491432977663617,1.6026160466443926,8.321486519860454,2.7903176550030633,3.8278915180009583,2.466646575636012,1.6597416381531147,2.84761572401429,4.169518650290643,8.998747049675245,2.309182170957595,3.0589246497221527,4.451985408113071
2021-01-06,196.0,1.6489121621877891,4.6191360173013845,2.9952377072082514,9.118959432920684,27.31345114398641,1.650255653613423,1.836787341233124,9.514970200385848,8.553332531206552,3.1942277060955924,4.789402758510051,1.6311908428085051,1.5572139638138147,1.5720911832711635,8.55276255709165,2.880606933626447,4.001783919539122,2.4747938425418803,1.6594781161179997,2.8464413579996015,4.215136325618014,9.009751264102539,2.304312928222418,3.0596589717936866,4.486881238442376
2021-01-07,224.0,1.6540085654475103,4.162841515026483,2.8555836833942005,9.233535913531004,26.367134494713497,1.6489121621877891,1.6664981865992925,9.118959432920684,8.511540132977247,3.398023568470492,5.224201176876063,2.0815753835247093,1.6403344745489317,1.5452518719789727,8.63356640019367,3.163503426388574,4.613330377091443,2.5092465962177797,1.6556075149092664,2.8449993826630062,4.215539995272275,9.016308865361465,2.303442129880003,3.0777584099176294,4.580634136736535
2021-01-08,212.0,1.448887246601209,3.5385837201092145,2.590932408073011,9.07098873042191,23.50231867491518,1.6540085654475103,1.3767981684614508,9.233535913531004,9.228588701556202,3.0353800900287218,4.020800123185307,2.4608290525729437,1.6510587937495733,1.543467640385861,8.736708654558493,3.209210454864935,4.6781346861904725,2.4851659977544664,1.6583368975940114,2.8470831660097162,4.222682975528667,9.0292598125498,2.2945220246671827,3.092846540399875,4.528194192039677
2021-01-09,200.0,1.4493799469089783,3.757560022759491,2.6652016414251904,8.303186568103845,22.129666470369962,1.448887246601209,1.452912695162829,9.07098873042191,7.520907365473183,2.943340420710981,4.306325730546386,2.5243214507629954,1.5839359914121687,1.5537660801201123,8.71419437296788,3.1255813597367315,4.517109010202585,2.4474735768173908,1.6544956690892254,2.8421005914558335,4.2201720376329455,9.042023582130483,2.28711946268323,3.1004147080581848,4.260629191874384
2021-01-10,168.0,1.3523637197111047,3.5618969178184523,2.5692500624601013,8.59818104918934,22.09087719767297,1.4493799469089783,1.399550629982439,8.303186568103845,7.96618746481121,3.0286136571275186,4.481455156592026,2.799016459765794,1.5174252529858983,1.5532614017981332,8.82594854477226,3.002444722622407,4.269527003441239,2.5030537164590894,1.644199313962833,2.8322110559351743,4.215678906924316,9.043279068449667,2.2849767777970285,3.110657245484384,4.291161992259593
2021-01-11,264.0,1.562493104536816,3.609325694812658,2.6537524105636505,8.015261099432728,21.270518463916655,1.3523637197111047,1.6218356078455851,8.59818104918934,8.573811503231319,3.172928159018674,4.284671411079915,2.867647238741538,1.4168769710737632,1.5465204146165141,8.916233342540563,3.048294078952391,4.357484099406109,2.511399011530824,1.6366157027582604,2.824607167162361,4.182914831674107,9.053116682492856,2.280003138652498,3.1153374727807046,4.419034793239709
2021-01-12,184.0,1.5696500814626342,3.846354604478952,2.7320792730537424,9.048391192434917,24.720922031333473,1.562493104536816,1.650255653613423,8.015261099432728,9.514970200385848,3.135039907142506,3.861445531513084,2.7837036592800373,1.4547455903856321,1.538042914143833,8.836440427712194,3.1121939077628995,4.2091906997283415,2.5081954572668548,1.6342600521264714,2.8180711946756154,4.147860773289074,9.058960019008246,2.2753671717836665,3.1121342387166906,4.424043126900405
2021-01-13,180.0,1.5405768816905565,3.810914602282653,2.711052781056569,8.934199575283845,24.221086605087688,1.5696500814626342,1.6489121621877891,9.048391192434917,9.118959432920684,3.12727707860687,4.363464484469375,2.3905044879895367,1.4948356352368508,1.5265278324080058,8.769786283719204,3.1450817149226835,4.169860475687457,2.4824220240715635,1.6305821002503555,2.8128018512912893,4.132935942461,9.062438603353801,2.2763265613958694,3.111622115574036,4.363194802037451
2021-01-14,168.0,1.609131151577927,3.922528349229501,2.769498848720078,7.982662612708991,22.107974915618357,1.5405768816905565,1.6540085654475103,8.934199575283845,9.233535913531004,3.3245716606888007,4.467723283204428,1.9589579876917416,1.5575733558966682,1.511051363765544,8.743392018342513,3.1956295488127253,4.230877766395628,2.4177274641651363,1.6269830821640643,2.808865077607987,4.105736571440902,9.063546670907023,2.27139759080514,3.112338824705959,4.255126531512931
2021-01-15,224.0,1.606673507887261,3.8176763650548473,2.7359845877780096,7.924830824208892,21.68221499578363,1.609131151577927,1.448887246601209,7.982662612708991,9.07098873042191,3.294155373859234,4.008993081232635,2.1528562659251635,1.5731193715770384,1.504640304641318,8.564695832510797,3.2486680377183017,4.280060282968812,2.4495321062094226,1.626128227119952,2.80675877351353,4.101815598529948,9.06680469670185,2.262375275662473,3.1118516387674426,4.253439811233979
2021-01-16,176.0,1.5782739088627322,3.7544998675065577,2.705964531550185,7.66131687231684,20.731251721456367,1.606673507887261,1.4493799469089783,7.924830824208892,8.303186568103845,3.267683683073647,3.6013735405715543,2.313839930058273,1.5854605137185807,1.5271811991107538,8.40095898876608,3.2954702392072277,4.026029968336204,2.4877189533759823,1.6268091845240744,2.804046473306209,4.101046457411292,9.062342735826082,2.2639958058846674,3.115390280302432,4.1527323555232885
2021-01-17,212.0,1.511822762232114,3.6585446320678416,2.6518773549622288,7.701407107849859,20.423187110652194,1.5782739088627322,1.3523637197111047,7.66131687231684,8.59818104918934,3.161169258052914,3.513732634466114,2.856047328106873,1.5980261894426393,1.5455946222470047,8.309263317939365,3.241002771661931,3.708033085423434,2.508054317435409,1.6267321354434041,2.801266964315133,4.066628470633225,9.058870144074145,2.2664307169355427,3.1117288210918677,4.014486280933872
2021-01-18,224.0,1.6050511826427547,4.096893780515797,2.822438006170362,9.253696696315004,26.117985253252584,1.511822762232114,1.562493104536816,7.701407107849859,8.015261099432728,3.1235079205406726,3.315507893386152,3.1088165144728337,1.5655900596607017,1.5683744854642916,8.181152754890869,3.1841202872224112,3.4768713561412725,2.544332274023995,1.622978415088737,2.797603396584882,4.040605790303854,9.047519581476598,2.2695277763506017,3.1081738818147016,3.8760343498347636
2021-01-19,224.0,1.572921977972956,4.403291619841725,2.9092788944441965,9.608282992681996,27.953174922456853,1.6050511826427547,1.5696500814626342,9.253696696315004,9.048391192434917,3.218240122280261,3.927888011226567,2.615139470036843,1.5650492845791997,1.5744542109079969,8.358072125874049,3.1676391002912823,3.585709513026277,2.5922005863418973,1.619815658435334,2.7958828673309575,4.026827581990599,9.056859647274372,2.2749098519552424,3.105503182907662,3.8855261326509756
2021-01-20,184.0,1.3967079964207625,3.7749774006011343,2.6561466031533527,10.22383164075353,27.155995683799258,1.572921977972956,1.5405768816905565,9.608282992681996,8.934199575283845,3.453745069622882,5.04876042294067,2.126657541430007,1.5632653076159408,1.574921624695186,8.438056668766489,3.2651643708146048,4.097385442517795,2.6649569932631842,1.6209267332259167,2.8002204377350526,4.035615328917334,9.062256271508126,2.2819177447679198,3.1089580406254838,3.9834255524325886
2021-01-21,184.0,1.568426665610382,3.915732927544024,2.7537302716187733,9.509608396043236,26.186896511424305,1.3967079964207625,1.609131151577927,10.22383164075353,7.982662612708991,3.3827554790544814,4.808495779358805,2.3480189651836327,1.524893719012157,1.5543689267995011,8.622289820976444,3.3515802236525416,4.595048071175347,2.5866361517933534,1.6172041661756602,2.798498698679443,4.014096300669738,9.078596540133326,2.2851404310509795,3.1088930596272184,4.0321073375975
2021-01-22,172.0,1.6131051982371742,3.9306982144869407,2.77346255450701,7.977533162071702,22.12538950234377,1.568426665610382,1.606673507887261,9.509608396043236,7.924830824208892,3.3260065701663044,4.668191029258217,2.211273331427304,1.5126855466680327,1.548554000232709,8.840424932881337,3.387502372947889,4.841815743852563,2.5351787171779407,1.6184560827865961,2.8018366127775556,4.019937504278691,9.093117047880245,2.2833358857072694,3.1143580478541204,4.126278473029726
2021-01-23,188.0,1.5524576620343136,3.3603745294600005,2.570854774103972,8.001716408288777,20.57125082927529,1.6131051982371742,1.5782739088627322,7.977533162071702,7.66131687231684,3.291753388508272,4.179280071362104,2.29141505021049,1.526079953422772,1.5494728131398394,8.84795383829031,3.3335051459096863,4.551988959993042,2.545247210591324,1.6169138878282887,2.80423288611573,4.001314568836828,9.09191286454121,2.280416339300393,3.122829423479685,4.208836548856947
2021-01-24,144.0,1.45330363853513,3.196145174136953,2.4765320010963734,7.898693261231578,19.56136662828428,1.5524576620343136,1.511822762232114,8.001716408288777,7.701407107849859,3.2148874089411845,3.780455499781301,2.675633295739833,1.5779965086272894,1.5457847778786369,8.896582343429158,3.2775491225385873,4.20930886680054,2.4982552001876175,1.6157473836212979,2.803856835157474,3.95545702521022,9.099698826874297,2.2789658133302364,3.134658862171764,4.246939815330545
2021-01-25,196.0,1.7030968014954535,3.983474636722596,2.8226157847545124,8.325847360358688,23.500668180805125,1.45330363853513,1.6050511826427547,7.898693261231578,9.253696696315004,3.049394898724293,3.6992367601007743,2.655954595127844,1.5396221662688718,1.5374249030647817,8.924766079626545,3.1853452320579163,3.886324110414726,2.494362683635984,1.6121185941154907,2.79971479592632,3.942733867685295,9.104427922990203,2.2794852097808316,3.148285533458455,4.301758224861206
2021-01-26,224.0,1.6763611349966754,4.254087713827277,2.893373645743444,9.905398980490508,28.660020360725216,1.7030968014954535,1.572921977972956,8.325847360358688,9.608282992681996,3.249077517140901,3.990212318205515,2.837771964346849,1.5696193673549648,1.551431420043739,8.79221617448993,3.1711199416021265,3.823301526029196,2.4807356871182367,1.6109300155019777,2.7991317266319844,3.9503351744211654,9.107866617094205,2.275212653611446,3.1688614960118118,4.310661697286769
2021-01-27,160.0,1.6470501480430326,4.1430074845819576,2.850194967967312,8.887182269395801,25.33020218364023,1.6763611349966754,1.3967079964207625,9.905398980490508,10.22383164075353,3.377199464561433,4.6092006949159545,2.393965471595925,1.6109205250090854,1.5662084424756986,8.834661315605432,3.225223960142209,4.099549924407414,2.4158830604643486,1.6094311533098533,2.7981173392157164,3.9466558679585817,9.123512394796364,2.2759027867045853,3.185468293411043,4.247867450426097
2021-01-28,200.0,1.6251592167491418,4.187734174548307,2.856466628119469,10.995182327671076,31.407371389081373,1.6470501480430326,1.568426665610382,8.887182269395801,9.509608396043236,3.3586241222423245,4.353240116875664,2.49036651359962,1.675502694845053,1.601971606993166,8.64371140541147,3.328300367981553,4.317551043332378,2.4611187187169383,1.610943237305826,2.8007207503399356,3.9270513752108376,9.126615296708172,2.2765906374965015,3.1894810739754575,4.182830927214218
2021-01-29,112.0,1.5938916374927412,4.312498843603167,2.886439632006289,10.863826829478134,31.35778031585891,1.6251592167491418,1.6131051982371742,10.995182327671076,7.977533162071702,3.413780922804682,4.766634546081152,2.465219027547404,1.649523499929616,1.610076257155846,8.855936252786876,3.383201503202813,4.576358452624256,2.5191449487000535,1.6119271582150225,2.8047149384453145,3.909819487005241,9.11786174660007,2.2696710055573868,3.1982940005260043,4.196894286760352
2021-01-30,140.0,1.530467213318195,4.161944246230807,2.821392501183009,10.24511445203257,28.90548908872637,1.5938916374927412,1.5524576620343136,10.863826829478134,8.001716408288777,3.573905774704035,5.145466855024866,2.626493236435808,1.6220336674283047,1.6073314627637838,9.268263919559223,3.448770273250347,4.755113839327227,2.6180831312636643,1.610248087061697,2.8039766360309057,3.8916724115446053,9.113752388054179,2.263866814016907,3.20821102531546,4.334920970140746
2021-01-31,148.0,1.6995153979815678,4.332318005704224,2.9243022094049005,9.391532820660366,27.463680177155744,1.530467213318195,1.45330363853513,10.24511445203257,7.898693261231578,3.603070449208151,5.403563275226676,3.184928144188839,1.5831726891866917,1.6041899700900526,9.588749354379766,3.530252382238956,5.105221558777564,2.775906643610617,1.6102383995551715,2.805957062080132,3.8836070900096535,9.119353288030398,2.261444624984949,3.2180532780309563,4.566793509490085
2021-02-01,396.0,1.4937609008402737,4.136724835251693,2.8036124183835467,10.756441186778178,30.156892088863554,1.6995153979815678,1.7030968014954535,9.391532820660366,8.325847360358688,3.535408302511958,4.811983172929856,2.1077087048390286,1.607958082930834,1.639363078582401,9.802012148583879,3.5707948421413818,5.120337767727132,2.9312102841585963,1.611427156788989,2.8092630968306573,3.9072037607546704,9.13077415714423,2.2543951783091374,3.220824031296566,4.725757282751383
2021-02-02,156.0,1.672976744642526,4.549044036040336,2.980704277197365,10.06979978759096,30.01509529739349,1.4937609008402737,1.6763611349966754,10.756441186778178,9.905398980490508,3.539661138278911,5.309469093861548,2.4775699220389598,1.5745811707133448,1.6094579499173756,10.149239838072376,3.5593799633330065,5.175005180672692,3.040286585902961,1.6076460881923327,2.806739027083616,3.920537176260196,9.14222871278986,2.257527473387391,3.241367406898348,4.914222536416531
2021-02-03,164.0,1.8006076736475265,4.525699469388798,3.0145287406572527,9.422544861349223,28.404532294669544,1.672976744642526,1.6470501480430326,10.06979978759096,8.887182269395801,3.5164381641988336,5.385257270122973,2.46444492548961,1.622084347821455,1.6089744655810685,10.172725667658154,3.5305025349965677,5.168903178971458,3.1513010648431066,1.6088503650556913,2.808813156359301,3.9689364393100903,9.133524545630927,2.2578934787712903,3.273604209365506,5.0250877614461045
2021-02-04,148.0,1.7515439660580434,4.329970258185578,2.9415298137270125,9.506877389752804,27.964763277405112,1.8006076736475265,1.6251592167491418,9.422544861349223,10.995182327671076,3.489914262511544,5.095990831407351,2.161422440773672,1.6557817730434412,1.6309112549531388,10.249206037937215,3.5153378549964294,5.263572398463957,3.1688362590572168,1.6141875997790358,2.817899192989813,3.9900453170969787,9.123178332638041,2.25605213260901,3.293326051295902,5.131195006379203
2021-02-05,140.0,1.4995626328283642,4.049240574251494,2.7763945578166065,9.135020998525992,25.362422585847984,1.7515439660580434,1.5938916374927412,9.506877389752804,10.863826829478134,3.511480935028946,5.3810529879562745,2.43797141168597,1.7417094614493644,1.6489662191401246,10.036591046806034,3.505944453913108,5.287433696495532,3.1707218496444014,1.6197089908531617,2.826954333180295,3.988482655303978,9.111984382489181,2.2561178937164885,3.3039011589270144,5.218969069504221
2021-02-06,148.0,1.648655796853533,4.237405197195644,2.824412857784759,6.497553851440568,18.351774642157622,1.4995626328283642,1.530467213318195,9.135020998525992,10.24511445203257,3.317654330773174,5.711080181659889,2.531104260811576,1.6839047575113106,1.635490647045214,9.789618785241442,3.439683176104554,5.3960413336745034,3.163496208056265,1.612112006921683,2.8215835229086275,3.9694861405356487,9.104668371581559,2.2576684707601444,3.301222184337104,5.299770973309224
2021-02-07,128.0,1.860301552970842,3.8136386585391673,2.81842412369424,5.883910917061566,16.583356470314218,1.648655796853533,1.6995153979815678,6.497553851440568,9.391532820660366,2.5962032181760657,3.922992555719647,2.7309597576116253,1.633254131913313,1.652374730407405,9.25425298515687,3.1417794946593953,5.0050419084452695,3.036145392796378,1.6124777564338448,2.822270974382484,3.9719715966079545,9.08144109121954,2.2609832825052365,3.2865829552753487,5.088260870522506
2021-02-08,172.0,1.9834883795472151,4.21648921721614,3.00542864307345,4.594054511486198,13.807103016661426,1.860301552970842,1.4937609008402737,5.883910917061566,10.756441186778178,3.2197872502267564,4.799341059444961,2.424358312607154,1.669506660884246,1.6753441811201584,8.753164141785613,3.044548266391999,4.811137932274831,2.9028144077672082,1.6160437520173774,2.8244412807553667,3.9811400945556192,9.063586914396234,2.2642577336199823,3.295797849592541,5.086454854310377
2021-02-09,148.0,1.9678365078855045,4.179402688702134,2.9998603920677445,6.080636870389236,18.241061706027438,1.9834883795472151,1.672976744642526,4.594054511486198,10.06979978759096,2.998696345166499,4.379799134530988,2.8837535319207666,1.8308152431238627,1.7453052495068646,7.872823188172473,2.93822893785644,4.367377583231865,2.8366310302595847,1.618516233232303,2.8269295844573046,3.9964377343708413,9.025485475814166,2.272840011703974,3.294800605860507,4.953644860120298
2021-02-10,132.0,1.8346025108925308,4.080489600115079,2.90629010119132,7.719879534482493,22.436209473455925,1.9678365078855045,1.8006076736475265,6.080636870389236,9.422544861349223,3.132684900432544,4.422066848411835,3.1570122034348853,1.9372088134678531,1.7874280728272898,7.30294277142937,3.1170561652752666,4.533735680795927,2.720702023965296,1.6196438652351581,2.8259555746310143,4.017021260066963,8.991880143877239,2.2717756644226523,3.293459163907636,4.816046228447278
2021-02-11,116.0,1.7314126854599996,4.507739412372935,2.98601697425462,8.470403741764716,25.292769351699288,1.8346025108925308,1.7515439660580434,7.719879534482493,9.506877389752804,3.144817107447276,4.704426594683612,3.266187027202338,1.928642466108416,1.7922844781480047,7.059704867591265,3.0920661176821063,4.502097525875478,2.715464779985344,1.6214839512738495,2.823940888876941,4.032726723577045,8.980799817776123,2.2708714536214623,3.2937850705844616,4.760108480343887
2021-02-12,140.0,1.8376497715145867,4.748005709803669,3.0889387075898607,7.82701002834281,24.177154241242118,1.7314126854599996,1.4995626328283642,8.470403741764716,9.135020998525992,3.1865084246581628,4.364739717610813,3.525096895521828,1.8446172347460108,1.7894085809197127,6.911637203592967,3.1546701441793275,4.49707772023542,2.6749981378811136,1.624607839246403,2.8259668550760835,4.054772883840177,8.973658314952274,2.273768303252814,3.295759448786171,4.614920870294535
2021-02-13,132.0,1.736941369572654,4.511634402564954,2.988865675012254,7.156288644780156,21.389185490863373,1.8376497715145867,1.648655796853533,7.82701002834281,6.497553851440568,3.2480375032790305,5.450854814740911,3.2946383730221287,1.8012216559557048,1.8377067435891732,6.724778493566798,3.193121011794823,4.840007042345111,2.6351627734387697,1.6265140012734256,2.827170070796392,4.086009254090878,8.953464517387031,2.2721755103128003,3.293208310205846,4.577745817877537
2021-02-14,108.0,1.4350879237119047,3.6405649360116734,2.6212070020956357,8.36790804059454,21.934019148898777,1.736941369572654,1.860301552970842,7.156288644780156,5.883910917061566,3.1990800045742063,5.564013337603104,3.5080611101926444,1.7686679421824127,1.8503189682633334,6.818883464043883,3.211208644170467,5.126535956651608,2.664278170466926,1.6320702237781748,2.831180215809025,4.105646122535393,8.935927216446018,2.2708769795835417,3.2900391312296784,4.812177358146604
2021-02-15,120.0,1.6743699277411823,4.351191066776518,2.9218778619396977,7.04711863424477,20.590819927862512,1.4350879237119047,1.9834883795472151,8.36790804059454,4.594054511486198,2.676321857260918,4.110282792815526,2.5471046721059287,1.6698930215997148,1.789574164083485,7.173740195977165,3.0411464550380516,5.041716981719846,2.652875577742892,1.631463050095476,2.8299356792281336,4.099742408233953,8.928275587663089,2.2693777466378133,3.270327070369254,4.713740462913827
2021-02-16,84.0,1.4038923297832666,3.695141366308122,2.630840443817611,10.512033151743486,27.655481962358273,1.6743699277411823,1.9678365078855045,7.04711863424477,6.080636870389236,2.989307043527857,5.426302401715654,2.8969526660310567,1.6154664070085796,1.7454143852540516,7.524177927799818,2.954902968454327,5.033532844044761,2.6365494332023003,1.6333717387846252,2.8282498155583355,4.1196321148762856,8.899452778758722,2.264656240602729,3.2645983298850854,4.863240929654494
2021-02-26,128.0,1.7504306180968852,4.288728281688115,2.9292888632511627,7.605650343268361,22.279146848318394,1.6418727085610538,1.573149383002954,8.19680258988289,9.170912970000648,3.304841990433109,3.937534032682296,2.5119618512493957,1.6412625449727223,1.5903272981497474,8.379858683729958,3.255247634431065,4.14178042018077,2.549843031838377,1.6183162449337205,2.8013368512325183,4.097485497803308,8.865230623161983,2.2997967794523118,3.2026722129997043,4.038185837995062
2021-02-27,100.0,1.693711240975995,4.267098836221662,2.9030530724918577,8.264191451855893,23.991386385971197,1.7504306180968852,1.5779740458479354,7.605650343268361,9.20714878638372,3.2740188172365694,4.351170707258558,2.717071718684628,1.6492543463397258,1.615653188877452,8.156249737053917,3.304017732073753,4.222834624823947,2.495192374059385,1.6150561442622289,2.798064921668135,4.102342857706846,8.841609912089652,2.3010527114731256,3.1998520361661793,4.18461455645289
2021-02-28,68.0,1.5435756455441552,3.64723735784876,2.6593149365278017,7.050267357387575,18.748881290015174,1.693711240975995,1.4139477403743337,8.264191451855893,8.117906429504416,3.205534334874532,4.237825536048849,2.933587082548059,1.6953381892113104,1.6321870738957462,8.021541546407084,3.2614650475147364,4.175510091996567,2.490583922021891,1.6122191699913948,2.7950120184374834,4.104988346429291,8.821984191067708,2.2951769198478718,3.1929104832351745,4.18645835769739
2021-03-01,288.0,1.7825159849451937,3.499070448511341,2.723252835216161,6.994458041385171,19.047677692002644,1.5435756455441552,1.6434322829048402,7.050267357387575,6.6689873011941545,3.0953914162494844,3.7098258946068894,2.611989539931002,1.6625725015390111,1.6507053460628636,7.869021678961822,3.1916481894535287,4.099607379304764,2.351214308703944,1.607332308396579,2.787366038981987,4.082812963570811,8.800145910480358,2.298282002261328,3.176960004620023,4.138382122404702
2021-03-02,96.0,1.7479402864567388,3.7935719955966825,2.786994788532852,7.391573132713384,20.600275799931644,1.7825159849451937,1.726455213995875,6.994458041385171,8.015617190218594,2.9016087574173905,3.098516602615869,2.4090796379579884,1.6732676238217803,1.6705744463543424,7.91551749898911,3.0675115028471356,3.6820560110905354,2.318758064542006,1.6092659383690104,2.7838706115592435,4.060717170313496,8.781897403267816,2.2951876378884077,3.1535779482269977,3.9746685715817827
2021-03-03,144.0,1.7675596809048917,4.245631392181317,2.923438846414188,8.169786599949884,23.88387151320758,1.7479402864567388,1.55545971236124,7.391573132713384,9.281635518925285,2.9577113567184536,3.010483356759055,2.824698671857193,1.6913439723153616,1.6736437424201802,7.8263683479169375,2.984903843461776,3.2729419513272706,2.377085489741716,1.6154516403355987,2.7870225283141608,4.042758969976577,8.764501437747189,2.297979663337851,3.134321383367214,3.8178793235003576
2021-03-04,196.0,1.6492324105763922,4.381621414450125,2.923420063728944,8.669407845574671,25.34432083640211,1.7675596809048917,1.6418727085610538,8.169786599949884,8.19680258988289,3.162766379168798,3.2807781044754947,2.4618627306384395,1.7660053174356074,1.7039437379264162,7.6675327880633075,3.007362164434881,3.129926021283472,2.408620538808605,1.620695756764633,2.791426526552398,4.046389188540898,8.74815421165602,2.2989076490943616,3.1217582247302103,3.6608763192067153
2021-03-05,104.0,1.6885315461965746,4.14182228350949,2.864044264783727,9.09619197084672,26.051896445475336,1.6492324105763922,1.7504306180968852,8.669407845574671,7.605650343268361,3.386333472835441,4.463759763398922,2.609806387345908,1.7215774593126734,1.7049951239286074,7.735047824590706,3.168937069574231,3.5850070748778236,2.4617565042054212,1.6248571197745323,2.799801751593381,4.040808434487891,8.74131300633122,2.30361648214275,3.1174214016847634,3.7360514235948057
2021-03-06,148.0,1.565816063639916,3.770848772572696,2.706743877437518,7.653320702608329,20.715578953850898,1.6885315461965746,1.693711240975995,9.09619197084672,8.264191451855893,3.3140630521757592,4.126041198896436,2.2955845362990623,1.7017745458926186,1.6961523993714203,7.947982342816185,3.28772096806,3.956859688923617,2.4645365451515846,1.6259687187470488,2.801457841538239,4.028012528291915,8.746532086284995,2.308556954514673,3.1115596946735713,3.703890065257359
2021-03-07,120.0,1.4928620128274448,3.644535159391459,2.640955049541399,7.732496660798403,20.421176101897547,1.565816063639916,1.5435756455441552,7.653320702608329,7.050267357387575,2.7612560506551938,3.449561918558971,2.189837137661535,1.6345266734709603,1.6778816597519803,7.860715092923677,3.153884191888798,4.013120960284776,2.4349487011185613,1.6245613922474902,2.7978653725629368,4.009375145438152,8.727604652252957,2.302353276045615,3.086552198527779,3.5912809770445193
2021-03-08,168.0,1.832738155593388,3.883782127932512,2.852461990356616,6.567412656847205,18.733294978643613,1.4928620128274448,1.7825159849451937,7.732496660798403,6.994458041385171,2.723773053330784,3.088221613816792,2.868738785338324,1.5824032075546446,1.6706368550781645,7.958176421982366,2.933030718720579,3.5546082437573987,2.523544366187674,1.6219605564248178,2.7919606616018227,3.995884964942817,8.721719574289033,2.306016387835152,3.0667561559463663,3.5024803655030774
2021-03-09,164.0,1.8618494816402635,3.881155378045889,2.867333546342542,6.663460661062692,19.106364288198908,1.832738155593388,1.7479402864567388,6.567412656847205,7.391573132713384,2.9772375531203594,3.306156925300655,2.598372973728174,1.6304720773535823,1.6778114508850492,7.897169938476942,2.820755552368779,3.2813134858921384,2.5496303100054822,1.6249393829272492,2.7919086333845295,3.9840975293007124,8.713694366142043,2.308132916079452,3.079457300444509,3.5321432687437606
2021-03-10,156.0,1.5092221951492166,3.427077454967236,2.5699860616462704,8.13251734514496,20.90045622311908,1.8618494816402635,1.7675596809048917,6.663460661062692,8.169786599949884,2.897409375547943,3.377432098096332,2.442144067404252,1.729149883353698,1.6940841930541244,7.793153871098272,2.8661399939996954,3.2572702124045922,2.484833855291808,1.631822086844567,2.796515319022355,3.9863480866176033,8.6873740156756,2.3139967339596805,3.0687113712885488,3.5845645175062293
2021-03-11,136.0,1.7082180745471451,4.373062276857164,2.9391566171888326,8.427356023861716,24.76931922293933,1.5092221951492166,1.6492324105763922,8.13251734514496,8.669407845574671,2.887843124969723,3.2227396350785105,2.429603566375982,1.7346032774609554,1.657178837946171,7.787829691840427,2.9208300178793416,3.302109552825165,2.392133293811187,1.6328194576485706,2.7949283926927064,3.9600343612093067,8.671630230944631,2.317739120209856,3.0650162639486562,3.5762733075923743
2021-03-12,172.0,1.591349800021832,4.024604619768106,2.795464940252632,8.533128943838282,23.85406279315489,1.7082180745471451,1.6885315461965746,8.427356023861716,9.09619197084672,3.1889176181014425,3.937534032682296,1.634219094120278,1.6930965837788745,1.6656053613705644,7.753250860167147,2.9913900395397035,3.5125685886190454,2.3819289315511223,1.6387503635625047,2.801093501938185,3.9664896808144743,8.658743533200173,2.3217519413964247,3.066890687870953,3.5010982032042848
2021-03-13,124.0,1.485335091836053,3.690220260843424,2.6535476011159926,8.836796880155042,23.4488611628847,1.591349800021832,1.565816063639916,8.533128943838282,7.653320702608329,3.2789959230365966,3.8137351118029703,2.068390827165496,1.602930023239397,1.6517222547741723,7.672813284880227,3.118585555369254,3.658002926521258,2.439185616060402,1.6392313084872547,2.8034553774330018,3.9646268481362417,8.651218600384345,2.3294624060023637,3.0713633150572637,3.4564830479052184
2021-03-14,124.0,1.4064791892918431,3.605556693841834,2.600592788706617,9.07490312392546,23.6001276222917,1.485335091836053,1.4928620128274448,8.836796880155042,7.732496660798403,3.279612765059639,4.254968336104175,2.5981291140595064,1.5949676554683425,1.640224973087906,7.841881310244042,3.2491754353992257,4.002079160196479,2.4842040210419403,1.6378260586601454,2.802146516234039,3.9373762097519247,8.650287584222298,2.3369607913063954,3.0744667930706466,3.571541107554533
2021-03-15,116.0,1.6197201408340007,4.174057696084101,2.8509798571419127,9.28705113023806,26.477195704555744,1.4064791892918431,1.832738155593388,9.07490312392546,6.567412656847205,3.2563479645279667,4.9270476373181324,3.089484128806542,1.4943880270499088,1.6278845697256774,8.033653662119336,3.271652217541401,4.331917028408426,2.5457620951249385,1.6355910971201668,2.80030551636154,3.89929457588653,8.642527274136434,2.339567572255876,3.0747438084456107,3.834230539483296
2021-03-16,168.0,1.572846151275037,4.254680960533067,2.862507242644297,9.642031034378885,27.60038366971064,1.6197201408340007,1.8618494816402635,9.28705113023806,6.663460661062692,3.2976071352619414,4.271997860916097,2.970324731505892,1.5038448073206316,1.5974534247600507,8.422173444032316,3.277855954949849,4.484671278112802,2.63122564952396,1.6357675802744347,2.8016635331685706,3.888042019003835,8.644716288145649,2.340385417828907,3.0780280461352016,3.972207815999788
2021-03-17,160.0,1.8685138468927909,5.140686975003066,3.2052123857789754,8.034701291517672,25.752924095606772,1.572846151275037,1.5092221951492166,9.642031034378885,8.13251734514496,3.22581026919375,4.205488694772935,2.461604354027397,1.5330151604669595,1.5561672347078754,8.847683497363201,3.259921789661219,4.468178064335721,2.722758571310178,1.6352037909975643,2.8037722440830084,3.9085125531545484,8.652760324580377,2.3432711279102745,3.0963443265329627,4.0905016155250165
2021-03-18,108.0,1.7678514790347706,4.858486045375599,3.097709332137029,8.654411352954327,26.80885081219927,1.8685138468927909,1.7082180745471451,8.034701291517672,8.427356023861716,3.2261938298402324,4.220671398626076,2.222488658144818,1.687026713000609,1.607494613528386,8.833709775416445,3.2498704114319743,4.232719318105036,2.8848537289394,1.6400411232980654,2.8120930416534886,3.9348290834287667,8.64165470503243,2.346586594337025,3.1042405527433754,4.233063296031811
2021-03-19,152.0,1.5867384546259256,4.487624180138357,2.9391383249790355,9.504730954443376,27.935719016819093,1.7678514790347706,1.591349800021832,8.654411352954327,8.533128943838282,3.230973537325954,3.803468109456889,2.2543887496040664,1.7364038257341987,1.6160136713123323,8.866146251001103,3.227659212119979,4.076542734285299,2.904399081724762,1.6443082685781094,2.8195235746064014,3.973607239397682,8.635719848498766,2.3516242730846657,3.1087973362901775,4.213911021285325
2021-03-20,144.0,1.5803674727370436,4.474773948065107,2.933514255227796,8.92926937283442,26.194138993978736,1.5867384546259256,1.485335091836053,9.504730954443376,8.836796880155042,3.3064605816091004,5.108403690368036,2.250992433890152,1.7410345935178284,1.6153549076843459,9.004946538230403,3.2545426495917624,4.377514399483666,2.9043365568957356,1.6440030564444958,2.8214685799198795,3.977554542346279,8.638294389581981,2.351407489669448,3.11200568929617,4.398863675366049
2021-03-21,108.0,1.524278073252842,3.7045962405996953,2.671146909066195,7.433412151378245,19.855735891969093,1.5803674727370436,1.4064791892918431,8.92926937283442,9.07490312392546,3.3916941311440265,4.747245909174307,2.144553931063791,1.6449858021325792,1.628930962098773,9.018156894327458,3.309709416693027,4.553039236333077,2.8953181018684924,1.644127148023897,2.8218725025996063,4.000587186670329,8.637324871054043,2.3420125313663895,3.1292560474451654,4.469189042947496
2021-03-22,112.0,1.5765470118340563,4.083939331722752,2.8095215490197627,7.694824433332131,21.618775061370407,1.524278073252842,1.6197201408340007,7.433412151378245,9.28705113023806,2.8735591290407743,3.209690900104298,2.4405801984421904,1.5637946668719362,1.6457593740932015,8.78365818396357,3.190571280597967,4.355113499882212,2.894274982950883,1.6462533159710984,2.8221225076981535,3.9930659850804573,8.623985840651498,2.336478717715576,3.1193765090071395,4.223852366202663
2021-03-23,164.0,1.4951956003057565,3.9755992502410606,2.751087201141856,9.47540455642925,26.067664200833736,1.5765470118340563,1.572846151275037,7.694824433332131,9.642031034378885,3.0817699707868744,3.1294465089447216,2.8988941956854397,1.5603975192746464,1.6395917842360663,8.556197227262723,3.115674410323892,3.6954611060744416,2.862109944053237,1.6463886550748263,2.8230523623215036,4.010388963208672,8.614366818792007,2.341501905634675,3.1213978979844033,4.060630744492466
2021-03-24,144.0,1.6738252964764493,4.583601440670517,2.991215139810174,9.97141492649104,29.826647293449152,1.4951956003057565,1.8685138468927909,9.47540455642925,8.034701291517672,3.0743833288718907,4.064726202217921,2.862401145592354,1.532006895130884,1.628498848383312,8.532393444698489,3.0099041428998468,3.4679545370889797,2.8019230083323357,1.6444234951093029,2.822679439765418,4.034846740549249,8.621384469671531,2.350179202778224,3.1292968943379957,4.040521816984607
2021-03-25,132.0,1.5378859366053914,4.427095503216889,2.9082007996115973,8.48132152417212,24.66538603836041,1.6738252964764493,1.7678514790347706,9.97141492649104,8.654411352954327,3.456240859225144,4.695348110425096,2.5376174930155897,1.5818559695387533,1.6006861983238347,8.809066821123256,3.204131386294636,3.9631736071959125,2.759796093786755,1.6464462890166718,2.829685445860521,4.075056651115295,8.624688594021785,2.356108274933611,3.149308556353965,4.108332775813039
2021-03-26,156.0,1.5391925758808689,4.456599468245563,2.9179668698940024,9.27752120567372,27.071499512894977,1.5378859366053914,1.5867384546259256,8.48132152417212,9.504730954443376,3.3549478289851056,4.400002435841255,2.6852952681850524,1.5689689444625319,1.5678339779767807,8.784339702725799,3.295190672360713,4.386692249494757,2.7904709458684493,1.6478559939845094,2.836879925835775,4.094625886574376,8.619831520392625,2.357788684626782,3.156883199843185,4.193551965296519
2021-03-27,112.0,1.421096114733777,4.345906680186896,2.856319560598336,10.224547884540453,29.20457612088723,1.5391925758808689,1.5803674727370436,9.27752120567372,8.92926937283442,3.352456509813813,4.813642280153405,2.849237314683306,1.5836346029875692,1.5610417095846298,8.751881167187275,3.3878817326746877,4.636330942139918,2.80024685471761,1.645124256890933,2.8384691105881,4.105505475245334,8.616673242288147,2.3581722262727602,3.157525337218593,4.151443192408715
2021-03-28,156.0,1.2234383539564972,3.979768070035621,2.691242491174762,10.329547982435985,27.799318444960257,1.421096114733777,1.524278073252842,10.224547884540453,7.433412151378245,3.451304397426043,4.301406464934273,2.785284383567314,1.4993915424066782,1.538288658441306,8.936920954573852,3.386236245408321,4.505017060309644,2.8848308942148324,1.6408698398865513,2.837851542502348,4.117775749143683,8.612833637856204,2.35884319154639,3.162407417451691,4.087751843231567
2021-03-29,124.0,1.5205589869443912,4.431146693902522,2.905787285306695,10.086193029049992,29.30833146096249,1.2234383539564972,1.5765470118340563,10.329547982435985,7.694824433332131,3.413387339631618,4.80325636207681,3.575246301846744,1.3945756815237136,1.4953115556846852,9.350654644724957,3.4057160822904913,4.639435035721495,2.8810697823970317,1.6338096433184424,2.835202334555805,4.107477075421933,8.607014930627093,2.3594836278000173,3.167053034864859,4.315404052084783
2021-03-30,88.0,1.3524834968970745,4.042652222460416,2.7388718740848543,11.025334842878024,30.19697950352638,1.5205589869443912,1.4951956003057565,10.086193029049992,9.47540455642925,3.452285704543678,4.8616519995646845,3.035711665182972,1.3883644852115544,1.487313266414733,9.692278729827509,3.4389924805337793,4.655438275525255,2.988956362157382,1.6320663061550298,2.836024345508926,4.1129453373446285,8.615567035410557,2.3611634146681597,3.1752780805204974,4.562861979316206
2021-03-31,140.0,1.490878467664541,3.7825374962071066,2.682757617782628,8.215757777488522,22.040886763414203,1.3524834968970745,1.6738252964764493,11.025334842878024,9.97141492649104,3.0098982661957114,3.567840282251354,2.861963471789171,1.3654936125993202,1.4669258230706357,9.913697342177333,3.2918571034570028,4.410916214630949,3.0345566217121798,1.6280428371451021,2.833564882876902,4.126125832831684,8.62150378471253,2.3633162518536093,3.172428308852038,4.49187827646384
2021-04-01,228.0,1.6588590196847308,3.5725093908947416,2.6816678139006696,7.52218189170889,20.171993069302182,1.490878467664541,1.5378859366053914,8.215757777488522,8.48132152417212,2.676479232108555,2.783612392562701,2.474488307824886,1.454640317168668,1.4407905618117918,9.662889178034117,3.0462210676159813,3.7377015581262456,3.0270168504044674,1.6273830247175411,2.8312543014868954,4.135574734421542,8.619534119840853,2.367520851709579,3.1649239913417437,4.218773173912069
2021-04-02,120.0,1.3806630571215688,2.970782331851838,2.368519796280061,7.65544559374348,18.1320744381264,1.6588590196847308,1.5391925758808689,7.52218189170889,9.27752120567372,2.89680197619016,3.528063192704715,2.67799343576179,1.5007403280821148,1.4580724308231259,9.52586923053937,2.8610598248314756,3.2931719558395898,2.945946366886305,1.6267054184125938,2.8272103948951584,4.128205980931478,8.614998857565382,2.3696012488459495,3.1628936786574675,4.094210424892563
2021-04-03,120.0,1.5681203028949953,3.626876057385773,2.661283369870048,7.611438664634929,20.25619513897882,1.3806630571215688,1.421096114733777,7.65544559374348,10.224547884540453,2.6745888235701027,2.9448722774523994,2.62408204239978,1.5101335148236128,1.4354253567146544,9.294144143120764,2.749290010622939,3.0855159542399377,2.857670256674278,1.6248204543506155,2.8199588511934333,4.085711012253828,8.611343540355184,2.369348121127895,3.1466210934708436,3.827243281649562
2021-04-04,116.0,1.3872996281842986,3.3584837975814,2.50634279759887,7.586488742501259,19.014341418832938,1.5681203028949953,1.2234383539564972,7.611438664634929,10.329547982435985,2.94241968826024,3.5735070638578628,2.3639758335210064,1.5358807932337644,1.456428812166257,8.920842825991404,2.8379368293401677,3.3488141780049916,2.8070106759206985,1.6230728469881568,2.814635169404645,4.0605528336850165,8.611674282904573,2.3785242818686454,3.1318239673183377,3.7232576529243606
2021-04-05,124.0,1.7224690321417229,3.718517659139192,2.752933564756692,6.488577781473466,17.862623562152816,1.3872996281842986,1.5205589869443912,7.586488742501259,10.086193029049992,2.7299055898012963,2.791635212160688,3.2803579000276795,1.4453609960669533,1.4798375656273712,8.528977220286443,2.78230470054388,3.103338184490316,2.752511436167925,1.6161843795637696,2.806165403687005,4.034441550820747,8.612896690240989,2.385952942121158,3.1123520519058556,3.4358832029363433
2021-04-06,140.0,1.8146513396288717,3.8464357024002576,2.833646341153762,6.8675717505558485,19.460269563573515,1.7224690321417229,1.3524834968970745,6.488577781473466,11.025334842878024,2.7247155747849288,2.7996280390015484,3.250435629754832,1.5592963210736714,1.5086818577984187,8.015032184918367,2.7990136176154885,3.0549234383400328,2.6010121882259964,1.6156997973318308,2.8030221328708333,4.032697180372963,8.595570827627538,2.389795066064416,3.1111340360435134,3.1413083514273237
2021-04-07,124.0,1.7342123321409333,3.6526302011074825,2.740450298838312,6.605424347472398,18.101837126984595,1.8146513396288717,1.490878467664541,6.8675717505558485,8.215757777488522,2.913964465910109,3.639951782439412,2.930394833733295,1.641473333318297,1.5747058353315329,7.421066028872342,2.7895285434987778,3.0770716778672154,2.6072772160106865,1.620951275778506,2.8039763292597857,4.039427198473257,8.58954831875158,2.4004158725699303,3.117473749796157,3.151609994311332
2021-04-08,156.0,1.8621197525171411,3.743579464227933,2.8320515669892505,6.5205319869669625,18.466482831293316,1.7342123321409333,1.6588590196847308,6.605424347472398,7.52218189170889,2.5795711294666943,2.547774819157773,3.066576584305445,1.757110901303842,1.6094678159710172,7.191018396012895,2.7394170567205776,2.9957848801995772,2.4412831685418226,1.622377218033296,2.802576953277345,4.031722134245756,8.57502131900911,2.4049013002631554,3.1042182023410354,3.117918912396342
2021-04-09,92.0,1.7276331603748645,3.906320755162957,2.809498844147473,7.751009554597506,21.776452384617713,1.8621197525171411,1.3806630571215688,6.5205319869669625,7.65544559374348,2.795018729122165,2.907612957247911,2.6516656530371843,1.8036611414289814,1.6385050635185046,7.047925552478334,2.762851441499656,3.0317798529483646,2.325693135098164,1.6224075213590679,2.802804077332262,4.027136270451824,8.56340074478591,2.4071556017823923,3.100805180793509,3.029283164473942
2021-04-10,144.0,1.5874735339644714,4.044484534038059,2.7994946313994418,8.389355615019578,23.485956005148072,1.7276331603748645,1.5681203028949953,7.751009554597506,7.611438664634929,2.994953142848072,3.196407913769326,3.3792881007222317,1.7746550816776454,1.688072221126118,7.0615775468860535,2.7898476671456436,2.8839318967250027,2.3728537043944997,1.618143267706195,2.7995385806834956,4.043111047125015,8.568567010112243,2.4055414743879258,3.1043755147227876,3.065216826804932
2021-04-11,100.0,1.523519741709225,4.237338719535368,2.843857325429463,8.44326252470579,24.011433981408622,1.5874735339644714,1.3872996281842986,8.389355615019578,7.586488742501259,3.01937795754764,3.1898960912583134,2.683177650404593,1.7257421489521583,1.6908369684217577,7.172708539798145,2.9364499431726254,3.0979723207585166,2.415231233852911,1.6118038848075111,2.7961991513390236,4.0321584556977115,8.567763535141449,2.4133404093825184,3.0987241927043274,3.0104152592907103
2021-04-12,120.0,1.668770444345146,4.305313495901786,2.906309431803755,8.384281575239429,24.367316621016794,1.523519741709225,1.7224690321417229,8.44326252470579,6.488577781473466,3.2298016269255374,3.7932807525872585,3.2275795008736887,1.612875478682853,1.7102969846396043,7.2951047943987914,3.08137757577375,3.3931949192049653,2.5238053708639234,1.6066191719877894,2.795158605076326,4.03924959235662,8.563727966248585,2.416401240256863,3.0970843828339585,3.153507479351649
2021-04-13,112.0,1.7040581495809468,3.848867056539884,2.7796941882468804,7.638553290278661,21.23284218760168,1.668770444345146,1.8146513396288717,8.384281575239429,6.8675717505558485,3.4193801074154715,4.642525062631206,2.6829422451276983,1.5932545733396133,1.7026257578115218,7.565919622079645,3.22285323062955,3.875233968825592,2.5845278822754065,1.605575134635875,2.793830146035478,4.059752700191899,8.565953657211825,2.4189426437608286,3.1017432942458196,3.4167784827273144
2021-04-14,104.0,1.700370806868971,4.091321608715465,2.8530115692247224,6.472087110971893,18.46493940463302,1.7040581495809468,1.7342123321409333,7.638553290278661,6.605424347472398,2.890010058943793,2.86970353941686,2.312462062249104,1.6321161118784386,1.6868267306618183,7.676059842040046,3.179730597761601,3.768503118211774,2.481432086991831,1.6033486076036476,2.788676070713095,4.067863045615167,8.562718983393465,2.4279956054218235,3.0895320307263474,3.3067430194383785
2021-04-15,152.0,1.9329624884257657,4.301002854284854,3.011025482023354,7.279142526887784,21.91768363573899,1.700370806868971,1.8621197525171411,6.472087110971893,6.5205319869669625,3.140398084024149,3.196407913769326,2.711959519030392,1.6910664669316873,1.681992227051538,7.657011665397117,3.149929416794471,3.5695455052724636,2.574595920783742,1.6027390982252532,2.786411835616636,4.065105176036212,8.538141143810915,2.438074943323325,3.0842917290184206,3.399404890097171
2021-04-16,96.0,1.797179033332618,4.106855908178472,2.895306363728763,7.303809384106161,21.146765789264425,1.9329624884257657,1.7276331603748645,7.279142526887784,7.751009554597506,3.324693359256145,3.4583523352442898,2.270170974767769,1.7791304816252271,1.6921126178956274,7.7653845996715205,3.1183671674080293,3.1748212628101578,2.7242868649505216,1.611037007637151,2.792908810282099,4.066649239161272,8.515147081410102,2.4426496795216868,3.087587832020501,3.478081944096654
2021-04-17,88.0,1.62979801606164,4.248410052474771,2.8770134360288684,7.691468576398047,22.128458437091012,1.797179033332618,1.5874735339644714,7.303809384106161,8.389355615019578,3.1672457023925813,3.2161460545055727,2.3187933651287285,1.8101707762091175,1.7020477426038776,7.701498861029899,3.2107790485576255,3.290302101173062,2.7561576080077757,1.6130838260636748,2.792465951978583,4.032188203600453,8.494895944615445,2.4504940960159485,3.0856228944389126,3.480901678487546
2021-04-18,116.0,1.4282448390868334,3.8580783747488328,2.693002494531429,8.006709563090833,21.562088826392262,1.62979801606164,1.523519741709225,7.691468576398047,8.44326252470579,3.142822349965728,3.2871873465968653,2.7270328448974244,1.7866465126066737,1.7080940971891874,7.601800712655395,3.2115871372048184,3.3205619121155756,2.752332576752388,1.6168489208349812,2.7965688351821045,4.011852337170425,8.489803484672876,2.4522547210167223,3.082684521526905,3.494800429250197
2021-04-19,140.0,1.4539870313433252,3.431426267484555,2.5544499476577345,8.880638145796135,22.685145646696217,1.4282448390868334,1.668770444345146,8.006709563090833,8.384281575239429,3.1832565078457864,3.595772909739279,2.065621168591643,1.6184072961603633,1.69448339681456,7.539436003853258,3.164441520068032,3.366368770280572,2.7469703143501514,1.6151715700170814,2.7933252514917513,3.9908674769907737,8.488572474151374,2.462123855596941,3.078577719068128,3.466585023129057
2021-04-20,128.0,1.5207286760924337,3.2284850217440253,2.511459928130359,7.965470283435241,20.00495942556078,1.4539870313433252,1.7040581495809468,8.880638145796135,7.638553290278661,2.904824960544317,3.1156796374729723,1.8738120110220893,1.5040099621639322,1.6638000521000145,7.610344085361359,3.0769679394519436,3.332879964603039,2.7249663253587495,1.614057795577524,2.790969464104746,3.9560892209714216,8.484906558784317,2.468507990901936,3.0623487467148043,3.248464248106452
2021-04-21,88.0,1.565893057565318,3.353643061335412,2.572954786136175,6.845704432842693,17.613687984956236,1.5207286760924337,1.700370806868971,7.965470283435241,6.472087110971893,2.9664122185927546,2.7996280390015484,2.64258604732345,1.46765351550753,1.6376101273159411,7.657046512955157,3.0181645623276196,3.1703601954045992,2.885737879720267,1.6131841171290155,2.786829298849602,3.9402188470095667,8.476829596316112,2.4789251902554645,3.06544384969987,3.2384534623328363
2021-04-22,136.0,1.7984455388736658,3.9873250459060183,2.863712268566042,5.714592397443692,16.36494835841373,1.565893057565318,1.9329624884257657,6.845704432842693,7.279142526887784,2.7870367592137257,2.735222402337281,3.0086022252392746,1.5135362550003582,1.6183990202725622,7.7104204160795575,2.886091312783599,2.8835100262705997,2.868298042721115,1.6129827673243051,2.7856161426936414,3.915875637996655,8.467105446004322,2.486604874987913,3.0556194093140987,3.172569817842544
2021-04-23,108.0,1.8571875693922448,3.9207341674924345,2.8748373203232185,6.729313867374086,19.34568264609559,1.7984455388736658,1.797179033332618,5.714592397443692,7.303809384106161,2.755440919498309,2.8772287569271167,3.030189933844857,1.628355757510472,1.5991823131936904,7.486913254730401,2.83629663243493,2.8040263994219816,2.7724090803146164,1.6193910639659606,2.7920581804346076,3.9162664978521535,8.451736011916074,2.48671739182758,3.0449879956683126,3.0895521637972334
2021-04-24,112.0,1.7698400041291993,3.857917150741789,2.8147437263445405,6.903663627164701,19.432043883354837,1.8571875693922448,1.62979801606164,6.729313867374086,7.691468576398047,3.0873808332518657,3.780455499781301,2.743850945009106,1.7405087219437423,1.6077549612022088,7.404842466625818,2.876619503987967,3.1309688863485654,2.708874977433175,1.622953652074084,2.7963569950655662,3.8941709220795513,8.437981505897202,2.4898358925945883,3.0326926614692034,3.1701677988366237
2021-04-25,96.0,1.2301523650410633,3.98747588803069,2.691655441363393,9.189711371993727,24.735536618985968,1.7698400041291993,1.4282448390868334,6.903663627164701,8.006709563090833,3.1348871851477007,3.688600901586505,2.005362277912396,1.8084910374650358,1.6277609594975746,7.292298902449626,2.992569645965959,3.4487617194316407,2.596647059266997,1.6236767319096395,2.796761133669842,3.875198310330381,8.423866200819061,2.490251624897633,3.025357306674623,3.227512592406572
2021-04-26,112.0,1.6621047614840787,4.669683602067952,3.012319446066872,8.24179796209043,24.82692827175932,1.2301523650410633,1.4539870313433252,9.189711371993727,8.880638145796135,3.1926610247235665,4.0370142190897305,2.7177680051350195,1.6190599795208351,1.599462034633893,7.461299160864326,3.138309681041044,3.835356873485845,2.5741735877849266,1.6182549427876365,2.7946531710356357,3.8595608576565517,8.42949131567358,2.487725392196942,3.020030790504948,3.290547065170922
2021-04-27,140.0,1.6881215249084442,4.405250244029637,2.941128862830866,7.194953214782241,21.161284566713775,1.6621047614840787,1.5207286760924337,8.24179796209043,7.965470283435241,3.450802854777119,4.400002435841255,2.92164862018955,1.5540323768847797,1.629193138939715,7.370036277477796,3.2594503548827958,4.041872518839163,2.636673457118022,1.6185921436696868,2.798224516991253,3.8703534217192535,8.42035444510921,2.4913513953325164,3.0200140724166507,3.474021750652106
2021-04-28,120.0,1.565199648817458,3.89108643556405,2.740907791906188,7.62124245572674,20.889122830907674,1.6881215249084442,1.565893057565318,7.194953214782241,6.845704432842693,3.147048025687681,4.22491892733735,2.865681248724228,1.5267928838111946,1.6531064030562879,7.259962410527367,3.2635039683961224,4.220645194089445,2.579327800138165,1.6175536587832129,2.798421850317581,3.884536160852387,8.401657484151999,2.4973526076883528,3.0111360952851864,3.677634734700077
2021-04-29,92.0,1.8027585095277343,4.522351095578363,3.012916938953184,7.228332178883829,21.77836446213946,1.565199648817458,1.7984455388736658,7.62124245572674,5.714592397443692,2.7783277309650494,2.574368572834564,2.9818270064515584,1.6384753117366595,1.6530073446637363,7.37075355665366,3.1253928704766167,3.7330966453377226,2.557243865674528,1.615411798913904,2.7957194289744867,3.866534152241105,8.394824836088652,2.4977257065654856,2.988670829499232,3.654655616199689
2021-04-30,96.0,2.1019813636457365,4.957920397194282,3.2535160692570884,6.088329290940608,19.808477183003884,1.8027585095277343,1.8571875693922448,7.228332178883829,6.729313867374086,2.7504522913066074,2.8504967678431097,2.992654097029205,1.6853598944178778,1.6536234833286032,7.587002096859393,2.8919426826531125,3.216594756005007,2.5753465093739814,1.6197315133136303,2.8016127956815766,3.8825241146783696,8.377911950936907,2.499440035087338,2.980022630336262,3.6508367606162593
2021-05-01,204.0,2.11751258742323,4.3607184043687495,3.132631233620351,6.66637003369916,20.88327898243674,2.1019813636457365,1.7698400041291993,6.088329290940608,6.903663627164701,2.9546901850814886,3.365091165737557,2.5898230220692877,1.8233131739969757,1.6885940253648164,7.49543287165461,2.8278234024510485,2.92998550213841,2.6296135370956493,1.6250559362919725,2.8104505162489253,3.921703544711276,8.344023144846128,2.5090461043171315,2.9892963287686927,3.59149899861001
2021-05-02,92.0,1.6201986981079246,4.239863322144209,2.871466079178493,7.095412531841043,20.374236402959543,2.11751258742323,1.2301523650410633,6.66637003369916,9.189711371993727,2.997834000966565,3.4934663956201355,3.1307631584430213,2.0074174868655663,1.7382615372639634,7.46153378687382,2.90099215911822,3.2363514430669333,2.657442923622358,1.6312154746414143,2.8162111236670504,3.9479771784937427,8.335093094308077,2.51522016503837,2.9926640629279064,3.5636226406148146
2021-05-03,152.0,1.9982935705558933,4.688007431681485,3.1390537384967314,6.45103388964632,20.250142048463392,1.6201986981079246,1.6621047614840787,7.095412531841043,8.24179796209043,2.839322713161717,2.791635212160688,2.595689146140954,1.9465642163922963,1.7939824419878008,7.162348238280578,2.9306156330699236,3.2167309245061264,2.641243173500322,1.6287594582614646,2.8153449108797886,3.990279878170155,8.315107264716326,2.5178753375138694,2.99815519258096,3.3857113539106654
2021-05-04,92.0,1.993716321879522,5.035983994958551,3.2225106978293883,6.880937048481737,22.173893249822974,1.9982935705558933,1.6881215249084442,6.45103388964632,7.194953214782241,3.1305689396542937,3.859051977819399,2.25042588334406,1.912001618695682,1.8420094147123458,6.906524799359992,2.989241884594192,3.3813845285334065,2.630878011660001,1.634577144261123,2.818938805459252,4.025650923980012,8.283522806525047,2.517686615284599,3.004426834294095,3.3084327170504007
2021-05-05,92.0,2.0887719286736903,5.213042054392177,3.3060485189359605,7.286803052270278,24.09052443873619,1.993716321879522,1.565199648817458,6.880937048481737,7.62124245572674,3.314309525316422,4.293052461515193,2.420942528554136,1.8707361968477791,1.8856658142796425,6.861665347031348,3.094733726044144,3.6479132171650925,2.6736220131950796,1.6396635571891722,2.824913246010013,4.081567597225917,8.262777156944422,2.5196339304006554,3.0239069654779325,3.3181660790758065
2021-05-06,152.0,1.754816336634547,5.378404694024124,3.2403592834688117,8.532465604259713,27.648254131641284,2.0887719286736903,1.8027585095277343,7.286803052270278,7.228332178883829,3.450970069471983,4.605532035860214,2.1962315792883165,2.0269272737030346,1.9604618542591044,6.81388828939471,3.2986161781475665,4.252545491731602,2.789294892058364,1.6483794882730685,2.8349016567016534,4.131385077067683,8.254377012120809,2.5219903248610844,3.048115448634168,3.608332288079471
2021-05-07,136.0,1.7428635987368892,4.87084804648039,3.0928485330709528,7.919177920678852,24.492817815099464,1.754816336634547,2.1019813636457365,8.532465604259713,6.088329290940608,3.498265380690448,5.020037389425857,2.8353397966547105,1.9457681957292523,1.9536129724172204,7.000193064448409,3.421181658492951,4.639540628933754,2.9463117690274596,1.6527453936698535,2.84489172726711,4.182450710121812,8.273779194530999,2.527549567463457,3.0675921457935122,3.918266662591292
2021-05-08,144.0,1.819828058722044,4.824614460047792,3.101671222230641,6.146334580132576,19.063909089398262,1.7428635987368892,2.11751258742323,7.919177920678852,6.66637003369916,3.231599698813809,4.267725553895561,3.027322107400956,1.862150621348375,1.9023104345730995,7.261742868696729,3.3936117163254136,4.631098326393876,2.900134368946481,1.6512474843889118,2.848898169645683,4.223057971634242,8.268604981952238,2.5350989092013476,3.0893264314384163,4.04721443232815
2021-05-09,172.0,1.88948416042867,3.417026012050064,2.7681637751540484,6.107835104524138,16.907487880957962,1.819828058722044,1.6201986981079246,6.146334580132576,7.095412531841043,2.740143327535144,2.2811951221952507,2.729343559584021,1.772502664697826,1.8597840733300728,7.187452089615789,3.1566694690131336,3.856319355172222,2.912716072376694,1.6505471273402748,2.852803797577151,4.259092471494905,8.265255563140762,2.543582431811677,3.087497251385516,3.87403282183888
2021-05-10,192.0,1.9427234893204344,3.778257104206491,2.8889523081916755,6.897358845334615,19.926140756655705,1.88948416042867,1.9982935705558933,6.107835104524138,6.45103388964632,3.061881876570857,2.907612957247911,2.441101604895496,1.8173919392958673,1.8982534250901792,7.046369599999087,3.0112083009732697,3.1521778777795735,2.93583207039388,1.656884826761599,2.8561067594689473,4.242782646724475,8.269831791130901,2.5505803858646687,3.089728209176275,3.890601071137055
2021-05-11,192.0,1.832696627769484,4.9182512865842165,3.1336542497004167,6.769209583190048,21.212362377476282,1.9427234893204344,1.993716321879522,6.897358845334615,6.880937048481737,2.965329493945732,2.484281322638311,2.377144389240233,1.8840119028237154,1.8903148420565423,7.110130307954558,2.9224515660172443,2.5576964673604903,2.8945362818757334,1.660793250341154,2.8552700209856616,4.233908399063422,8.267198551461671,2.5567796695671205,3.087926593722878,3.6942052632540423
2021-05-12,160.0,1.915201456637408,4.332444833373256,3.010134220786794,7.848920310641228,23.626303623289676,1.832696627769484,2.0887719286736903,6.769209583190048,7.286803052270278,3.20878486747567,3.762336035946359,2.800811722605811,1.8883014258395285,1.8673120286122515,7.094169241484317,3.0786654126640864,3.0514101052775264,2.9721587684478825,1.6648156974702815,2.860906509476458,4.256605484631717,8.258530487592038,2.5627137940916893,3.0872260350745493,3.6183886310299234
2021-05-13,180.0,1.7178987294704091,3.5428700810914364,2.698579313008985,7.024209933345164,18.95538761635748,1.915201456637408,1.754816336634547,7.848920310641228,8.532465604259713,3.506493713938595,4.506663499322023,2.3910372849752743,1.8968738579091082,1.8425162468927823,7.174471706965882,3.226869358453333,3.584426952635564,2.940670611084545,1.6719801368836371,2.8668496198043045,4.257509862547433,8.255941983781074,2.564839242570832,3.0901298219586537,3.6042645543816105
2021-05-14,148.0,1.7949076959181554,3.772535001888473,2.8022352626628355,6.578339331525598,18.434054444562896,1.7178987294704091,1.7428635987368892,7.024209933345164,7.919177920678852,2.7487186458014383,2.4564878309801075,2.7219415458004645,1.821932271292433,1.8372423030121912,6.959006611120946,3.1546657424052342,3.5751624554161627,2.8348247055763056,1.6771704625532802,2.8684827285426775,4.247309963365818,8.238266414253532,2.5657771340831963,3.085420108187242,3.238043188889361
2021-05-15,132.0,2.0096259701123587,4.046900575469374,2.9937553997529407,7.515041453289179,22.498195930151667,1.7949076959181554,1.819828058722044,6.578339331525598,6.146334580132576,2.9925690135930134,3.0285090079542987,2.9547659745187067,1.8093359606753234,1.8446771740380863,6.7674582412419095,3.082593791111016,3.3305534460854758,2.896857489029,1.6800902551380161,2.867670318634693,4.2366837431382525,8.203078620972242,2.5694434323935775,3.080492472506204,3.0610122537548947
2021-05-16,144.0,1.6024290950518625,3.722674316754624,2.7034315916502143,7.73966085179751,20.923643655407794,2.0096259701123587,1.88948416042867,7.515041453289179,6.107835104524138,3.302770587916496,4.318133972573201,3.028551570329573,1.840810798500307,1.8717911613795601,6.962987794549996,3.0146860824369828,3.267710270502535,2.8798318179127462,1.6873699187853046,2.8698577879198366,4.2282136671777355,8.185189190286964,2.571433251825851,3.079761713461549,3.3520035180946017
2021-05-17,216.0,1.9293386726313644,4.251250890700123,2.995719899462693,7.22686706722629,21.649669484061388,1.6024290950518625,1.9427234893204344,7.73966085179751,6.897358845334615,3.0720163742732605,3.024915636667495,3.2508117569384845,1.8023209203607913,1.830783294897159,7.196105758446192,3.12245199192759,3.4571862057316647,2.8020552697551397,1.6829351729212891,2.8614947746843575,4.215407614130274,8.176181266056952,2.5745237988611263,3.076587402524238,3.368761043725971
2021-05-18,188.0,1.9068850137125064,4.140496809533211,2.955839614615285,6.415225809394194,18.962378584109764,1.9293386726313644,1.832696627769484,7.22686706722629,6.769209583190048,3.346100449549472,4.22491892733735,3.4762625280239017,1.847131245931861,1.8288711782272917,7.243178361573574,3.2402958039130763,3.855989512192681,2.8494456779551114,1.6856266261478994,2.8597949508064517,4.215502308737786,8.158095569366756,2.5794371408689716,3.0833633391770294,3.6174235586829764
2021-05-19,208.0,1.7343702534755772,3.725008458493968,2.760829759790287,7.321034827153302,20.212130823265976,1.9068850137125064,1.915201456637408,6.415225809394194,7.848920310641228,3.393219402639747,4.229262782519816,2.4775699220389598,1.8128842604652438,1.8394695190762949,7.192609251031309,3.2704454088208266,3.826365782174886,2.722012951409268,1.6909624021326755,2.860073305633722,4.224916256563932,8.126513410844925,2.584301784930354,3.090362102336828,3.6841273796220415
2021-05-20,180.0,1.7313596846525228,4.204293511965646,2.89707582084126,8.2514528479925,23.90508453273082,1.7343702534755772,1.7178987294704091,7.321034827153302,7.024209933345164,3.2910187686199928,3.8465677771073272,2.479109208986769,1.856864646606482,1.8136364900531763,7.117197039104462,3.343446206936404,4.100249828988164,2.6406464367203846,1.6935291151449843,2.857195230709764,4.234702329597579,8.09456792197731,2.581522262641643,3.103235229272684,3.589827990734228
2021-05-21,208.0,1.7664880107020298,4.651251787927826,3.0384345385136835,8.453102934140968,25.684199912705278,1.7313596846525228,1.7949076959181554,8.2514528479925,6.578339331525598,3.54467601349921,4.67910402594739,2.8837535319207666,1.7908716506135347,1.815559483650621,7.292517455482653,3.409638061586316,4.2516448618581775,2.6314414225122538,1.696980475334979,2.860960712572682,4.267229279271633,8.075979470708381,2.5832103211572264,3.1225106891028998,3.907344590015268
2021-05-22,160.0,1.7978580023937158,4.292547868441779,2.947710120548335,7.352869538531962,21.67412795380223,1.7664880107020298,2.0096259701123587,8.453102934140968,7.515041453289179,3.727834539479598,5.341150581743771,2.6656954548916767,1.7440726496100425,1.8114995286197462,7.560340827284849,3.5211764405329333,4.622274128266162,2.6856832424051613,1.7001461586494455,2.864775929064247,4.31048290349138,8.072601164890244,2.5863982483807253,3.153870615111762,4.2377219576994785
2021-05-23,96.0,1.721385279106645,4.383786490223584,2.945361587550342,8.629787265744282,25.417843921254303,1.7978580023937158,1.6024290950518625,7.352869538531962,7.73966085179751,3.7367960628530015,4.905393428743914,3.5719089763346163,1.7652352325827554,1.781246961802797,7.5371734108909605,3.669768871943937,4.975216012145024,2.7372668423077187,1.705190532017578,2.8680529777210215,4.320656997575906,8.080770729840548,2.5819765584219523,3.186582453223585,4.321616165723866
2021-05-24,208.0,1.6184186263488445,3.969367358301988,2.786098782059346,7.24761457866953,20.192570150466736,1.721385279106645,1.9293386726313644,8.629787265744282,7.22686706722629,3.569501024229273,5.845848815050549,3.030394655395127,1.7619104307341296,1.7982407023820515,7.664334327169072,3.678043875520624,5.364130941846078,2.918211065509199,1.7059831983947478,2.8672887518500243,4.336092075000277,8.108636532535657,2.5841009059066935,3.2026531262561653,4.724606619778589
2021-05-25,204.0,1.8199994896162537,3.765781156655969,2.814113125704382,8.284572694588784,23.313724760694416,1.6184186263488445,1.9068850137125064,7.24761457866953,6.415225809394194,3.443685871080877,3.994864076461321,2.735341189466224,1.7125539692830678,1.7538235529131203,7.667298257375249,3.5833276527210507,4.915368773418594,2.8753967737864654,1.707325409890472,2.8652537182241535,4.33980708191895,8.110474531610315,2.5911540968391282,3.212946415787271,4.691741641082013
2021-05-26,156.0,1.915807962914245,4.03405424178699,2.93535805493043,8.106196246593006,23.794588447283598,1.8199994896162537,1.7343702534755772,8.284572694588784,7.321034827153302,3.207973418213533,3.0462191609279525,2.9117994062078223,1.7199344650239137,1.7414113351850842,7.934347812403047,3.4070534378412276,4.29564401747994,2.8033466025156675,1.7120055251193953,2.86352282248766,4.332417257539793,8.107621012121106,2.6031313338161475,3.213456828903603,4.522735409426032
2021-05-27,152.0,1.9578634514081248,5.096532547256294,3.2230372223403245,8.31902235292303,26.812518696952115,1.915807962914245,1.7313596846525228,8.106196246593006,8.2514528479925,3.493237061381567,4.637397807559804,2.359929511172989,1.7847420262931137,1.7673310079620366,8.046513729465861,3.3816321168919923,3.8928270149830255,2.8205835792749974,1.7202507225890697,2.8648401307265283,4.311229612197094,8.118711706775429,2.611674551300229,3.2148713024570847,4.6357111280621
2021-05-28,168.0,2.15125304662555,5.02326717185759,3.294745688419493,6.8461283900032255,22.55625199532941,1.9578634514081248,1.7664880107020298,8.31902235292303,8.453102934140968,3.7366189746129126,5.10780672643678,2.339317694817523,1.8978903013128736,1.7996886889271226,8.05616651588451,3.4792764847360043,4.263807898308179,2.829063742487275,1.73249114087993,2.8737033762459543,4.3342723556379825,8.133933714755726,2.614602664676393,3.234523667421259,4.696954370989156
2021-05-29,92.0,2.1880137224801124,4.76226493525479,3.2706360757387345,7.521927005646194,24.60148582373988,2.15125304662555,1.7978580023937158,6.8461283900032255,7.352869538531962,3.7258778385362894,5.064566632484066,2.9974283122914787,2.008308153649306,1.8546551226304826,7.826598723864832,3.6519112915102565,4.936590388826883,2.8370738737100214,1.7430027085412827,2.880186016297834,4.372011713514435,8.126934317757296,2.6163019985864935,3.2661086710069673,4.65744237823777
2021-05-30,132.0,1.8352220581237229,4.342312978336653,2.976580759125371,7.584847420060678,22.57691089145432,2.1880137224801124,1.721385279106645,7.521927005646194,8.629787265744282,3.6454978768429056,4.905393428743914,2.679879890513714,2.0990434068379282,1.9103916540713965,7.850749790595436,3.702664896664036,5.0259222625549205,2.86340821639763,1.756928212301,2.8890487529920654,4.380008841503649,8.120058280920228,2.6218385632249244,3.295943523858177,4.65744237823777
2021-05-31,108.0,2.25456044343706,4.738341400774989,3.3054206724477777,4.54062209552358,15.00866614031679,1.8352220581237229,1.6184186263488445,7.584847420060678,7.24761457866953,3.726146976448774,5.176012349563427,2.4608290525729437,2.0581629424097945,1.9266540510738361,7.7014726697834925,3.699174230609323,5.048657470263802,2.7428360196783927,1.7626672721419865,2.893945805347778,4.359488594208394,8.113880329500784,2.625851381093891,3.3216587502370865,4.561751454596752
2021-06-01,220.0,2.0576976004455965,4.260078039722655,3.07208249312791,6.31328886322534,19.394944190773973,2.25456044343706,1.8199994896162537,4.54062209552358,8.284572694588784,3.07181882717058,3.76756233235873,2.6709060900093062,2.0925987413469644,2.0175314535150095,7.3147594579055,3.4811545601540863,4.6163227035553565,2.764291565217856,1.7725956292045253,2.904341686323563,4.372076027421936,8.0826272187939,2.6346047127526058,3.3241249111105535,4.529279776867811
2021-06-02,128.0,2.1365655243902726,4.759070181168192,3.229848721368239,5.999730240307002,19.37822104520993,2.0576976004455965,1.915807962914245,6.31328886322534,8.106196246593006,3.191291337876269,3.487743619804402,3.291492145458174,2.0491600340021257,2.0514883264906305,7.033147481996436,3.3297523804985407,4.1437727672421865,2.805122601960671,1.7838795382599255,2.9160677312710273,4.372749851341217,8.074576428778915,2.6404747123296723,3.335857198601039,4.592354699564447
2021-06-03,160.0,2.3333229476204567,4.499226176846785,3.330402696527138,8.211139135808507,27.346399919456164,2.1365655243902726,1.9578634514081248,5.999730240307002,8.31902235292303,3.440665254723556,4.508614135860142,2.721014710490893,2.1496078560909755,2.0830251209872057,6.732223766812722,3.234591806590135,3.9213066960077576,2.942848593404631,1.793353625284847,2.925543820462664,4.375118609657441,8.061466713948887,2.6457479861888973,3.346193742436681,4.573957032178781
2021-06-04,104.0,1.7502785701146717,4.798863077175371,3.0746867079281164,9.45854274299574,29.082055648258944,2.3333229476204567,2.15125304662555,8.211139135808507,6.8461283900032255,3.548992709621253,5.5244691442701015,3.605927257227881,2.175862024152108,2.1366621918746818,6.716811878653504,3.3936497674070263,4.506942299978214,2.9816656423524925,1.8091206806087827,2.939278152111468,4.357226682387049,8.059048898166068,2.648126218951414,3.354016515246842,4.633480234726398
2021-06-05,112.0,1.7544651458154763,4.206792613982681,2.9071014481012893,7.139030641315021,20.753886315406373,1.7502785701146717,2.1880137224801124,9.45854274299574,7.521927005646194,3.5562537639479,4.792830952379208,2.6977282702323446,2.0733890140417994,2.079380123801699,7.090013929081006,3.5153039094309033,4.941971410836484,2.8444859359624504,1.809584172908332,2.9446407044976586,4.343420716479822,8.058672715116801,2.648620123764772,3.3575259717293724,4.594660851854274
2021-06-06,108.0,2.0241697614334777,3.9382925943804334,2.978945474216796,6.494114591488533,19.345613271360023,1.7544651458154763,1.8352220581237229,7.139030641315021,7.584847420060678,3.2541522837495087,3.951990808516692,2.1755286916181293,1.946022221183534,2.017444612849608,7.035314448462267,3.4531329191062206,4.756430301722,2.809977761220676,1.8085810696781088,2.9458649562801176,4.30436698047844,8.045473189839429,2.6487551201266872,3.349388868498008,4.458460477536101
2021-06-07,180.0,1.6373582535631106,4.057263173866801,2.8196310847568813,8.822659267675059,24.876644321354977,2.0241697614334777,2.25456044343706,6.494114591488533,4.54062209552358,3.1673338695259328,3.86897003701554,2.5814878898882494,1.842971159121208,2.0444371418938587,6.87949547295196,3.325913305741114,4.20459726597048,2.7963327295735207,1.8134136934996512,2.949839875869759,4.273281798741775,8.027210381025812,2.6505932430749852,3.347246674188412,4.271740147172117
2021-06-08,168.0,1.7430183355799105,4.616653400411479,3.020167230732874,7.773405659925612,23.476985045300786,1.6373582535631106,2.0576976004455965,8.822659267675059,6.31328886322534,3.427052630419641,4.246462528782793,2.730267232495252,1.8053310536040206,1.9562654004832944,7.491215068973601,3.2828462612316938,4.022474458105008,2.741477247555916,1.8096676685170838,2.9496328678325527,4.247703422535741,8.025554851274167,2.649929722401847,3.3701436509512286,4.340154460946983
2021-06-09,132.0,1.95629152516293,4.986467753179241,3.1949267343306524,6.119156796141783,19.550257639554484,1.7430183355799105,2.1365655243902726,7.773405659925612,5.999730240307002,3.407835427530426,4.463759763398922,3.3475630640174017,1.8015154501921653,1.9113112197881965,7.6998031827879245,3.3340739758253335,4.193064109732418,2.743464839427041,1.8099240881038348,2.953144007608976,4.287691002147789,8.022022978552979,2.6488767903398656,3.381675435983214,4.479585338603342
2021-06-10,128.0,1.7865329644841526,4.166219897176635,2.908663078925392,6.444402007149079,18.744594183947218,1.95629152516293,2.3333229476204567,6.119156796141783,8.211139135808507,3.301445183459652,4.126041198896436,2.905355109304154,1.778889371435316,1.8855577913271477,7.716864119335751,3.378777747136573,4.27875449702605,2.505890467010915,1.816071054623809,2.9597345426578294,4.327964690446881,8.00549615019933,2.648643471369849,3.392879292300345,4.424932061894242
2021-06-11,144.0,1.9839671063214928,4.126209359518383,2.9957531395145955,5.969237587719294,17.882362243918607,1.7865329644841526,1.7502785701146717,6.444402007149079,9.45854274299574,3.0245833021542965,3.024915636667495,2.7619218801932206,1.8286142750756635,1.80744493659339,7.464473100955831,3.244621304381458,3.8715721996542842,2.351571719852518,1.8204546083367246,2.9608146385494285,4.302896977466628,7.995023756250771,2.656208749881977,3.386739240122966,4.067852989379584
2021-06-12,112.0,1.6477573495035824,3.885213400325537,2.766582189912648,7.292872338835655,20.17633072592932,1.9839671063214928,1.7544651458154763,5.969237587719294,7.139030641315021,3.151641861727287,3.510828355880437,2.8479170890085834,1.9089305319895242,1.8408290131943643,6.96600093591634,3.1592234491137448,3.553928397148123,2.378433909645314,1.8257078860363305,2.962305367011276,4.296022461671466,7.974496065552667,2.659134080526957,3.3749108450492558,3.8847097613083306
2021-06-13,128.0,1.8445642882438804,4.02660168585106,2.894892735559275,6.26158200110376,18.126608248103985,1.6477573495035824,2.0241697614334777,7.292872338835655,6.494114591488533,3.067262396864979,3.1631763601584817,2.461345948817835,1.8060858067697414,1.8255850422926652,6.98797832127643,3.081162520248854,3.2329734509021377,2.3073811624731704,1.8247695393683745,2.962086833705705,4.307433905645936,7.963553883976346,2.6674155535724813,3.3855289700847067,3.772021982971444
2021-06-14,140.0,2.139033670431298,4.886734263943443,3.2588259888839226,6.164857297153613,20.09019717772489,1.8445642882438804,1.6373582535631106,6.26158200110376,8.822659267675059,3.1144486333270978,3.725686248288287,3.5455698299959733,1.8254295813563175,1.799927117551294,6.9547593797928915,3.111117630639788,3.466563654775735,2.1480096892758325,1.827172764057956,2.9627848531446146,4.315902795111355,7.952080013232311,2.6745258030886405,3.389591624075843,3.751552870296122
2021-06-15,188.0,2.1929506556241325,4.976249302960691,3.309887052505309,6.55631840575249,21.700673403302414,2.139033670431298,1.7430183355799105,6.164857297153613,7.773405659925612,3.110086608319784,3.645319061531428,3.0019865751302803,1.877118436059586,1.8715950342467498,6.575073384004114,3.097265879503954,3.511393889992732,2.253425896724693,1.8306072837580483,2.966914861592291,4.343897251393824,7.940346856385276,2.67515215847593,3.383168824755953,3.6656752321173554
2021-06-16,100.0,2.098064541074137,4.795774019409627,3.215257608743029,7.031763713661204,22.608931783232325,2.1929506556241325,1.95629152516293,6.55631840575249,6.119156796141783,3.2596701602933456,4.451928229323168,2.3873051192871064,2.0588495380997696,1.9358710799673524,6.401203776265096,3.161401800646742,3.9409778463809606,2.3814705483142737,1.837203477462907,2.9738245397385663,4.3856830842673595,7.932980199941514,2.6759565507246985,3.389423950956622,3.663985012963676
2021-06-24,136.0,2.237277299611365,4.452239787347921,3.2394247058842667,5.611517319646547,18.178087842760483,1.891890019594049,1.7137213091091827,7.128762032915083,6.971914717470861,2.932574560496274,3.1019928646978667,2.166428655906726,1.8695992600441091,1.8272846161892755,6.84332450203081,3.1300610467903702,3.304599126218092,2.6775600105124737,1.8682856794938136,3.0041172204330437,4.378538051047095,7.8313819703591205,2.7013637457163497,3.3003797516458695,3.1174729869580853
2021-06-25,148.0,2.1318169729078007,4.824064489945577,3.2410646206595985,5.977733126731272,19.374219348793606,2.237277299611365,1.880006120214588,5.611517319646547,6.779929388096558,3.2371870935608467,4.369638663116645,1.5508063462817685,2.0882959156659973,1.9020783291181584,6.648982016627336,3.19055837818053,3.961233615358998,2.7848073445084394,1.8850710950699854,3.0132467081750587,4.401420005403493,7.813286436754375,2.698238797657551,3.3013535408241137,3.4432936918052417
2021-06-26,156.0,2.065792479185908,4.910631637469267,3.2249487374151267,7.77205409968455,25.06447605589975,2.1318169729078007,1.8844089542878797,5.977733126731272,5.8666240751045295,3.649957112446261,5.2152318420355614,3.2018421670273765,2.0869947640377373,1.9380513080743318,6.534382550718009,3.2732395888344605,4.228954456616691,2.97772011433363,1.8928996319270475,3.0170591277516037,4.4277536803421125,7.787101997729313,2.6952720068018103,3.3065775425262696,3.7872694012428503
2021-06-27,140.0,1.7670728981496695,4.386628515655562,2.963262082592833,6.829006156386222,20.23613500501231,2.065792479185908,1.7040581495809468,7.77205409968455,7.828472853709968,3.8567519229954224,5.64844712525338,3.371571653042775,2.1449622505683568,1.9639632402026217,6.806586839943727,3.5812987096675095,5.077772543468529,2.984541906320593,1.8991941478316716,3.0217894589946748,4.421556983349211,7.779667809931237,2.6956137880593194,3.3105819741390197,4.114770431534391
2021-06-28,92.0,2.332359238057168,4.384157414605955,3.311715192096796,7.336643712109018,24.296874440392866,1.7670728981496695,1.5811873327457004,6.829006156386222,8.650494316466387,3.478935964777613,4.119253344432942,2.758272702744485,1.9882274500811252,1.9729653471410102,6.663805883183192,3.6618816667397653,4.9943107705739616,3.0579559979764346,1.9025587019872086,3.025495363839452,4.400335694809144,7.751893302122671,2.6978622625490214,3.302350578347064,4.180909764784687
2021-06-29,132.0,1.6691378138905135,3.894728290760673,2.783047206030874,6.845563107464699,19.051525279937657,2.332359238057168,2.135720427792581,7.336643712109018,4.677074130452279,3.581272291591984,5.176012349563427,2.226501024152979,2.055074871797581,2.0802756193283627,6.476112939703568,3.638986726455007,4.981237606416583,3.0815899543995404,1.9113853807960326,3.0304753347251796,4.387732110787516,7.728378748006877,2.6987105300605685,3.300209725505367,4.577520786766044
2021-06-30,144.0,1.6596726970335975,3.875571658221312,2.7736311657155923,7.790461852528932,21.607867789492676,1.6691378138905135,1.891890019594049,6.845563107464699,7.128762032915083,3.4066455999876037,4.119253344432942,2.4090796379579884,1.9228566500324495,2.0136209601994963,6.78589707927677,3.4889512854524,4.471506346143104,2.997928219261705,1.9041713216334455,3.022634187004742,4.37281262120165,7.705715072376426,2.6965190360049403,3.289559679623328,4.535689933361824
2021-07-01,244.0,1.9371580872455327,4.12233967506481,2.968942334209625,7.286275024990827,21.63253038038956,1.6596726970335975,2.237277299611365,7.790461852528932,5.611517319646547,2.834933670101325,2.846597639260517,2.98161833957883,1.8870565829937587,1.9804470569765746,6.880425624935891,3.2742838538936376,4.047287777752295,2.8584304338288797,1.8965406567936183,3.0166508525396627,4.344053629783194,7.695041265922216,2.694054637970347,3.281663507721019,4.499204901156488
2021-07-02,164.0,2.233576741800115,4.61576997669802,3.26676499581737,6.952905668554316,22.71350885725341,1.9371580872455327,2.1318169729078007,7.286275024990827,5.977733126731272,3.2574832175380406,3.612402872070124,2.818024661642417,1.755322866056547,1.9375728837814559,7.119676725699359,3.166354162542323,3.526084618587861,2.7920354672610492,1.901823313279245,3.0182754567901813,4.339462350961266,7.671906824843633,2.6933860189843264,3.283869903709745,4.391028359578414
2021-07-03,112.0,2.1875569259785483,4.659487857067541,3.2420397823360245,9.680704008345218,31.385227516075012,2.233576741800115,2.065792479185908,6.952905668554316,7.77205409968455,3.5786630315795893,5.061382128816502,2.6656954548916767,1.9434691753597475,1.9521099936232151,7.258987088816937,3.223693306406318,3.8401275467157148,2.743617572990786,1.9057446994666487,3.0204039777455254,4.334685677478927,7.651127530716722,2.690122512722852,3.288469829604946,4.369049829118548
2021-07-04,176.0,1.5603163839533414,4.2977799434004185,2.872735071014733,9.08035940525453,26.085466920893168,2.1875569259785483,1.7670728981496695,9.680704008345218,6.829006156386222,3.749213899510765,5.929426965051105,2.912657395779405,2.1194305850080646,1.9695049145935921,7.531651361482747,3.5284533828761315,4.867737321979244,2.861905441822401,1.9089753762016324,3.020729462487303,4.340027733486285,7.652848591696695,2.6815427419357514,3.2951438692679296,4.409189806232509
2021-07-05,132.0,2.269997812872583,4.778217512926176,3.324542210747962,6.165805601108009,20.498480984149786,1.5603163839533414,2.332359238057168,9.08035940525453,7.336643712109018,3.654571713507925,4.8616519995646845,2.729343559584021,1.9938166839106675,1.9399682697084022,7.8532732541782195,3.660816214866093,5.284153697810764,2.6932558252672503,1.9001677837896267,3.013507571688616,4.323324962360454,7.650005138466707,2.686928586571961,3.2984211342532643,4.515246756965615
2021-07-06,216.0,2.151182751639188,4.648209223734956,3.215484620330284,6.666515466462311,21.43607795360353,2.269997812872583,1.6691378138905135,6.165805601108009,6.845563107464699,3.64842955604003,5.66131323831403,2.977232362124739,2.0059570409348235,1.931059494682033,7.686010666892362,3.684071723019573,5.4841307343099395,2.6458123012311243,1.9087541417269271,3.0149106204766016,4.342372458991903,7.6302103691505865,2.692803287501582,3.3115637099962814,4.584575455358558
2021-07-07,224.0,1.964679640374441,4.481327014901907,3.072038747183531,7.011416971226863,21.539344608269122,2.151182751639188,1.6596726970335975,6.666515466462311,7.790461852528932,3.4596603097573686,4.342975488132112,3.759469026734321,1.9938323161550366,1.999923057217558,7.660432432463449,3.587553859768441,4.955313575336942,2.726952926809035,1.9155594609419657,3.016954555264257,4.366036346637054,7.631336779917398,2.6947569786695627,3.3213079246706627,4.6165357616012965
2021-07-08,208.0,2.110378925204514,4.731455786633096,3.208381509574647,7.409610198030387,23.77285635251643,1.964679640374441,1.9371580872455327,7.011416971226863,7.286275024990827,3.4016695088244355,4.363464484469375,3.0293708834875703,2.1286200682954033,2.043495477694821,7.549140306563153,3.503253124873945,4.7892510703051725,2.825459433740913,1.9179736539695056,3.016460680680139,4.380171808004891,7.638853486945168,2.6920903639210105,3.320461820617489,4.833231025202562
2021-07-09,184.0,2.170313267359896,4.944589925958507,3.289549204718033,7.478327900321455,24.60032759712312,2.110378925204514,2.233576741800115,7.409610198030387,6.952905668554316,3.5166119004100747,4.67910402594739,3.33192330323331,2.0754137724060473,2.0682413116889617,7.566759616997376,3.4593139063306264,4.461847999516292,2.8549869172381586,1.9216552333824362,3.0237976429204823,4.383998554212279,7.657623858188795,2.6869180405461384,3.324087703046811,4.985616904327885
2021-07-10,208.0,2.24339992061215,4.626511181352872,3.276235044373101,6.690320398719012,21.919062148367445,2.170313267359896,2.1875569259785483,7.478327900321455,9.680704008345218,3.63552110182834,5.681797195766001,2.831133149853417,2.0817906109796165,2.059203672483216,7.641819935821254,3.5179341703542835,4.908121902060922,2.741654396563458,1.9254483963497606,3.030474257862588,4.3826026266382545,7.666941798388343,2.6927441047777365,3.3352235669924335,5.074247628177814
2021-07-11,172.0,1.9059191873265744,4.46671630313156,3.040809070476496,6.933003585597873,21.08194018873208,2.24339992061215,1.5603163839533414,6.690320398719012,9.08035940525453,3.485636651917809,5.551296088403509,2.327025249814556,2.1746973710588526,2.0671812431451593,7.214622277303223,3.5459232180520748,5.304065770038966,2.5698172295352273,1.9322934512304717,3.0328506044404664,4.397945669444128,7.660078070816587,2.69501380304176,3.3505920119845505,5.020228931513871
2021-07-12,184.0,2.110121411310197,4.9522309482085705,3.257216161777577,6.927425436079292,22.564122089906547,1.9059191873265744,2.269997812872583,6.933003585597873,6.165805601108009,3.53652067674859,4.620354784739419,1.752859061554245,2.1065441250995396,2.1165530721984784,6.907857160209416,3.5525594768315796,5.2844826896363095,2.6798867034889335,1.932138746741958,3.0333618519352945,4.4092959008979005,7.649828736442141,2.696355473237774,3.3634213058185938,4.985757900824548
2021-07-13,196.0,1.9611374130346035,5.13796693295179,3.2354517606541098,7.296695769583474,23.608107174656247,2.110121411310197,2.151182751639188,6.927425436079292,6.666515466462311,3.536068366842714,4.925375658826979,2.5124675961499245,2.086480173082973,2.093713586260994,7.0166599937767415,3.5194085651697047,5.032342177323302,2.7049472576927696,1.9386757914392876,3.0426724660814375,4.444863152494002,7.643831505827052,2.7013637062711453,3.3790481714845186,4.880623960897827
2021-07-14,136.0,2.236044000202012,5.037161047413827,3.3496491076304085,5.4206788168756495,18.157371961698576,1.9611374130346035,1.964679640374441,7.296695769583474,7.011416971226863,3.6689191335483313,5.188154035329451,3.420543766842479,1.9923926705571242,2.0665642521746252,7.10668575136548,3.580502725713212,4.911294826298616,2.7019107036862953,1.9414462867245619,3.0498927410479584,4.481908660730693,7.64476755332574,2.703306187257132,3.397530521491893,5.001363753354589
2021-07-15,128.0,2.378109206116585,5.181805492313952,3.4805625473895083,6.149980434846425,21.405391568704708,2.236044000202012,2.110378925204514,5.4206788168756495,7.409610198030387,3.624812423088392,4.552722824701237,3.857385965308875,2.1024342748489366,2.10533058929285,6.87943744360102,3.6099333078264793,4.888750839619223,2.8310635995696574,1.9452199205593894,3.055824302845917,4.486922886846373,7.625119358500947,2.7062803745992197,3.414688048650847,5.028400659101998
2021-07-16,188.0,2.132486128394166,4.4793219929859145,3.167946545542243,7.478199628928941,23.690536681340724,2.378109206116585,2.170313267359896,6.149980434846425,7.478327900321455,3.815594053899277,5.497461909693917,2.1513759873472527,2.191763539784399,2.1435777722802882,6.69949033457474,3.7031085368453334,5.079446256574868,2.858767356699526,1.958147922410468,3.0687764854415716,4.493774759824815,7.619138437171625,2.713137103060038,3.4332188451043777,5.145308928208645
2021-07-17,140.0,1.746919591515697,4.413431590297894,2.963876433913359,7.374920313991218,21.85835252062748,2.132486128394166,2.24339992061215,7.478199628928941,6.690320398719012,3.7357034056345655,5.283268282026284,2.4990284816005386,2.2488797782375864,2.138173895285184,6.699472010090096,3.7253699608740782,5.111151005473812,2.862362340298355,1.9615337133398478,3.0716469295428976,4.483226358944024,7.598912880352861,2.717170520199241,3.4436827328854838,5.088376226245828
2021-07-18,152.0,2.0655450894546745,4.446432373527263,3.1186389346952588,7.195622461225517,22.44054836694562,1.746919591515697,1.9059191873265744,7.374920313991218,6.933003585597873,3.44404423267305,4.055559622209557,2.895009628859933,2.085838308675482,2.0672481339856907,6.797271997986124,3.6651138974022976,4.945429937976585,2.8532588997060517,1.9588676229699014,3.071780876531199,4.488474123309559,7.585680980461428,2.720158318674658,3.465642960739896,4.874699588218121
2021-07-19,124.0,1.5415515700321751,3.633868874941756,2.654249524655951,8.704608523748734,23.104203036476218,2.0655450894546745,2.110121411310197,7.195622461225517,6.927425436079292,3.77334073243214,5.598944140619116,2.442404610077387,1.9816502697881784,2.090051834289705,6.8347889802186454,3.651029456913252,4.979257348284985,2.8492993664397095,1.964387203569553,3.0777443627796144,4.49265313129422,7.56991997402941,2.7179857916507815,3.4874956548596985,5.014498067629505
2021-07-20,156.0,1.9859038896123145,4.234810933253258,3.023378578103767,7.463432114347308,22.564780773649357,1.5415515700321751,1.9611374130346035,8.704608523748734,7.296695769583474,3.086766438227612,3.0462191609279525,2.719159980630644,1.7846720836675145,2.0088275712499875,7.088672278457137,3.4347171344442677,4.233574307918875,2.7875076688666396,1.961223734992547,3.073697257843193,4.471582593121602,7.5668112777210625,2.711724713134863,3.4769708022796997,4.746047139358216
2021-07-21,184.0,2.294996060769395,5.060523581117891,3.394935561465648,6.172439432641143,20.955034130866267,1.9859038896123145,2.236044000202012,7.463432114347308,5.4206788168756495,3.149813348360767,3.499314328683395,2.6272161221195747,1.8643335163663872,2.0123656393325176,7.112491756280542,3.3366401730068396,4.048159210076821,2.733939157812246,1.9648806663077183,3.073446325169694,4.483687842689226,7.555186499907488,2.6999097942417456,3.473163683273399,4.504784324123065
2021-07-22,92.0,2.451263409928506,5.15667931252858,3.541479884572479,7.273457435299293,25.75880319840658,2.294996060769395,2.378109206116585,6.172439432641143,6.149980434846425,3.7341949070504654,5.316693602015525,2.65452579611126,1.940817173471294,2.0207873622707155,7.219886129961326,3.3235915645462817,3.9540756972089572,2.7305030438481372,1.9731663006139797,3.080900082518317,4.534419171389515,7.5422167199283985,2.6946953223959307,3.495780343528736,4.6139230065965355
2021-07-23,196.0,2.1023463188578435,4.75013005081166,3.2078641393930623,8.149545376941049,26.142634367045705,2.451263409928506,2.132486128394166,7.273457435299293,7.478199628928941,3.8315365409799833,6.687660364522623,2.9218623050232,2.2440544534367377,2.0312379628152755,7.380382844311737,3.5718482654637387,5.167889431740514,2.755416837208465,1.9853309361276776,3.090835387468686,4.562825887717059,7.546246520822431,2.694111873440263,3.51010111221192,4.78395135728635
2021-07-24,136.0,1.987496283814349,4.798863077175371,3.161230891703417,8.208366536103762,25.948541864355786,2.1023463188578435,1.746919591515697,8.149545376941049,7.374920313991218,3.4702226041759565,4.027745872567378,2.674452361027389,2.282868596518581,2.026932275738658,7.476289379742037,3.678651350735468,5.344033279701843,2.8690424069962868,1.9933963976694942,3.097864810090914,4.586159644174283,7.547139375400582,2.702847082061616,3.528022713667909,4.604591013077935
2021-07-25,108.0,1.83165704553343,4.743958344512917,3.085785987128954,7.720622356366055,23.8241882791889,1.987496283814349,2.0655450894546745,8.208366536103762,7.195622461225517,3.3670622671987696,4.259261804706103,2.8737537508146134,2.180368670866899,2.0613003746384657,7.595353125758115,3.5562738041182365,4.991556013932034,2.9604981870720377,1.996188010906129,3.103650106190898,4.5977137538351975,7.539984248848439,2.6978765708703905,3.5323518861225067,4.633691324863157
2021-07-26,172.0,2.1002731655260214,5.068835192389963,3.278461038850247,6.925611485543904,22.70534742556947,1.83165704553343,1.5415515700321751,7.720622356366055,8.704608523748734,3.526264047359436,4.342975488132112,3.34647488126092,1.9738332160685401,2.0278877969354303,7.670353110778192,3.4545163062447206,4.20999438846853,2.9563381872918346,1.9947854956164488,3.106157238394206,4.5950435489874435,7.536809713958326,2.693827209332275,3.528228783952946,4.454267231650727
2021-07-27,180.0,2.3842308457045425,5.355944378358813,3.5146045369491623,7.0959561724928975,24.93947975783595,2.1002731655260214,1.9859038896123145,6.925611485543904,7.463432114347308,3.584442274800262,3.863956258039129,2.913086280539727,1.9731421649579328,2.107705167720266,7.41621067674893,3.4925895297861556,4.155397850292448,3.088761577296362,1.9971589908517473,3.107080968669372,4.600317000818133,7.532276121573497,2.6972957313887864,3.519151795679774,4.571086816952324
2021-07-28,148.0,1.9015430990818465,4.364092368911973,3.012222497861872,8.676244178903724,26.134777912636903,2.3842308457045425,2.294996060769395,7.0959561724928975,6.172439432641143,3.735511301075403,5.577882583861816,2.6523810073113783,2.1053870189213306,2.164609018590584,7.363714113626871,3.615405874411701,4.594938110011018,3.18151258079694,2.00104195416973,3.1107452828115334,4.632627529574908,7.5244878863777425,2.6962998954538517,3.5277043068897003,4.868025139120669
2021-07-29,124.0,1.6803762253799688,3.719817589022934,2.7355490401397597,8.622143970292393,23.586297661880174,1.9015430990818465,2.451263409928506,8.676244178903724,7.273457435299293,3.417793523832989,3.593101302694932,2.5908017119651325,2.1286823701041357,2.1084014526352197,7.721400505950099,3.579249033236218,4.344980048198625,3.1095194483622177,1.9962674437797594,3.106438389846919,4.631958694718441,7.535327731854518,2.695551930454931,3.522255014631067,4.6217976677891555
2021-07-30,112.0,1.8553074645304948,4.114577568645997,2.9252017756872646,8.55465544906924,25.024093310010077,1.6803762253799688,2.1023463188578435,8.622143970292393,8.149545376941049,2.9062682817008803,2.861967517497829,2.8941455721588047,1.9887167233887852,1.9982747119854287,7.9140700109491116,3.3531910355364243,4.010983801351525,3.0741304930373334,1.9936866799006967,3.1024211945304923,4.62612833799385,7.546178971380566,2.695089650828177,3.5055757706881763,4.075270118214186
2021-07-31,76.0,2.0024937698618825,4.575058313905854,3.1138030995852923,6.957211936255224,21.663388091583307,1.8553074645304948,1.987496283814349,8.55465544906924,8.208366536103762,2.8544019351437298,2.9448722774523994,2.2419104780159014,1.8124089296641026,1.962983447081522,7.971942878395997,3.0594879135591992,3.1333136992150528,2.9857876066268725,1.9870324635855874,3.096084212917817,4.634095201674672,7.553932853489605,2.696050196373944,3.5062247128562567,3.9205738903406173
2021-08-01,176.0,1.6228556554839404,3.776239489495747,2.7292633929991776,7.922906940703709,21.623699879401737,2.0024937698618825,1.83165704553343,6.957211936255224,7.720622356366055,3.2702339096738893,4.284671411079915,2.498774173433859,1.846059153257448,1.9651259450883123,7.793206506989063,3.0103013755061663,3.363837068676714,2.9046581409671313,1.9861123997425252,3.0967795563587734,4.649185822969374,7.545849022398306,2.698104703932089,3.5066497359274513,3.9242038341083045
2021-08-02,112.0,1.9932774314180377,4.603917908703854,3.1161585583366347,7.6695531837392945,23.899543792127186,1.6228556554839404,2.1002731655260214,7.922906940703709,6.925611485543904,2.927003059908296,3.112389281627528,3.322422083512157,1.826885629958772,1.9352971750812424,7.822104304751584,3.0172129682419713,3.44731099005328,2.9048766609603685,1.9775505685940864,3.0884364675526217,4.621201473395966,7.540872349699168,2.6970838185974615,3.4849277368717417,3.74840580460765
2021-08-03,167.0,2.0579504909665145,4.885471608114973,3.215200841583924,7.219003162437823,23.2105450432671,1.9932774314180377,2.3842308457045425,7.6695531837392945,7.0959561724928975,3.094654674450621,3.6670575182490666,3.0874828340620235,1.8728756189212863,1.9200120702086736,7.928381690208069,3.0972972146776026,3.6880394036521693,2.935472997312481,1.9718831433240462,3.0848657319161132,4.619349141783842,7.531361424451784,2.6990519162723574,3.4631090960364035,3.720277413209069
2021-08-04,160.0,1.969156297540937,4.438382528467988,3.063725720522388,7.149822244921755,21.9050943089299,2.0579504909665145,1.9015430990818465,7.219003162437823,8.676244178903724,3.3365102348781805,4.447940889756028,3.447759995826131,1.8913611926228302,1.8734005909603835,7.945959831628774,3.1193893230790324,3.7424625632108737,2.8912449503135877,1.977011008671577,3.0872076341437102,4.638938863940994,7.528465974183981,2.7046153364724344,3.452507046748745,3.558857171193957
2021-08-05,152.0,2.1098637059205787,4.745827327669049,3.2112128958182637,7.268958780203988,23.342174174162444,1.969156297540937,1.6803762253799688,7.149822244921755,8.622143970292393,3.17654015113819,3.828934026462083,3.2309921724953874,2.0067947399751622,1.8830596193116822,7.727899555345634,3.2025683534889975,3.9813108114890583,2.8854706284372225,1.9805891945336678,3.0898180386840624,4.6276110311257215,7.524581478078137,2.7059221002181344,3.4367773999186837,3.59254756030355
2021-08-06,152.0,1.988109075390279,4.534908248573568,3.0967460315109285,7.063529886685343,21.873958145051674,2.1098637059205787,1.8553074645304948,7.268958780203988,8.55465544906924,3.273785997375366,4.041691224165509,2.8650255736973858,2.0456568314760095,1.9444149736746266,7.534587385333005,3.2622787944639122,4.106188713461206,2.8580885631573163,1.9820174269417863,3.09368916237742,4.630864967923525,7.529258452233848,2.7040473930498905,3.4305815895059504,3.7610795183989327
2021-08-07,140.0,1.705242750171653,4.271743997514778,2.908277871051886,8.076719111022317,23.48934346128807,1.988109075390279,2.0024937698618825,7.063529886685343,6.957211936255224,3.157282064110553,3.6013735405715543,3.168874208047588,2.022376359617264,1.9633866323688813,7.321569447849591,3.2025360708747033,3.8239995970663814,2.887859125435076,1.987863273972239,3.098307744823321,4.6326510090459125,7.531925580404667,2.703906140863451,3.422435341348821,3.8548654131302404
2021-08-08,122.0,1.6582948245378362,4.093609528143722,2.8390113414564,7.953865747258843,22.581115064889442,1.705242750171653,1.6228556554839404,8.076719111022317,7.922906940703709,3.2101262278190945,3.024915636667495,3.1480311979379048,1.934405177160836,1.920922200984563,7.481499044244891,3.2137314297683375,3.5559934671348525,2.940448763243213,1.9872336808821014,3.0964429221619705,4.617327282741969,7.531553592177182,2.707139913758123,3.412219152262455,3.6749003024998954
2021-08-09,194.0,2.0526718753445894,5.028635550104069,3.246278266759689,7.37882704540811,23.953725871686956,1.6582948245378362,1.9932774314180377,7.953865747258843,7.6695531837392945,3.164507908738236,3.8008946013177343,2.8184701564691053,1.783882216699922,1.9259849394208337,7.485921730895623,3.1773054002226275,3.4757279261855945,2.981301672300318,1.9822670692050164,3.0905109989474,4.5889612694814765,7.528396990333164,2.703254659132515,3.3965187124927847,3.7732582053127817
2021-08-10,228.0,2.1936786667533545,5.395765246926791,3.398203485018754,7.204984743717717,24.4840042656085,2.0526718753445894,2.0579504909665145,7.37882704540811,7.219003162437823,3.413387339631618,3.76756233235873,2.839760146787832,1.8054031500180254,1.9344698599817696,7.4443894254197405,3.262673825396316,3.531124190114653,3.0147638882295076,1.9867027177193572,3.0961379187446383,4.602365415106517,7.520701644343629,2.7035007354178173,3.3941104020832453,3.7876160358998767
2021-08-11,182.0,1.9128676846758743,4.618032998265321,3.0830310662379543,8.572711907932643,26.42993713406438,2.1936786667533545,1.969156297540937,7.204984743717717,7.149822244921755,3.750607846942488,5.103773926154675,2.829359790952907,1.9682151222119257,1.9538595993798897,7.442386794174011,3.442834365104114,4.224076953277046,3.1603498839226467,1.9901979103932212,3.1028454245030406,4.633333713233024,7.509822896767379,2.7082515067255923,3.4012466410897084,3.8813064696711117
2021-08-12,201.0,1.8123875558636109,4.604750870355067,3.040685956112563,8.003381183398067,24.335768765774052,1.9128676846758743,2.1098637059205787,8.572711907932643,7.268958780203988,3.742618504663544,4.991017383654609,2.663085912877196,2.0530727422579385,1.945818368970595,7.645656746032709,3.635537897079217,4.620784547389338,3.1777057602627323,1.9946164159794262,3.108119572441796,4.622193781568249,7.506474955327428,2.7135308287106787,3.4081316456837363,4.0473183778414725
2021-08-13,197.0,1.777368243987655,4.197387863949201,2.913610074879527,8.25742326045612,24.058911604209502,1.8123875558636109,1.988109075390279,8.003381183398067,7.063529886685343,2.9955661481340314,3.4465770043196664,2.8665552136500434,1.9729779690976121,1.9033217761053138,7.750574232203292,3.4962641665800214,4.513789438042983,3.171056502440552,1.994080137106422,3.110549459451017,4.6044199128150245,7.497917155681827,2.7219169810984427,3.3856865461699264,3.962302060720638
2021-08-14,173.0,1.6259694220896794,3.9914689733514783,2.79664882658904,8.815633907319723,24.65423222254426,1.777368243987655,1.705242750171653,8.25742326045612,8.076719111022317,3.024443980223276,2.6178786574218638,3.3830485625123767,1.8342078281757124,1.8732159430477962,7.92113042845626,3.2542095443402843,3.6851576817987133,3.145943608853687,1.988052379999028,3.1047958608842774,4.576427473366204,7.488686437189009,2.72433200367949,3.365674264741089,3.821802791699253
2021-08-15,195.0,1.6565349264291502,4.013993558804186,2.814293364274123,8.274274699983863,23.286236382345844,1.6259694220896794,1.6582948245378362,8.815633907319723,7.953865747258843,2.757304165914594,1.8113995202937216,2.8384348689456558,1.738575073980314,1.8618911818932287,8.026689685070176,2.9257714314239673,2.6252850606784173,3.062831449625281,1.9786026927734537,3.0962418904523394,4.536749589400788,7.4938926546276905,2.7261096876792847,3.3303979351415993,3.648443346503
2021-08-16,137.0,1.7640912079167492,4.3563363759358245,2.954183391739136,7.869065809627812,23.246663523304758,1.6565349264291502,2.0526718753445894,8.274274699983863,7.37882704540811,3.0236424321258277,3.0531622883249185,2.778049903334548,1.6866241975021605,1.861639767877702,8.07246239260232,2.9351301927545657,2.4941468220135015,2.9842932521190213,1.9712438658627038,3.0895591530445246,4.5212386415947305,7.491358410274553,2.730954555283573,3.3066625693579748,3.541624444646884
2021-08-17,197.0,1.923706195586499,4.959469446475888,3.17592408522292,7.806865012811781,24.794010624273074,1.7640912079167492,2.1936786667533545,7.869065809627812,7.204984743717717,3.1651269027076663,2.846597639260517,2.648085689828487,1.6821985188118587,1.8204139582451533,8.142496501776565,2.982024500249363,2.570386482626386,2.8203384941152048,1.9720833641761633,3.090351898966001,4.519335467782662,7.480453975975782,2.73574407282732,3.2973653250257953,3.410058059918567
2021-08-18,211.0,2.0650497935525345,5.191859903061423,3.2904534100870144,7.126327619565928,23.448849017197983,1.923706195586499,1.9128676846758743,7.806865012811781,8.572711907932643,3.340221076589327,4.114826075206382,3.037753726897225,1.7814441099774652,1.7818464623641739,8.22847939736143,3.1763301371409405,3.3381953342639394,2.679611298765599,1.9728116987656952,3.0934312188455255,4.536436703547616,7.472971280242299,2.7436390799096455,3.282928003164369,3.2687797954973825
2021-08-19,160.0,2.117900310109064,5.098953056964199,3.294223286839626,7.000667724500913,23.061762641477483,2.0650497935525345,1.8123875558636109,7.126327619565928,8.003381183398067,3.5390978655170997,4.21631297168904,3.031213377534152,1.9176157323519265,1.8035867636322682,8.021853070451899,3.348148614938031,3.7259122287186464,2.7449848911346826,1.975822379420106,3.0986261535111956,4.5883697378182715,7.4709240500302165,2.7487815420404607,3.298005717407351,3.158107736645159
2021-08-20,169.0,2.145028393772878,5.297110629484123,3.3518484212219115,6.640136301190933,22.25673037784513,2.117900310109064,1.777368243987655,7.000667724500913,8.25742326045612,3.5995355454307507,4.1682976357278285,3.1525255770497806,2.035552099749365,1.8472314428101904,7.878608290609449,3.4929514958457255,4.16647889420775,2.911717135453504,1.9827197487622414,3.107027085821359,4.617174475275303,7.466296338638009,2.750323079886417,3.3129964573096844,3.2612106839891815
2021-08-21,132.0,2.2435856416931603,5.045427576529044,3.356309017260221,8.017397376633149,26.908863110152275,2.145028393772878,1.6259694220896794,6.640136301190933,8.815633907319723,3.642539107862496,3.736286255422216,3.6172840740167063,2.109326165811491,1.8997543213509362,7.647567296428707,3.5937241729367826,4.040298954279694,3.092859990931951,1.992117099779361,3.11893370017924,4.625060710220844,7.4473945502697525,2.7474804251135545,3.3099412640034185,3.4209831979892322
2021-08-22,174.0,1.6055455497946662,4.680579401481034,3.003299568798831,8.636877666123924,25.939130970438235,2.2435856416931603,1.6565349264291502,8.017397376633149,8.274274699983863,3.833333901670921,5.354055721971318,3.857536838797627,2.1688381151916993,1.9879852098657194,7.533533506330626,3.6918028516547228,4.419546537707121,3.219659578023409,1.9939148533443707,3.122637408548381,4.621352319020859,7.4343677666040335,2.746788628327849,3.3100011760264496,3.9270769410860313
2021-08-23,166.0,2.229680648017515,5.182906125684583,3.3798438533129365,7.764431289304409,26.242565367626145,1.6055455497946662,1.7640912079167492,8.636877666123924,7.869065809627812,3.8427668288782377,5.663904517225056,2.899541037715148,1.9980531950869003,1.98070101320365,7.58533393006492,3.7728799461372184,4.918082164872864,3.4291628427834717,1.989142445514381,3.123921887053286,4.6190339640431715,7.435404807550379,2.7529315897177487,3.3224193168498592,4.300040116643194
2021-08-24,214.0,2.059303858640364,5.390609805951841,3.335085238826656,7.747434252781963,25.838353615233146,2.229680648017515,1.923706195586499,7.764431289304409,7.806865012811781,3.738947561986762,5.016802046258001,2.601540885073223,2.026270613168446,2.0472137903609022,7.570386141447291,3.805016097511974,5.344920761818126,3.705843469913217,1.9890158346544833,3.126262206177097,4.631835398993478,7.425317541441252,2.757037897789754,3.3348154933427923,4.610069317642834
2021-08-25,177.0,2.043913040833825,5.243551510823937,3.2937201351574203,7.084666276494688,23.334907965761303,2.059303858640364,2.0650497935525345,7.747434252781963,7.126327619565928,3.815393114306684,5.323900131711172,2.861963471789171,1.9648433521508473,2.066584885082883,7.561896032871602,3.799035835057228,5.334868898398077,3.819065411609501,1.987807282750026,3.1278292164798813,4.653390447708109,7.408803450562861,2.7605289721479576,3.3444531289077006,4.782794182857805
2021-08-26,198.0,1.99129597735732,4.800987346245433,3.1636482028201534,9.56277739924449,30.25326353308901,2.043913040833825,2.117900310109064,7.084666276494688,7.000667724500913,3.9289849839983138,5.268632383986236,2.4494282629353075,2.1109658491639003,2.06356534898021,7.555944412432853,3.8277752200972532,5.203111520651803,3.8999450611205484,1.987442625444158,3.128975406442253,4.659214324989242,7.387170905856586,2.7631762605208796,3.355937885880969,4.93312552747169
2021-08-27,196.0,1.4729274478814929,3.775398189282085,2.678190011064426,10.431631747564724,27.937891945430387,1.99129597735732,2.145028393772878,9.56277739924449,6.640136301190933,3.884683029507352,5.09284158100945,2.602758194505966,2.0315042922771687,2.045479015729961,7.921960080253364,3.876353709270783,5.228458032235619,3.7677170113742,1.9911796767642855,3.132315175112708,4.640715757252129,7.383681468324548,2.769130925826436,3.3609102768287005,5.065203233940493
2021-08-28,142.0,1.6108087005302958,4.145723806343717,2.8394436750990923,8.48377024911475,24.089187774842728,1.4729274478814929,2.2435856416931603,10.431631747564724,8.017397376633149,3.55356374889081,3.7151665977227646,2.469600767989991,1.8360454886908784,1.949464594888335,8.463602286878194,3.7890772541321582,4.69221352090615,3.5009875499549366,1.976855813594691,3.1217564220955016,4.621092617931134,7.379723447689127,2.773068480353716,3.3654359509972944,5.062186139983429
2021-08-29,128.0,1.3644369370769065,3.719817589022934,2.6288038128824898,8.977075043149192,23.598969101962837,1.6108087005302958,1.6055455497946662,8.48377024911475,8.636877666123924,3.3225244574162374,3.3497199948998104,2.872446471350385,1.6916773752563685,1.8590678890079257,8.530226982946994,3.5869237452714664,4.052576057877342,3.4413426069290294,1.975883661705354,3.122696363246639,4.635289491841826,7.381510197499968,2.774759356229478,3.379311156854473,4.775852464687498
2021-08-30,143.0,1.6172509129084949,3.636133713202528,2.6839291133099343,8.045110770835617,21.59250701764904,1.3644369370769065,2.229680648017515,8.977075043149192,7.764431289304409,3.012234017919416,2.4564878309801075,3.357156184298738,1.482724361829564,1.824623801476817,8.578826608236318,3.2961074080754877,3.173791474534228,3.2988768181816277,1.9709630657060757,3.120282574032754,4.6221308258543905,7.391209485176237,2.7797919090856404,3.384572226280329,4.31765008093822
2021-09-28,219.0,1.8284382710322733,5.352890640297162,3.2405438417628627,8.798255695749026,28.511133313114534,1.816816291477872,1.8903117149492927,9.616757100036622,8.202933783353672,3.716295741667219,4.537519378783486,2.220766872792564,1.6802166537241376,1.78605354406699,9.02032926013979,3.5992719777542965,3.7218642005977265,2.168951600562169,1.8200748936412083,3.021733336119646,4.46730145552096,7.618629011339032,2.832179062610364,3.456864369917959,3.1547881277584175
2021-09-29,143.0,1.9289483721837184,4.965701260393079,3.167242699806012,8.431728121324976,26.70532933901559,1.8284382710322733,1.7332635715590503,8.798255695749026,9.791973487272562,3.701700665801888,4.22491892733735,1.5325822047763014,1.6981458297674497,1.7772144806502728,9.10537524762484,3.670619437234689,4.148546417226043,2.079886911618934,1.8196270737495712,3.0269890372209063,4.521737223896768,7.632841582419364,2.828064734311815,3.479846591514041,3.105241963378197
2021-09-30,177.0,1.6187614954963452,4.080489600115079,2.799079003594637,10.545576735607282,29.517902421434414,1.9289483721837184,1.9665710375515408,8.431728121324976,8.978951956522117,3.662027532523456,4.041691224165509,2.438754354995006,1.8580676448979532,1.8051694521680826,8.9110544810609,3.6933413133308544,4.268043176762116,2.2578131585383603,1.818401317121602,3.0278796972245847,4.5660561421364525,7.641750353015924,2.8312389272826337,3.5017239744453943,3.3398071103027087
2021-10-01,230.0,1.7801625431441008,4.523506322297709,2.990159042316918,9.511948527770176,28.44223890036509,1.6187614954963452,1.8715785232366289,10.545576735607282,8.499334160142066,3.2224878509355244,2.694103473013308,1.994570763037239,1.7920493795707777,1.755482374731626,9.134858020930208,3.528738683086956,3.6535712081720555,2.293127346228984,1.8183330811218086,3.029043290734509,4.573633962873959,7.66904730532233,2.8403769164698742,3.5071475651790567,3.421494731720832
2021-10-02,149.0,1.803829723329072,5.118656501651767,3.168439953560451,9.927770960751698,31.4555461618429,1.7801625431441008,1.774650742902337,9.511948527770176,8.05019169670865,3.395479711814242,2.4564878309801075,2.496484159964731,1.7759574702747203,1.742422949004122,9.279517216305653,3.426665031757741,3.064094176052975,2.3246636968972245,1.814781166317243,3.0269432988008473,4.595450501249221,7.686587381850919,2.8399314636768076,3.5143333867594664,3.511827722469922
2021-10-03,143.0,1.3751980275662,5.063431808112746,3.06934933116827,11.150371059889464,34.22438395494976,1.803829723329072,1.4491829267922078,9.927770960751698,10.002162636942844,3.404017524512117,3.971174840279617,2.7126572703021505,1.7342512539898383,1.74659137477937,9.54774282545466,3.3406616957539614,3.040588714757677,2.452536951967065,1.8105458201899522,3.026163950667123,4.620036907715485,7.704193834574128,2.8366161949595914,3.519988272727862,3.6584423743023815
2021-10-04,206.0,1.78889687417042,5.415011625720977,3.2482731684083537,10.86399336227331,35.28921814043885,1.3751980275662,1.816816291477872,11.150371059889464,9.616757100036622,3.461127366558164,4.435274349751935,1.791044957195445,1.6530634313464565,1.736022103461369,9.711772600161321,3.4202082009615076,3.620979007003886,2.6703707986078604,1.8006465156903735,3.0262576775112207,4.632561723260349,7.721646537611661,2.8386051150405502,3.521942117758882,3.7658814320444733
2021-10-05,269.0,1.7592064912813747,4.71882575675917,3.040239448378359,9.268984753340192,28.179933093522404,1.78889687417042,1.8284382710322733,10.86399336227331,8.798255695749026,3.0019938620970974,4.383891233269098,1.8371255962323805,1.655974875021896,1.7320336152745899,9.889949209052276,3.2890462510557925,4.263446807766883,2.7668647365408026,1.7952970684945375,3.0268753487210556,4.666800012758867,7.741278640555624,2.843305430454453,3.502345878994072,3.7439345541138462
2021-10-06,232.0,1.9092891442576971,4.510356263743758,3.03835728095248,8.733512967364842,26.535532712685864,1.7592064912813747,1.9289483721837184,9.268984753340192,8.431728121324976,2.5672699132222103,1.8306571950933632,2.2752205099879395,1.6411004643393305,1.7221433610244614,9.957196217279586,3.010130380625824,3.5499409260381323,2.8049993150769126,1.7914820254260557,3.0259335723355125,4.700482616719176,7.762096308377008,2.841435683974515,3.468044266443358,3.4018971637932767
2021-10-07,190.0,1.996148215293564,5.039874874538049,3.2131875991268024,7.585731258171924,24.37437760906658,1.9092891442576971,1.6187614954963452,8.733512967364842,10.545576735607282,2.8723092353324198,1.1959122310544672,2.2299344937821064,1.8191308365698295,1.719334899892173,10.000308338142423,2.813857670217242,2.4701535531389758,2.6529037319859676,1.7948827986608231,3.028101562500523,4.70529360076952,7.779600827462613,2.8389753096460035,3.442521599526742,2.9953573076345563
2021-10-08,164.0,1.8938540142984768,4.550754356957503,3.04236115609274,8.515530471126823,25.907319128880356,1.996148215293564,1.7801625431441008,7.585731258171924,9.511948527770176,3.307653831700716,2.861967517497829,2.038041076075217,1.8882146169442109,1.7732472884346326,9.577473269937371,2.9157443267517817,1.9628456478818865,2.713560901636302,1.8005136885067519,3.0343378334616964,4.764036558585479,7.784189976881529,2.828320769954892,3.4416173660152207,3.01933788541806
2021-10-09,218.0,1.7704202270158165,4.359467362218918,2.938735753595156,8.623454801273446,25.342054944014087,1.8938540142984768,1.803829723329072,8.515530471126823,9.927770960751698,3.2364568904601736,2.088893729186553,2.2986373003599425,1.9330971246165782,1.789488927170972,9.435127833274036,3.13880665249777,2.048924492579616,2.648987104573315,1.7978667241559834,3.03093921495058,4.781169126204727,7.79583211613444,2.827274538013919,3.4340109275131567,2.9668244423046946
2021-10-10,134.0,1.5787981974757537,3.972637780387697,2.7505622177780924,8.16258072808081,22.45168615022267,1.7704202270158165,1.3751980275662,8.623454801273446,11.150371059889464,3.2076374156189567,2.3215736951789,2.089204447699505,1.8868074855359511,1.7847161419833644,9.248796953348572,3.250582712593282,2.424144980621094,2.4802230001311267,1.7908124168270245,3.0232814194268536,4.769547110298898,7.800995679405322,2.8255688372118732,3.413306823497493,2.731167135861735
2021-10-11,164.0,1.892891100389392,4.668607041132511,3.073771475122146,7.427081835145597,22.82915228826838,1.5787981974757537,1.78889687417042,8.16258072808081,10.86399336227331,2.44189788153384,1.2504893252176847,3.036528685631431,1.7476908129300144,1.8138018805418719,8.821969763090193,2.96199739587099,1.8869855831943791,2.310181034607395,1.785244592040356,3.017740271952522,4.743149013792305,7.808584818036893,2.8260724480879444,3.372774168036289,2.2761978466425563
2021-10-12,179.0,1.5251192301966083,4.221051879528355,2.817057805435731,8.845924629223338,24.91948102304978,1.892891100389392,1.7592064912813747,7.427081835145597,9.268984753340192,2.3583098391036152,0.7639567489468576,2.084324910066744,1.7473698416269865,1.8286581985731536,8.330982402071948,2.669281712085471,1.4453399231144808,2.22000413605509,1.786586317782452,3.018291697269349,4.739155482299619,7.81424310139436,2.829515286028036,3.3328151257465914,1.7590643488822366
2021-10-13,222.0,1.904327254856356,4.595681372641267,3.058957615383651,8.656695351618634,26.480464169890073,1.5251192301966083,1.9092891442576971,8.845924629223338,8.733512967364842,2.5633296227227627,0.9030167864632748,2.4959749646656237,1.6656028426872502,1.7952171612753298,8.270545241483825,2.454512447786739,0.9724876202092724,2.1906242571523573,1.7823821675526013,3.016682492778619,4.7393837456833525,7.823115655900586,2.8225533204316413,3.3066083591685986,1.6265442905065093
2021-10-14,231.0,1.9183917917875335,5.010383220676291,3.1752665908746347,8.675484891756357,27.546977336431606,1.904327254856356,1.996148215293564,8.656695351618634,7.585731258171924,2.8380213998486097,1.091474464230357,3.1250472792709907,1.7741125284807842,1.7945083199322809,8.259571296377226,2.586553620558329,0.9194826665468298,2.2279410616009576,1.787021464765379,3.021054305925196,4.72594938630426,7.829229219232728,2.814618677023851,3.279949425830067,1.6116246095316367
2021-10-15,184.0,2.010124545059477,5.604751291687993,3.3603751167948155,8.511983609509196,28.603457915960018,1.9183917917875335,1.8938540142984768,8.675484891756357,8.515530471126823,3.054082426393458,2.544131494867851,3.562878002560788,1.7826127589468312,1.7834002594314196,8.415250386889287,2.8184778163216095,1.5128742485204942,2.2320042356217447,1.7913857458546856,3.027070526368538,4.693868464491375,7.838886671396261,2.8115911900265433,3.250776692755427,1.5662194634416398
2021-10-16,151.0,1.6809723418343978,4.866931387544515,3.06255588945802,10.08901312392116,30.898166561484,2.010124545059477,1.7704202270158165,8.511983609509196,8.623454801273446,3.491229064118865,1.468667743711464,2.974094865890537,1.944281197234454,1.8000103352544197,8.414743692372483,3.127777630120311,1.701424567603224,2.378380781258422,1.795486301473731,3.033840388452799,4.722114581948746,7.852865056730363,2.8101834092857874,3.237382552324615,1.4776157512309125
2021-10-17,187.0,1.4740517624049372,3.7750615657312654,2.649702262258692,8.804657179272548,23.329720046330703,1.6809723418343978,1.5787981974757537,10.08901312392116,8.16258072808081,3.225262019759087,2.2399779779753177,2.356146497452275,1.8698295595604681,1.7872320659427883,8.62410916703644,3.2568578367571366,2.0842590721848775,2.4457310575790543,1.7914407372445291,3.031950918523384,4.753082100119086,7.871318245375481,2.807922720531354,3.23425866317689,1.4659592202018294
2021-10-18,164.0,1.7504812885897154,4.446252499602819,2.957047687954384,8.131232776356379,24.044443081543537,1.4740517624049372,1.892891100389392,8.804657179272548,7.427081835145597,2.6037153233178207,0.5423899343462516,1.971859603994816,1.7217162164329363,1.7722682895041,8.715834374349546,3.1067354690652578,1.4170118853443443,2.39417403869077,1.781590770058736,3.0212717327262455,4.748148349775736,7.875006274250682,2.804574891049715,3.2071931536592406,1.3648021643630535
2021-10-29,174.0,1.9882760254229577,3.992522391783081,2.9546290688299,4.9834055166059095,14.724114801131106,2.025404231603892,1.7076582615606293,5.7480184015425335,8.692604548174344,3.0813468292187904,2.043352825214375,2.011685111676675,1.8977575548344923,1.7548911222391663,8.018556310544692,3.2544096786732744,2.6752826119358897,2.2527944253233803,1.7583051056109478,2.990535211564399,4.58222718721137,7.909261182697722,2.780225124285164,3.0207017048789235,2.0873183748576563
2021-10-30,174.0,1.6506387615291829,3.644805553066752,2.6796508203470726,8.229250429542699,22.05151766436559,1.9882760254229577,1.6564089507157167,4.9834055166059095,8.589079183836335,2.7754827105152318,0.5698065797975815,2.34530336912848,1.9543648933485525,1.7949793742194988,7.488670734606344,3.0871038161597,1.9896997727415167,2.3326450556174234,1.7644888574861888,2.9950468774897314,4.549787891591036,7.900395293720259,2.7729804835703677,2.9911502108119827,1.9763041897989833
2021-10-31,186.0,1.585928497932641,3.193385516207639,2.50652758073711,6.967202411383742,17.46348500471145,1.6506387615291829,1.5530121343924712,8.229250429542699,8.729313563710646,2.7455795112326755,0.4554692899211214,2.1403910535468005,1.8881063395186761,1.794155061478565,7.43726662685011,2.8674696836555658,1.0228762316443594,2.300175450958641,1.762959519363622,2.9930191341467474,4.535265090022759,7.915258761648497,2.7705621039332238,2.975253266155221,1.7844799719598794
2021-11-01,375.0,1.9316721895707945,3.993500058710841,2.920256124742255,5.14421845150862,15.022435440030167,1.585928497932641,1.6738858445018645,6.967202411383742,9.380640393163526,2.615509690501804,1.2504893252176847,2.392634938206595,1.741614428294926,1.798857399127161,7.185536462231981,2.7121906374165707,0.7585883983121292,2.324290942334089,1.7612729251975507,2.988420359773492,4.490927729819757,7.906965850152333,2.7667691517320008,2.9492542654448064,1.688129773641069
2021-11-02,206.0,1.6254294479010696,2.9549355849158454,2.453427667236019,7.438188233891705,18.24905680713933,1.9316721895707945,1.8184540098807769,5.14421845150862,7.818348698646365,2.32349511424599,0.7516841572072372,2.312737702512609,1.7227464830108714,1.8356840198512938,6.580333327709852,2.5615281053268233,0.8192142574486811,2.4085213691506757,1.761207559813968,2.9866513133943298,4.453422515055058,7.878203688209084,2.7653728706250686,2.913236851769269,1.5790424554216134
2021-11-03,211.0,1.776083215275826,3.5083976369499124,2.702269433826144,7.200840239342164,19.458610476639667,1.6254294479010696,1.8494144230188116,7.438188233891705,7.171889384739092,2.2576871449921883,0.5698065797975815,2.1892549147732323,1.7143433784681672,1.8081090824256212,6.526024689887756,2.398897316579994,0.8573266874075012,2.41675046643662,1.757289148520089,2.976438838024131,4.383139307615163,7.880198072159595,2.764664600893852,2.8731221777170695,1.285221238624025
2021-11-04,204.0,1.8153020309749517,3.6783041918648607,2.7712421818577853,6.575535691406605,18.222401876337383,1.776083215275826,2.025404231603892,7.200840239342164,5.7480184015425335,2.593434179273224,0.3304516085015503,2.435098361922541,1.777728284249229,1.797633195605195,6.530160526259626,2.3915388128371338,0.550647448502123,2.475096321022628,1.7522591684842126,2.9698196195814885,4.31958550798946,7.88490957647862,2.7615975275836724,2.8595035216229405,0.8530086236653046
2021-11-05,190.0,1.839287416840944,3.659528576657338,2.7798849247421207,6.628002016877794,18.42508288787895,1.8153020309749517,1.9882760254229577,6.575535691406605,4.9834055166059095,2.443892878978502,0.3939634565072736,2.135922111657196,1.7389382313839479,1.7676185955153463,6.648377281954491,2.4316714010813048,0.43140721493546846,2.447008190291169,1.7603420422581684,2.972938594914712,4.284901455826317,7.86992875263683,2.764188956344791,2.8553909538148172,0.6173815709928615
2021-11-06,172.0,1.730245142468502,3.7479380449153306,2.7472771284770414,7.649819447004374,21.016174003734005,1.839287416840944,1.6506387615291829,6.628002016877794,8.229250429542699,2.741554233193156,0.2971826836612647,1.951504210071239,1.8102242210305726,1.7463345085750586,6.8833196391361895,2.5929604304816274,0.3405325828900296,2.3278597346269407,1.76410134100526,2.971121468548314,4.256540532923435,7.862292728349845,2.763884432543772,2.851032453743508,0.5784353001162448
2021-11-16,234.0,1.816470669571988,4.043678527183342,2.8727759615921764,8.15699703710454,23.43322500697253,1.5218301657478357,1.864889093568301,8.483547671124795,6.396557683741232,2.9276673288067827,1.9613059641383868,2.250992433890152,1.7633834587973798,1.8392206796517407,6.738523380612709,2.854052215682403,2.2589743605445007,2.446152208590735,1.7800149731340504,2.9513353261130844,4.0218450515116695,7.894418785955207,2.7214952290971146,2.817349059692003,2.23262731029825
2021-11-17,242.0,1.7064241084467573,4.289570507783377,2.8993683093540827,7.892173861967786,22.882318787302022,1.816470669571988,1.7767024276121268,8.15699703710454,6.642034693444457,3.1139790002417502,2.100179450558371,1.9141701371819395,1.6615905082197597,1.8323037619379818,6.990014716807467,2.9469366513074036,2.0311633798763906,2.390508488273063,1.7819813731138991,2.9530881820522312,4.030798950226739,7.909687939035205,2.7174545089597015,2.8343578489228003,2.1271132111114484
2021-11-18,245.0,1.841365819277748,4.671512482411863,3.058256184121982,7.783595326710043,23.80422854261395,1.7064241084467573,1.9286879516676056,7.892173861967786,5.147452277905756,3.3381402574948806,3.09503491337285,2.157586523356997,1.681574981255526,1.8222640020572147,7.168606026596514,3.1265955288478047,2.3855067760232025,2.3814204647769635,1.778059814795712,2.9498078728915176,4.025576217166091,7.9101126124235925,2.714785790693047,2.858200669645735,2.312369796622592
2021-11-19,250.0,1.9005639328462849,4.741515779012929,3.099978586398544,7.2337901755695055,22.42459464276563,1.841365819277748,2.01411490832201,7.783595326710043,6.591013496725231,3.450907367924984,3.519530468849835,2.31301330941565,1.7880868657654965,1.8097894117158064,7.545197890711412,3.3010088752205387,2.904914944260352,2.3458909652076203,1.7835033640847644,2.953793893384217,4.03623265846906,7.904333285825217,2.7166982132131383,2.890986008266491,2.4827893159556207
2021-11-20,224.0,1.5127727276564864,3.594296783722553,2.600019246825557,8.99696808196349,23.392290176180285,1.9005639328462849,2.1218495213048483,7.2337901755695055,6.078391324107632,3.0573046897991345,4.188011144766635,2.346389993975017,1.8161179535235956,1.7935678437907028,7.637023130546309,3.2821174384063334,3.600858842329773,2.3303803110221355,1.7820082029033757,2.953136584989761,4.041901496745194,7.92137805945933,2.707779821875239,2.9067134481324244,2.8113827227401704
2021-11-21,230.0,1.5088743692478477,3.5242244665103195,2.574483726054173,9.32196362892987,23.999243657548853,1.5127727276564864,1.6464706893394585,8.99696808196349,7.830666517239857,2.7533818465436046,2.187406411449904,2.9477965900136915,1.751567493260172,1.7065568732695084,8.053962667382859,3.087197968089241,3.298316008355458,2.325861213607258,1.7757158864484954,2.9428104208455985,4.017574030446926,7.933832766452988,2.703131448382939,2.903811212693905,2.7262104397240563
2021-11-22,299.0,1.768337357527534,4.159319138356762,2.879363701810313,7.675537035403739,22.100662731642267,1.5088743692478477,1.5218301657478357,9.32196362892987,8.483547671124795,3.079032061541746,2.4889137638385685,2.557298382558851,1.6407370099168717,1.686900256113564,8.267005111910004,2.9632395326281618,2.954777106685036,2.3363556443999873,1.7719760664099755,2.9374998697000496,4.000870028974471,7.958569075181542,2.7041568622396075,2.907464646192765,2.791483159567793
2021-11-23,203.0,1.7654624879208876,4.5803457217721375,3.001623637080228,8.732221090501758,26.210841229460563,1.768337357527534,1.816470669571988,7.675537035403739,8.15699703710454,3.12136866671548,3.119129306313745,2.625046811009333,1.5966614848106218,1.7221155692249497,8.15157502109271,2.984594191600277,2.5984831605340726,2.320845824776498,1.7686721717429088,2.9341278559998747,4.001590552159772,7.969887767906025,2.703144622007192,2.9063559076475456,2.956886494164273
2021-11-24,316.0,1.886011083647681,4.785563217314463,3.1163611640947395,8.662021993980371,26.993988944574905,1.7654624879208876,1.7064241084467573,8.732221090501758,7.892173861967786,3.3329032533318848,3.2680590892940566,2.38463558375669,1.6808914048987553,1.7148286861319353,8.233749885863741,3.177767993863037,2.958700719815457,2.328031841266323,1.766903571154313,2.9326469101033035,4.0134888675573555,7.9762888811781405,2.7024634765606597,2.913261536490127,3.123726442555085
2021-11-25,283.0,1.84797751637195,4.3695164268301925,2.977352905088294,8.983225454504565,26.746232404032273,1.886011083647681,1.841365819277748,8.662021993980371,7.783595326710043,3.559649757330785,4.4321220635494205,2.1293512641826355,1.806603643032033,1.7404839683034956,8.343728190436968,3.337973892459383,3.606436819719074,2.285746140074042,1.7687595768334021,2.93258498916919,4.039798308800104,7.988508986762102,2.7010439013540255,2.9259969989863923,3.3147388925803094
2021-11-26,230.0,1.8707107092648432,4.607913078811462,3.052086046549443,7.757292683263661,23.675924757589108,1.84797751637195,1.9005639328462849,8.983225454504565,7.2337901755695055,3.5449371467185005,3.947258251124557,2.123060785256752,1.8331503626468386,1.7414284964598106,8.515103922979042,3.4791633857937234,3.882479801322678,2.247024778693242,1.7754061533263978,2.9328747238763255,4.024239519120815,7.999486198378072,2.697303308322467,2.9349148939418104,3.375842861476698
2021-11-27,263.0,1.6582320916540936,4.11980269456101,2.8306937880217538,9.651908019419444,27.32159607312797,1.8707107092648432,1.5127727276564864,7.757292683263661,8.99696808196349,3.3780215484657816,3.229314097254066,2.355876043357192,1.8682331030948234,1.73716375023389,8.589889995506779,3.494202817505022,3.8695648039760138,2.2710113857566148,1.7763043936228473,2.928985875640763,4.010828430342445,8.005564395550065,2.699136890324293,2.9340328819325006,3.2388861404034737
2021-11-28,166.0,1.4609607674955,3.767471852834314,2.650261456991638,10.608515066064042,28.115338595504628,1.6582320916540936,1.5088743692478477,9.651908019419444,9.32196362892987,2.920922344206,3.149777558738593,2.5582905477899875,1.7923067724302946,1.7579436593764053,8.683452843714772,3.281293679796761,3.4421166357057387,2.2996745805510215,1.7734676239665446,2.9221550414117443,3.9987304819795595,8.017974036662668,2.7017452767535874,2.928685399098741,3.376367732873287
2021-11-29,244.0,1.762124424033947,4.647121515955432,3.0241074155936403,10.07362770459696,30.463732243401207,1.4609607674955,1.768337357527534,10.608515066064042,7.675537035403739,2.860976641385909,2.8772287569271167,2.493682218086158,1.663301189471478,1.7510988591260699,8.86724590616251,3.053306844685897,3.085440137639925,2.2805783218415208,1.765667830555074,2.913538687364839,3.9912287973479343,8.040122303603155,2.7002189403945094,2.93153519679443,3.431841303314507
2021-11-30,273.0,1.8567966092278143,5.093712549967589,3.180022330835081,7.116987251731232,22.63217838877391,1.762124424033947,1.7654624879208876,10.07362770459696,8.732221090501758,3.245739549192164,4.181491958526743,2.376340314023929,1.627105761061179,1.7502112971984147,9.209830287475828,3.009212844928024,3.4028327580641506,2.297399228107316,1.7680572126973675,2.9172891608981555,4.0246393294442235,8.060927117176773,2.7054280599552225,2.9482071980597464,3.583607396487793
2021-12-01,384.0,1.6864775667063177,3.9677681830470415,2.7943253054743984,8.620832910753796,24.089411556785848,1.8567966092278143,1.886011083647681,7.116987251731232,8.662021993980371,3.354454859058769,4.087661780412873,2.2760610044582945,1.6932939335857526,1.76325902881369,8.979082596222897,3.153723683212281,3.715460831955577,2.252405951821478,1.769334447132096,2.9204535490401247,4.087983563902889,8.043835672132682,2.7121380068637366,2.972838703678312,3.7006934952190527
2021-12-02,236.0,1.5611727480714854,3.2176178282897583,2.502375557414473,8.841149836766638,22.123877250963794,1.6864775667063177,1.84797751637195,8.620832910753796,8.983225454504565,3.053207603998897,3.6832009455572927,2.097717582278492,1.7684661999893585,1.7347542406792094,8.973198441476244,3.2178006707499436,3.9841182281656358,2.225428782819937,1.7673785778550501,2.9142183049053565,4.087125834714095,8.040772162169343,2.7082927044902827,2.9971624533367422,3.5937047640773203
2021-12-03,240.0,1.807777926513264,3.449620522599319,2.7047532504132543,7.707983504238034,20.848193437219567,1.5611727480714854,1.8707107092648432,8.841149836766638,7.757292683263661,3.055963578214833,3.645319061531428,2.1965218008058582,1.7014823080018713,1.6937821309220005,8.952901924656539,3.1545420137574998,3.8053939291671974,2.240198268233973,1.7704781565301382,2.9047687420094603,4.095881909493225,8.058607790407066,2.7017131306950426,3.0237716677774973,3.5505705941354444
2021-12-04,249.0,1.6942893879091032,3.5272011037835806,2.657020231633976,7.573726521837502,20.123544597385067,1.807777926513264,1.6582320916540936,7.707983504238034,9.651908019419444,3.085698262950201,3.461887527459776,2.247307305992768,1.6851427470970213,1.6847917333860605,8.945857756224306,3.0649564817213104,3.5968025115161653,2.2236878531028665,1.7707928407358522,2.895710076709542,4.093922672348206,8.065550910658905,2.6975203211046295,3.0401804705667295,3.5837953698791174
2021-12-05,215.0,1.554198060853885,3.373659676270103,2.5417474553139345,8.132984404151442,20.671992413359842,1.6942893879091032,1.4609607674955,7.573726521837502,10.608515066064042,3.048887487354712,2.2962817410571903,2.6085926632187606,1.6877466874979496,1.6899427757082048,8.648974685141173,3.0635164428399153,3.1344961100161317,2.1532591778152748,1.769710889012981,2.8893230897638023,4.0888859027454965,8.06929964099631,2.696830719511988,3.060346957512603,3.461867395924631
2021-12-06,274.0,1.7153751486792153,3.777584801976986,2.742835677783672,8.06281924602298,22.11498829151268,1.554198060853885,1.762124424033947,8.132984404151442,10.07362770459696,3.0406928955857486,2.4611836727427154,2.197682309740192,1.6854217917587497,1.7032623890451168,8.295327447725086,3.058426215296887,2.7397843137532276,2.1299831758589183,1.7637927042895842,2.881046259336493,4.079356939399256,8.074122135703783,2.6964760288813165,3.070318246259023,3.402432383898288
2021-12-07,299.0,1.7617792869274336,3.787477429560037,2.7730046605688368,8.650494316466387,23.987861055785526,1.7153751486792153,1.8567966092278143,8.06281924602298,7.116987251731232,2.979628551393129,1.9730826904929075,2.1052907843583304,1.6546208658140664,1.696583921137298,8.008069096500233,3.023069644777863,2.243516034764271,2.117589911345235,1.7591131531793451,2.873207060647441,4.080345164634644,8.078018744675127,2.6936538436027244,3.0660368462386054,3.0869453456077403
2021-12-08,278.0,1.987022071263968,4.450983909985006,3.061190576486017,6.177961893926718,18.911918731578176,1.7617792869274336,1.6864775667063177,8.650494316466387,8.620832910753796,2.77037523789281,1.2323498861409814,2.4439672539019024,1.677117498820177,1.6830100179515293,8.227141534319541,2.930232228290562,1.888872083125535,2.107343503827555,1.756911907723161,2.8687177857220427,4.100259569352739,8.091086570793442,2.691491560645683,3.064452571194301,2.6790436464260416
2021-12-09,218.0,1.7838281123044466,3.4814550574512517,2.692398057911438,6.753740757355639,18.18375849874165,1.987022071263968,1.5611727480714854,6.177961893926718,8.841149836766638,2.5962032181760657,1.9730826904929075,2.29835994583934,1.821392168956871,1.7259449471740507,7.878159960487101,2.7820690024873347,1.726171755708932,2.1840601328946883,1.76052193846063,2.8707586994368905,4.111353028213666,8.086052959515635,2.6895625263732303,3.0514862271242524,2.4347410385597006
2021-12-10,283.0,1.790511391853225,3.7675563484586094,2.776658227588422,7.105326809692955,19.72906414583854,1.7838281123044466,1.807777926513264,6.753740757355639,7.707983504238034,2.847260833163028,3.0269697075152604,2.062847989839352,1.8442098234986146,1.7577528563501879,7.5799586634283855,2.737946429743968,2.0774674280497165,2.2366164222175366,1.763939103707775,2.8697892967724465,4.093329496801987,8.084895061657475,2.68531855043109,3.0462367924683402,2.3464054165573915
2021-12-11,211.0,1.6641522307715662,4.136445144469482,2.8321390609637125,8.855571249236135,25.08020924210888,1.790511391853225,1.6942893879091032,7.105326809692955,7.573726521837502,3.0952313099127657,3.313249055189494,2.365053649853337,1.8537871918072117,1.7552862085416108,7.493864849921947,2.846231787083953,2.7711004843992213,2.227575820505129,1.762232775232172,2.8648374093135507,4.095883906524359,8.083619268591539,2.6811077105823866,3.057274453349513,2.325171349090208
2021-12-12,258.0,1.7020198163270246,4.379577942405669,2.920350532888414,7.667058374162018,22.390498008670626,1.6641522307715662,1.554198060853885,8.855571249236135,8.132984404151442,3.1246218925124967,2.4187537322563517,2.293639729217892,1.7461639116430778,1.750980900379106,7.676985525264608,3.0223713451960967,2.919657498320369,2.3335394566879475,1.7645499919084215,2.8650887635723508,4.083068539667408,8.106518551473943,2.6759029735069273,3.06891398337708,2.3426673478329456
2021-12-13,298.0,1.98958121539673,4.465825648986999,3.07179079110154,8.560605683644406,26.29638970527039,1.7020198163270246,1.7153751486792153,7.667058374162018,8.06281924602298,3.2003522610168638,4.31193634325573,2.008842126729406,1.7188944796506043,1.7720982940181256,7.610424663837547,3.1400684878140424,3.3479797102338584,2.4363017980178303,1.761178201266266,2.862778645530763,4.06123363577616,8.116632404402713,2.66582189536865,3.085733292305671,2.6070605864776617
2021-12-14,261.0,1.7463571572712142,4.767150736919306,3.0646126269265164,8.650820813913143,26.51141469959694,1.98958121539673,1.7617792869274336,8.560605683644406,8.650494316466387,3.213275542562909,4.032440155830781,2.208677182256582,1.7852510874984393,1.8112705892634848,7.68153701206918,3.1794165653640896,3.587710077114288,2.44373164216788,1.7623646916597526,2.8610540488678784,4.061237595214544,8.123848444767484,2.663016707233525,3.0983316206122096,2.9012545100973584
2021-12-15,379.0,1.7963627918235443,4.508437565047632,3.008168660811504,7.2539852987470335,21.821211241678203,1.7463571572712142,1.987022071263968,8.650820813913143,6.177961893926718,3.329909619337916,4.4260935510306725,2.328394347984158,1.8126527296649886,1.809067427884025,7.681583654561574,3.2478458076392296,4.256823350039061,2.4206111283996763,1.7579685685299482,2.85612467403674,4.103923916510363,8.132354448100298,2.6554551006102374,3.116023153761018,3.3575036050816
2021-12-16,358.0,1.8136080736242683,4.379330109116343,2.978329506397986,7.10966802463494,21.174934058464526,1.7963627918235443,1.7838281123044466,7.2539852987470335,6.753740757355639,3.129678027837959,3.980654738692519,1.8053592188261975,1.8441003881638283,1.7818303879639643,7.835301283821619,3.2242877299129282,4.146396148517991,2.457000964976639,1.7598917426964342,2.855218220225965,4.135130888075951,8.132743533683772,2.6506161515069366,3.1227568437287236,3.644299611967259
2021-12-17,283.0,1.815865126296299,4.183572782631534,2.9258755584946936,6.236495352467414,18.247209322450157,1.8136080736242683,1.790511391853225,7.10966802463494,7.105326809692955,3.0552922205857413,3.563919585604755,1.899915976144855,1.7854426742396745,1.7860846681525102,7.88614803629009,3.171626622587205,3.990222625109316,2.46313280399604,1.7655510145500897,2.8606953409616196,4.146319274140384,8.122110597023013,2.6513957648675195,3.1208006177401897,3.7210067374086147
2021-12-18,307.0,1.61978853735692,3.241193621757916,2.564647391767672,6.565786757147244,16.8389278816204,1.815865126296299,1.6641522307715662,6.236495352467414,8.855571249236135,2.9071090858319657,3.862163143526525,2.278300798257554,1.8086119972480361,1.789706630215807,7.76202925668644,3.0306931114185556,3.802245822607933,2.4790611231829565,1.7666407451785324,2.8601758054706248,4.1427860166353225,8.113931018610481,2.6550324374294196,3.106432912018093,3.799423035742477
2021-12-26,131.0,1.129213457044576,3.172435928709523,2.3643876813086915,8.312532691466423,19.654049896178993,1.2868835113631256,1.4978740535980577,7.619986344589437,6.5227654908987045,3.152689210913024,3.623513384317529,2.0600712802167043,1.3917684059468052,1.529687533046592,7.571294846599717,3.057092704362837,3.4081254122070157,2.6987059867050185,1.7410676547294544,2.8139159598922903,3.890325202269601,8.109548403337504,2.6182014654563184,3.05202047208996,4.0845152082741745
2021-12-27,188.0,1.3889729063223846,3.7562855531719066,2.6476081874309854,7.514786298305473,19.896209730187756,1.129213457044576,1.747430247031816,8.312532691466423,7.123756972386364,3.1151995004077238,3.088221613816792,2.8005873862380746,1.2796546852151962,1.4770217335389517,7.826975875252248,3.0928554266818473,3.2014333479220327,2.6763980117849333,1.7290643052965502,2.8007949477190675,3.8424759639328694,8.10748432814533,2.615875363297238,3.0432597371546914,3.8948166722989663
2021-12-28,197.0,1.422659068710114,3.783962172372653,2.6662347099275103,9.6814679774317,25.81306596448009,1.3889729063223846,1.6770228631799011,7.514786298305473,7.773405659925612,3.23894237524548,3.3497199948998104,2.619494080652333,1.2683566249100275,1.425813542009033,7.882837207526406,3.168943695522076,3.353818331011377,2.616602024520432,1.7184571165418585,2.793363964857615,3.8303587258865663,8.10055186714024,2.6129912905004575,3.0538604048560076,3.7270911610671
2021-12-29,178.0,1.3401179759406612,3.8982054147859024,2.6853486720354947,9.772729341083291,26.24318575824033,1.422659068710114,1.6101803496759504,9.6814679774317,8.42511291852754,3.032107223532452,3.76756233235873,2.376608370305719,1.3136151440256902,1.3894758570847778,8.155417538598703,3.1287496997285515,3.4018346470251113,2.553892588069359,1.709030167263311,2.7885573922092424,3.8309084032045106,8.118713574081417,2.6104845986682985,3.0595647575942255,3.6143778124229295
2021-12-30,114.0,1.4802812237007863,3.9548507114504328,2.7362150468427338,8.326302134585484,22.782553185211576,1.3401179759406612,1.4655546192394036,9.772729341083291,7.975504214703769,3.29460970723088,3.903548568122953,2.429603566375982,1.3839166503243854,1.3508955179797366,8.347934170392382,3.188553102002937,3.6736102984604977,2.5470887250731025,1.7038548208368356,2.7886523564040493,3.8059445331655266,8.13104572341728,2.6098320576448923,3.061193762862183,3.476204106545619
2021-12-31,105.0,1.6960192202805953,4.046607879903216,2.837604114632179,4.7263347602294274,13.411466962756117,1.4802812237007863,1.4228670872378903,8.326302134585484,7.55853232516659,3.0503074696164085,3.725686248288287,2.648563326006321,1.4143527561171858,1.3529993186170768,8.398048158946914,3.12567480012658,3.7989323829233235,2.491913059989801,1.7020940329329715,2.792480480839143,3.7679824718816217,8.135424049756255,2.60577443354611,3.0510555165474376,3.478688169633697
2022-01-01,201.0,1.5234354070314242,3.5188352595365058,2.6103264056872724,6.0214813997707965,15.718031899176468,1.6960192202805953,1.2868835113631256,4.7263347602294274,7.619986344589437,2.6532449899545587,2.930080684939344,2.7546180795871336,1.5054728066406797,1.3920210519088918,7.993448506813033,2.999387388933949,3.519771833783528,2.458176779702226,1.6981664834448016,2.791102947337308,3.770610461776827,8.1188062604082,2.60044529881841,3.0377234294126265,3.4840475466776355
2022-01-02,138.0,1.3903074933222743,3.371991234579901,2.5142405107208745,6.409009532605601,16.113791400473257,1.5234354070314242,1.129213457044576,6.0214813997707965,8.312532691466423,3.188745762662722,5.323900131711172,3.017259257218526,1.5665786170042673,1.4258141798615058,7.765090657553228,2.9640994074112297,3.993222354979601,2.454355434236573,1.6964665827636407,2.793717926311496,3.7806510428183855,8.111283988107193,2.5984864060511725,3.042149502227556,3.726959939162441
2022-01-03,180.0,1.7056368957356247,3.820308667982248,2.77581888243068,6.622145635819199,18.381876898112854,1.3903074933222743,1.3889729063223846,6.409009532605601,7.514786298305473,2.7674563690785305,2.937578119979582,2.7976691539806344,1.5365873735447633,1.463113327901177,7.493158777715967,2.8698157072319375,3.730519645543366,2.455809492390466,1.690036987397748,2.790584110926408,3.7780633998844046,8.105550993123204,2.596339264051149,3.0315414390985,3.70543944004284
2022-01-04,162.0,1.6490402892994316,3.614644608393913,2.6906363319882547,6.29027763918305,16.92484955427922,1.7056368957356247,1.422659068710114,6.622145635819199,9.6814679774317,2.99646681884124,3.31234489695649,2.684589601422454,1.5397932653631063,1.5083510406744973,7.365638683075071,2.984222983527497,3.857941049549081,2.479201645564858,1.6882092351437594,2.79066038926929,3.7878336520243603,8.102608431450763,2.592801061172826,3.0297940834813843,3.700100140336651
2022-01-05,165.0,1.6384747650542018,3.6214090929748135,2.6880396711915493,6.64364056981823,17.858369412809033,1.6490402892994316,1.3401179759406612,6.29027763918305,9.772729341083291,2.987052557685906,2.751604515858625,2.734419436498756,1.5816615594524424,1.5406912150443994,6.88118292046812,2.9169919152018924,3.000509177598232,2.4884547276478615,1.6850384496847342,2.789172912723392,3.795866483095154,8.090698821638501,2.5921773399333548,3.0280060722180564,3.554963309408065
2022-01-06,144.0,1.6676664889353208,3.691451732685914,2.7216557841230715,6.03151761622973,16.415714807251845,1.6384747650542018,1.4802812237007863,6.64364056981823,8.326302134585484,3.063047250791772,3.156406227335878,2.253823052221303,1.664383983363085,1.583313613489191,6.434170238858826,3.015522209106306,3.073451880050331,2.472453476847858,1.6835089433944959,2.788185621768634,3.790660626128415,8.08196398712223,2.594694563950931,3.030786695531345,3.4482286892956253
2022-01-07,135.0,1.5564037004860685,3.5808258477706367,2.642744110326307,6.301253825078696,16.65260143389784,1.6676664889353208,1.6960192202805953,6.03151761622973,4.7263347602294274,2.898097236094846,3.169926178907204,2.492407501565725,1.6517271810963168,1.6100829370941248,6.1063438790937195,2.9827323481908414,3.0259789740339023,2.4896270280505846,1.6857239193080509,2.7922021792194425,3.7874597695659435,8.072981924261041,2.59388012526341,3.035044095471412,3.3688343936697565
2022-01-08,99.0,1.5782739088627322,3.4064076771138807,2.596342542551057,4.895453188495962,12.710273378359284,1.5564037004860685,1.5234354070314242,6.301253825078696,6.0214813997707965,2.56297051891408,2.71060750620132,2.336046168735625,1.6208483181585291,1.5901378628377638,6.331332316929329,2.841371668600232,3.0123133041481336,2.4119353887526707,1.6803972950815511,2.787544615802309,3.758454500825465,8.066957051470114,2.5879280018158357,3.0339363388293465,3.337481082421467
2022-01-09,159.0,1.5401701593143973,3.505779079275637,2.61242393418442,4.545562969187774,11.874937495048538,1.5782739088627322,1.3903074933222743,4.895453188495962,6.409009532605601,2.733053639051263,2.5654711438554,2.578293202061016,1.600781366094706,1.5979719345279506,6.170471143890067,2.7313737980200634,2.8153349429879744,2.4003165677696177,1.6756203753364582,2.78263698887022,3.755952921480886,8.042441993340535,2.585001871762131,3.030129432358954,2.9434197984420716
2022-01-10,117.0,1.7817643325607346,3.880518053199084,2.8270213010558254,5.367883068473865,15.17511977615252,1.5401701593143973,1.7056368957356247,4.545562969187774,6.622145635819199,2.9125739614933006,2.86970353941686,2.7500421130068395,1.5582825895543984,1.6193808868125397,5.904264491973235,2.7361993731528815,2.715260729824527,2.333819336340713,1.6716781708648296,2.7802798100484702,3.74722701250812,8.019389871912468,2.580380925653871,3.0240408540783053,2.933723429790254
2022-01-11,114.0,1.6713355996008965,4.334726372727941,2.915954148395197,5.760925700057213,16.798595193678338,1.7817643325607346,1.6490402892994316,5.367883068473865,6.29027763918305,2.9643201921903337,3.306156925300655,2.29835994583934,1.6334028002459535,1.6302562349304124,5.725084125209615,2.8699825975782995,2.913777202857638,2.260141259137834,1.6692294438797148,2.776314294255654,3.7386961094657734,8.000126270632586,2.578956039552025,3.0186974640675666,2.93283943383942
2022-01-12,153.0,1.542767070517269,3.9243208766823545,2.7483573827504646,6.8578466049742905,18.847813346551302,1.6713355996008965,1.6384747650542018,5.760925700057213,6.64364056981823,2.878747305739522,3.6992367601007743,2.4982654744857347,1.6644233638253416,1.6334412792591932,5.649462419620211,2.918547153141052,3.29169907493943,2.2403991461672903,1.6635164554010298,2.771207633967757,3.7372010571431824,7.979761549250836,2.578506996753913,3.0079772988916553,3.068215468731156
2022-01-13,93.0,1.5016870270382066,3.920656122012803,2.7347796724681888,7.711951125782945,21.090487173859362,1.542767070517269,1.6676664889353208,6.8578466049742905,6.03151761622973,3.101548324930554,3.741443262160628,2.2270736339617336,1.6652890008929655,1.6197687514682026,5.680063281785363,2.9815386076201364,3.5822789825206858,2.2000136721781787,1.6538650812212368,2.764536832877077,3.7191508980663612,7.970318695284106,2.575278432709746,3.00425305830391,3.1517921879918345
2022-01-14,108.0,1.3688618404289772,3.527776679705132,2.5623164998057404,7.657569827304858,19.62111751691783,1.5016870270382066,1.5564037004860685,7.711951125782945,6.301253825078696,3.0599471261183564,3.762336035946359,2.5025859086429745,1.571929899052123,1.596057399768615,5.920125211721534,3.0134142522628107,3.734338686069254,2.137389305322756,1.6514520201828826,2.7663061423525668,3.6909344109028113,7.969271264058474,2.572521020966818,2.9952543085299244,3.2364221675688567
2022-01-15,66.0,1.2807220260120786,3.6661345875843434,2.5886968384093145,7.803073686467375,20.199792182033008,1.3688618404289772,1.5782739088627322,7.657569827304858,4.895453188495962,3.0087634489627155,3.3805070699684383,2.499791240956367,1.471105312661483,1.5692657054747448,6.113884640610986,3.056752966670542,3.6280954560251417,2.182977103096219,1.6489025480942348,2.765747595808988,3.658245714724728,7.968275962821759,2.5687567069385,2.991223822567416,3.3321221052498733
2022-01-16,117.0,1.2132060748339275,3.637491313974924,2.5630268121483226,7.7700877241004065,19.91494316961388,1.2807220260120786,1.5401701593143973,7.803073686467375,4.545562969187774,3.332879154190092,4.096712698491943,2.643064776642039,1.3837569644930863,1.526758293638937,6.529258997464045,3.133863243090388,3.746518601468914,2.2492373609123586,1.6399734040349032,2.7610129437559396,3.634472530673661,7.972787603267769,2.566441022637019,3.000476720354228,3.550870898769379
2022-01-17,111.0,1.5843042627968122,3.939375091341066,2.76641162090194,7.776844808618744,21.513953852513815,1.2132060748339275,1.7817643325607346,7.7700877241004065,5.367883068473865,3.2032288977347902,3.3864988405996144,2.6380333574068167,1.28759664709166,1.4800491387131556,6.989905391022993,3.1816238336291995,3.621239536353331,2.31772369818588,1.6317531034746893,2.755407252135844,3.616269815051774,7.977917069931765,2.56315226515557,3.010347380750989,3.624698798938345
2022-01-18,111.0,1.5116498357305677,3.9212023745759,2.73790244259499,7.608922605678311,20.832487787602883,1.5843042627968122,1.6713355996008965,7.776844808618744,5.760925700057213,3.047465107278052,3.5846660683590232,2.418574804258426,1.3594107878809385,1.4518405573183097,7.334042782472261,3.1945243864009782,3.68929253581686,2.3586791111570165,1.627468744200007,2.7505431760821764,3.6395425307045457,7.985495126647952,2.562586980416796,3.024655929943551,3.6644858193752543
2022-01-19,93.0,1.470199444636854,3.9087566070522337,2.7209213218990898,7.49881998576509,20.40369918835126,1.5116498357305677,1.542767070517269,7.608922605678311,6.8578466049742905,3.4298231490275817,4.152799761635616,1.954423999400337,1.436386724453768,1.429028305336834,7.598042340418132,3.2268390513468077,3.707988223531418,2.3690978747183933,1.6209868425814118,2.7445085736854504,3.675809693398265,7.982771961508253,2.5618102264125078,3.0468277204645067,3.7292805338802317
2022-01-20,105.0,1.3005845146184432,3.77312483159359,2.6321440479538776,8.059281065081304,21.213188686241143,1.470199444636854,1.5016870270382066,7.49881998576509,7.711951125782945,3.4418494680394125,4.367582225469881,2.1457418870803604,1.5220511810547432,1.418661501639632,7.689609966245389,3.3063792414483486,4.035016018488173,2.413841299579296,1.620277287864418,2.7465236082700097,3.6915525734699135,7.97518491030586,2.5545789689680207,3.0576733467151143,3.818728957210125
2022-01-21,144.0,1.3919707108386516,3.580452863762607,2.587462255798912,7.607412525478419,19.68389277396729,1.3005845146184432,1.3688618404289772,8.059281065081304,7.657569827304858,3.443559353432117,4.487264998927135,2.0371052886406447,1.4274779316619537,1.3899325712939514,7.739228529002298,3.438410656833037,4.3358823286775445,2.491356624109408,1.6168057902872612,2.7474846136350046,3.6916959566724197,7.9771505754777055,2.552311173004955,3.0637355286126526,3.92229023763595
2022-01-22,114.0,1.3563014574253904,3.378136127333937,2.5054550927161165,7.4486321445634704,18.662213340365515,1.3919707108386516,1.2807220260120786,7.607412525478419,7.803073686467375,3.388477389519786,4.747245909174307,1.9840447005362123,1.387584890031315,1.3932338384953336,7.732063200169949,3.424628736997105,4.534031044523775,2.5358051545176616,1.6105330128424462,2.7426195895348147,3.6653627139353597,7.976217097295683,2.5486379978758023,3.0655254136950996,4.117538643236789
2022-01-23,120.0,1.2776829945434596,3.3601645442587897,2.4757957857374717,7.128221130876644,17.64801983562919,1.3563014574253904,1.2132060748339275,7.4486321445634704,7.7700877241004065,3.3061122278365254,4.050908364386894,2.5048699858482344,1.3496188942941607,1.404030900125807,7.681428694183678,3.3793829902628096,4.428473090829446,2.56254899007675,1.6037136623341879,2.734350113795413,3.6605892739835237,7.978643536416141,2.547667999334566,3.0754654435079605,4.110995166936067
2022-01-24,117.0,1.5151822282922127,3.843026651185929,2.713368728060589,7.201107705784898,19.539260456272874,1.2776829945434596,1.5843042627968122,7.128221130876644,7.776844808618744,3.2873868278917544,3.9327738186002144,2.3553350394830352,1.341985054269166,1.4132418886557399,7.589733466580283,3.327325481749355,4.243642697387139,2.584740793195963,1.5935748608491178,2.723674024156125,3.6749182885785174,7.962413161293689,2.5440815827616268,3.0846890854801927,4.189034449507582
2022-01-25,144.0,1.5533286782615865,3.9053770235106993,2.7455397094219958,6.731329109015204,18.481131365989423,1.5151822282922127,1.5116498357305677,7.201107705784898,7.608922605678311,3.4035528798409143,3.828934026462083,1.9802042362704688,1.3830555600870198,1.4033673122979398,7.507485309032591,3.3323506451897313,3.9375387364830643,2.6239020150230874,1.5880282727144555,2.71927428787233,3.711328798589924,7.940876334348489,2.541493925422346,3.0930512077777887,4.223929872093733
2022-01-26,165.0,1.5098302754081925,3.754670004677319,2.682394562713846,6.544610669357255,17.555228074562926,1.5533286782615865,1.470199444636854,6.731329109015204,7.49881998576509,3.4698141352966765,4.21631297168904,2.273538583814576,1.4487313003657516,1.409321432659514,7.38211480950929,3.3869179476764484,3.992673605583779,2.701713380529393,1.5827385721977345,2.7141651822535393,3.73576016841663,7.929193393414494,2.5380639772913933,3.1048716956074207,4.23300318781565
2022-01-27,93.0,1.437415121683051,4.016967471921857,2.7495860536612318,8.706985432389018,23.940605714328356,1.5098302754081925,1.3005845146184432,6.544610669357255,8.059281065081304,3.3089693942871983,3.244891372127843,2.609563691793339,1.5261137273206629,1.4149829799125622,7.2457991928796,3.3941121364749294,3.763379456759656,2.725320780047914,1.5802652085936362,2.7116935284984076,3.7357063168001434,7.91297696425588,2.5300725821596712,3.107205929575478,4.072618780195359
2022-01-28,126.0,1.33925821143849,4.183845926959409,2.785225086216799,9.261646130797155,25.79576914315899,1.437415121683051,1.3919707108386516,8.706985432389018,7.607412525478419,3.51454399542812,3.77785757062797,2.516509649555294,1.500191358450942,1.4345302094932204,7.3383283882092725,3.431109175003998,3.746353971481618,2.785185997894764,1.5798727811634286,2.7133489384429006,3.7434731601184503,7.917389461999569,2.517385163230356,3.123287155305334,3.9712748618669074
2022-01-29,96.0,1.3722127115210867,4.304027701402991,2.832685611460229,8.142552433576546,23.06529111915275,1.33925821143849,1.3563014574253904,9.261646130797155,7.4486321445634704,3.4207685878731344,4.322323975788205,2.270732591334166,1.4288345361765769,1.4269998524360548,7.5746474746833785,3.414760659196151,3.781690972848006,2.7804939611871915,1.5728250109535042,2.70936756628662,3.7529945105242337,7.926167103066051,2.512359835559457,3.127492451326742,3.910571728526036
2022-01-30,75.0,1.2138318232566931,3.700224827805677,2.5865510115411445,8.106196246593006,20.96709010137617,1.3722127115210867,1.2776829945434596,8.142552433576546,7.128221130876644,3.099543511503238,4.211947128148558,2.577801330777876,1.382962014880875,1.42927288873544,7.673778944542389,3.3449520316014976,4.104042891521577,2.7214648701299766,1.564748612658392,2.7035786209637056,3.7646337435226522,7.929617389916431,2.50859693158324,3.12913365272297,3.9335772662062736
2022-01-31,132.0,1.5988614621070831,4.225202907685224,2.8605908538506584,7.233923240876073,20.693294660307807,1.2138318232566931,1.5151822282922127,8.106196246593006,7.201107705784898,2.8509885328362743,3.4046714147098056,2.668539013509355,1.3084342487387557,1.4201512928373303,7.813489675359013,3.1237668774042153,3.9796475062155228,2.7209577139578545,1.5568711836008984,2.700115716064818,3.753087641786068,7.933664007432771,2.502744139774887,3.135725104152361,3.8581340656505008
2022-02-01,207.0,1.6239411576502751,4.150867668007421,2.8451430393452046,7.478327900321455,21.276912571540628,1.5988614621070831,1.5533286782615865,7.233923240876073,6.731329109015204,3.02032359438008,3.2807781044754947,2.522811507981248,1.3949686656282865,1.4321054690965977,7.818177608943465,2.990285212906531,3.632465549111286,2.719815676484934,1.5574993288348251,2.7060859710054213,3.7766332300576915,7.931369993139564,2.503113751260973,3.1301110318762726,3.7798260767952736
2022-02-02,84.0,1.4731150164851678,3.939452389530831,2.7329292494686417,7.673418350108589,20.970909452421168,1.6239411576502751,1.5098302754081925,7.478327900321455,6.544610669357255,3.135681036109468,3.9424009015031407,2.584678296672353,1.4788781476713495,1.4421929661521244,7.9248917219872155,3.0023310544419406,3.542616806896147,2.6586349726549074,1.5544353826871087,2.708425800820954,3.8025957778386092,7.924618101920079,2.50146426356082,3.1423851874439706,3.740695781054431
2022-02-03,120.0,1.575869495350223,3.7135698188390815,2.6921231186595005,6.198271336134284,16.68650955973162,1.4731150164851678,1.437415121683051,7.673418350108589,8.706985432389018,2.909107650693426,3.3926207249333222,2.7967705407069574,1.5653058787475078,1.436947929163121,8.086149962094549,3.0217040937276582,3.538599910303986,2.6057975304758147,1.5507491431633764,2.709690951118198,3.8065672352235618,7.912536351797965,2.4982016200160237,3.139473215172376,3.7617999743123565
2022-02-04,129.0,1.541145697559088,3.971421518678613,2.763039218013992,7.565753799663343,20.904474462308194,1.575869495350223,1.33925821143849,6.198271336134284,9.261646130797155,2.868841580029988,3.86897003701554,2.6718522713897888,1.5576418898285542,1.4567271254012886,7.727762234058157,2.9712100889442943,3.734663887817334,2.5317925450081518,1.5511103337383152,2.7121972121739573,3.809864742238401,7.896399054754414,2.4942089007657846,3.135532849250512,3.7748160409391525
2022-02-05,144.0,1.4431351070314975,3.9783289372359993,2.7380300868583545,8.571062212067066,23.467826212974348,1.541145697559088,1.3722127115210867,7.565753799663343,8.142552433576546,3.117479269523055,4.369638663116645,2.5448611441240336,1.5300434031314918,1.4855681948470882,7.485491901039042,2.9651428334154897,3.877076475021836,2.5150413404103547,1.5482065095529798,2.7125339378444626,3.821531823095194,7.876810341806341,2.489224950815749,3.1373472498748884,3.7815752819860724
2022-02-06,87.0,1.3017761909844543,3.39139728763797,2.4941026604482834,8.002905573199689,19.96006808143374,1.4431351070314975,1.2138318232566931,8.571062212067066,8.106196246593006,3.306808789641672,4.338818661429535,3.1224808893220164,1.5200500999802682,1.4956999656342895,7.546707583680544,3.097709879731571,4.192475787187241,2.5602890304982693,1.5428957732213808,2.711951028282621,3.8310943965801973,7.874159934491622,2.4808772378440844,3.1509709683264493,3.7996997867404976
2022-02-07,84.0,1.598503151134906,4.048436513422023,2.805260892872905,7.66905429426363,21.51369809701678,1.3017761909844543,1.5988614621070831,8.002905573199689,7.233923240876073,2.960421216013284,3.672493817088797,2.8337908101389986,1.4286856651916786,1.5082634467382554,7.531951773195785,3.128236425059337,4.126983713878325,2.5199178291775937,1.5314750085500557,2.702499563015326,3.8247801112424415,7.869870981231749,2.46848236538539,3.1642193248964228,3.8379601299374966
2022-02-08,117.0,1.512082033314367,4.097963554083569,2.795836603795823,6.3849938702653,17.851399577499684,1.598503151134906,1.6239411576502751,7.66905429426363,7.478327900321455,3.00206540439409,3.6670575182490666,2.9418680329092,1.4478048163836181,1.508212259456516,7.594113352251151,3.0897651366830154,3.8927899989224657,2.5312379669046643,1.52838625919723,2.7043806102646837,3.846181072452713,7.870731342264905,2.4634208717734056,3.1731863837411836,3.8931429033337213
2022-02-09,111.0,1.6485275585925845,4.404515980687677,2.9301809204720586,6.800460205701156,19.926578745175018,1.512082033314367,1.4731150164851678,6.3849938702653,7.673418350108589,2.8326651026533005,3.772653377993746,2.551834039719349,1.4707871251445745,1.492232384551386,7.4379227765288425,2.931717241020225,3.704068237777203,2.530064362161197,1.5237457698882493,2.7047002498681407,3.865920554946311,7.862784540521575,2.4540825915446254,3.1705227551131836,3.868893257118093
2022-02-10,138.0,1.5674302405912126,4.183982485095163,2.8386219762188865,6.792626495997531,19.281698847785282,1.6485275585925845,1.575869495350223,6.800460205701156,6.198271336134284,3.043149432240349,4.220671398626076,2.383566903306446,1.5863709143472846,1.51729131913816,7.313214470184924,2.959293313095914,3.8867940982896294,2.6395636459258918,1.5234853586852661,2.7063342808599464,3.8833871525292643,7.844391057491508,2.4415255672118454,3.173150396448184,3.9871862105027724
2022-02-11,111.0,1.8714277353589772,4.023346165046419,2.9092404245999237,5.73916983589516,16.69662489023071,1.5674302405912126,1.541145697559088,6.792626495997531,7.565753799663343,2.8403623321230125,3.525314073431718,2.668302178184937,1.5760132774993867,1.5160857113154442,7.398122350165387,2.905392289005554,3.8395462833505136,2.718351816809478,1.5212421990896692,2.7049721382487872,3.8783623562748377,7.833037444405307,2.434323422101499,3.1718708973276337,3.938092501419369
2022-02-12,159.0,1.6784032508040636,3.583062198111385,2.694237005725212,5.429337463413102,14.627921910497834,1.8714277353589772,1.4431351070314975,5.73916983589516,8.571062212067066,3.2551582524225857,3.990212318205515,2.536866881813588,1.6957951781809235,1.5632688595725714,7.13718178391279,3.0462233389286495,3.91206593008777,2.7669016813968854,1.5192729744223734,2.70226296547376,3.8816631992203066,7.819947587195296,2.426813134167038,3.176991228244035,3.8838887378606364
2022-02-13,141.0,1.525371283693513,3.3976836220646502,2.57175563499542,7.004252805669003,18.013226621911738,1.6784032508040636,1.3017761909844543,5.429337463413102,8.002905573199689,3.092761813435836,3.688600901586505,2.694215962511829,1.7057537422514166,1.5968785943972237,6.68836396267651,3.0627607993271444,3.7347090977412463,2.747393012566577,1.5181404093145874,2.6960900384537387,3.8704100684235927,7.789625276782049,2.425671680995767,3.1780850511546177,3.791000486454489
2022-02-14,150.0,1.5594584297583394,3.972257779937558,2.7688680867057798,8.366325215080888,23.16525089103934,1.525371283693513,1.598503151134906,7.004252805669003,7.66905429426363,2.972879609461504,3.7098258946068894,2.4639287148853524,1.6917340899521836,1.6288207504985177,6.545699281600697,3.106933225106642,3.7962130381329704,2.79133225802967,1.513623884179087,2.6888164880234706,3.8660736331689103,7.774297788977754,2.4275517070885706,3.176888923171244,3.7963336403856447
2022-02-15,216.0,1.3860689772131634,3.6180298838999896,2.5989663915465475,7.340965741474847,19.078923243587706,1.5594584297583394,1.512082033314367,8.366325215080888,6.3849938702653,3.2277263138155,3.990212318205515,2.4238331346355606,1.5877443214186375,1.623242933159008,6.645309413146019,3.097789245570947,3.7962130381329704,2.786772243323408,1.5093880567813216,2.6853254643619335,3.876277739580684,7.773348911136107,2.4289048412080896,3.1733838284920908,3.842498611807995
2022-02-16,153.0,1.4481966250628808,3.443408344080807,2.558378425574278,7.764554304317312,19.864668216365306,1.3860689772131634,1.6485275585925845,7.340965741474847,6.800460205701156,3.2584851800833987,4.1505628403889,2.4345756075347684,1.490299563555004,1.6052410680016933,6.781876823318813,3.1530303677868012,3.9502003510671013,2.7374406321076803,1.5022247876299357,2.679876978246132,3.875629025244853,7.773152083287552,2.4273166430983855,3.175225704570378,3.896485677864445
2022-02-17,189.0,1.5875469768255868,3.889976685263401,2.751936221531447,7.938163329018205,21.845319197557853,1.4481966250628808,1.5674302405912126,7.764554304317312,6.792626495997531,3.263765106464553,4.2421476559415785,2.700300733921848,1.4645746773447934,1.5766223632117355,6.919604551692549,3.2499922001211505,4.127640938178665,2.5998602172218455,1.4993649224250352,2.6797724954762416,3.8590968003361774,7.767539074554428,2.4261441883513926,3.182435704543261,3.8995537146238033
2022-02-18,195.0,1.742295746390336,4.187257078500793,2.8970561889614954,6.46006566370487,18.715173212133845,1.5875469768255868,1.8714277353589772,7.938163329018205,5.73916983589516,3.357408298282869,4.194618498603741,2.38570376894021,1.473937526367209,1.5794961826737892,7.083252670695503,3.2932195282769405,4.19577633164474,2.6222026531248455,1.500859471145494,2.6860203033194088,3.8580559440257605,7.765653059564303,2.423198463726092,3.1800218761851036,3.995168632505521
2022-02-19,171.0,1.4368090954854695,3.781111760610477,2.6695803688509088,7.033822298888404,18.77735392709825,1.742295746390336,1.6784032508040636,6.46006566370487,5.429337463413102,3.0589780809836373,3.947258251124557,2.6161078459030804,1.5926797827595998,1.561048755678269,7.186237788954032,3.226717161910353,4.1280081352232925,2.587442596148411,1.5007738961348027,2.6895251567198333,3.8673392930740462,7.754033938766645,2.4230972493924305,3.167259496616578,3.989032337208241
2022-02-20,177.0,1.344029907170308,3.60076562178128,2.5812527721540146,7.930959700273328,20.4718117121723,1.4368090954854695,1.525371283693513,7.033822298888404,7.004252805669003,2.927393869403537,3.922992555719647,2.686000729307555,1.5888839395671297,1.5265353049184698,7.4154499083076475,3.114593416223348,4.021623101815981,2.5816675786557837,1.4967703333398956,2.688217646284356,3.8676055240412754,7.735646264177417,2.4266245957868264,3.150053980482292,4.022516859227261
2022-02-21,216.0,1.8242619735992,4.36702440742682,2.979577881825685,7.073902163483418,21.077242424514054,1.344029907170308,1.5594584297583394,7.930959700273328,8.366325215080888,2.9584273021222147,3.863956258039129,3.2304237012382173,1.50771158301537,1.5006293939865833,7.547836607536836,2.981599750836463,3.9114023549611106,2.594940251719325,1.4923344926314681,2.6827585617715823,3.8682826159752315,7.728659649135757,2.420627841666881,3.13571897756904,4.044535482574724
2022-02-22,198.0,1.716583929904589,4.381311929535943,2.944292636111555,7.904844924417055,23.274176700564936,1.8242619735992,1.3860689772131634,7.073902163483418,7.340965741474847,3.3443909161870677,4.092136765323128,2.975350330820668,1.535033658751658,1.5384584716781349,7.363204743022912,3.0767373625709395,3.959695193027301,2.639405080628034,1.4983129485374647,2.689242456744856,3.901245558644994,7.719156769158035,2.4237383074322674,3.1369949338473915,4.05909611787724
2022-02-23,207.0,1.5593022668387009,4.090248234149613,2.8065171352600164,8.918979246106778,25.031268083227136,1.716583929904589,1.4481966250628808,7.904844924417055,7.764554304317312,3.2001544815115737,3.985438102529309,2.77442465964662,1.6282919368913644,1.585674893491196,7.443758912014656,3.167657566606952,3.980510375297188,2.683933874415737,1.5032082292485762,2.698760386264561,3.9352838048208993,7.718187790676089,2.4258853075632314,3.134087188968052,4.035506869611584
2022-02-24,183.0,1.3889729063223846,3.545817206078869,2.574583310944886,7.996005641778235,20.586382679543398,1.5593022668387009,1.5875469768255868,8.918979246106778,7.938163329018205,3.44091915750101,4.88195124039045,2.5637400521096896,1.7000493901141622,1.6015471280305984,7.608676760841723,3.3284881850665506,4.319842036080963,2.766996234471126,1.5077485418398358,2.7079790060823163,3.943524524253022,7.710966568070515,2.4267107046921508,3.135332731556722,4.126907381675709
2022-02-25,186.0,1.5612505206903953,3.740496819275414,2.695469057793933,7.616845057147073,20.530970169550596,1.3889729063223846,1.742295746390336,7.996005641778235,6.46006566370487,3.216163579231533,4.305623549638558,2.6932784871818622,1.5549530343552238,1.5731794036729982,7.61693994837887,3.2857457394147054,4.391004297519439,2.6630019895657,1.5120778659944663,2.711482266576253,3.931539197005294,7.700161558348794,2.4276873825007224,3.1268777130212166,4.142765246109254
2022-02-26,174.0,1.3328255061140202,3.529789800325442,2.5524937128590706,8.587213582402878,21.918808680061364,1.5612505206903953,1.4368090954854695,7.616845057147073,7.033822298888404,3.3126567593648484,4.198909376098436,2.5841877429592466,1.5031752312838258,1.5473158000015779,7.782194147442041,3.3232464986991306,4.462161388709148,2.5886639331087564,1.5149491595672664,2.7122799477489683,3.9310667574918976,7.692285487424781,2.4296024494664508,3.127000625190472,4.178715406819808
2022-02-27,147.0,1.2132060748339275,3.3048436759480864,2.4370838768534644,7.583710888354296,18.48213953272632,1.3328255061140202,1.344029907170308,8.587213582402878,7.930959700273328,3.3450324035021017,4.548975815439975,2.3406794507974595,1.4276829777089322,1.5324610015199427,8.00410718794411,3.291284247366161,4.351169580392323,2.6644806303818664,1.5134519335239982,2.710384264464494,3.9148275017720167,7.693322057165299,2.424040608655173,3.121350238792938,4.268141586779856
2022-02-28,195.0,1.4245280693779971,3.594389352455066,2.60215144916346,7.394301277352927,19.24109178441514,1.2132060748339275,1.8242619735992,7.583710888354296,7.073902163483418,3.287234092070911,4.257115964256632,2.2673607970373717,1.3690940338794464,1.5137718826147455,7.954500214812819,3.314974418312621,4.3350003852650145,2.617668402270653,1.5113367351722191,2.706246517878127,3.885527426738306,7.67357628485028,2.4189742565878705,3.116899088932864,4.324307259096641
2022-03-01,288.0,1.3430547457257709,3.802221379686748,2.652434601528321,7.53860182754905,19.995648334535733,1.4245280693779971,1.716583929904589,7.394301277352927,7.904844924417055,3.2224878509355244,4.092136765323128,3.13174738214167,1.3235198834419803,1.4566670391545735,8.000271516794177,3.2849181155028457,4.299409515006578,2.5485654803028615,1.510407515933506,2.7040121245834725,3.8618728151067088,7.659458636514166,2.4192079275420872,3.120997233580607,4.324307259096641
2022-03-02,195.0,1.4648874014012188,3.990791476290969,2.74777980914538,8.160138395634135,22.42226352335545,1.3430547457257709,1.5593022668387009,7.53860182754905,8.918979246106778,3.4110438376339216,4.477512194925456,2.531104260811576,1.3269296299792306,1.4033057271290281,7.947951074384463,3.306921926880119,4.275588308168405,2.487520887830634,1.5045247746909256,2.7009259660317415,3.865272700169411,7.643530842292813,2.4245816967996277,3.139665743740528,4.394603558010377
2022-03-03,189.0,1.5143231043387937,4.37976379753596,2.887597571115531,9.68423677157014,27.964178579693645,1.4648874014012188,1.3889729063223846,8.160138395634135,7.996005641778235,3.396596399824075,4.567930888816959,2.5233149296613013,1.4108234055016613,1.3898178892093875,7.839545238602656,3.343376029464507,4.379193283021848,2.4315794953261665,1.503548974597089,2.7032168560893766,3.857458985789603,7.623595957864445,2.423323903932645,3.1522081705886618,4.3497435077855915
2022-03-04,174.0,1.3724429833706813,4.286977916834807,2.826955123864072,8.137653325991913,23.004780766142346,1.5143231043387937,1.5612505206903953,9.68423677157014,7.616845057147073,3.552418747574638,4.671862713792937,2.7861871986266498,1.4407550838219265,1.4077250603545892,8.080721114287215,3.4533529950108783,4.572435265845118,2.4852072135806256,1.505615901447364,2.709439473762621,3.8650888567738875,7.615730913926424,2.4172409062067093,3.1660994276375,4.402063388379075
2022-03-05,192.0,1.4673609961122844,4.38878826804743,2.880091224961654,8.330961942055774,23.993930384804333,1.3724429833706813,1.3328255061140202,8.137653325991913,8.587213582402878,3.693308722762552,5.12699575590098,2.895441545320211,1.4505511630368968,1.3807525550232016,8.155122295550763,3.547441290053755,4.788929786170292,2.5178253520317937,1.500062669574615,2.7102917444531776,3.8766730410173533,7.60818870441077,2.4162512257205178,3.1922394633731384,4.534647156922295
2022-03-06,186.0,1.3619747949046954,3.7499857060618673,2.638621575929582,8.048065238080383,21.235798581687746,1.4673609961122844,1.2132060748339275,8.330961942055774,7.583710888354296,3.697670285057417,5.145466855024866,2.6523810073113783,1.451375694607252,1.399971910737239,8.118514918358319,3.6477992517982023,4.981441774906261,2.463025501990971,1.4970346813548292,2.713449326002734,3.899180322657631,7.6055050309087076,2.419401303149779,3.219867086874052,4.61986016257728
2022-03-07,201.0,1.6158732427404812,4.214271228213496,2.86221601203105,7.316699806711416,20.941975341993903,1.3619747949046954,1.4245280693779971,8.048065238080383,7.394301277352927,3.4356346380944194,4.22491892733735,2.8487973174250936,1.4005929247958857,1.421224585033063,8.184851254033473,3.6088712153047964,4.832460512754398,2.4914030751702403,1.4924263485190041,2.7126256910817017,3.89179912890374,7.608587257441432,2.426412006737666,3.230472265826431,4.615260585874525
2022-03-08,234.0,1.6664981865992925,4.363030800014226,2.9229878981999544,8.415122828555205,24.597302189733036,1.6158732427404812,1.3430547457257709,7.316699806711416,7.53860182754905,3.444844715125286,4.159392566073613,2.40378766780369,1.4817363445858192,1.4485596097991322,8.173765329656117,3.5260498794257074,4.509926116145277,2.554282299664496,1.4915631277490902,2.7149683615468345,3.8996638719363235,7.600595053011995,2.425758174043015,3.2350734633425517,4.624868557410308
2022-03-09,198.0,1.6242798392947606,4.181796431937797,2.854783710936766,8.325847360358688,23.768493424097855,1.6664981865992925,1.4648874014012188,8.415122828555205,8.160138395634135,3.527807852141993,4.42014719993379,2.0107378656129704,1.5481154080814885,1.4947658156382067,8.298982615514138,3.4694290684538998,4.268152897781584,2.5884420102992505,1.4933980358509773,2.7196390913447286,3.9320516556821983,7.599206173193873,2.427576774269683,3.2539863512135083,4.616673558125784
2022-03-10,192.0,1.5837862476166815,4.229879232235709,2.8577676594217287,8.33743528786289,23.82645292817606,1.6242798392947606,1.5143231043387937,8.325847360358688,9.68423677157014,3.5304503727349013,4.813642280153405,3.0540318105730737,1.635550422878177,1.5175361639087126,8.322655324760502,3.50103431333406,4.464394015386937,2.652555255323388,1.4941648013581776,2.7239464441511574,3.9364969862993906,7.600294617409059,2.431811862417529,3.271599183491536,4.651775185459563
2022-03-11,198.0,1.4584540588143118,4.28425209968767,2.8437286031362587,9.3860884522457,26.691488203218032,1.5837862476166815,1.3724429833706813,8.33743528786289,8.137653325991913,3.734993871478952,7.355949254437259,2.458501601848155,1.6248547578369104,1.527459470091268,8.130255112802324,3.597750698785282,5.529912911508151,2.5341300480944122,1.4948917361632157,2.7280355062384456,3.940894175571129,7.606363640427174,2.430601509020925,3.301676809119057,5.035216119837323
2022-03-12,210.0,1.3092602222482903,3.891244919459371,2.67635914735269,8.876096208712708,23.75562128097079,1.4584540588143118,1.4673609961122844,9.3860884522457,8.330961942055774,3.574553662257106,6.017614679083238,2.4117210915456693,1.5555067152419169,1.5397467665832154,8.308602987981436,3.6133326354903197,6.062402071224635,2.5611252480296005,1.4895032316007755,2.7283139612731193,3.9368853795377947,7.609964732580658,2.4354833088373646,3.319390283452949,5.162447394577646
2022-03-13,171.0,1.1945722201226794,3.88234979700068,2.6503497050372657,10.235820869483298,27.128504822249347,1.3092602222482903,1.3619747949046954,8.876096208712708,8.048065238080383,3.411175424606015,4.747245909174307,2.225068860005786,1.4505001762264265,1.5171609417455019,8.38647931178957,3.5735743194473577,6.040269947564934,2.554710417955699,1.4834686419782321,2.724320711255744,3.9271274606832685,7.611427404961284,2.44181038618666,3.3384173865357165,5.105558688027566
2022-03-14,165.0,1.2867473797149127,3.872053627531779,2.664684462500852,10.320610395605266,27.501170164694127,1.1945722201226794,1.6158732427404812,10.235820869483298,7.316699806711416,3.412862270923655,5.13934775229957,2.45720756989382,1.3207621670617593,1.493246288205214,8.699015830561416,3.4661971192622585,5.301402780185705,2.4900245530587743,1.4776653944716558,2.7226872499605244,3.9224275817484107,7.621829644812798,2.4459451930888747,3.3436741871524185,5.2361913773078825
2022-03-15,201.0,1.3479119154304902,3.865480174415156,2.6759076431785167,9.271697324566436,24.81020573604513,1.2867473797149127,1.6664981865992925,10.320610395605266,8.415122828555205,3.6120049637139617,5.445350072673107,2.779181695584904,1.2635266073619598,1.44622830777299,9.128145914689108,3.4786808864145438,5.110647911382328,2.432457846649806,1.4740830670162675,2.721518996461069,3.9320606293957576,7.633887156720104,2.4487615031790697,3.360982292161689,5.419899592536382
2022-03-16,204.0,1.4894306867269256,4.14182228350949,2.804162407350872,8.601468164769816,24.119913675672816,1.3479119154304902,1.6242798392947606,9.271697324566436,8.325847360358688,3.501181195728562,4.936979135143499,2.2390648347711504,1.2764105050893597,1.4007159833203038,9.25051369983357,3.50868281012206,5.173892320038726,2.431534765843421,1.473733901599626,2.723412182183948,3.9476538478074406,7.628438384724406,2.454166544788069,3.3785923450372577,5.49373272613777
2022-03-17,183.0,1.6896425172400338,4.224132498375926,2.890522352115361,7.70016557480256,22.25750070895603,1.4894306867269256,1.5837862476166815,8.601468164769816,8.33743528786289,3.555591289204468,5.150102702817285,2.670432860287315,1.3746966606241084,1.3814518186677558,9.28988810046373,3.5562591495489975,5.177477303544631,2.329100974592405,1.4772123792782066,2.7270032749996407,3.9533059979265053,7.627083791294388,2.4548675472376944,3.3895211775502236,5.541798500804037
2022-03-18,171.0,1.7238738206839028,4.447511284896563,2.9660828223164275,7.84612448771822,23.27225506477729,1.6896425172400338,1.4584540588143118,7.70016557480256,9.3860884522457,3.5558673851888294,4.522136223320541,2.657144614103039,1.5089950397991487,1.3965741428996634,9.19884957002654,3.5375466233739536,4.869739353760441,2.4049882601200827,1.485152986651642,2.7324615339990914,3.9735094184090363,7.624210009950695,2.4543444366904508,3.3994339177204043,5.136968067787364
2022-03-19,177.0,1.2838803474548948,3.7125265280978175,2.606362699291417,9.525099224333871,24.825863325353414,1.7238738206839028,1.3092602222482903,7.84612448771822,8.876096208712708,3.6195499397211024,4.263446163385779,2.85187566300546,1.6343156748836194,1.4344912517381765,8.978854717951185,3.5770028713714663,4.645228363174535,2.427436476557937,1.4874791459497598,2.7357893873559997,4.006979516436228,7.622877130978322,2.4544611241900616,3.4112934121622893,4.886372565544869
2022-03-20,198.0,1.066640228155471,2.8799465033419587,2.2301558436327493,9.705592041437178,21.644982807126627,1.2838803474548948,1.1945722201226794,9.525099224333871,10.235820869483298,3.6053435382726833,4.6092006949159545,2.4641868344490647,1.565798895126276,1.4308655553391199,9.071569434468495,3.5935869543942047,4.464927693874091,2.3984726725763,1.483682987811832,2.73359705830094,4.0010645111973755,7.631900159063473,2.456955635468604,3.41955792016195,4.86665182065082
2022-03-21,198.0,1.4526192805323723,2.9246816915869025,2.3852373741931743,7.611312883685505,18.154787956844693,1.066640228155471,1.2867473797149127,9.705592041437178,10.320610395605266,3.180917689902996,4.0693520364940605,2.9060002850627824,1.3581314654314216,1.4125895564866615,8.995822459033336,3.46860372263226,4.313999631598598,2.3860026091390414,1.4769570008704755,2.725417633663168,3.957487492025414,7.646296782711878,2.456393942981138,3.423622573792595,4.713795289821461
2022-03-22,213.0,1.751847097256745,3.6648865672423314,2.7526843811612998,5.893363094245451,16.222568542041884,1.4526192805323723,1.3479119154304902,7.611312883685505,9.271697324566436,3.1603102868364266,3.2487690667396105,1.9502052449820744,1.2677132853809114,1.4362855423177272,8.608779957330512,3.3155238383373686,3.975773932716541,2.4271189588908686,1.479490913635708,2.721302522433823,3.9289398230579615,7.639088171615286,2.4503940868527034,3.4313864543736914,4.399998003259532
2022-03-23,192.0,1.4585507114887928,3.478502874948293,2.573752956150255,7.686867152578697,19.784097057483713,1.751847097256745,1.4894306867269256,5.893363094245451,8.601468164769816,3.1981457851375823,3.661608881520988,2.4280312343174666,1.4237022019815282,1.4939905682929064,8.126160781570372,3.1797912539590016,3.6599099949182197,2.4007665120863604,1.485488853409343,2.7240562245231956,3.9310771879066637,7.621116731018011,2.4430229506349233,3.4393770704742033,4.217802252742031
2022-03-24,150.0,1.681329621537774,4.0449240350085525,2.832532627147604,7.230595800405558,20.480898518365187,1.4585507114887928,1.6896425172400338,7.686867152578697,7.70016557480256,3.3116437436872923,3.4702094635288865,2.625529049770003,1.554339029759302,1.4895791432588876,7.995503494114497,3.223366605220434,3.460195803929828,2.433267138069901,1.4871930076437327,2.725194522247098,3.901459803490712,7.614167088277133,2.4417235294995527,3.4382854980575446,3.97781750427226
2022-03-25,237.0,1.7028702907121955,4.233079556368803,2.8960934359463355,7.743363559747212,22.42550437752995,1.681329621537774,1.7238738206839028,7.230595800405558,7.84612448771822,3.3992703281104872,4.159392566073613,2.20434355982457,1.6305758100944363,1.488391586729993,7.928422097772069,3.303019952311787,3.7637369703744956,2.452128227405796,1.4939204514269713,2.7311401362706005,3.8902468736731333,7.599833457658745,2.440942985081678,3.444922692944175,3.9259969818084133
2022-03-26,213.0,1.4473072375099671,4.011909133878107,2.750387123311107,9.198941769493258,25.300650990902948,1.7028702907121955,1.2838803474548948,7.743363559747212,9.525099224333871,3.4350382778639013,4.286794484808417,2.448908718142682,1.6142502079129197,1.4853910824483207,7.913741965204783,3.3819841165538933,3.9721321714703053,2.422295593783151,1.4970485858006377,2.734185548068696,3.895007917747106,7.599333556732751,2.4456001401236285,3.444726663622938,3.9293324562973617
2022-03-27,156.0,1.1117703068345426,3.4800779556077504,2.48158512280109,9.94379386702138,24.676370924600977,1.4473072375099671,1.066640228155471,9.198941769493258,9.705592041437178,3.545216840397872,4.7718602648636095,2.457725268804372,1.610502383253311,1.508737781027617,7.867148043084695,3.45984181545742,4.4060157719152135,2.3819964852222557,1.4952815617881108,2.734266338300181,3.910544315340414,7.612847239297778,2.446588270233521,3.455695105661816,3.9525695377184555
2022-03-28,207.0,1.3857328173028878,3.621774050511407,2.6002423531164407,9.051077426495908,23.534994865710818,1.1117703068345426,1.4526192805323723,9.94379386702138,7.611312883685505,3.268230817241891,4.379799134530988,2.1889637463056686,1.420649278352234,1.515184935124627,7.901176875311008,3.4161619785012216,4.479484628067671,2.375483770101295,1.48864722897855,2.730919514301635,3.9018636865514917,7.640819075734305,2.451974385418726,3.4542142409243843,3.9969191231523022
2022-03-29,216.0,1.5067820252934965,3.651193611958182,2.647844491562087,8.156880664184607,21.59815153499051,1.3857328173028878,1.751847097256745,9.051077426495908,5.893363094245451,2.9588415200241123,3.7467146938476015,2.48141624367582,1.314936787215798,1.5056297260918434,8.106857524283923,3.2574297258879583,4.299458031080732,2.3232336920952643,1.4877858572388805,2.7284304526258887,3.904929828224357,7.667936888466904,2.4554443073272156,3.441341211475118,4.068054212739158
2022-03-30,228.0,1.5772235289825267,4.168629522021929,2.836584533993765,8.360895793769291,23.716387698939496,1.5067820252934965,1.4585507114887928,8.156880664184607,7.686867152578697,3.1648616755747927,4.10573134936245,2.585168749382442,1.3347617164769743,1.4706204300970938,8.430217177132375,3.130644670946932,4.077415059247013,2.286136580387565,1.4905779208031307,2.72614077604831,3.9164748260913607,7.667454423364517,2.459000414268336,3.4372621309252476,4.131500279573652
2022-03-31,216.0,1.3936283857898282,3.873733485617533,2.6898087933322103,9.242312145475516,24.86005247962113,1.5772235289825267,1.681329621537774,8.360895793769291,7.230595800405558,3.432050011509875,4.743674903764768,2.422782421898546,1.4899127905263025,1.487573689739056,8.526506983016745,3.18525106903626,4.198706982324939,2.2566170475354554,1.4939947677608214,2.726205758090536,3.9356161650769224,7.67674571258042,2.4563827387280543,3.444247536277726,4.313423913893064
2022-04-01,285.0,1.4933116689542094,3.773798700360593,2.6838176376864715,7.56891869611285,20.313597494842558,1.3936283857898282,1.7028702907121955,9.242312145475516,7.743363559747212,3.3310455721937338,4.201104360715678,2.1170531157637607,1.492544646688616,1.446473513203635,8.813895032312454,3.3093190864261337,4.350170204614298,2.1767247368264258,1.4969913771363736,2.7279267211203875,3.937999901941282,7.704066337206867,2.4582330313226164,3.4415809274297193,4.319382741699074
2022-04-02,150.0,1.437415121683051,3.2325434619036466,2.4828134391758785,7.915326537597363,19.65227910301221,1.4933116689542094,1.4473072375099671,7.56891869611285,9.198941769493258,2.9126932370083907,3.52242404484467,2.7367231664054703,1.4880545279088537,1.4165365672382084,8.788974337507545,3.2252629402373327,4.155734436441705,2.1156161816373227,1.495232213917159,2.7249805008509838,3.9307668094102697,7.704937873621675,2.4608493767535164,3.4254508220025297,4.210186964561395
2022-04-03,180.0,1.288378609474737,2.7271745805165164,2.212363077170529,8.190202857619049,18.11970239673294,1.437415121683051,1.1117703068345426,7.915326537597363,9.94379386702138,2.795657719108767,3.528063192704715,2.2732581411728154,1.4414517254756951,1.415123407834363,8.605600732950988,3.0131321761036305,3.7505305327550205,2.146163986259451,1.4921234466510387,2.7189416741814947,3.8925261315558592,7.709701115610043,2.458629218380583,3.4002254543870007,4.032501668538695
2022-04-04,213.0,1.7355265555171695,3.925411171828937,2.8034519110504115,7.028880588651431,19.705128718799994,1.288378609474737,1.3857328173028878,8.190202857619049,9.051077426495908,3.0640448604851547,3.5735070638578628,2.416468128190452,1.406368466703998,1.440353165354391,8.355087731607798,2.9241319388674376,3.5413314338024158,2.1673288678130462,1.4890445065341982,2.71026557130986,3.8405326870119163,7.720465563384791,2.454497981803658,3.3792499923110877,3.9173170870139633
2022-04-05,195.0,1.460383449499313,3.778257104206491,2.6753993079074463,6.980083731582051,18.674511184610644,1.7355265555171695,1.5067820252934965,7.028880588651431,8.156880664184607,3.226248609845685,4.126041198896436,2.6134438690270843,1.4871067622249845,1.4903236993850026,8.066202469058586,3.028650396479869,3.7425371518196706,2.180534549212344,1.4917054575369806,2.712121051183042,3.825086783804633,7.723138087196617,2.454781813712886,3.3635359364706967,3.971506587735225
2022-04-06,213.0,1.5528537813687775,3.5258574032989403,2.623821149885079,5.944167642481935,15.59643277880663,1.460383449499313,1.5772235289825267,6.980083731582051,8.360895793769291,3.3596048358055155,4.7718602648636095,2.376340314023929,1.4947628714970722,1.483695331414405,7.898088621543935,3.2166327687121186,4.157136175872636,2.195359624857367,1.4903594200693178,2.7106603860145997,3.826029163742787,7.718673182427135,2.4559636712770794,3.3610016097277327,4.0666678613782485
2022-04-07,222.0,1.5767726284571328,3.5974415682768583,2.65579680812936,5.615524346650004,14.91369163580579,1.5528537813687775,1.3936283857898282,5.944167642481935,9.242312145475516,2.95408465386657,3.7151665977227646,2.1406886619722783,1.582921262128419,1.480213938898155,7.552841742788599,3.1799793665059237,4.20435602049427,2.195277191492722,1.4921880646416057,2.7087569037317114,3.8030820362456352,7.700598364748859,2.4568710904407283,3.344642941019109,3.919738103372248
2022-04-08,183.0,1.7223066439917076,4.093895331974236,2.8623824468002623,6.984510029838823,19.992338908911023,1.5767726284571328,1.4933116689542094,5.615524346650004,7.56891869611285,3.086798786002418,4.2101778858586805,2.071464109917037,1.53000328644174,1.5063774021363414,7.034729200099241,3.1334960918915016,4.232401582815018,2.2308304315925818,1.4967713385994836,2.7114518061930624,3.777562395187723,7.691794730470712,2.459836275079633,3.329942638814457,3.9210343212498198
2022-04-09,222.0,1.3640859388853284,3.9738532854032966,2.7174997973462585,8.709793545233223,23.668862194099034,1.7223066439917076,1.437415121683051,6.984510029838823,7.915326537597363,3.355065159655772,4.945215203982673,2.370972620363255,1.6173110179392047,1.5390909699988413,6.951242247774379,3.131982866508253,4.290186562521373,2.288396718272193,1.4988347301470972,2.712403832091852,3.774632358522271,7.695714412778029,2.4600372583042454,3.324096465045152,4.124290201126677
2022-04-10,183.0,1.1505338881452076,3.256038324701564,2.4028397649881,8.435201534062216,20.268437671733317,1.3640859388853284,1.288378609474737,8.709793545233223,8.190202857619049,3.150173371146028,4.119253344432942,2.0135783592189163,1.554388403778055,1.5286153724563094,7.0647375345795025,3.1973457722680725,4.424882144758098,2.2766671911629888,1.4963681285732797,2.7110982186510255,3.766098160294524,7.709499471789955,2.458732694392587,3.3046024483673886,4.208745937087853
2022-04-11,228.0,1.507916526829144,3.566975855546672,2.62049776377741,7.26260251454106,19.031633648559044,1.1505338881452076,1.7355265555171695,8.435201534062216,7.028880588651431,3.117416892490745,4.050908364386894,2.2098313982256883,1.4123088236740802,1.5089232694092338,7.099737345499955,3.2075518077641814,4.371792304267504,2.275433868064767,1.4880682340658233,2.7023091993929595,3.731824367794987,7.731417800164332,2.4623824827368015,3.289364556041843,4.276946122877715
2022-04-12,258.0,1.6987154881592057,4.1739890773712665,2.877155523923212,7.210996303986081,20.74715784900342,1.507916526829144,1.460383449499313,7.26260251454106,6.980083731582051,3.1322253626405305,3.4525430227472893,2.054197694063877,1.3408454512865589,1.4764075510252304,7.133126192055616,3.133271875425768,3.8742349105223752,2.2579783732310803,1.4870763388364556,2.6986737958522684,3.7210153989978973,7.735895060283104,2.4613035479318035,3.280066220642994,4.18073209771355
2022-04-13,234.0,1.6738858445018645,4.178444386000898,2.869906871786287,8.281027250295336,23.765777011072085,1.6987154881592057,1.5528537813687775,7.210996303986081,5.944167642481935,3.3550182293768374,4.073969400003493,1.948580427700208,1.4523886343778514,1.5104549851195004,7.16611370239905,3.2015534948360376,3.8591402623792255,2.2372853393463368,1.4841978013831258,2.698139047507657,3.730736708343583,7.743445760148959,2.4631738547086917,3.2781380859247657,4.081033402733533
2022-04-14,186.0,1.5066946431885784,3.924398775183908,2.7374682535057,8.361800976127961,22.89016471428327,1.6738858445018645,1.5767726284571328,8.281027250295336,5.615524346650004,3.521653567171316,4.79984119682579,2.3545232943271746,1.626839286496737,1.5277452798527986,7.499950789229536,3.336299053062895,4.108784539858857,2.2591958374632326,1.4841225112780891,2.701066878608675,3.7409497336258872,7.746448165035996,2.4675867857683973,3.275126372706678,4.235986916891108
2022-04-15,153.0,1.2674702559717423,3.066203570133917,2.3635119903714417,8.338797368874786,19.708847566613386,1.5066946431885784,1.7223066439917076,8.361800976127961,6.984510029838823,2.9845364385512743,4.092136765323128,2.2196182807922047,1.6264319919498818,1.517734139100148,7.8922760220121,3.287069411699809,4.321982454050804,2.1950214696255346,1.4838112339363403,2.7038287555838463,3.742913686984845,7.745636520402685,2.4670666667269048,3.2579048808007682,4.219123899671744
2022-04-16,159.0,1.549356267789504,3.6643514496344376,2.666865185144017,7.161403337621956,19.09849723787816,1.2674702559717423,1.3640859388853284,8.338797368874786,8.709793545233223,3.0347609429751863,3.0034045666224016,2.4634123901583376,1.4826835812207273,1.4527575122401528,8.08574564187438,3.180316982899259,3.9651275095904404,2.1484032520348415,1.4789447643732305,2.6970728206449404,3.7070597298723267,7.746848522614487,2.4669658320761783,3.2405438692597923,3.9417223800488483
2022-04-17,207.0,1.6385403551835482,3.470211729956816,2.6425058650961875,6.762768884609491,17.870656441870583,1.549356267789504,1.1505338881452076,7.161403337621956,8.435201534062216,3.132041477031937,3.8313571198230982,2.117353888734081,1.4411737223166072,1.4792247020836065,7.864547040787057,3.050446286186132,3.6422994839228764,2.116476439579744,1.4816662192161696,2.698204467204898,3.688400361580944,7.741976719118847,2.4644581971488893,3.226416338987896,3.9005943479617278
2022-04-18,210.0,1.8929268060662612,3.906949654775376,2.8908596716299906,6.291979502840336,18.189229799483645,1.6385403551835482,1.507916526829144,6.762768884609491,7.26260251454106,3.1618794655095046,4.284671411079915,2.2092543646731704,1.485122292981597,1.5489399116605125,7.62562809086524,3.109560628505543,3.7064776991751387,2.112830973257879,1.484838614718181,2.6996065911969302,3.655823709749619,7.735171209504842,2.461943285772434,3.2111606565141755,3.933989068917874
2022-04-19,225.0,1.9850911045581487,4.223061516433878,3.0200875178300515,7.256505342050133,21.915281206592695,1.8929268060662612,1.6987154881592057,6.291979502840336,7.210996303986081,3.303270192640048,4.396032370778468,2.3030703747628944,1.6936078096797698,1.6039413801229578,7.486967660622279,3.199063711727163,4.170686967227161,2.0640355338385667,1.4899282785388586,2.701921982031906,3.6623044806388707,7.72889247168665,2.4606484006384863,3.2010915449930883,4.068773261493756
2022-04-20,225.0,1.7572665046647973,3.9962048988925343,2.8484731189274224,7.222603066489651,20.57339068357854,1.9850911045581487,1.6738858445018645,7.256505342050133,8.281027250295336,3.431921701448612,4.935313120499916,2.3515444344574887,1.8388527552693184,1.644852182465664,7.493468951774285,3.2990237865327217,4.5386723007861,2.0940420689087533,1.4939748678416553,2.703972504179715,3.7070749810752677,7.717289386753893,2.460015739618089,3.209458345377942,4.191822364421816
2022-04-21,222.0,1.4099074111477852,3.775314038939124,2.660184130985872,8.363045419702882,22.247240712207688,1.7572665046647973,1.5066946431885784,7.222603066489651,8.361800976127961,3.55774238423,4.718717545142694,2.272416604562744,1.8784281384297348,1.656763705346083,7.3422654969449015,3.4309780927728863,4.683354345473693,2.0589599638047984,1.4993158246613107,2.706954050014324,3.7427924213187893,7.703293649670959,2.4567696095932656,3.222706081957728,4.180233271324232
2022-04-22,216.0,1.3751980275662,4.166977522123211,2.7865233705172168,9.33064303466822,26.00005487805668,1.4099074111477852,1.2674702559717423,8.363045419702882,8.338797368874786,3.431022973465176,4.479484410599111,2.2109850191046543,1.717421673456909,1.6429369579116841,7.342443274598462,3.4735623530479294,4.7111716920805735,2.091142628972514,1.5004137830609356,2.7082695726615214,3.746473337042015,7.707877038899619,2.453013733436271,3.230468654901981,4.2355686492208005
2022-04-23,267.0,1.408196273908645,4.144609867178342,2.785909981019737,8.71378791280767,24.27582871878003,1.3751980275662,1.549356267789504,9.33064303466822,7.161403337621956,3.536407622564796,4.775394597717531,2.34122392632253,1.5141239811262597,1.658326639568035,7.484135512568953,3.5083909934199906,4.657865517819779,2.11017911650833,1.4929293839603857,2.705051997473047,3.769422491947846,7.711866518527397,2.451615656453897,3.2379607841978975,4.48871008223439
2022-04-24,195.0,1.141318838756335,2.9615011346775453,2.284288687621116,10.202944827957326,23.306471450925294,1.408196273908645,1.6385403551835482,8.71378791280767,6.762768884609491,3.6295367754389822,5.17295060724435,1.9725026515408743,1.3977672375408756,1.6381609261564838,7.705904737595483,3.5323224571563183,4.809276538520331,2.174588019876802,1.4877895896937865,2.7024122865548494,3.772745353020172,7.712211624652911,2.4514064954332437,3.2456363324421806,4.680366294723141
2022-04-25,300.0,1.338643202700935,3.3626827833632458,2.4945169768374584,9.160427397425927,22.85084165796595,1.141318838756335,1.8929268060662612,10.202944827957326,6.291979502840336,3.18957607054252,3.823837713545354,2.362627851491445,1.3082377134103922,1.567129280952596,8.197358443788032,3.4518401561820995,4.590727639502412,2.114058673969615,1.480823199225747,2.693708479094201,3.730359405630464,7.720343087142596,2.4550681104530865,3.2374542588648016,4.614532909361061
2022-04-26,216.0,1.4095870242416653,4.268866570812157,2.8281672232594284,8.10478973891318,22.921700691003593,1.338643202700935,1.9850911045581487,9.160427397425927,7.256505342050133,3.3186110269161366,4.046359541655697,1.853849799899006,1.2960527717886372,1.4879459090432636,8.607136714443115,3.3792412909658793,4.347715954148467,2.0865007628101284,1.4799843708320561,2.692374040192411,3.7087185272799688,7.729697318570344,2.4547998928889334,3.2299007317487436,4.564579648057808
2022-04-27,249.0,1.6336604414465516,4.416354250364692,2.929549184977648,7.242832492646589,21.21823402576244,1.4095870242416653,1.7572665046647973,8.10478973891318,7.222603066489651,3.507353042440096,4.518253357056756,2.025216911322636,1.2965163552329773,1.4057310404266232,8.728320199709264,3.338513379966251,4.1294835374192695,2.1048234945996023,1.477456645891244,2.6945856762835025,3.7350114811201154,7.719383196700302,2.4541081665906503,3.237871472588684,4.504999681851642
2022-04-28,198.0,1.7963627918235443,4.437720309768808,2.988411482146414,6.276179840898378,18.75580790055657,1.6336604414465516,1.4099074111477852,7.242832492646589,8.363045419702882,3.5617171895501305,4.930388579618785,2.0489289173770637,1.460630222796383,1.388073031395445,8.731210117731687,3.4625604196354547,4.4983338261104135,2.089545354842461,1.4824705614801195,2.7008699341521454,3.761497487781891,7.69694531287752,2.4538193691292363,3.257967328239551,4.535238401062512
2022-04-29,204.0,1.7461524501527892,4.034790583204269,2.854783710936766,7.959132021036414,22.721600446849976,1.7963627918235443,1.3751980275662,6.276179840898378,9.33064303466822,3.588714817448641,4.267725553895561,2.1854667548515976,1.613203419170586,1.4432809429205538,8.433086463616757,3.5525950164796227,4.572122496857034,2.052614454587798,1.4921898400966134,2.710058727573695,3.7877150443755787,7.671628993786197,2.4498443547588615,3.2720957663020127,4.504987135819148
2022-04-30,201.0,1.2324219924755515,4.07306664158101,2.726642622161993,8.682857597071798,23.67504960633903,1.7461524501527892,1.408196273908645,7.959132021036414,8.71378791280767,3.666960612200482,5.54327990102258,1.9996558503873456,1.7253918944742939,1.4962744318614951,8.237156318812213,3.6057975397330844,4.913798011512308,2.0042006537151043,1.4975502464428596,2.7142692652699165,3.7832537464149905,7.67724329224823,2.4479451429055543,3.279926119658366,4.614685036291298
2022-05-01,285.0,1.4463171157313313,4.206522591407695,2.8152387383918134,7.256240119687206,20.42804828001627,1.2324219924755515,1.141318838756335,8.682857597071798,10.202944827957326,3.0549899349394187,4.004367556880058,2.1825483970321784,1.5916457448172938,1.4711638202281958,8.232737702278516,3.4368884548628476,4.605124337266067,1.9204460867491255,1.4957063672220225,2.7155060656138112,3.7898981849471065,7.677656790157018,2.4451847309595225,3.2707242650832224,4.44774460052497
2022-05-02,234.0,1.962480821647251,4.2011144632668325,3.0021828130977237,7.567652914169837,22.71947751440959,1.4463171157313313,1.338643202700935,7.256240119687206,9.160427397425927,3.2424687692191023,4.57925776915971,2.1170531157637607,1.474963852786556,1.5147350026531954,7.811779886811357,3.3214731054530007,4.708968409020783,1.9587988233840856,1.4953968624608578,2.7166303811012518,3.8043223146486764,7.667090725376488,2.444895319909962,3.2817167828235796,4.555661751327021
2022-05-03,291.0,1.766634309179385,4.514188300330411,2.99944765436333,8.039553054880193,24.11421855258994,1.962480821647251,1.4095870242416653,7.567652914169837,8.10478973891318,3.616153880795888,5.369698288662997,2.079128456073016,1.5470733099513767,1.6038546625026693,7.584240674917629,3.304537528318136,4.651107871567589,1.972345665801951,1.5028661577493323,2.7185401351342886,3.8366080146941157,7.666155188109366,2.44384966249235,3.3090666548798167,4.744710143756635
2022-05-04,261.0,1.9653604542670045,4.595792895516135,3.1007700266135974,6.524402873905752,20.230672872958568,1.766634309179385,1.6336604414465516,8.039553054880193,7.242832492646589,3.5310764903240512,4.42014719993379,2.158472324073348,1.725144082185988,1.654861417493772,7.574921148627203,3.46323304677968,4.789701085918833,1.92300437780137,1.5094360131794773,2.7214150106426094,3.8961751386879118,7.6692606983296505,2.4454467762672483,3.3246343758744468,4.7306949784533545
2022-05-05,189.0,1.4310140267044098,3.7937386979011767,2.6723121276307324,7.689852210212392,20.549685321038567,1.9653604542670045,1.7963627918235443,6.524402873905752,6.276179840898378,3.591944331787236,4.981276824989473,2.499791240956367,1.8981585283645455,1.7022471336109795,7.47228834594994,3.5797249009690586,4.923707437862087,2.0307645782773656,1.5177360041487227,2.7250929906701415,3.9185211961441526,7.658536821461347,2.442099934644193,3.3368242332724987,4.737964727792025
2022-05-06,231.0,1.2767123027811684,3.200964445827476,2.416543175674016,8.112639212578424,19.604542925861814,1.4310140267044098,1.7461524501527892,7.689852210212392,7.959132021036414,3.1799919088811817,5.142445811432579,1.7617613335012925,1.7210029300502654,1.6500544528796746,7.674241541566228,3.4343375769974895,4.847956612118614,2.0196546500414776,1.5188866580120512,2.7256544998651604,3.919037249267309,7.656050374555942,2.4385461104010777,3.330837135708354,4.862924764583028
2022-05-07,252.0,1.7108950978775213,3.914558897502572,2.805558057618532,6.024073065666284,16.90088672906282,1.2767123027811684,1.2324219924755515,8.112639212578424,8.682857597071798,3.138940154007975,3.4347419791434484,1.8067504722709369,1.557695594584193,1.5829915746837286,7.696171140357943,3.303625464892131,4.519488205188501,2.1049249943594712,1.5132339756793958,2.71822661925921,3.90820748401826,7.6524646738633555,2.4355810883963502,3.3369989857130675,4.561705061457436
2022-05-08,183.0,1.4816648543309618,3.759682253265568,2.67554055393243,6.786067153579948,18.156397871111963,1.7108950978775213,1.4463171157313313,6.024073065666284,7.256240119687206,3.242549352122729,4.21631297168904,2.310807519558495,1.472873809121032,1.6513448754554385,7.316344778728584,3.1871604716706288,4.2645002540883565,2.1709288065911623,1.5139739242006998,2.7162694552495195,3.918778061659117,7.651438748341619,2.434308598001868,3.3421906712504112,4.59198297785872
2022-05-09,246.0,1.872105829842165,3.947012770325351,2.8897875279921967,6.781071752778431,19.595856577599296,1.4816648543309618,1.962480821647251,6.786067153579948,7.567652914169837,2.9957823967356987,4.055559622209557,2.0101061374637705,1.4897574183298827,1.656394552398243,7.2491772121418325,3.1257573009554673,3.902204857680682,2.2419083325213527,1.5115970077846366,2.7132820692994475,3.907637625702161,7.651654257649782,2.4324658969747284,3.330214579153076,4.517168956865841
2022-05-10,234.0,2.0405275294625307,4.140008253930453,3.0345746192441645,5.979039014692723,18.143840041457175,1.872105829842165,1.766634309179385,6.781071752778431,8.039553054880193,3.0871868622657423,3.788109446251411,1.8206121542903733,1.6882219273502148,1.6434838392832307,7.136808474800204,3.108506203708057,4.019994013383337,2.285036540703745,1.5164023341550612,2.7138157337756215,3.9067429418662294,7.649492557270352,2.433031435739753,3.3281150288570656,4.291227693664186
2022-05-11,258.0,1.8400221944497213,4.276508847868982,2.9615384922449297,6.610856410806232,19.578305727306816,2.0405275294625307,1.9653604542670045,5.979039014692723,6.524402873905752,3.2853990746699098,4.389920275964319,1.8195757179644951,1.798099404545218,1.6826114421808231,6.842449326201993,3.122789444557117,4.077863114808429,2.3628250093805585,1.526103558665865,2.716996500710754,3.9362086061738593,7.630315675706729,2.4325016445061394,3.3337144349297048,4.286909561668547
2022-05-12,234.0,1.5379677088271662,3.891878725478788,2.7364454194632954,8.197844102369414,22.432952943402974,1.8400221944497213,1.4310140267044098,6.610856410806232,7.689852210212392,3.3729619688213623,4.571742077998891,1.913509272194516,1.9175518512514713,1.6647059764926397,6.854799831473491,3.2485159685856715,4.249923933404873,2.379654561866821,1.5349495915358886,2.7217494897922916,3.9598597059179363,7.623274329284357,2.431380452173341,3.3417389884690656,4.22840459781275
2022-05-13,228.0,1.600720132841002,4.250128249204166,2.868899441955914,6.7150446082203255,19.26478772923236,1.5379677088271662,1.2767123027811684,8.197844102369414,8.112639212578424,3.203285203590714,4.396032370778468,2.030230489946012,1.806172477579805,1.6799850739387476,6.927370101781636,3.287215415693995,4.452564908247226,2.465098711597737,1.5406728496809632,2.723184418366058,3.95045602752152,7.620855918742524,2.4283796499123715,3.336681220942862,4.121774106290734
2022-05-14,189.0,1.49769595878378,4.533759398930564,2.933551187390676,8.183133303216268,24.005640418226267,1.600720132841002,1.7108950978775213,6.7150446082203255,6.024073065666284,3.3342276313390125,4.2032974657078,1.9015783691959944,1.6595700120392953,1.7262719068044383,6.72771372973048,3.303491601250363,4.390357304828387,2.42531879936692,1.5459057288997315,2.726588001356976,3.9528454896282956,7.607950744037905,2.4303937094538126,3.3304336897484514,4.231567747228498
2022-05-15,213.0,1.5659700386307922,4.463567590278014,2.9265298939162867,7.064622489175287,20.674828903804766,1.49769595878378,1.4816648543309618,8.183133303216268,6.786067153579948,3.212189951139208,3.937534032682296,1.9654185035544285,1.5454612668173147,1.6958148869339038,7.036150906523334,3.2499009286896445,4.178954623056188,2.4333046067211463,1.5484021296222863,2.7308820604271786,3.9731575104198513,7.614145064067699,2.4281035131147655,3.338022140168049,4.191742184513249
2022-05-16,225.0,2.031366134861448,4.720927297416784,3.163237733482922,5.684232700370477,17.980579363709417,1.5659700386307922,1.872105829842165,7.064622489175287,6.781071752778431,3.1397605514280342,4.396032370778468,2.764427540795738,1.5547953767518568,1.7078584846910225,7.075944525894096,3.2287260446354185,4.178954623056188,2.4690270242209142,1.549677785487351,2.7329215185366023,4.019736311091321,7.61384476049797,2.4238554012372258,3.3415221271164772,4.240381148594522
2022-05-17,231.0,1.4997400292748717,5.184006205136067,3.1384303131419475,7.235253745937473,22.70733967952399,2.031366134861448,2.0405275294625307,5.684232700370477,5.979039014692723,3.3021706661833488,4.851446123646901,1.7428426566391593,1.6983440440920055,1.7306099568366344,6.91925323269296,3.21804038958353,4.395004175702556,2.4794763576864516,1.5553731791143741,2.737466774892728,4.054955506017399,7.610163009483989,2.4239383850620206,3.3471931000881914,4.392286388222449
2022-05-18,321.0,1.5860758696892037,4.860256455558982,3.054044762609838,8.06199382729664,24.621690024448146,1.4997400292748717,1.8400221944497213,7.235253745937473,6.610856410806232,3.1209339491635544,4.053235067839512,2.416468128190452,1.6990254009223695,1.6533545996669687,7.098712480013639,3.1876217222583123,4.433571187421626,2.4501610386854815,1.551637615924224,2.7403392330731533,4.112081988523374,7.6146261227425915,2.4235867727128495,3.3458282495433265,4.344188501347476
2022-05-19,225.0,1.5061700115453347,4.585003190654795,2.9516634681138645,7.982304864547532,23.56107766003254,1.5860758696892037,1.5379677088271662,8.06199382729664,8.197844102369414,3.279921014936842,3.7467146938476015,2.375535957816349,1.7057273446085066,1.617076553272609,7.306017825226554,3.2343418767612477,4.217131961778005,2.3788464628262633,1.5566742079614626,2.747800600795127,4.143858881882828,7.624887644985244,2.41995716274243,3.3450499436198857,4.226327446468721
2022-05-20,207.0,1.5862231939012106,4.653747718084237,2.990578355701172,7.823229643246528,23.395981242772866,1.5061700115453347,1.600720132841002,7.982304864547532,6.7150446082203255,3.1523302671528644,3.893650872850957,2.527087171457347,1.5306619701698023,1.6125340250894902,7.275226505537715,3.1843950770844196,3.897866878179357,2.399461399201215,1.5639997043512934,2.759825727869812,4.155923604356858,7.63061129759965,2.4167967360007405,3.3357302291433606,4.154558661050506
2022-05-21,300.0,2.14837662307657,4.784238800834384,3.2423860990929594,7.032312734043623,22.801473053337446,1.5862231939012106,1.49769595878378,7.823229643246528,8.183133303216268,3.06732860857214,4.132703635909503,2.20347582647274,1.5594896917119152,1.6104630338123775,7.4335386533986005,3.166526630220615,3.9243564008693537,2.4280641082696333,1.566226436240774,2.769914744228279,4.177841698329915,7.630943457488456,2.4161611836371746,3.3193831032880987,4.144473828222177
2022-05-22,207.0,1.5922228866675874,4.922218061827976,3.0742220084859846,7.646566680338166,23.507243578051206,2.14837662307657,1.5659700386307922,7.032312734043623,7.064622489175287,3.3559797703684158,5.032788337280157,2.5099377842921253,1.7469232761743705,1.7034174144256329,7.2691357149453655,3.191879548697807,4.353047615346871,2.4592868306662714,1.5728352616711045,2.77807643952714,4.211472523726424,7.621658122925231,2.4149715390217708,3.3168816631848737,4.300938728879014
2022-05-23,225.0,1.8991959907642515,5.299881133914799,3.2567101633906543,7.6125705890264035,24.791936006811067,1.5922228866675874,2.031366134861448,7.646566680338166,5.684232700370477,3.333842575322017,5.061382128816502,2.8822344081995723,1.7756075678817884,1.7071678212880326,7.352270599397206,3.2523836514208573,4.742291367335388,2.4123218254527012,1.575063131257418,2.7864175903994024,4.236647208383249,7.61946520602946,2.412126099163183,3.310129494943448,4.3959886943130195
2022-05-24,282.0,1.7793120323736715,5.428685092645957,3.2604940590868385,7.130790015247923,23.2498984813116,1.8991959907642515,1.4997400292748717,7.6125705890264035,7.235253745937473,3.342701674652023,4.31603643258469,2.340951704755573,1.879931833502802,1.6882863721312902,7.627747440633767,3.344174673447485,4.8034022995604495,2.4805417836088766,1.5786942374111923,2.793487216003453,4.275156250607798,7.619825461121859,2.4131931610613715,3.300568324917216,4.319501595589847
2022-05-25,300.0,2.066578485989873,5.542917158292592,3.3739602145302574,6.367148019578622,21.48250409808339,1.7793120323736715,1.5860758696892037,7.130790015247923,8.06199382729664,3.3435348285774227,4.510563339424955,2.1380087425747334,1.7569103032685025,1.7282252297168328,7.612824050535259,3.340026359517154,4.629327300275382,2.547997074769412,1.5799682664388837,2.7995605597224613,4.357395715873412,7.616564152259583,2.418956571492377,3.305700283518379,4.384834205816338
2022-05-26,228.0,1.9612271223979665,5.762995082555469,3.392787268513776,6.582468677698372,22.332915925085743,2.066578485989873,1.5061700115453347,6.367148019578622,7.982304864547532,3.354666167719462,4.631462761928727,2.4314366092959343,1.915028836375931,1.7968684606169287,7.370703220861257,3.3469675569829693,4.486020844646124,2.6227989201368502,1.5902894539135488,2.8099534445761143,4.4300701950377235,7.603594921113665,2.4153868505482547,3.3069021215451566,4.511226786970785
2022-05-27,225.0,2.005134712878312,5.884841191752308,3.436327031268378,6.416892499985853,22.05054115444471,1.9612271223979665,1.5862231939012106,6.582468677698372,7.823229643246528,3.510664785151186,4.629599825785943,2.777144093955721,1.9357058802538358,1.8618766193101617,7.170726622739948,3.4029552604826905,4.590541975713209,2.6908345747809563,1.6044470675062723,2.825140147004659,4.4798744787625004,7.597379470309615,2.4166838722255632,3.3070125129688597,4.616362351675782
2022-05-28,240.0,2.1818171355834144,5.526519849042179,3.4200915707216577,6.791913855879178,23.22896732756001,2.005134712878312,2.14837662307657,6.416892499985853,7.032312734043623,3.5886617686459013,5.13321544920318,2.276621160731502,2.010980107088716,1.9217211220211758,6.969821316559852,3.4846642405055164,4.798092678972617,2.765341180697489,1.6147704324325296,2.839074891640524,4.528824043475421,7.575615633793312,2.4155483884096767,3.3079106656053856,4.759292610717736
2022-05-29,159.0,2.169897944448673,5.575748666698969,3.4252131393211984,7.087524615310129,24.276282437622676,2.1818171355834144,1.5922228866675874,6.791913855879178,7.646566680338166,3.5374245517964025,4.858227036546363,2.304730551285333,2.049392990286563,1.9264983380935823,6.935478619679216,3.5455837018644965,4.873680770511829,2.689507180451611,1.6260210176040282,2.851945676293184,4.5651173614511995,7.555743530558617,2.415218494835949,3.306200990083644,4.73435528204148
2022-05-30,159.0,2.3239227410938024,5.86251417402569,3.568810534496772,7.996957755393727,28.539627081374796,2.169897944448673,1.8991959907642515,7.087524615310129,7.6125705890264035,3.612520433108929,5.424564640414228,2.383032377185045,2.118949930970132,2.009023346348023,6.8556154675323535,3.5795355845170778,5.13866904205459,2.6829841464153232,1.6358989245284639,2.861756153048641,4.6164826309010225,7.547485013763447,2.414807599439119,3.304386317447259,4.786238497984013
2022-05-31,237.0,1.573755246598357,5.161129384936945,3.1407517238125573,7.832981303595482,24.601449531859043,2.3239227410938024,1.7793120323736715,7.996957755393727,7.130790015247923,3.659922746656452,5.783542647925729,2.485256259380237,2.225212607041962,2.0696985963951016,6.910527919870543,3.603289243853928,5.355444774962106,2.6256997005664426,1.6514038304501968,2.8764061820680507,4.6761308819825125,7.569289167064544,2.4145598201870264,3.3245507445044935,4.995882243032732
2022-06-01,417.0,1.7502278752816671,5.520130936041333,3.2797478575544736,7.62701759864057,25.014694628671677,1.573755246598357,2.066578485989873,7.832981303595482,6.367148019578622,3.4065794483219527,4.4715867045518,2.3382277060536603,2.02252531071361,2.0403333412843425,7.010840961063052,3.559674209362445,5.2265646642972525,2.6631660735424347,1.652744556744266,2.8840217501701515,4.7079511084334875,7.581365833090041,2.4163130338053302,3.3300211004745885,4.990314152336567
2022-06-02,258.0,1.8737960095867927,5.370217617494952,3.2679963235519818,6.982435583199781,22.81857381533542,1.7502278752816671,1.9612271223979665,7.62701759864057,6.582468677698372,3.449568600762173,4.968210238825742,2.649995666072402,1.8826352876579413,1.9951403968974561,7.190822329500473,3.5053569319135263,5.074446530434424,2.7388173956353445,1.657958102637576,2.8973039904764617,4.751918324192638,7.589485886863608,2.4163839804549814,3.324468257806798,5.038420934750427
2022-06-03,237.0,1.8608052889581197,4.86256560571063,3.1284811506412176,6.317757231488164,19.764984413037965,1.8737960095867927,2.005134712878312,6.982435583199781,6.416892499985853,3.649563177032471,5.520459645734427,2.448389057460731,1.7325930438222714,1.982650237924431,7.2479604588578175,3.501903742038866,4.986752196370657,2.8457011444325877,1.6677150593061105,2.9148978779161525,4.780452634764789,7.591887819846144,2.4169035635373683,3.3284178140304115,5.165686623314495
2022-06-04,210.0,1.639195726011676,4.710556787873529,3.020326623951904,7.220336690246111,21.807775139447102,1.8608052889581197,2.1818171355834144,6.317757231488164,6.791913855879178,3.0392908275968384,4.276161639578261,2.754160867824728,1.8282763912755255,1.9620317487929753,7.233798277643862,3.379474201797161,4.921610508046143,2.9157477859100878,1.669803038196793,2.9203150319093325,4.78934505843794,7.5920710171281796,2.414442558357754,3.3099960305573988,5.043250364796649
2022-06-05,156.0,1.932059734757706,4.4649940222315605,3.052282215330945,7.2706792160938845,22.192164864659702,1.639195726011676,2.169897944448673,7.220336690246111,7.087524615310129,2.820123035845931,3.539574649567851,2.776917589409083,1.791265674852195,1.8845144045684414,7.29500153969628,3.169659013491747,4.4453986449601794,3.0810220257952663,1.6727832428053324,2.9260638205100737,4.8199056614370175,7.595915657931032,2.415493558446443,3.298000401456224,4.854871452371149
2022-06-06,246.0,2.1635376335714263,5.219877186792579,3.3444859747768474,6.8468349220373215,22.89914336836615,1.932059734757706,2.3239227410938024,7.2706792160938845,7.996957755393727,3.0776270564884047,3.848973518194052,2.906645294757108,1.8106869165758328,1.8505375174697318,7.321166482665389,2.979013639977058,3.888236602446721,3.2518696081836467,1.679103342028481,2.933204838267505,4.862039980650487,7.604176735263459,2.414826977049282,3.2959566315389046,4.629787006339695
2022-06-07,231.0,2.433714517838132,5.588304507558724,3.592420710838279,7.31853925215547,26.2912719825262,2.1635376335714263,1.573755246598357,6.8468349220373215,7.832981303595482,3.2769364793161224,4.653542116571534,2.9615058418889824,1.9115976981136018,1.8276253592522491,7.15686322075733,3.0582288572168195,4.014030094777812,3.3934073680154486,1.688882758780386,2.9446829910449632,4.905550590293487,7.607813942576516,2.4139944902820107,3.2971028691120177,4.468358359003381
2022-06-08,267.0,1.8948500995281747,5.309290921646534,3.2578901163301968,6.874750310540977,22.3971810889494,2.433714517838132,1.7502278752816671,7.31853925215547,7.62701759864057,3.7046835973127448,5.950546500272169,2.8597739474693884,2.176437295389087,1.9504766837150742,7.083371499123044,3.353082377705757,4.817687378345918,3.4192356094998475,1.7007395566778265,2.9568502954455966,4.966504665436592,7.62396784966758,2.4122242839565353,3.3207329091312525,4.679638329820577
2022-06-09,237.0,1.8335678186090687,5.202203936889664,3.211704362899376,7.039582841354653,22.609058924570324,1.8948500995281747,1.8737960095867927,6.874750310540977,6.982435583199781,3.5328573720475016,5.253850859640126,2.1191576643512557,2.1640340836459098,1.9711370014645753,6.975904743680244,3.504825816225456,5.28597982549461,3.4053531159073853,1.7095856260218738,2.965856800761996,5.011913937147297,7.639495765276601,2.4104285384884894,3.3355885927906446,4.72044413279406
2022-06-10,216.0,2.0551124866057724,5.259139341891394,3.302134660068473,6.459915244528926,21.33151003006367,1.8335678186090687,1.8608052889581197,7.039582841354653,6.317757231488164,3.0654395306879025,4.463759763398922,2.402727819206716,2.054044145325124,1.9653901170391863,6.984068637702369,3.4343268333493833,5.22271904110374,3.3262038935894744,1.7209695248629382,2.9793378773938506,5.047320459912606,7.650640430429139,2.405901661480724,3.328256607991244,4.56948700674613
2022-06-11,216.0,1.6003632869777067,4.690566388614945,3.005134308793292,7.116174411304272,21.385059870767375,2.0551124866057724,1.639195726011676,6.459915244528926,7.220336690246111,3.2613525710913045,4.440043357419809,2.3531697468825654,1.9278434682476708,1.993148288131708,7.004376925279621,3.286549824608903,4.719217993486286,3.308131323241959,1.730089457525882,2.9906984923320348,5.080074809713352,7.655300360725617,2.4049171715613356,3.324536294733576,4.592898680723494
2022-06-12,198.0,1.2688811102995363,4.293582441762976,2.8109728958830877,7.836147663350812,22.027198689816725,1.6003632869777067,1.932059734757706,7.116174411304272,7.2706792160938845,2.9312920788037307,3.6425714710104575,3.0391822002410263,1.829681197397515,1.9876007968411409,6.989496599716501,3.0860280601943124,4.182124863943063,3.298755896129117,1.728450254172857,2.992831472079869,5.10669773181789,7.6570225461011505,2.4033425012682574,3.315469857240677,4.607612512358153
2022-06-13,228.0,1.9037025503319325,4.515580000502432,3.052523563024057,8.683291061753987,26.505950570600227,1.2688811102995363,2.1635376335714263,7.836147663350812,6.8468349220373215,3.0006334051973496,3.77785757062797,3.436204549407479,1.6414522946276706,1.8928609933471168,7.070277806467489,3.0644260183641285,3.953490799686078,3.24973417240409,1.7217001752694852,2.9918492391481495,5.108146204903184,7.65785052301827,2.4034741108104307,3.304350049702621,4.597453091277283
2022-06-14,249.0,2.158708417026041,4.99553069920005,3.2935918080263,6.109590612167868,20.122497590630477,1.9037025503319325,2.433714517838132,8.683291061753987,7.31853925215547,3.2079174271568136,4.114826075206382,3.709692083469683,1.5909823158697238,1.8557416957414747,7.3326286835698715,3.046614303719298,3.8450850389482696,3.244931288303911,1.7283169737218742,2.9971001609734547,5.107540224955581,7.664688664581265,2.4069614077250154,3.3042076322365412,4.520493656796548
2022-06-15,198.0,2.4801638450909724,4.903514597957067,3.53553309034998,5.497752620074198,19.43748631083063,2.158708417026041,1.8948500995281747,6.109590612167868,6.874750310540977,3.054653934683808,4.318133972573201,3.35010043781189,1.7770973592191688,1.816455109911176,7.159921735000213,3.0877349223459905,4.070272539469184,3.3481163246239976,1.7431709430727793,3.012601491267703,5.125272328586315,7.653398777419269,2.4097229930129584,3.3013707450117336,4.287291867125267
2022-06-16,216.0,2.401742209945719,4.999449210872173,3.471815742249224,6.982988834627653,24.24365056401085,2.4801638450909724,1.8335678186090687,5.497752620074198,7.039582841354653,3.3438440730896373,5.0866077315970255,3.276077343547503,2.180858270816314,1.90007135927729,6.963207779219245,3.2021384783100864,4.506522593125537,3.318842167730305,1.7586844026944704,3.0270792896878027,5.131358571937657,7.63824987672576,2.4138927241673143,3.3027598585752767,4.263399991690538
2022-06-17,180.0,2.3504952936433514,5.609124004210195,3.5342215271334365,6.501439369242471,22.97752697612957,2.401742209945719,2.0551124866057724,6.982988834627653,6.459915244528926,3.4832885497523103,6.066441120769803,3.5986608959253785,2.346871490687576,1.9812391294682403,6.955122921115389,3.2939288525085852,5.157060941646677,3.3812784490832604,1.771404433607173,3.040901120973686,5.1252066721288605,7.632957503565819,2.4157692624700364,3.3148383452615686,4.4923544713149495
2022-06-18,183.0,2.3707914917580224,5.357782424247226,3.504444934066468,6.957073069679944,24.380679474970133,2.3504952936433514,1.6003632869777067,6.501439369242471,7.116174411304272,3.667892297113535,6.421870660803768,3.34393406570518,2.410800449560013,2.0234366733307514,6.961054938931609,3.4983416399851612,5.8583065043902,3.4147970187862855,1.7790305750667914,3.0516238185654103,5.150168923750568,7.6255742819895795,2.411563366145666,3.327770721334125,4.775472657512658
2022-07-07,192.0,2.111051519578461,6.07593797296082,3.5121504708816955,6.389865557785746,22.442169327647935,2.2004472912319897,1.841731486437406,6.373712924902558,8.729313563710646,3.8762750771651913,6.569522698331873,3.2673085429584976,2.228767253375683,2.120363511199568,7.448989568802658,3.8074242802428433,5.9396475978494925,2.953697483146352,1.9564095852554897,3.259342220613978,5.410748266074475,7.577077292343568,2.528466926158776,3.4846300060652404,5.659868944468966
2022-07-08,234.0,2.073069131579516,6.415415402037242,3.580012350311534,7.51950510955006,26.9199211604199,2.111051519578461,1.9812839629699852,6.389865557785746,7.311967460860728,3.7741022398329775,5.305362542739353,2.572384023310823,2.164614929587106,2.15883780164829,7.114782710813388,3.802438322264493,5.7997847951137755,2.950693602894526,1.9668993630096148,3.273285719229799,5.427002714921212,7.568549367433715,2.5343364001755933,3.4869439608159145,5.715098236784896
2022-12-07,149.0,1.605968863675388,4.660677229103555,2.997246998078177,5.676315265321554,17.013318889130357,1.8355520955543705,1.3751980275662,4.154305469402435,5.942689506508461,3.155078249454329,1.452716822522394,0.4314606930083549,1.5434896509684315,1.4277540481821156,5.751800932799931,3.047349794506392,1.6417318488514248,1.5087613304387837,1.5382885779942996,3.004744493762197,4.679104444690196,8.326950721177095,3.0608829332451206,3.029288213557273,1.6636676048473051
2022-12-08,122.0,1.3828099046510738,4.408490077985953,2.8699684962828007,7.055192712030704,20.248180818732134,1.605968863675388,1.358909661418601,5.676315265321554,6.743263265375078,2.844378893985423,3.3978552183375164,1.8295731222179328,1.6640241750305302,1.4607213104834282,5.713747469773231,3.01424761338969,2.1779847823410723,1.5959921740895286,1.5392828200380748,3.006316012325942,4.683734577690542,8.316176311709636,3.0501301474449156,3.0328586549551613,1.93926581550817
2022-12-09,132.0,1.5910583988585931,4.683040522187932,3.0006685170021696,7.8685810565630225,23.61100344990833,1.3828099046510738,1.2669048479415137,7.055192712030704,6.671458150192175,2.7733778258674597,1.552446036710649,1.4529831237093038,1.608110287960276,1.4641356309452098,5.758308819295463,2.924278323102404,2.1343393591901862,1.5974730807854127,1.5369152010939306,3.0060651689458755,4.662695951871109,8.318191728084924,3.038317787636248,3.028758022433414,1.8800352673697371
2022-12-10,194.0,1.201815794684682,4.775660923802591,2.968698769633333,9.101222905870374,27.018789242816087,1.5910583988585931,1.362796847443195,7.8685810565630225,5.601225001303641,3.061348596269735,3.598574872435274,1.2782385379728056,1.5266123890616836,1.5104432810762212,5.929326377348441,2.893035105374206,2.849625375827813,1.6082406062083625,1.5354694474501611,3.0061642805252524,4.638356626664556,8.320863591576469,3.0298651815189475,3.031417204312371,2.1391197790717107
2022-12-11,89.0,1.2449554396346925,4.733962259481114,2.959456455481676,9.350361140963388,27.671986639709107,1.201815794684682,1.244365291489092,9.101222905870374,5.84377097184706,3.206151786963037,3.701920335401408,1.4866788769146544,1.3918946993981152,1.487445987825005,6.429326078000831,3.013626069700077,2.9509804148491097,1.599275849857014,1.5268289710481386,3.004181312621263,4.627271522538026,8.323118736041897,3.0265782013848845,3.0348986894636156,2.453713144205589
2022-12-12,103.0,1.417534908214752,5.153807622308248,3.1177639369624672,9.475698346348327,29.5429905817797,1.2449554396346925,1.5505515658618358,9.350361140963388,5.30589416497067,3.185531299922559,3.861445531513084,1.3412129225017826,1.3459432110593212,1.487530294702948,6.930267530731735,3.151010561051777,3.7206469131165885,1.5118527921961007,1.5191116577655424,3.003127312701162,4.6126503395119425,8.335488780326031,3.015365571057545,3.0331993660782945,2.7497630175833763
2022-12-13,81.0,1.3816811349725782,4.896325393089239,3.030939448098649,7.922185348931733,24.01166408922635,1.417534908214752,1.8355520955543705,9.475698346348327,4.154305469402435,3.448059891790541,3.968770586129137,1.119006414903392,1.2881020475113742,1.4685279150390789,7.525953842357114,3.279914326225379,3.8440454843478764,1.615111213660534,1.5103001839356267,3.0006112167822847,4.616862132428319,8.356372654791839,2.99954382364821,3.0475179817512976,3.0762470575784944
2022-12-14,123.0,1.683763237191342,4.314866965200052,2.9140109360259188,7.209527320013407,21.008641454096704,1.3816811349725782,1.605968863675388,7.922185348931733,5.676315265321554,3.0161478038622622,2.6857025753887847,1.042147993443293,1.348057160940673,1.4036892063845368,8.064222396575586,3.2165796651917873,3.505306231010335,1.644403877047414,1.5076654848206492,3.0019402471263703,4.6281857888428934,8.36613516389446,2.9904126189459035,3.052325111606574,3.25238787941655
2022-12-15,96.0,1.73902876906515,4.334536342695739,2.938369542404232,7.331007757486507,21.541209909727502,1.683763237191342,1.3828099046510738,7.209527320013407,7.055192712030704,3.124961978171457,1.5152953847434234,1.630054074038109,1.4943264267928897,1.4148026883153875,8.283252690102994,3.1963898912747535,2.723256182087115,1.5560410870712376,1.5117293361558495,3.003560618420274,4.599713920479144,8.357194106076983,2.981206319459127,3.0454556584724988,2.98345076033168
2022-12-16,215.0,1.5151822282922127,4.625302127559317,2.966379879449,7.800871323694111,23.1403477367769,1.73902876906515,1.5910583988585931,7.331007757486507,7.8685810565630225,3.1953368506671564,1.9613059641383868,1.8535098187908612,1.6014910470763555,1.4656910975173985,8.322654839453822,3.112148877566959,2.054101308090198,1.487233673837693,1.5171121322655716,3.0047115967605005,4.583229832822751,8.345624465616595,2.9592626588547675,3.055971426815792,3.0418593213927854
2022-12-17,122.0,1.2612169618318942,4.4374192302935445,2.85998550648,8.649514739270293,24.737486792398176,1.5151822282922127,1.201815794684682,7.800871323694111,9.101222905870374,3.247396849970761,2.389580031139193,2.000290643805572,1.6459914115162337,1.454851644579344,8.31298202047255,3.1892318929364585,1.955393793340334,1.3458703222511315,1.515360719039413,3.0036604151727175,4.57544063794006,8.335685196279423,2.9513749577284965,3.059290306651826,2.869145772636202
2022-12-18,126.0,1.470105098938716,4.30106725999071,2.8519330756980827,7.1468563344666185,20.382355967527708,1.2612169618318942,1.2449554396346925,8.649514739270293,9.350361140963388,3.041887939909027,2.5071210960402133,1.5751074455884773,1.5051426530630845,1.4633375256003747,8.248452282386824,3.1615405468489812,2.2860023637725977,1.2569696841506235,1.5103549770654594,3.0012208448126456,4.559416091927942,8.329766915478439,2.9412425866986482,3.0560978252064612,2.6984601670131743
2022-12-19,87.0,1.584378217061931,4.060099721651669,2.8044830043274342,6.413710235871208,17.9871413511817,1.470105098938716,1.417534908214752,7.1468563344666185,9.475698346348327,2.827099001927658,2.2962817410571903,1.951828828056996,1.4155014296876065,1.4955017626438065,7.933665881458714,3.038794597269149,2.3976609560788655,1.1163497440574641,1.5034141324249892,2.99524238133252,4.5414713363238945,8.324508338403477,2.9314427814395896,3.046677493065508,2.47486533980519
2022-12-20,146.0,1.684295633289849,4.798002646258553,3.0576735017446466,6.988795093380562,21.369453566152746,1.584378217061931,1.3816811349725782,6.413710235871208,7.922185348931733,3.0527024850875266,1.3293691850608578,1.12937276177458,1.4385667592775127,1.5193365210505463,7.4962390085334105,2.973896475641404,2.0442573407194202,0.8363773235038855,1.4976712965062926,2.987319276514001,4.528191072477283,8.316167658169851,2.922915352712633,3.043475495968214,2.097807996795436
2022-12-21,124.0,1.9282317911169284,5.112239681240455,3.217139045626531,7.131330703832512,22.942482454574908,1.684295633289849,1.683763237191342,6.988795093380562,7.209527320013407,2.5404085793674485,1.452716822522394,1.117520671403941,1.5795929830968307,1.5625671636672995,7.362897543454672,2.8067366887942113,1.6927892495468138,0.6520645314884593,1.4940709111077288,2.981762820264771,4.545685121738961,8.310591751689447,2.914151995390694,3.024658757093053,1.9216671749573797
2022-12-22,73.0,2.0640119430990107,4.773971874693008,3.192426357435187,6.579076918624882,21.003218562611544,1.9282317911169284,1.73902876906515,7.131330703832512,7.331007757486507,2.1644443221405405,0.9574089985856208,1.5673007795786718,1.7323018804895682,1.5974912427995258,7.351726598285972,2.5858517955318385,1.246498335389624,0.4624499250624164,1.4964403098372125,2.9818305769889064,4.552406990148481,8.304354323654133,2.9022057640031473,2.9861628443725894,1.8419691197919794
2022-12-23,106.0,2.032724387135608,4.6663444540524255,3.1510258597662246,6.107515864379178,19.244940427591256,2.0640119430990107,1.5151822282922127,6.579076918624882,7.800871323694111,2.9008834276487194,2.270909626671025,1.2415484151644691,1.8921797891685948,1.6439174105186487,7.244307907020027,2.535245443052236,1.5603451492596798,0.37582956442566473,1.5089718428635437,2.9875234721582618,4.558350006883539,8.293323988028488,2.888050886906343,2.9744128334955704,1.8861982144394993
2022-12-24,86.0,1.4868864487921751,4.333459168555004,2.8663011209088256,6.691479282192276,19.179794567085903,2.032724387135608,1.2612169618318942,6.107515864379178,8.649514739270293,3.164684810828582,2.970650699928832,2.7230995940566025,2.008322707117181,1.7178520046391341,7.002399984260751,2.7433375202059476,2.0663231083951588,0.37214359734376007,1.5157657220906573,2.9904357565534747,4.552678856257936,8.282942011984913,2.8758712214715554,2.9698383081519086,1.9692083099808761
2022-12-25,88.0,1.1707174726337286,4.208277086425308,2.7655824649341736,7.874759148653087,21.77829581709494,1.4868864487921751,1.470105098938716,6.691479282192276,7.1468563344666185,2.9698750814097368,1.6550264701990949,1.7801560892966393,1.86120759300893,1.750090502776317,6.722680633249605,3.0118144399623463,2.2988622655996505,0.3080603925771883,1.5123302221270842,2.989228512675369,4.526195353058356,8.27696181860376,2.8685492094873357,2.9650714052888056,1.8474805062892876
2022-12-26,129.0,1.6941738201243957,4.9535488594022805,3.105743645439108,6.260960017666226,19.444936789215205,1.1707174726337286,1.584378217061931,7.874759148653087,6.413710235871208,3.014457583458023,2.0085421012797195,1.333289298223759,1.5634427695205027,1.7073208418756045,6.826666749561958,3.0496724918987805,2.2114064238025484,0.41217251473015615,1.5038289534658107,2.983465162599259,4.5129074223687615,8.283194678436283,2.8630768708389316,2.968929867771762,1.806374843463935
2022-12-27,135.0,1.7854624600957212,5.123228373379278,3.176993931552281,7.6954457089984,24.448384318077956,1.6941738201243957,1.684295633289849,6.260960017666226,6.988795093380562,3.051590155931532,1.778637351192359,0.6477208691397691,1.4505925805167654,1.723005928027385,6.804845289818389,3.0119742735997637,1.814068640890391,0.45935666850537565,1.5050846831683116,2.9831069421360152,4.530698401800959,8.271209803902567,2.853774024937529,2.972935914691674,1.8705560100541494
2022-12-28,129.0,2.0181906039141944,5.355670496541801,3.310768374326452,6.647142852131189,22.007150334466072,1.7854624600957212,1.9282317911169284,7.6954457089984,7.131330703832512,2.913130437023264,1.6482086911124705,0.12797721029801,1.5501179176179474,1.7374583318567953,6.905795377763795,2.9930593921376065,1.8117960478615158,0.5473742173904861,1.5098482018476347,2.9836634260661308,4.559660967557904,8.263711363508582,2.8418714882998084,2.985518135817815,1.8984834198527316
2022-12-29,72.0,2.121005693959879,5.280495126842881,3.336512449686783,7.492934878174353,25.000270505721044,2.0181906039141944,2.0640119430990107,6.647142852131189,6.579076918624882,3.03589569870681,2.7393297963352192,0.944996312875116,1.8326089613781027,1.7503095908278332,6.836625684663605,3.000205430553869,2.055391946213349,0.7114890559125132,1.518682040858405,2.985995169470189,4.590916770532641,8.25577330230892,2.8290269112730972,2.98877509899463,2.15304353381696
2022-12-30,99.0,1.521067870850211,5.113376009434796,3.119982488897713,7.672421095821294,23.937819466411838,2.121005693959879,2.032724387135608,7.492934878174353,6.107515864379178,2.9126932370083907,2.7876275676328395,0.2572088345123529,1.974886252656597,1.758451555236529,6.967176821742101,2.9539064575794884,2.3917220183601757,0.8289247448526497,1.530641137948521,2.989457951253381,4.613545293457635,8.245641115571047,2.8153421692522835,2.98232883157448,2.226860382525791
2022-12-31,88.0,1.5307994447387805,5.036346233336387,3.09787669859902,9.114554672620772,28.235766538418705,1.521067870850211,1.4868864487921751,7.672421095821294,6.691479282192276,2.645503247304817,1.6621574067290814,0.763292650181552,1.8867547229080939,1.6853577671957578,7.190734711948117,2.8646973943400056,2.39637159023238,0.8969865256079163,1.530828431205888,2.988791729199344,4.6392516015175,8.241031674686143,2.807223783596066,2.9772280311702177,2.0399327692115405
2023-01-01,132.0,1.2794809272633183,4.809312075161466,2.988899304978196,8.996239916257375,26.888855233118772,1.5307994447387805,1.1707174726337286,9.114554672620772,7.874759148653087,2.789613834979452,2.399735195693929,0.4899665451886558,1.724291003182956,1.6916310523309872,7.536888339152189,2.7826034397642196,2.283173390018616,0.8784675453135254,1.5312301778983912,2.989239633151818,4.66338411736639,8.245595807481843,2.7927383722858226,2.9732848564290806,2.146319729996517
2023-01-02,64.0,1.2333271344038257,4.389959745153671,2.839378844792753,8.6715787805413,24.621897340422706,1.2794809272633183,1.6941738201243957,8.996239916257375,6.260960017666226,3.4674819975483184,4.491193465284514,0.0059870532414594,1.4437827476174354,1.707168688706643,7.6970998773813735,2.9675330266108624,2.851028689235841,0.8931190661313406,1.5282055138945219,2.9911890024457635,4.68579670062238,8.246206933331502,2.789283086587217,2.9908048519651773,2.5009842105686304
2023-01-03,94.0,1.499296413832416,4.601250181861326,2.955466033913708,8.030201581750045,23.732988020342393,1.2333271344038257,1.7854624600957212,8.6715787805413,7.6954457089984,3.04110281602641,1.93694609642794,0.041378344682507,1.3478691688019737,1.6413334478894188,8.041473986363526,3.09939954951806,2.94262491913546,0.8025394176445891,1.5175925346122658,2.9873603128305954,4.691735976674353,8.242263094403791,2.7795881243582294,2.9926065272431943,2.5235997456022843
2023-01-04,124.0,1.3274441478646697,4.378152487960429,2.849940189530233,7.7521187559916065,22.093074796711594,1.499296413832416,2.0181906039141944,8.030201581750045,6.647142852131189,2.8947335590748198,1.791623003176444,0.1021754407246771,1.3373681584998522,1.6004525841375177,8.089296253899475,3.134439457549849,2.739920854962966,0.7168682163041825,1.5138343107088268,2.9869735502250294,4.703722476440481,8.235716838167802,2.7692401293959765,2.990974797967837,2.544087504468567
2023-01-05,90.0,1.387076099310653,4.234211779760177,2.811878227082361,8.37468771940797,23.548602056817302,1.3274441478646697,2.121005693959879,7.7521187559916065,7.492934878174353,2.771173831594969,1.604999367062412,0.4964138795091142,1.353355898700303,1.5017745189875857,8.247149954450963,2.9023367355653993,1.7778561555555985,0.696684569821832,1.510659697330495,2.9876271585059535,4.701302739112398,8.229861349580041,2.7525687863763317,2.9819044024633587,2.382040300286737
2023-01-06,54.0,1.5663547511937286,4.452598467882355,2.9129987198122853,7.957097789442741,23.17901567406787,1.387076099310653,1.521067870850211,8.37468771940797,7.672421095821294,2.364355798340553,0.94657570718004,0.9859936895831276,1.404605553669245,1.3969274340376963,8.373114646055766,2.6767543963367806,1.4477326924729652,0.6314335814354067,1.5120505579797014,2.989672696209524,4.685103398513631,8.249200251058813,2.7331457988901753,2.955546987426233,2.119032891650623
2023-01-07,88.0,1.6749742805568204,4.413614379368305,2.9407458839184684,5.822670687776111,17.122994858490316,1.5663547511937286,1.5307994447387805,7.957097789442741,9.114554672620772,2.18706622689954,1.3033443928198485,1.0935817266080885,1.4269583327896826,1.4033969883724846,8.413782745144545,2.4408652856116873,1.2849731556874333,0.6450869845173267,1.5099366330083452,2.9885829938454895,4.678167439806257,8.249611340870619,2.7195794517364376,2.933636565190037,2.0677738896635893
2023-01-08,68.0,1.5406581836065163,4.37119681201403,2.8909985126340123,5.948599754130353,17.1973930414459,1.6749742805568204,1.2794809272633183,5.822670687776111,8.996239916257375,2.5196356851749315,0.9356678255449395,1.1060893873844289,1.5428017103537328,1.4239933934893474,7.94351360445245,2.3570192368050082,1.0618626418482757,0.6300300191313994,1.5079203032758948,2.984987447774267,4.678338249852335,8.25073547042092,2.6962529232744776,2.9251784938336196,1.858621408213734
2023-01-09,68.0,1.8804117649557384,4.956229247053045,3.1597555407718945,5.565312165847309,17.585025952161267,1.5406581836065163,1.2333271344038257,5.948599754130353,8.6715787805413,2.6589388651509225,1.6192874472193337,1.1547909228956494,1.593995738452354,1.4613044301098042,7.5081364384343035,2.4552135924084646,1.2860998885280404,0.5770616734851395,1.5049362726154776,2.979110274385983,4.667943459513206,8.227005165640488,2.681522615754444,2.9117648361296586,1.4483491199187082
2023-01-10,106.0,1.7723965977400806,5.0943738158670975,3.165572219806677,7.904121478604781,25.02106737464857,1.8804117649557384,1.499296413832416,5.565312165847309,8.030201581750045,2.6003401297369684,1.5753631402499702,0.863428167263462,1.6986814097063572,1.5537450916172202,7.064384064906591,2.5929715600209406,1.3767728043380807,0.5942675370739957,1.511105399697804,2.97984139496193,4.673962403621554,8.209590143373356,2.6622903627817034,2.8915711142221237,1.396694411893284
2023-01-11,112.0,1.728114112413215,5.164204895368281,3.174608335668993,7.377655266023861,23.42116590521159,1.7723965977400806,1.3274441478646697,7.904121478604781,7.7521187559916065,2.845326279951147,2.731107039120679,0.5786079060115433,1.7311555154341107,1.5927594036040296,7.046372621600123,2.7015350916130125,1.9752525421966605,0.6912289323112821,1.516294394325053,2.980443725421055,4.685976122167754,8.204119748178117,2.6390460247675906,2.880230946889743,1.5309064170281748
2023-01-12,80.0,1.8422996432275984,4.900477825152913,3.1320664815473074,7.782859225127333,24.376432509622568,1.728114112413215,1.387076099310653,7.377655266023861,8.37468771940797,3.200719441784792,3.475975134277141,0.3667810174483781,1.7936408250363438,1.6499979699681073,6.992877837319019,2.8821286171576355,2.5941484378825965,0.6097765339498319,1.5224972170856523,2.9821894999020713,4.686322697936421,8.193904531134988,2.6171200051979127,2.8719862652228847,1.7981886694874218
2023-01-13,98.0,1.4834117298800855,4.878074900170732,3.0402702530010317,8.693362118267641,26.43017024673515,1.8422996432275984,1.5663547511937286,7.782859225127333,7.957097789442741,2.9331180574351072,2.714762866442587,1.0885543353078344,1.780936784460297,1.7150299048133852,6.908330909564641,2.9930545930570154,2.9739483466134686,0.6968418406846332,1.5364106956022836,2.9865099863906215,4.686461112338543,8.19480814293102,2.595220100532744,2.8692186070086465,2.050786835096357
2023-01-14,74.0,1.5387846440092674,4.792071328301842,3.0234578436088317,8.052199436725815,24.34548554527128,1.4834117298800855,1.6749742805568204,8.693362118267641,5.822670687776111,2.9119375417994324,3.399016836665146,0.4595241872008271,1.6846084951736318,1.7031809017685793,7.013511527968197,3.0152583470064442,3.196584945794958,0.7322332307917214,1.536574497469934,2.985013615745482,4.705234710170899,8.195488002989206,2.5775988080227044,2.8621177924629118,2.3501686127885426
2023-01-15,62.0,1.079167058116108,4.474596547159456,2.850364760414393,9.285647436254344,26.467482229931637,1.5387846440092674,1.5406581836065163,8.052199436725815,5.948599754130353,2.936874163873478,3.136135432062189,0.506390978001583,1.621498672372316,1.6837252394046431,7.332015634961012,2.927309921036006,3.0833050450566404,0.832220612958288,1.541922884327261,2.985595758646658,4.7204858763577695,8.17818658306,2.5622931314873516,2.853502369569789,2.6645211280052927
2023-01-16,86.0,1.424838878567252,4.7181948836419085,2.979629128374082,8.727805518746704,26.005623550441747,1.079167058116108,1.8804117649557384,9.285647436254344,5.565312165847309,3.1162933128025,3.0462191609279525,1.0135053975191963,1.3671211440018192,1.617797935763156,7.808736732407297,2.988368339491803,3.193790476551762,1.0737221412317026,1.5376559128100924,2.98289328308116,4.715462357011107,8.183269748310781,2.5534247887671686,2.84913225166418,2.8683685156779517
2023-01-17,96.0,1.4487886465042343,4.49846643647819,2.9121953632971764,8.608256978676827,25.06892605937322,1.424838878567252,1.7723965977400806,8.727805518746704,7.904121478604781,3.2160526852193825,2.2760590421468736,0.4066712485584849,1.3475968602308745,1.5527160948505152,8.260521497107211,3.08974005396512,2.8194712117123384,1.189655942318989,1.5318384817739241,2.980615091076484,4.724821545456053,8.175438958853738,2.5414799463227515,2.854937743174526,2.9684679302346524
2023-01-18,96.0,1.552774584570185,4.595346768017652,2.9647004160687214,8.17071586560424,24.223724726336194,1.4487886465042343,1.728114112413215,8.608256978676827,7.377655266023861,3.1832565078457864,2.4564878309801075,0.674181727584984,1.3175981943958635,1.5064863875311088,8.361112282831789,3.1718675019558895,2.5929220113516442,1.131294353470977,1.527422937397175,2.9778658606146875,4.731401518005636,8.174336226514722,2.5270706098391353,2.8668096600384634,2.9292366147859994
2023-01-31,112.0,1.6823997097343542,5.020076210528194,3.1224865346076918,8.105610235260258,25.30965881437844,1.776369119934974,1.747277115127141,7.797199170254008,7.725572462433113,2.81865878455409,2.5154033637423523,0.5961645715981992,1.5320041231362005,1.6207208872546952,7.586918965981042,2.83604777915003,2.1290227679692095,1.192161586322667,1.568725119756246,3.0064438693249596,4.7373072741108,8.078374210348281,2.298227660747696,2.8928350759473136,1.8924591311446128
2023-08-31,118.0,1.87263243621499,4.880072598363724,3.1301447896092034,9.0849891140104,28.437331338875985,1.6574786010202551,2.3779984029517647,8.31890854883481,8.89329915961964,2.686958030194366,0.8837422803677719,2.166428655906726,1.696782679212922,1.5173572645651756,8.691739494552282,2.5444454820334825,1.7549896773008389,2.3451007114682967,1.7802449793828299,3.21218660178282,5.016665179616941,7.885473178027325,2.595799157170421,3.2430720796632433,2.6451132473405115
2023-09-01,197.0,1.6339255891736464,4.753803719556588,3.024329055417682,8.77816288944398,26.54805307973466,1.87263243621499,0.9003934918930704,9.0849891140104,9.98505347761853,3.129616550765236,3.1832059105369224,2.0327329380821064,1.8000849189020347,1.4451621264599221,8.719123773750962,2.804163257741011,2.1426218121529357,2.344359825546811,1.786038266948382,3.214742854953589,5.005510562029278,7.899788164268296,2.59640606159188,3.2332768391551396,2.436109546137498
2023-09-02,124.0,1.6737041753225386,4.748109386005234,3.040239448378359,8.06057860171178,24.506089041678628,1.6339255891736464,1.2128929259362904,8.77816288944398,9.23605881316706,3.135039907142506,2.229725944105319,3.098670123747309,1.7213455421362962,1.549952426071433,8.546710832583168,2.9838714960340362,2.098891378336671,2.460759853586438,1.7801929949061919,3.212512910471438,4.983498242620063,7.90818176602645,2.594478923139817,3.2228848184649115,2.183946955800926
2023-09-03,82.0,1.5645051956061622,4.852869988322484,3.047494963937904,9.351952405234368,28.500027857938704,1.6737041753225386,1.039867993536336,8.06057860171178,8.974467465633166,3.029410495706334,1.9001018132115477,3.7286981718688894,1.726754066903724,1.6157826045551826,8.378785088089558,3.0980223178713584,2.4376778892845956,2.5549366548173476,1.7695842109566695,3.206332320050716,4.958811142345444,7.903873107322772,2.5893969105688743,3.196198115957695,2.156976682090211
2023-09-04,127.0,1.9184252347938928,5.515545889852488,3.313880096365211,7.045749144780381,23.348767854869912,1.5645051956061622,1.5627257171476507,9.351952405234368,7.886131981683524,3.4221547434525,3.255114215408517,2.3685530652776947,1.6240449867007818,1.6907307762794435,8.432711508032586,3.195535048767113,2.4616473242417944,2.769014363590862,1.7577609477629208,3.1999597715364305,4.957672623964788,7.916133641162502,2.587481180260715,3.1923557890128986,2.2618738450235463
2023-09-05,148.0,1.962570212537044,5.06298464303964,3.2113043639236927,7.966904573493045,25.58415542382184,1.9184252347938928,1.8701437194708623,7.045749144780381,7.54825701530924,3.3521033602532686,2.7996280390015484,2.455912819755812,1.7188782019075302,1.7415449930860498,8.312656817046422,3.2678895331373674,2.651614689207204,3.0789836947634024,1.7493882970486723,3.195847888206678,4.957418071895689,7.916176577817587,2.5762614201452636,3.1764097295514993,2.3732050640265347
2023-09-06,150.0,1.5513467245469224,3.977950041926424,2.7559902575972868,9.989103935837704,27.529873129295424,1.962570212537044,1.6574786010202551,7.966904573493045,8.31890854883481,3.2858837080837078,3.516633335415658,1.9391320336320208,1.8151668809790322,1.7547487778097899,8.37246361107268,3.3533806039298253,3.190458529941908,3.0441167688715898,1.7431985155162588,3.1902474630587565,4.950285211725006,7.926269328851523,2.5668230705213415,3.1548807937900247,2.5383073625781836
2023-09-07,113.0,1.329578447200113,4.088816160591839,2.737595988053242,9.141048403835873,25.024497436941576,1.5513467245469224,1.87263243621499,9.989103935837704,9.0849891140104,2.831616027715924,0.9574089985856208,2.40087191418101,1.8107807239592855,1.7395870811707426,8.611062952073095,3.1565343653509665,2.424556791000942,3.0020099190998413,1.7276835702318083,3.1746100977741514,4.896035163365705,7.956301952904349,2.568257523175488,3.120882028858711,2.5488311794664478
2023-09-08,98.0,1.6435620008861296,4.501445347118872,2.9492586637666345,8.097283699540407,23.88098410384589,1.329578447200113,1.6339255891736464,9.141048403835873,8.77816288944398,2.555998254706364,0.7996267902835211,2.319343082791711,1.6144984614280256,1.6620079398829029,8.619071422048162,2.891165996835332,1.7578897080949327,3.004559046358005,1.7272918450576473,3.1694834741659887,4.867176242303424,7.97878298940536,2.568916341686968,3.079235159695414,2.2083198765731047
2023-09-09,118.0,1.7569672493262627,4.802705429523853,3.0713967603145,9.194480065594195,28.23989628624226,1.6435620008861296,1.6737041753225386,8.097283699540407,8.06057860171178,2.684623142433589,1.4366179914705255,2.148115887681351,1.5081623908777209,1.6633845701275434,8.521802966347652,2.6907458082852926,1.064551260113222,3.0370856334536365,1.725701599923562,3.1648130597704935,4.872067542201889,7.986742323752608,2.565063798804886,3.0657195398135215,2.0950187404824194
2023-09-10,90.0,1.4539870313433252,4.94468442604344,3.0493933669788875,10.079639523265229,30.736785903783225,1.7569672493262627,1.5645051956061622,9.194480065594195,9.351952405234368,2.967568082794703,2.865838991298716,2.739024723881389,1.5767025658041673,1.6752792949852182,8.683788889759425,2.736063159978219,1.7006945910175872,2.9362102689428724,1.7234344172845142,3.160788978852098,4.869320005375319,8.005834316072571,2.5601358237516454,3.0625613119665043,2.2329811944948723
2023-09-11,118.0,1.5939640532640238,4.796483383101482,3.0283671432119235,10.420523001025026,31.5571694713883,1.4539870313433252,1.9184252347938928,10.079639523265229,7.045749144780381,3.092761813435836,3.533825937536628,2.41330451835478,1.6181720938519046,1.659490985804813,8.787744192335262,2.914984346221376,2.612094306768623,2.8019558921260033,1.7212710970132916,3.1573564012232618,4.8596024312815445,8.024107855433277,2.5620782338022683,3.0497218600414895,2.272797154798888
2023-09-12,102.0,1.8427049794544317,4.961439345717325,3.1423543498868503,8.687299432525883,27.298573160567273,1.5939640532640238,1.962570212537044,10.420523001025026,7.966904573493045,3.29773284172007,3.112389281627528,2.4507266183054184,1.6016394446445361,1.6131393884434027,9.269854743227354,3.1193542459835366,3.170684736820957,2.6176167282864085,1.7184931101849257,3.151153350472492,4.848150555582999,8.043985786173279,2.5678710619649316,3.041808779574283,2.317477332316885
2023-09-13,99.0,1.8416502557392629,5.130306671826262,3.1884764843587403,8.498112460540748,27.096031741870167,1.8427049794544317,1.5513467245469224,8.687299432525883,9.989103935837704,3.1886025228339867,3.074197197286677,2.753932229909406,1.6302186880205927,1.5960157837173152,9.372768294517758,3.1930323926632975,3.2401374721502774,2.618452674817949,1.7246811222189844,3.1524976642573272,4.859100888258943,8.062442301761465,2.561893068617993,3.037698342020121,2.2542721697270305
2023-09-14,142.0,1.497250429540574,4.54029928381158,2.9259690790841275,10.266879383571029,30.040571615015136,1.8416502557392629,1.329578447200113,8.498112460540748,9.141048403835873,3.4446973160433445,2.6435961569430577,3.0601095227973785,1.7594397628192386,1.6374877167447928,9.15976951233248,3.3103442268658,2.943394211952421,2.711986118038833,1.7191807612974224,3.1496326870500595,4.878159548407066,8.073317267952307,2.557268518472628,3.067125175613482,2.495156049492379
2023-09-15,115.0,1.6324653252838135,4.408978662264557,2.9176065991111733,9.190320301593044,26.81373915987325,1.497250429540574,1.6435620008861296,10.266879383571029,8.097283699540407,3.525557888747441,3.299800660586325,3.8178870442063113,1.727201888244755,1.6614408570791441,9.320602509437503,3.3862859092082576,3.005864671605353,2.708917387927769,1.7120759147404683,3.144220889736226,4.8805865948582605,8.09769173276747,2.5565386080854213,3.083608070533518,2.852323745249922
2023-09-16,123.0,1.7156501706464884,4.679401318277424,3.02334686889174,9.64558044472108,29.161935436190873,1.6324653252838135,1.7569672493262627,9.190320301593044,9.194480065594195,2.99646681884124,0.2639188692263816,4.317901205889135,1.6571220035212157,1.6598556177073847,9.476750595445022,3.3222406745440085,2.0691052289185876,2.6123771483693665,1.7078847643602184,3.1377052793995137,4.8813563002443905,8.123766690778794,2.5509363960532974,3.0800038274832864,2.6847952992150446
2023-09-17,108.0,1.741364889330245,4.9833145121540365,3.1194185787226925,8.864147616469277,27.650986759354733,1.7156501706464884,1.4539870313433252,9.64558044472108,10.079639523265229,3.277477576090368,1.6621574067290814,2.4949562426386995,1.6151219751569579,1.6539531778959886,9.541193506748863,3.2665007612263497,1.7419589788472625,2.7093875158290066,1.7112963089390312,3.133117006351183,4.8767930215616655,8.149473753931401,2.5472824907917833,3.0843404419351237,2.512840787133668
2023-09-18,95.0,1.900843945256929,5.345906069548143,3.26413808992586,9.816717785065585,32.043122440285195,1.741364889330245,1.5939640532640238,8.864147616469277,10.420523001025026,3.2740188172365694,2.465868723918368,2.11855656995254,1.6964934617535148,1.6950071576084056,9.367551805778012,3.182654404056059,1.4639816666246102,2.7137101019754866,1.7113787585403333,3.1296726381197364,4.857375782696234,8.159448855181678,2.545451380563669,3.081428518480258,2.3602754709024887
2023-09-19,114.0,1.8103306092658544,5.269090458331768,3.2203209158091664,10.010796045361662,32.23797588877785,1.900843945256929,1.8427049794544317,9.816717785065585,8.687299432525883,3.437930865961821,3.13271189313617,2.4685705091125625,1.7859530017445533,1.7388471421788207,9.281293917783804,3.329809086429586,2.4202460079278727,2.6347412741266596,1.7170906682838092,3.129162511478176,4.868384430898958,8.1686358183116,2.544303840580433,3.085305510281665,2.3631787011180085
2023-09-20,130.0,1.438423495423218,4.7276904569393965,2.984951493101086,11.381881621734978,33.97436454109763,1.8103306092658544,1.8416502557392629,10.010796045361662,8.498112460540748,3.579432373465509,3.795862298857421,2.98161833957883,1.8175131479510087,1.734222232151881,9.47036486247463,3.430460685554633,3.1314809719706527,2.637200669087419,1.715319819041882,3.126084865268042,4.888361071922364,8.18275996620089,2.5404997858282887,3.108439111017248,2.466273715628115
2023-09-21,129.0,1.5330358607291223,4.563310261575705,2.950372548746154,10.32901729389891,30.474449079443634,1.438423495423218,1.497250429540574,11.381881621734978,10.266879383571029,3.686573363618964,3.980654738692519,2.35398197122203,1.716532683315333,1.6766184092495888,9.88233188550238,3.5679788676820983,3.6364096435620366,2.566367878056947,1.7114542078957287,3.1196895875028043,4.8687695646542535,8.204027786410927,2.5357886167535137,3.1212217109681264,2.6572820844494665
2023-09-22,103.0,1.7117837528953217,5.060389260790579,3.141062259937173,10.067611632249076,31.622994945762052,1.5330358607291223,1.6324653252838135,10.32901729389891,9.190320301593044,3.7303667935471054,3.815198311758949,2.878106406488226,1.5939299884727307,1.6817306137050958,9.891208729834933,3.6654575102105262,3.863905116436296,2.737623881681222,1.7073126528735194,3.1127415818115622,4.82985699720565,8.220513178321902,2.528800916223228,3.1251728351335504,2.7309103203312697
2023-09-23,95.0,1.3234023048410914,4.290218134487313,2.818960847816852,12.717217207358614,35.8493374007267,1.7117837528953217,1.7156501706464884,10.067611632249076,9.64558044472108,3.563633607391264,3.031925840684567,3.027527059011971,1.56108103634922,1.6930618176495968,10.016536062785795,3.6601912548524442,3.6092596303786784,2.788218396251981,1.7000591907943285,3.1069069585770968,4.7879120692107575,8.23686000161668,2.5308405739230455,3.1272467166470994,3.126339887682439
2023-09-24,99.0,1.3458532992911634,4.7261195735594415,2.970071854705632,13.182600068081996,39.153269434050884,1.3234023048410914,1.741364889330245,12.717217207358614,8.864147616469277,3.639486512425699,3.5735070638578628,2.5008078683594834,1.5227406394885108,1.637026408248826,10.455341314591156,3.644495637788023,3.4735437387671264,2.681911986652356,1.6874769288257379,3.0965640094840294,4.72925339133892,8.273908628461022,2.5373570040827085,3.128102677349097,3.399389838700837
2023-09-25,122.0,1.5436564258754506,4.742867336312764,3.009160387014564,11.21013442023402,33.73309243047669,1.3458532992911634,1.900843945256929,13.182600068081996,9.816717785065585,3.826027902965989,5.772378701773165,2.7732906724987254,1.4603464523425245,1.5805247525289572,11.072263093392975,3.6763826742609838,4.125937202105198,2.888664951558802,1.6732215836927715,3.08840675141092,4.718533185951194,8.309569505386271,2.5466596571187257,3.1479605276423586,3.8717484069658075
2023-09-26,128.0,1.6184872210888448,4.486507402050944,2.9469523813010543,10.833132410602095,31.924725354373475,1.5436564258754506,1.8103306092658544,11.21013442023402,10.010796045361662,3.673795022864677,4.359438508397297,2.447089398335118,1.4043040100025674,1.529497964045889,11.27132261270275,3.713103146085455,4.568441424676108,2.905663538686373,1.665472077665272,3.0854477548588783,4.738607551335777,8.333317447927135,2.54477236604742,3.1895917736236385,4.046995066288826
2023-09-27,100.0,1.8447658704182923,5.22187368921229,3.2202984124089284,9.518088167924017,30.651084216333917,1.6184872210888448,1.438423495423218,10.833132410602095,11.381881621734978,3.4093972341296723,2.020309505980632,2.3058366626700115,1.5026656487518188,1.5020917657348876,11.388799236308527,3.636406719986779,4.050708905383698,2.893032100585114,1.6676441936289532,3.0835197945583963,4.753241603536217,8.361607074960313,2.5432788461896934,3.2223769996824716,3.7933446673064273
2023-09-28,118.0,1.5868120158522887,4.135116074829709,2.828893318379496,9.888650614061646,27.97393764990829,1.8447658704182923,1.5330358607291223,9.518088167924017,10.32901729389891,3.884892113991963,3.7151665977227646,3.0330545434395093,1.6689698391275283,1.5601406764484693,11.122543028621248,3.656028123662104,3.364971537366897,2.9941919493594753,1.6779054601572398,3.088479983497998,4.775084297283058,8.371817812947722,2.5448640359750354,3.2735246293607814,3.7554177900250343
2023-09-29,79.0,1.6082198715143723,4.167803693398931,2.845506827070156,8.656151605146903,24.6311384885998,1.5868120158522887,1.7117837528953217,9.888650614061646,10.067611632249076,3.286852129959421,1.4366179914705255,2.908364509513586,1.6833550357864742,1.5678229843232077,11.05963350293021,3.527047159360352,2.3906980317246402,2.8428716748288076,1.683260849558203,3.086752318606301,4.758464965500232,8.388465862419508,2.5462121049623314,3.296555860617315,3.4156206014124018
2023-09-30,92.0,1.512858993441212,3.9903396812615934,2.7608789456852745,9.353642777380816,25.824275409531833,1.6082198715143723,1.3234023048410914,8.656151605146903,12.717217207358614,3.1709114935334823,0.8233290173269164,2.474745264070181,1.6799325859283167,1.553028144125929,10.857996356201326,3.4475519124949554,1.991704535506735,2.8208554112267024,1.6825262627840873,3.0824088500273232,4.745536773951142,8.394099252691602,2.544176750312751,3.3126876427286187,3.100106769504166
2023-10-01,189.0,1.626980123775856,4.344079102538723,2.9054776493999954,7.231261423180256,21.010268442018635,1.512858993441212,1.3458532992911634,9.353642777380816,13.182600068081996,3.1861349528252543,0.5973719799578053,2.5180236330847983,1.56929696026929,1.5800933853545178,10.377485723347357,3.214632858772719,0.9524396629184152,2.857989481711265,1.677476882027712,3.0749065245066713,4.715879010047738,8.405086853995762,2.5463485842289093,3.3145715894639527,2.6749446146613005
2023-10-02,92.0,1.7225772566897486,4.320360543418111,2.9284885898873965,8.545279729976556,25.024754186632396,1.626980123775856,1.5436564258754506,7.231261423180256,11.21013442023402,2.934204005982202,0.0804733315851042,2.2774611352854253,1.582686329577146,1.6202543602809025,9.527294488361393,3.0970834841136465,0.5003914429566081,2.5274832299932624,1.6707718531061126,3.0678834478406416,4.702221522813809,8.400901119068289,2.546485765124878,3.3078770594252753,1.8618152760630065
2023-10-03,139.0,1.7536613229552052,4.583040474908122,3.0148344819830863,7.411165078141492,22.343436029249844,1.7225772566897486,1.6184872210888448,8.545279729976556,10.833132410602095,3.17368680409661,0.94657570718004,3.6458814237050423,1.620805457968938,1.6458144789686593,9.146600961181756,3.098008587634689,0.5414736729076493,2.469409024630781,1.6637327909024444,3.0601525620484145,4.687963228060904,8.404687687317804,2.543071588120133,3.312686269704952,1.374263447317684
2023-10-04,135.0,1.6879456831747215,4.758502863110088,3.046916619852876,9.148703703007246,27.87533736280233,1.7536613229552052,1.8447658704182923,7.411165078141492,9.518088167924017,3.2994907422650748,1.2684344766747764,2.659998264665327,1.7010729011402692,1.6651250649495677,8.657748485115954,3.1357938507812957,0.7651611718133063,2.350932826758726,1.670990869371464,3.0601410395181095,4.678968910947091,8.395459632657655,2.5417762035393876,3.3085974696653704,1.266852728845419
2023-10-05,101.0,1.434174253154514,4.49331617686094,2.907757445451355,9.750600076861158,28.352379971111585,1.6879456831747215,1.5868120158522887,9.148703703007246,9.888650614061646,3.4565315443628144,2.591840110044296,2.2889096762421346,1.7213947542732242,1.642722181057629,8.604979275842132,3.3099030302415,1.6022834312997034,2.316432891143362,1.6684047989554154,3.0559473894170166,4.653734143389012,8.40598731401897,2.540155271624342,3.3120784091356885,1.1063775163199234
2023-10-06,97.0,1.4197375210209318,4.86624522957777,3.0267142712217807,9.508730672762876,28.780210828455683,1.434174253154514,1.6082198715143723,9.750600076861158,8.656151605146903,3.5109757946776634,2.7996280390015484,4.355635263858703,1.625260419761479,1.6209167863865184,8.585257770527775,3.4223326937685172,2.219967541906873,2.3336038975258266,1.669716557502889,3.051976118480058,4.6347451945163884,8.42193386388921,2.532786353189978,3.3195814786888205,1.301093237395784
2023-10-07,126.0,2.026107769966069,5.032630403593266,3.235386036881297,8.864676708197461,28.680651243168924,1.4197375210209318,1.512858993441212,9.508730672762876,9.353642777380816,3.277374537118752,2.213868039467221,2.593735373963181,1.5139524857833884,1.593990736316027,8.707054780187201,3.41496062538641,2.535112062837688,2.2843107992049085,1.6584986083846873,3.045807251782455,4.6643550341047675,8.43644065400869,2.5355869888737987,3.3344400956689153,1.499741669130113
2023-10-08,117.0,1.0815597883999275,3.8715734000274815,2.6273711619916185,10.730787491161816,28.193761599738945,2.026107769966069,1.626980123775856,8.864676708197461,7.231261423180256,3.6243384870794593,3.55089423717544,2.429603566375982,1.626673181380504,1.6673119901052922,8.637202484589578,3.470896272958625,2.854796771881403,2.2879898730030375,1.6594982613467573,3.0465968176880436,4.695815508871481,8.449786621943872,2.537176355351758,3.3700514367480183,1.9216734201612038
2023-10-09,122.0,1.417534908214752,4.529099998326828,2.9164674687775927,8.77826990617974,25.60153861352254,1.0815597883999275,1.7225772566897486,10.730787491161816,8.545279729976556,2.7878199096335154,1.320738558666543,2.9855800767059577,1.5091350264623085,1.5893947993373025,9.137134780015515,3.229844311277242,2.3618336117697343,2.3574544079407107,1.6538393225745265,3.042817849982819,4.674819777301768,8.474594360694933,2.536967070715633,3.3734913289880155,2.0988541668871235
2023-10-10,133.0,1.3304546900267968,4.018749658654159,2.725888055575411,9.928049074950886,27.062750388575125,1.417534908214752,1.7536613229552052,8.77826990617974,7.411165078141492,3.251499187549498,2.5071210960402133,2.58663950199037,1.5084008221935818,1.5458173209837316,9.170419090901683,3.2212191947541577,2.4595846306273983,2.369866326282368,1.6480169372707876,3.0397345848120896,4.665699596261868,8.48946762522011,2.5372401842603494,3.3829556991465086,2.321789222438577
2023-10-11,97.0,1.424735297382918,4.405127885187906,2.87676977842249,9.48235472761224,27.278551508676514,1.3304546900267968,1.6879456831747215,9.928049074950886,9.148703703007246,2.8476901367437977,0.1572223424422313,2.505884419450587,1.2765164622138245,1.4853592305653875,9.529973947588742,2.962336411308937,1.3283606657163287,2.4828330553828932,1.6352244655980352,3.029945034857997,4.634835104015557,8.504509300796888,2.534852366924647,3.374786643256775,2.1630446318339276
2023-10-12,133.0,1.5630356850480611,4.518997268147168,2.9432399199328074,9.085606201784111,26.741118869880086,1.424735297382918,1.434174253154514,9.48235472761224,9.750600076861158,3.1822178398138137,0.4250475699211964,2.5488481696340752,1.390908298541488,1.4477577468808442,9.577638379675168,3.093802388035703,1.0297970028012131,2.4955223000533886,1.631643579116968,3.025463289019346,4.621789920751771,8.515278296464285,2.5409164924535137,3.3709361431932323,1.8535028403877705
2023-10-13,105.0,1.444330801161991,4.12452169858017,2.7873481126944317,9.570524481250194,26.676383350308583,1.5630356850480611,1.4197375210209318,9.085606201784111,9.508730672762876,3.279921014936842,1.8564325566477395,2.042091501832685,1.4394085574859243,1.4661665228656366,9.482639254664162,3.1032763304981508,0.812900823003722,2.4579323485449045,1.637257586524421,3.0258835587710182,4.607041851499433,8.52356339775698,2.5418697180923604,3.3739800929299943,1.7187606286229407
2023-10-14,108.0,1.3344413154969277,3.776575906175584,2.6413132723283157,8.865946379719844,23.417741844505205,1.444330801161991,2.026107769966069,9.570524481250194,8.864676708197461,2.7167458992810807,0.9788564341222632,2.18721593642581,1.4773672611976558,1.4696798486000737,9.49146694159092,3.0596282513439124,1.0867788535637326,2.4731506436639346,1.6348498715418276,3.0229777441326267,4.573515685724563,8.532907846201603,2.539681943732344,3.3497150457045852,1.5423303992879467
2023-10-15,78.0,1.2306070669102305,3.587526930249003,2.5482170544274174,8.627495092467429,21.984730131614352,1.3344413154969277,1.0815597883999275,8.865946379719844,10.730787491161816,2.4289220438197145,0.0,1.6002701812715971,1.447269267235659,1.370870355104482,9.491648323236976,2.808529652679212,0.9450963302566672,2.405327647539989,1.6305028006370406,3.0181595699103028,4.548058239803364,8.534451691941737,2.553545772128347,3.3131605175403274,1.0350597939771695
2023-10-16,125.0,1.4340726286388126,4.197726933202045,2.8095896585380444,8.562257686523534,24.0564306497944,1.2306070669102305,1.417534908214752,8.627495092467429,8.77826990617974,3.1126626287117958,0.5698065797975815,2.744080527398411,1.3364597278563821,1.392162823463097,9.19117798056635,2.7527768572708635,0.5162210046399478,2.374329921968745,1.6255663011596184,3.01250555517336,4.520676515402845,8.547061147575345,2.5537045577905046,3.31703371120268,0.9277837969958893
2023-10-17,126.0,1.3988960818635665,4.539038814820914,2.9164294602141987,10.005929356305954,29.181587151552776,1.4340726286388126,1.3304546900267968,8.562257686523534,9.928049074950886,3.2705975918115944,1.590243021098598,2.7068365466676205,1.3330403370153228,1.3945253549522483,9.160319092044034,2.937394088114368,0.7200165336320593,2.44300810605822,1.6203572966048023,3.0080645559778323,4.504620702566999,8.55796188948295,2.551795842911179,3.316804378393387,0.7968012148613729
2023-10-18,121.0,1.239471271861316,4.077898340244844,2.7293928444442828,9.958585630685471,27.18089236117858,1.3988960818635665,1.424735297382918,10.005929356305954,9.48235472761224,3.146325134754672,0.9788564341222632,2.1608327312041613,1.3545252591375354,1.4043026966432155,9.171444846523329,3.176528451759354,1.046302011672814,2.3753087064157117,1.6087615258309935,3.0001995110024238,4.489811512655895,8.57474847645395,2.5541256177438356,3.3125479223106575,0.9141775136728061
2023-10-19,103.0,1.5264619540606068,4.026010174251738,2.7762506898909742,9.409522501976392,26.123193337656605,1.239471271861316,1.5630356850480611,9.958585630685471,9.085606201784111,3.2635555976016333,2.0320047249324142,2.5746016862209764,1.3574799941212305,1.3778364072829865,9.23947783267665,3.226826108055967,1.5337013933844246,2.311155689242618,1.5977801837913221,2.9926504378169327,4.447544588345786,8.58958495028674,2.5517150842542327,3.3067354133653177,1.1437428215315515
2023-10-20,101.0,1.641547107891022,4.36028062739512,2.914697499710637,7.966067939630619,23.21867830616643,1.5264619540606068,1.444330801161991,9.409522501976392,9.570524481250194,3.4692419392797063,1.9001018132115477,2.5283432463964,1.3882764359284956,1.372611588570493,9.285751589846972,3.293040890545337,1.6369876574220747,2.2539154403693593,1.6001200667387794,2.9896572890715274,4.406108578876451,8.607791270277886,2.549840382500969,3.303062398892458,1.1499812867549526
2023-10-21,73.0,1.502657537906774,4.0209009772977895,2.767920720688265,7.736944273187119,21.415248368565035,1.641547107891022,1.3344413154969277,7.966067939630619,8.865946379719844,3.5394358754205477,2.020309505980632,2.2740993648174084,1.4691601112709807,1.4007853466746403,9.056543512472748,3.424077804100629,1.9841386813748645,2.273858798270533,1.5958558537092942,2.983876047612624,4.393861584558309,8.611945527394386,2.5464306245294877,3.2981578159525102,1.298760297020434
2023-10-22,77.0,1.3088690236783354,3.521339325889033,2.5433884905913366,8.858642901225574,22.530970397235773,1.502657537906774,1.2306070669102305,7.736944273187119,8.627495092467429,3.374865792959825,1.7719503970936223,2.3910372849752743,1.5568888666194667,1.4248162355903327,8.89525749725379,3.46118120255336,1.8974539054286002,2.312822159776434,1.5851864831523632,2.9725430002800297,4.375781275082378,8.615827338245197,2.540367231485317,3.286307782599601,1.5518960680338085
2023-10-23,102.0,1.5327052134743533,4.288144995730384,2.862611219393883,9.253998718833484,26.49060055678935,1.3088690236783354,1.4340726286388126,8.858642901225574,8.562257686523534,3.0996072299386124,0.9356678255449395,2.832905240091878,1.4843578898253762,1.4359965151286331,8.928278612790667,3.3379696327729946,1.575975909539731,2.3162709157222143,1.5696014667889722,2.954641812610977,4.3244796105856596,8.626610039640168,2.526573159204758,3.270840236684513,1.604161960283431
2023-10-24,132.0,1.7322069074195128,4.972334844909431,3.120586064810113,8.692929230358283,27.12703381863656,1.5327052134743533,1.3988960818635665,9.253998718833484,10.005929356305954,3.256664934760691,1.387797753102766,2.443706886108233,1.4480772583531534,1.4500868843908532,9.027098760263517,3.2437126525530426,1.3651386585804424,2.3278015368642735,1.555513246964349,2.941812828697654,4.3244105059604285,8.642346211299861,2.5190460033493416,3.2580795174290125,1.575241207712598
2023-10-25,127.0,1.2465749557493937,4.272593358981738,2.8000944812128314,8.494223898380524,23.784629460041447,1.7322069074195128,1.239471271861316,8.692929230358283,9.958585630685471,3.613550401256015,3.362143109865844,2.2673607970373717,1.5245937148573996,1.4977027166131314,8.839527313699563,3.323274188651773,1.8952028961711829,2.4159402671266745,1.5693768038897895,2.943191811042618,4.332617681672095,8.650442698373752,2.5177528772698654,3.25099693403868,1.9157107328188236
2023-10-26,98.0,1.5055572056305515,4.63380552852334,2.96711314515239,8.028543076718009,23.821595699352216,1.2465749557493937,1.5264619540606068,8.494223898380524,9.409522501976392,3.280229150834807,2.6690015701238785,2.099840713353357,1.5038290255477522,1.4987175285971424,8.630332780513141,3.3834814956171706,2.4729808110308293,2.380353802234576,1.569938171053341,2.9443253978452697,4.316941882427727,8.65357330960657,2.5151752405038335,3.237878071637684,2.0067102821318903
2023-10-27,129.0,1.5219147889446552,4.123043816040655,2.806494317681456,7.792054898321828,21.868357795202165,1.5055572056305515,1.641547107891022,8.028543076718009,7.966067939630619,3.1376014884693606,1.6763350721307544,2.311359167397692,1.4947796895998184,1.4957311359642775,8.43305000547623,3.3437936801867276,2.5691599173734923,2.456046926817499,1.577699657921578,2.9492828516232583,4.321851819976808,8.651905337109646,2.508461432433373,3.2288182134490073,1.9747436048346338
2023-10-28,82.0,1.3962692193710944,4.201926616311587,2.8027176224858934,7.714677543212569,21.622062702158043,1.5219147889446552,1.502657537906774,7.792054898321828,7.736944273187119,3.095967546669539,0.8691290875554027,2.754846653443734,1.424682316774866,1.4786408046862252,8.408190999574975,3.171266061991235,1.7381552432700118,2.3860251039991462,1.5770194757848617,2.9469560355135327,4.285224157537753,8.65660946394494,2.506174876007434,3.2025207278715935,1.8102892593453155
2023-10-29,90.0,1.5287191220169205,4.589202757931614,2.957703986733316,7.9725194120541,23.580352449341163,1.3962692193710944,1.3088690236783354,7.714677543212569,8.858642901225574,3.057204180490229,0.5698065797975815,1.9171414874777148,1.4745804046487663,1.4634424734668425,8.405010038150039,3.0969244052097094,1.0384235798279127,2.373753119359461,1.5691215674498655,2.9426234215430997,4.287451175587149,8.676985742305725,2.5051269613518468,3.1948657962226203,1.6385544283030238
2023-10-30,111.0,1.523519741709225,4.501328608409697,2.9286375595752387,10.362651821096255,30.348451340063242,1.5287191220169205,1.5327052134743533,7.9725194120541,9.253998718833484,3.22966525150288,2.591840110044296,2.383834119880223,1.4823010434442223,1.4948496303723544,8.2784209682684,3.127612326220883,1.3435919257990931,2.3409092209207736,1.5669755761331432,2.9424219209981124,4.301497811071571,8.680758345040937,2.499807486939999,3.1968242548216,1.875150468945789
2023-10-31,109.0,1.6182814054831145,4.757367767966925,3.029623341865224,9.754860294916014,29.55355244611184,1.523519741709225,1.7322069074195128,10.362651821096255,8.692929230358283,3.0018149798236435,1.468667743711464,2.043025143995425,1.482836027699079,1.4935374201201934,8.436799982877366,3.096228137272251,1.54343814451778,2.2726145478390896,1.5611570312247138,2.9390634671642126,4.318530775309842,8.704883771650296,2.497661803442715,3.190680255721546,1.8867033247470315
2023-11-01,219.0,1.366421314585342,3.797735216455157,2.64852336732102,8.80583020312021,23.32244706162508,1.6182814054831145,1.2465749557493937,9.754860294916014,8.494223898380524,3.392030829431961,3.499314328683395,2.4069643023455853,1.5568400897364192,1.4772623484149936,8.588504420671327,3.2078370202528284,2.519940727479718,2.3418412108628153,1.5608962948298715,2.939151705271672,4.332307064157448,8.723990824569391,2.496043548878443,3.2059411498365384,1.906299213149539
2023-11-02,97.0,1.2851110122004632,3.5836208700373184,2.559875066338057,7.620614428989593,19.50782086694649,1.366421314585342,1.5055572056305515,8.80583020312021,8.028543076718009,2.834628638165966,1.337548270639466,2.3725842438946656,1.5027408205925596,1.4943832568201292,8.633019607062712,3.0761581491405234,2.101843447678108,2.348589125247597,1.555774913817585,2.9326231039207165,4.31488621992535,8.732086956986688,2.493236214939267,3.1946392109721833,1.7160915989374799
2023-11-03,111.0,1.5240254320809954,4.378462454451833,2.889409834866809,8.473413305933237,24.483163741054778,1.2851110122004632,1.5219147889446552,7.620614428989593,7.792054898321828,2.771267734669136,0.7516841572072372,2.335500459018152,1.423271244089639,1.4628909434729735,8.574744085958653,2.999309067422354,1.8628489188433657,2.2651090645509853,1.5511183440941565,2.9244961056273855,4.281572233096323,8.732387740042949,2.4900580834035266,3.177031777385652,1.5839986110912634
2023-11-04,80.0,1.1744305927702168,3.584179375916195,2.5347164714600816,8.972693812172807,22.743234799082366,1.5240254320809954,1.3962692193710944,8.473413305933237,7.714677543212569,3.185358747670689,1.7449555148549891,2.8355610014381485,1.3918525862889328,1.4631924639210223,8.67208100133171,2.9304183735019307,1.2780626475672305,2.388660244900183,1.5445450140489418,2.9174216012690786,4.268904219474382,8.733997061733987,2.4844008150489016,3.1679926841625816,1.7091166721340614
2023-11-05,85.0,1.095706044646161,3.0690426629435423,2.314841981164999,9.414062986773446,21.792068215114732,1.1744305927702168,1.5287191220169205,8.972693812172807,7.9725194120541,3.0269482598754216,1.2504893252176847,2.534112599314521,1.3278556790172242,1.4315012315494682,8.851797611183175,2.9945249140717487,1.2490429990933034,2.3522033482618467,1.5314093537194944,2.9061451363946853,4.238599659442889,8.7460319869217,2.481561985154628,3.151858433002507,1.806357064336933
2023-11-06,77.0,1.4194234653973374,3.494779832735531,2.566297457546163,8.81904094809337,22.632282363087516,1.095706044646161,1.523519741709225,9.414062986773446,10.362651821096255,3.093692735402981,1.020411405465633,2.134728865635535,1.2647206898324568,1.3696422204965024,9.057732407571653,3.1019999143163637,1.3386187485127685,2.327535601386217,1.5238153423878154,2.898792665120814,4.178692907221749,8.755705212476308,2.482253038630302,3.1457357062786477,1.5818672493971242
2023-11-07,94.0,1.5510288245639607,4.041038375279704,2.788218770007914,8.729313563710646,24.339235927622695,1.4194234653973374,1.6182814054831145,8.81904094809337,9.754860294916014,3.140822836705262,1.6338064627083886,2.572877016075885,1.2298533676045709,1.3547713238805186,8.83721656857124,3.0871546106612215,1.3015690644639017,2.290033677150098,1.5253127593577689,2.8959376896123623,4.127431221526491,8.762708068284907,2.4758669129117408,3.129618517932841,1.6054584949681134
2023-11-08,112.0,1.4964474230704872,4.449846975184937,2.906270769952535,9.412385279684624,27.35494021387894,1.5510288245639607,1.366421314585342,8.729313563710646,8.80583020312021,3.2320894110000027,2.2760590421468736,1.916811542617118,1.3553861115358188,1.3451638123206398,8.69070989268476,3.155534994369415,1.6434256367736315,2.1743986948918943,1.5237705397523993,2.8932536913830504,4.133080054034898,8.767513545495051,2.4716413352841395,3.144427501311724,1.4307077397486103
2023-11-09,95.0,1.6419378001130425,5.087000322069769,3.1336280413152195,9.851311636534458,30.870346387979303,1.4964474230704872,1.2851110122004632,9.412385279684624,7.620614428989593,3.343177864903424,2.583017474181544,2.286680351416868,1.4889665710105942,1.3637389706756604,8.777360617908245,3.2386967042028965,2.1642943263456016,2.413572184279832,1.5194285426481366,2.8905015915436842,4.130438286596836,8.776350563880396,2.4656674313069997,3.1474834572235215,1.6086319116831926
2023-11-10,92.0,1.2260424541271235,4.373932240938206,2.832882248676268,11.452614911065089,32.44390948248143,1.6419378001130425,1.5240254320809954,9.851311636534458,8.473413305933237,3.5134402793673085,3.169926178907204,2.10559316994734,1.5631380159158292,1.4147142260917431,9.096031647557513,3.3629025184235783,2.676334231745207,2.487843898506791,1.5225610554609652,2.891905502782623,4.166046642044022,8.786315343772083,2.4614417682243057,3.1696751286443057,1.9540950576403309
2023-11-11,103.0,1.165954729873147,4.645543330138362,2.9200672635117844,11.72932522899747,34.250418624278375,1.2260424541271235,1.1744305927702168,11.452614911065089,8.972693812172807,3.568414263627199,4.032440155830781,2.357498289866361,1.4548092257702168,1.3721452292411898,9.521631876862061,3.475010802632644,3.261794602973177,2.462979817808688,1.5164290288086837,2.8886474212070294,4.165006787235699,8.809430078187328,2.457278906389499,3.182548342771418,2.28087857777973
2023-11-12,66.0,1.1831073858004175,4.64281950855667,2.921086402892347,10.33264301881938,30.182543028213825,1.165954729873147,1.095706044646161,11.72932522899747,9.414062986773446,3.66548058783606,4.541282523318522,3.0186992404805983,1.3446449947044368,1.3709343916844656,9.91543636497987,3.582445043610189,3.9145496193521687,2.565467633191779,1.5051498579823288,2.8849426364341113,4.169224989302072,8.844818027006813,2.4577838707186395,3.195400328534725,2.7509918917941354
2023-11-13,79.0,1.3817941267926337,5.057611437519247,3.0827591454277865,10.719710065788776,33.04628424164465,1.1831073858004175,1.4194234653973374,10.33264301881938,8.81904094809337,3.716658809280736,4.583052856549829,2.1819642663290115,1.191701523266895,1.3834202975636454,10.046662083843575,3.6501845535813313,4.385591845233044,2.645139460678127,1.494174143483348,2.880486135076338,4.1865015829679555,8.862196847967704,2.4570342236176432,3.228730758868047,3.2599406705204492
2023-11-14,85.0,1.2960576667007804,4.630408339055518,2.930997464673888,11.930969893898222,34.969642510116174,1.3817941267926337,1.5510288245639607,10.719710065788776,8.729313563710646,3.760170242451888,4.95508219764217,1.9885165911996008,1.243618747488732,1.3780446777629731,10.318186243514349,3.7141032131895613,4.693139192503506,2.766213615339416,1.492249871770882,2.8830993028487324,4.229202767346077,8.889899526459951,2.457307158182645,3.2731056988224534,3.734408632653846
2023-11-15,96.0,1.1364724806698754,4.018378503197726,2.691077233907252,11.384400128952446,30.636300008714713,1.2960576667007804,1.4964474230704872,11.930969893898222,9.412385279684624,3.8318123071890566,5.18205329329851,2.7816698050615027,1.286986393097943,1.3416202266396617,10.77556571925543,3.76954711964056,4.906729449163502,2.878246568985708,1.4866430774611652,2.883322483941444,4.263965480972962,8.914844924129024,2.4555523341040164,3.297077354771695,4.149550668532652
2023-11-16,99.0,1.4409353433879135,5.009053893783811,3.075339561376821,11.591358352720862,35.64736291221813,1.1364724806698754,1.6419378001130425,11.384400128952446,9.851311636534458,3.3962615513712406,3.937534032682296,2.031482074948516,1.2714414247210957,1.2901952348681456,11.057282126293691,3.6627480336707285,4.691556507874325,2.5808658365556574,1.4769901159615548,2.877784656691703,4.257987199972818,8.935338470387913,2.4612542742103827,3.301266153423683,4.343053034032758
2023-11-17,86.0,1.487978497762159,5.344451454658869,3.185815918563135,12.289237645225692,39.15124891716535,1.4409353433879135,1.2260424541271235,11.591358352720862,11.452614911065089,3.4717321849306773,4.050908364386894,1.932918941817929,1.2911551635861889,1.2614805981931274,11.305860228606035,3.5666020144969917,4.390165230122566,2.4931756852087994,1.471982956862516,2.8770500064026048,4.273654369271581,8.960708020733025,2.455742208887522,3.3121130550962166,4.468907631958428
2023-11-18,112.0,1.2283296577754557,5.06320823713228,3.067573923443098,12.01209426088318,36.84798712062573,1.487978497762159,1.165954729873147,12.289237645225692,11.72932522899747,3.744769327645251,4.958389681534026,2.0949848202135284,1.3551287739399818,1.2989000329981322,11.425377762057549,3.5375876879823895,4.315610692867739,2.501472001596927,1.4651018660709367,2.875744636879893,4.315872806418715,8.99347187314177,2.4578174513389746,3.3281535127643376,4.6011861356303205
2023-11-19,102.0,1.0387962289790564,4.207872339630187,2.7484326783294413,11.740322839734311,32.267486946863286,1.2283296577754557,1.1831073858004175,12.01209426088318,10.33264301881938,3.804481500307983,5.04876042294067,2.2092543646731704,1.3857478329751751,1.3078107369841765,11.465773338041222,3.6736610042946367,4.68601948962053,2.4593950569708753,1.4554018502127632,2.8731988536737916,4.3504460751814,9.021474956098793,2.4557818793259814,3.339328164798613,4.673682978433485
2023-11-20,93.0,1.186901304973321,3.679720380549625,2.5733207393927926,10.44709051867977,26.88371469803246,1.0387962289790564,1.3817941267926337,11.740322839734311,10.719710065788776,3.017307869101384,3.081220455529829,3.8561786920445775,1.2517014615055562,1.2871948574382677,11.666870455314783,3.52218623235154,4.362790186668175,2.363778070090319,1.4487413957720272,2.8692568734275974,4.345365798922569,9.049640947245472,2.4553992888363183,3.3219238979213075,4.459135492573485
2023-11-21,90.0,1.5049436057120005,4.259815103763284,2.846532809028738,9.517893330001048,27.09299563668377,1.186901304973321,1.2960576667007804,10.44709051867977,11.930969893898222,2.7916332287247543,2.166028255522708,2.508418590788314,1.1513423972426102,1.2593530257497945,11.627924805727783,3.2044741993780406,3.432003044664402,2.2376721608991206,1.4429724865094304,2.8629726766050414,4.333993112364297,9.073766233202203,2.4581300955942496,3.3024828124468053,4.060699215127847
2023-11-22,77.0,1.6698105276344573,4.807196162167212,3.05683580628417,9.835298177061524,30.064891633123093,1.5049436057120005,1.1364724806698754,9.517893330001048,11.384400128952446,3.1218031592768907,2.399735195693929,2.60762124017478,1.2435470465547918,1.2891938741799687,11.283199582313902,2.9769147523676764,2.548994635582155,2.1760325088684476,1.4395251507230418,2.8580638524232347,4.358608971626771,9.082708714964323,2.4559250545173588,3.303222676758081,3.663225201184336
2023-11-23,120.0,1.3480327504953904,4.094395389279858,2.755940677134732,10.821093065232873,29.822290549535836,1.6698105276344573,1.4409353433879135,9.835298177061524,11.591358352720862,3.444760490295733,3.828934026462083,2.748896782630152,1.453885146106592,1.3653850237463376,11.061899303472341,3.119398959432459,2.7982324925595727,2.292330441639242,1.4452986211029313,2.862028435064356,4.375910677174665,9.095267564887816,2.4546470920972494,3.309492528609249,3.647710914581449
2023-11-24,86.0,1.5011568193599596,4.02748861936972,2.7697655135920543,8.63044204415561,23.90430074095712,1.3480327504953904,1.487978497762159,10.821093065232873,12.289237645225692,3.1285399723298,2.9225573706866603,2.4906217342223678,1.507595627947282,1.3521132247616916,10.951861405259772,3.2317012073008082,3.050408864280891,2.35072467359401,1.4453349452896684,2.8584595821048415,4.34664602865368,9.11799178174986,2.4574767041636916,3.293325514311709,3.4865179154814148
2023-11-25,87.0,1.458357386813623,3.875571658221312,2.7076027048145583,8.0323333777211,21.74836757948991,1.5011568193599596,1.2283296577754557,8.63044204415561,12.01209426088318,2.799708702941737,1.6973948133590266,2.9425039028425486,1.506333365829935,1.3539958421328058,10.429176319392619,3.124336388522424,2.81629540350259,2.259362157358838,1.44462661851441,2.854469667547799,4.338475870666612,9.13035138841201,2.454159274192502,3.2773081660486065,3.0206615057421295
2023-11-26,67.0,1.3848352816861071,3.853397405959525,2.680632123051156,7.874274789102685,21.108033945400525,1.458357386813623,1.0387962289790564,8.0323333777211,11.740322839734311,3.17834032142902,2.2811951221952507,2.993485040197219,1.4358489855563235,1.3868569462811153,9.86063905036946,3.035529665566852,2.300382435413646,2.1917173887987706,1.4419577879431567,2.8504805062730245,4.313201408323212,9.135723828032514,2.451849268040085,3.278666127147262,2.6252950342070696
2023-11-27,92.0,1.5924408970423385,4.059009224964468,2.8065855828490025,7.761970530870191,21.784634586439097,1.3848352816861071,1.186901304973321,7.874274789102685,10.44709051867977,2.993075300730286,2.2504251006567078,1.7745135650342194,1.448116495953229,1.436291096667837,9.308346471707802,2.990374775033681,2.0763383454036615,2.3631557478292002,1.4342922781309533,2.8414860681170615,4.3042131946538404,9.13482429446244,2.447776473938096,3.2752363856159534,2.5066099835109097
2023-11-28,72.0,1.634256802613448,4.315826223878486,2.899016190899103,8.23189988069669,23.864411036000096,1.5924408970423385,1.5049436057120005,7.761970530870191,9.517893330001048,3.1571035921509023,2.474984844684168,1.894587531360309,1.4785445218473552,1.494225324106268,8.924757902020719,3.1095064047700696,2.335535022512042,2.4030532775170634,1.4343860928174543,2.841114272524887,4.299449281608937,9.127515263327593,2.4458717947516595,3.2785663660046422,2.550746639105404
2023-11-29,68.0,1.697111222096218,4.6899802374951305,3.029074087449376,7.580931901579085,22.963204381791527,1.634256802613448,1.6698105276344573,8.23189988069669,9.835298177061524,3.404481908745078,3.2871873465968653,2.6656954548916767,1.5371776604472969,1.5126986379493321,8.741044552120096,3.184886933875422,2.670865763979247,2.4638314282834455,1.4348200416691055,2.8420060952553694,4.290336730473832,9.1250405213135,2.4566108493253664,3.2843935879127155,2.677525517805823
2023-11-30,56.0,1.7412613344966192,4.576690976744649,3.0090629145619774,9.917381437491892,29.842024693122205,1.697111222096218,1.3480327504953904,7.580931901579085,10.821093065232873,3.0034592686414032,2.331363221709563,2.4543581702477835,1.6412696405840006,1.5165987371581549,8.418992227051175,3.188348256512461,2.6978451376635317,2.464530277636613,1.437890912146689,2.846476014284771,4.296625118110014,9.111235291681906,2.4546436254761073,3.2844483975399745,2.463586831412606
2023-12-01,180.0,1.4264932091130844,4.557751899692238,2.9275566824275594,10.44569423768246,30.580361968122336,1.7412613344966192,1.5011568193599596,9.917381437491892,8.63044204415561,3.1009123942678665,3.2487690667396105,1.821302826058476,1.6908764530687608,1.5727742491583305,8.289890565945322,3.169617857218116,2.9557732116820126,2.4887954130699805,1.439795598992035,2.8482024353708035,4.290602558402605,9.118468933338201,2.4585263210017883,3.2747444497011715,2.510188502277313
2023-12-02,109.0,1.363617560199481,4.407940280580097,2.866342452013268,10.483055251394916,30.04802629387387,1.4264932091130844,1.458357386813623,10.44569423768246,8.0323333777211,3.21893115833335,3.2807781044754947,2.059762538504162,1.6216219219019727,1.5621080191230625,8.54921230787773,3.1077676070808735,2.953636797641556,2.533454687944239,1.4348608648657573,2.8481869035798066,4.315936447843841,9.141683842842703,2.4629100606697527,3.287554533706751,2.7363861152939513
2023-12-03,41.0,1.3580812396894244,4.455107472465231,2.881301804346729,10.39931596660016,29.963567858536788,1.363617560199481,1.3848352816861071,10.483055251394916,7.874274789102685,3.226111653096479,3.833898791371742,2.562007475982505,1.5104573679363942,1.548573758178185,8.899315432688274,3.1819850685658984,3.454481987528949,2.588072166361358,1.4283601354864952,2.845712036413643,4.343413761528599,9.159959149211199,2.4635136984319437,3.302715997654329,2.9582009251763073
2023-12-04,88.0,1.27295120047381,3.7636656841374383,2.622500063243802,10.69505372473836,28.047779069522207,1.3580812396894244,1.5924408970423385,10.39931596660016,7.761970530870191,3.465985145515775,4.123780597556128,2.588599094429784,1.3827306696673292,1.5447517521786591,9.2600356009022,3.303675985648535,3.7461524978011216,2.542838784714958,1.42286239476174,2.8429517894885405,4.34596859546238,9.178544997890969,2.467910037675695,3.3120702109158318,3.2258231390190812
2023-12-05,90.0,1.4634545322748282,4.020456070303542,2.7573274142317787,8.630878531445198,23.79815798365836,1.27295120047381,1.634256802613448,10.69505372473836,8.23189988069669,3.3831638786401688,4.119253344432942,2.3033471550436864,1.3315500001209042,1.4991103669545836,9.679047485740508,3.3584202257508076,4.025644244453605,2.4967037656694204,1.4201753438837283,2.8381974997850814,4.351951472403088,9.198888271011937,2.4756992883258135,3.3239440648746568,3.460718638983192
2023-12-06,59.0,1.4982300431020292,4.477905502323478,2.915649749645717,9.408140107035026,27.430841347708505,1.4634545322748282,1.697111222096218,8.630878531445198,7.580931901579085,3.156716772479455,3.1764958270042256,2.0261578412454697,1.3648289908126865,1.474710042620495,9.736044435847438,3.3352885988784657,3.806509922997765,2.3437076249780824,1.42090396073796,2.833707718835248,4.383665252648422,9.206379095254471,2.4741328839290713,3.326044866110539,3.444905564755672
2023-12-07,98.0,1.6077284201530693,4.817152695654835,3.045452975493764,10.49712233205824,31.968492440288806,1.4982300431020292,1.7412613344966192,9.408140107035026,9.917381437491892,3.4009149601212445,4.22491892733735,1.9808447903273108,1.4115452586168882,1.4462984456213253,9.997074179484002,3.313598537080289,3.840222699591506,2.3227559592009186,1.4121059986235596,2.8283787807146554,4.416436108301353,9.204776981172953,2.472510075854309,3.3347146035577384,3.715413522702499
2023-12-08,73.0,1.5241096609057772,4.485331189269626,2.923645416817243,11.942632177651909,34.916021830926134,1.6077284201530693,1.4264932091130844,10.49712233205824,10.44569423768246,3.5037339076929888,3.656278011680877,3.021371339271483,1.5231376651766413,1.427222315000818,10.079894307279194,3.3537885467645627,3.6858975886741505,2.3049500442272297,1.4208754758194453,2.835346810939691,4.442306585647191,9.220453129393297,2.473844865523117,3.3437694201141714,3.773629086265537
2023-12-09,81.0,1.4402333298938017,3.849757786134344,2.6936612070921027,8.137419951893017,21.919452450231503,1.5241096609057772,1.363617560199481,11.942632177651909,10.483055251394916,3.302745599807582,3.672493817088797,2.339045246319206,1.5433560413869578,1.441167522399774,10.293742584417688,3.402464822540605,3.8512302520356747,2.329619077413491,1.422651721697629,2.8354664434070185,4.443489392783347,9.2514497699468,2.4729368728104273,3.34242167794431,3.829588473781723
2023-12-10,58.0,1.5093091116587691,4.029925623668161,2.7726429225531164,6.12870729136279,16.992716895796722,1.4402333298938017,1.3580812396894244,8.137419951893017,10.39931596660016,2.825338332764377,1.560716083390255,2.98745453134718,1.5240238036508817,1.4521126323561055,9.958651827345987,3.2106059467549826,2.963162637386643,2.2641996360262686,1.4244813656954125,2.8349293292656297,4.402247974918832,9.246724284005712,2.4679889408598443,3.3194849463908787,3.5048480869272254
2023-12-11,77.0,1.9242995134541525,4.631724038361785,3.091440094814622,5.615001857050194,17.35844187334353,1.5093091116587691,1.27295120047381,6.12870729136279,10.69505372473836,3.1496933064019137,2.331363221709563,2.593491039901956,1.491217367486115,1.473716614066012,9.348564873740647,3.0925924129912907,2.521524374062872,2.2246701455363813,1.4258909292666764,2.8331938816678064,4.390781087676498,9.234379688819946,2.465734341267007,3.305527581150036,3.2487884618062877
2023-12-12,70.0,1.4549616372897178,3.806614302013164,2.68337153452015,8.129947977917436,21.8156709810733,1.9242995134541525,1.4634545322748282,5.615001857050194,8.630878531445198,3.0207085500824897,2.907612957247911,2.4732031030772608,1.62461398500224,1.566766373063204,8.622843178356625,2.9985800630829265,2.266564087449243,2.3944448419848916,1.4319119930734447,2.8356638845825035,4.390320444617278,9.212195806626811,2.4671482713152484,3.2840351798915837,3.075696977922711
2023-12-13,68.0,1.5644279695428285,4.131894636770338,2.8212811709068486,8.273816673327682,23.34276319199453,1.4549616372897178,1.4982300431020292,8.129947977917436,9.408140107035026,2.9859959711418305,2.2191682274634714,2.338772765365274,1.629523420800879,1.5655531023510452,8.551281670709802,3.0521326092087446,2.4860481354736486,2.3755226823326487,1.4320891736755736,2.8339309416129326,4.3624469377324955,9.212438608287362,2.4670944957270704,3.25967975195362,2.938935892274032
2023-12-14,45.0,1.4935812589488755,4.329271753283576,2.8665284068011325,8.826594908456924,25.301685040418015,1.5644279695428285,1.6077284201530693,8.273816673327682,10.49712233205824,3.137388321849856,2.3071604759626085,2.3631671392471483,1.6478963734288987,1.5750099489854452,8.389235465894467,3.0480309476913923,2.4779805535579977,2.2932779622313553,1.4359222845763386,2.836930406589241,4.3315897110408645,9.209552977093603,2.4650271843005145,3.2389203546002188,2.6649703992204974
2023-12-15,74.0,1.768288795061315,4.745567846033786,3.0657930639674045,9.406658706173612,28.83886901649566,1.4935812589488755,1.5241096609057772,8.826594908456924,11.942632177651909,3.165274214842233,2.639912277822304,2.7047376677466777,1.5043236219271396,1.5587032116705604,8.15058869109428,3.0962195026113064,2.3887469937494616,2.285670120864591,1.4403051877769824,2.84223559579547,4.321551824848467,9.215191118541673,2.462648020727584,3.2167024181886585,2.519775294383559
2023-12-16,57.0,1.464410251242987,4.333776044021229,2.8614248170290324,9.189203894821762,26.294216073382835,1.768288795061315,1.4402333298938017,9.406658706173612,8.137419951893017,3.50535959260258,3.475975134277141,2.016100113000446,1.6087660078510053,1.5935859451213514,7.78830676659738,3.2693407097648897,2.807682629354018,2.2701375239413926,1.4458754572173578,2.846505652552626,4.345791469609669,9.218521529587605,2.4608753871450015,3.220339019563036,2.491701196839036
2023-12-17,35.0,1.3172790757049062,3.8547705898333815,2.6650867499604103,9.099375182300536,24.25062423126775,1.464410251242987,1.5093091116587691,9.189203894821762,6.12870729136279,3.37220381130088,3.261595843010229,1.916481546507812,1.575426768417725,1.5970397910283778,7.9385616155872,3.3476125395818976,3.1258277517032247,2.387603825882679,1.4469673600403479,2.8455889084995394,4.323282207950916,9.227042144396385,2.464827492984701,3.2170214071087098,2.7346840196418896
2023-12-18,60.0,1.5538030891147006,4.063222471833692,2.7962080402891445,8.052553685129466,22.516615359218992,1.3172790757049062,1.9242995134541525,9.099375182300536,5.615001857050194,3.180454927357665,2.677469251379378,2.446829379461812,1.5166593740030685,1.5696069287492544,8.362942742864021,3.3526727770870415,3.1383467428889165,2.4495316096957302,1.4482641567710743,2.8445171402581417,4.2736261791234,9.227973713818347,2.466253397253341,3.1982109270991237,2.784127738166149
2023-12-19,69.0,1.4610569201051398,3.7499857060618673,2.666120009309714,8.498112460540748,22.656987672411898,1.5538030891147006,1.4549616372897178,8.052553685129466,8.129947977917436,3.253145100707086,3.324970820853101,2.3485616982614377,1.4451641386875302,1.516678868129333,8.71116443258963,3.2686012797885433,3.08801197174757,2.4559024345648273,1.4487198423553094,2.8448497627647784,4.240293320280113,9.226187394086166,2.470444098886774,3.179833047112427,2.8437502901097482
2023-12-20,47.0,1.4275243378750522,3.928833839854264,2.717341421083026,8.910253399390422,24.212200634509433,1.4610569201051398,1.5644279695428285,8.498112460540748,8.273816673327682,3.0677257694621662,2.538761952571278,2.5114559976691027,1.4440463616415815,1.5175496228172503,8.763759358678675,3.167108599175639,2.8470673416012526,2.484750425211537,1.4457116725588781,2.840706804591429,4.225030432494503,9.228811890030624,2.47304227176376,3.18151364379112,2.8894065365537203
2023-12-21,51.0,1.3974749242802575,4.285420758864081,2.831285453863237,10.186774254082597,28.841665767372582,1.4275243378750522,1.4935812589488755,8.910253399390422,8.826594908456924,2.9555976700236126,2.70664241099529,1.9052310495365925,1.4807947823649632,1.497991961150425,8.854678890973352,3.0921561800642885,2.8567917281398896,2.5347005015029382,1.4444594525583492,2.839863816264675,4.2333342144713235,9.236089627179869,2.4769041555737163,3.186979125167748,2.946475384415532
2023-12-22,65.0,1.3667706875139118,4.335043049789603,2.8421817889044125,10.879633765511644,30.921896958286734,1.3974749242802575,1.768288795061315,10.186774254082597,9.406658706173612,3.145903160401978,3.519530468849835,2.4280312343174666,1.4286853940868156,1.484262484769194,9.048990226062735,3.0564088666292526,2.921644944138801,2.605663448164273,1.4459362175683814,2.8446620989858737,4.234187736308017,9.253248469837057,2.474749981851892,3.1877824585385848,3.072135125990893
2023-12-23,51.0,1.3101718644560258,4.433078757900093,2.8659703696651806,10.78109734470061,30.898305542387906,1.3667706875139118,1.464410251242987,10.879633765511644,9.189203894821762,3.285781703422132,3.818730768091261,3.204522988140015,1.3972566498897396,1.426902755119565,9.259415234539597,3.129094177949241,3.3483012159787955,2.593554979704503,1.4431706421357073,2.844321608477716,4.218449299228763,9.27608575410652,2.4748618294870393,3.182483165642798,3.121100216535767
2023-12-24,41.0,1.2609309420153898,4.06626783131328,2.7291598122171816,9.949621226081462,27.154106397004565,1.3101718644560258,1.3172790757049062,10.78109734470061,9.099375182300536,3.316622810663573,3.918204310344106,1.7840264289421182,1.3581391587500642,1.4048686998642848,9.48682858452229,3.2494358914958945,3.752155182428401,2.540698283524612,1.4361367247529826,2.840078013558634,4.229738744849438,9.305492738548374,2.479213215657556,3.188752593587257,3.214901426154893
2023-12-25,31.0,1.1225977932796358,3.9895864576988846,2.6782181360278465,11.642802755807308,31.181965494798124,1.2609309420153898,1.5538030891147006,9.949621226081462,8.052553685129466,3.1820734783860565,3.505147747992979,1.8711163387527563,1.312624497995108,1.3968189664800683,9.608292305062422,3.2614926641572537,3.7473609421427825,2.4266455083776086,1.4363759911907492,2.8388957690753727,4.231031385247556,9.317483149258186,2.4791566204269673,3.2014980861020677,3.3331412113854073
2023-12-26,82.0,1.549356267789504,4.01406796160053,2.7789783944867708,9.121928691279589,25.34964274911496,1.1225977932796358,1.4610569201051398,11.642802755807308,8.498112460540748,3.1622343436344447,4.192417942930233,2.295306808694085,1.2312335332503497,1.335218209932202,10.12118502944497,3.2203102108946915,3.8719233337557735,2.317631900628124,1.4299933343182338,2.8340808522566308,4.234831878563476,9.322506142370273,2.477156786643602,3.2009612201755813,3.4570622288249973
2023-12-27,50.0,1.3964886563677728,3.693385291402761,2.6281640978738565,8.40624387574906,22.092988352215663,1.549356267789504,1.4275243378750522,9.121928691279589,8.910253399390422,3.123600808023532,2.7595549171600187,2.402727819206716,1.3109616676948423,1.3478324024585395,10.210301633836233,3.155969543348011,3.4857068693610773,2.367097771809672,1.4304506922989815,2.833622253536719,4.240187563751509,9.319371795311708,2.4800136209188577,3.20531207041869,3.488604080909103
2023-12-28,43.0,1.6884144366732794,4.209760457262053,2.884217312227767,8.602673079831282,24.811978628285146,1.3964886563677728,1.3974749242802575,8.40624387574906,10.186774254082597,3.0953914162494844,2.71060750620132,2.7274951631255986,1.35614757247897,1.3433987336717854,10.138300273316037,3.1270755226358204,3.220860122097191,2.2709380687292766,1.4304543495822593,2.8307130281265187,4.228000099299453,9.318118523759583,2.476944870427152,3.2032549978886427,3.4891705230813934
2023-12-29,38.0,1.4438329523210862,4.588811158317575,2.940818851353525,10.04670458588827,29.545538240160134,1.6884144366732794,1.3667706875139118,8.602673079831282,10.879633765511644,3.397154180118501,3.1832059105369224,2.8615257210088245,1.544753120276851,1.384961521156503,9.912000105565852,3.2053821347971727,2.884456111299421,2.265754254466461,1.4331159381598653,2.8294882502180925,4.224464573745571,9.318009114454123,2.476584767980374,3.2030107402677572,3.44112415760812
2023-12-30,38.0,1.3537991767464723,4.360843466149836,2.848600832184448,8.79622744053103,25.056940807180368,1.4438329523210862,1.3101718644560258,10.04670458588827,10.78109734470061,3.38463698271715,3.1631763601584817,3.2491187622236914,1.5095786817873786,1.3959704161289561,9.793010222762513,3.2923941930283784,3.018996592298908,2.3378585143200143,1.4317878250033964,2.829691271747731,4.221092271106319,9.330731455674382,2.467954749099963,3.2157166640702814,3.3474735279034378
2023-12-31,24.0,1.3175356757123318,3.838308986141258,2.6593439292513827,7.870277545636231,20.929774812511184,1.3537991767464723,1.2609309420153898,8.79622744053103,9.949621226081462,3.514176254271753,4.363464484469375,1.9859623634690864,1.4953488552469452,1.4022028893133058,9.509457379309714,3.4319891390358013,3.56994891838826,2.377660737454454,1.4273797878577856,2.8266742299197176,4.213897354086493,9.33339436381219,2.4673178466606878,3.2294921260704115,3.4110821242070473
2024-01-01,69.0,1.3308297626484995,3.8577559132776704,2.669295118304932,7.017885411703471,18.732807270283473,1.3175356757123318,1.1225977932796358,7.870277545636231,11.642802755807308,3.1590943749387024,2.474984844684168,2.220766872792564,1.371722601593296,1.4102892798414401,9.212408282103253,3.352635870642535,3.333875229770675,2.2953068205880043,1.4265650272099022,2.8268545726185574,4.189915923634794,9.323450938552122,2.4748408936358848,3.2274975666239234,3.2639159951629315
2024-01-02,44.0,1.3953905004118143,3.799730360578827,2.664684462500852,7.7700877241004065,20.70483203067896,1.3308297626484995,1.549356267789504,7.017885411703471,9.121928691279589,3.462962681841066,3.848973518194052,2.7920474353234344,1.3340548717024336,1.4400367040369926,8.551705804374134,3.3787444370171738,3.562474282449198,2.3408849252234463,1.4273270063840362,2.8286782401513384,4.171576444724712,9.292474864263852,2.471177140172966,3.2353926009154095,3.214852505914905
2024-01-03,48.0,1.5896716928440906,4.2668368173635445,2.870994641008489,7.917613550344264,22.73142607261458,1.3953905004118143,1.3964886563677728,7.7700877241004065,8.40624387574906,3.310381927437174,2.767668554064198,2.317968539988324,1.3479186462575476,1.4180415944116083,8.358585666205679,3.310812994738981,3.0305423056474727,2.4456771581303096,1.4251830908562162,2.8249328172785724,4.149730540995165,9.277504382848207,2.469733377366906,3.2302058269794562,3.216011596901217
2024-01-04,29.0,1.5336964549087473,4.272005377711949,2.856634661286233,8.604206328407136,24.57907403058618,1.5896716928440906,1.6884144366732794,7.917613550344264,8.602673079831282,3.2466220705225743,2.858089089399179,2.357498289866361,1.4386306519681338,1.445639171051082,8.288781334004993,3.339988893266938,3.1582437205524765,2.5557228136672423,1.4321037758574477,2.830537453437713,4.166502912102702,9.257146685324715,2.4711216161744143,3.225654433375536,3.237080394500911
2024-01-05,34.0,1.333571900844596,3.5773729164121866,2.570019495777488,8.883066453822476,22.829653968610756,1.5336964549087473,1.4438329523210862,8.604206328407136,10.04670458588827,2.812150192226616,1.7585027881444195,2.0631562949798004,1.5062528827215498,1.4235366022275773,8.28900036951583,3.1230513967287883,2.4614201438692653,2.424097336449024,1.4394036160284907,2.839567331439733,4.174887889016316,9.263260621135366,2.4748740335808406,3.2141688807004414,3.033551377016267
2024-01-06,37.0,1.4404340084105325,3.643543384952552,2.6238518396730064,7.695569957410668,20.1920353900843,1.333571900844596,1.3537991767464723,8.883066453822476,8.79622744053103,2.853464615207113,1.626561689436146,2.4860235079772983,1.4856466828658104,1.4077850234452216,8.122766350649288,2.9707456259854346,2.081051188993248,2.2379696756254197,1.4379727566192784,2.8396293654102553,4.144870136152606,9.254628014518646,2.480362431414222,3.1959205358699707,2.8140349954845054
2024-01-07,31.0,1.3092602222482903,3.68863576589048,2.60304037857913,8.697040666139882,22.638748028106846,1.4404340084105325,1.3175356757123318,7.695569957410668,7.870277545636231,2.937144579598978,1.7849832905214589,2.3322234617399222,1.4359007880546244,1.4201614279686587,7.965529567346379,2.8675864623442355,1.7233492560340082,2.0799809423431834,1.4361295096833877,2.83688991657134,4.105749825795864,9.242882714069594,2.4866012553708425,3.1770342249335033,2.445680539206232
2024-01-08,46.0,1.4568080007824158,4.279440471994302,2.841815989295088,9.346680131445426,26.561545044368327,1.3092602222482903,1.3308297626484995,8.697040666139882,7.017885411703471,3.0644767911101614,2.0320047249324142,1.547648951229797,1.3610887105011387,1.4189792203309388,8.083638584561186,2.951695328638751,1.814516568296673,2.22601611672953,1.4330097230030179,2.8318360767151165,4.079193311683225,9.241970125521284,2.494144349648169,3.169091931310256,2.382397664955981
2024-01-09,40.0,1.5131176962418378,4.635884938320516,2.969255341026244,10.76764162843122,31.971877415475923,1.4568080007824158,1.3953905004118143,9.346680131445426,7.7700877241004065,3.272957666389978,3.1764958270042256,2.755760735483724,1.4021674104804118,1.4369761114929265,8.416323544524323,3.0915263456997057,2.3311612808193662,2.3778744181547227,1.4299242263475074,2.826972542514781,4.093516067878557,9.246615717869943,2.4905351758050807,3.184012575764443,2.2863294233574343
2024-01-10,46.0,1.332949981148425,4.7346405812677,2.971147232295352,11.756379540650922,34.92993453401869,1.5131176962418378,1.5896716928440906,10.76764162843122,7.917613550344264,3.511733389171519,4.0693520364940605,2.8226983589631978,1.4263953064241803,1.4537942823257872,8.844545530857296,3.283055948890553,3.0926175294769003,2.246569181534163,1.434708813716086,2.8292454273872805,4.113714711700302,9.246950493887915,2.4913879084095742,3.1960805785234294,2.4722842065617003
2024-01-11,35.0,1.4364046595077844,4.625686902768238,2.9515739118383126,10.969951490314669,32.3786226329446,1.332949981148425,1.5336964549087473,11.756379540650922,8.604206328407136,3.474600932625577,3.990212318205515,2.6361138518074365,1.4342918927242252,1.417119752083549,9.392940672329676,3.419763996062358,3.745353393901267,2.192403030070527,1.4374920679040073,2.83009676020034,4.117145263130499,9.261549969622957,2.4950630736272146,3.211210324608199,2.634016096391177
2024-01-12,32.0,1.5951933609368782,4.413675305415945,2.9182700868258022,9.909673757497997,28.919104496709053,1.4364046595077844,1.333571900844596,10.969951490314669,8.883066453822476,3.3477117850774136,3.617964595165669,1.4866788769146544,1.427490778966015,1.403220924169126,9.730904266887894,3.4446820356248367,3.892509649955081,2.1356581398215844,1.4417136891324633,2.8306048853494397,4.1444476831556685,9.275397832672962,2.492213146767402,3.223267518406052,2.8996534973942127
2024-01-13,32.0,1.442636032756946,4.158005284433694,2.798223763793004,8.463488264588552,23.682733986554897,1.5951933609368782,1.4404340084105325,9.909673757497997,7.695569957410668,3.0498682070490912,2.6435961569430577,2.805070240425392,1.4548493338643615,1.4405954184680234,9.877562453127254,3.2907269749173604,3.4172576901047473,2.242411690362592,1.4452703430348677,2.827863401039407,4.153840372110522,9.287652847695126,2.4912899689354067,3.2203501812460265,3.044944135609486
2024-01-14,17.0,1.2935106012881534,3.680958679216345,2.597207703012704,8.330280204252345,21.63546791473843,1.442636032756946,1.3092602222482903,8.463488264588552,8.697040666139882,2.9019711898020617,2.341342075677209,3.0657690920879674,1.491411351067202,1.4409099933746539,9.987265068438381,3.0998503939761886,2.8676342759286455,2.157874809806263,1.4477133158024702,2.8256505060247252,4.148131489815526,9.289123115949613,2.49271938227733,3.211573413744687,3.1244239620603076
2024-01-15,34.0,1.6185558053707416,4.193586349127649,2.8566766622472994,8.408717569560245,24.020987240391587,1.2935106012881534,1.4568080007824158,8.330280204252345,9.346680131445426,2.8117921152188448,1.1959122310544672,2.317968539988324,1.443779998327325,1.4386600475232056,9.934870716740162,2.9212105040233323,2.0602834878915783,1.9893590902267582,1.450330617812775,2.824086013843149,4.1126445175882775,9.291290554391589,2.492086227807552,3.1884544978318963,3.004982177220601
2024-01-16,39.0,1.5212373765388816,4.31844587534743,2.869475323110778,11.103123920202622,31.860140098462427,1.6185558053707416,1.5131176962418378,8.408717569560245,10.76764162843122,3.1600435304350576,2.3512714585086933,1.834382394956196,1.4515674798052796,1.4617668767501095,9.800876065042278,2.957935611818655,1.9628419217467898,1.5897546519323125,1.453290958845822,2.820441632190991,4.107971527758492,9.296721611778691,2.4944672314404186,3.181382488469702,2.8870929817212385
2024-01-17,36.0,1.3640859388853284,4.399798146955102,2.8636915127117617,11.569853879320831,33.13249235752632,1.5212373765388816,1.332949981148425,11.103123920202622,11.756379540650922,3.2503823667080822,3.0034045666224016,1.519804733197969,1.4777679277325912,1.4629268310782586,9.848802106723907,3.0740726707873285,2.183529418728521,1.5304264898825666,1.4538452734921008,2.8151692889334514,4.123427370608961,9.310167616307051,2.4901259430098306,3.183713403114716,2.734814771739573
2024-01-18,32.0,1.198447589858545,3.8294116703977776,2.63132582351791,11.694276640198009,30.77145211071528,1.3640859388853284,1.4364046595077844,11.569853879320831,10.969951490314669,3.4454971668435053,3.6992367601007743,1.5301927188317803,1.501293040264983,1.4673748250406735,9.82215558367675,3.2853076879955485,3.017970928410623,1.4594794623080996,1.4561078781772652,2.811771248754596,4.134646559779673,9.325981807564112,2.4938348682929283,3.1901251386525966,2.6932468348674674
2024-01-19,34.0,1.4836869700843878,4.532839857989381,2.930310900323558,9.437711076059555,27.65542764028169,1.198447589858545,1.5951933609368782,11.694276640198009,9.909673757497997,3.244641781845677,3.0531622883249185,2.508925097619083,1.3612569684275841,1.4333809579479249,9.925630605088656,3.313507105132422,3.251934538349365,1.3168690133372727,1.4587687341919235,2.8098194678410704,4.137294091924205,9.350173447401872,2.497744753445613,3.1960223390653804,2.612560791033075
2024-01-20,32.0,1.367352436703796,4.2644115223487375,2.818245109906276,10.403351023736692,29.319193149284384,1.4836869700843878,1.442636032756946,9.437711076059555,8.463488264588552,3.24590007703824,3.149777558738593,3.8680783504017406,1.3487401662760863,1.4174514735404262,9.858207364883166,3.3120130085758075,3.3007255357214285,1.1549715684028583,1.4637151619437745,2.8157693038565834,4.1574276258620415,9.35794877750447,2.497409039640672,3.205699085965868,2.684872419861008
2024-01-21,38.0,1.143459150967007,3.489500528385234,2.491875823475743,9.914503493393967,24.705711556954224,1.367352436703796,1.2935106012881534,10.403351023736692,8.330280204252345,3.2210284057915515,3.5566016458615617,2.146632435744047,1.349828998882242,1.406696674104262,10.135330616190044,3.2371900882251565,3.2531804976416905,1.1921831807497056,1.4614219757936378,2.815297842204542,4.156727317978197,9.373310044685242,2.491578371635133,3.2082032608121867,2.8584809298873446
2024-01-22,32.0,1.5023930500212703,3.261144464680941,2.5179896660436154,7.267105501592826,18.29849655505944,1.143459150967007,1.6185558053707416,9.914503493393967,8.408717569560245,2.77295622495932,2.043352825214375,1.9388054797428729,1.3314995192517294,1.3852607526298126,10.361648228924562,3.079961569263037,2.9165773432715096,1.2342239195687799,1.4526494528491805,2.8058818424910683,4.128542567264718,9.380118073577071,2.4959541133032315,3.19110907819676,2.979543871910188
2024-01-23,34.0,1.7506839097563471,3.949321320174766,2.832379604090864,5.895682272723582,16.698810221462345,1.5023930500212703,1.5212373765388816,7.267105501592826,11.103123920202622,2.8019761154757528,1.5753631402499702,1.437168163213598,1.3377348792306902,1.3686660732941738,10.1985607906435,2.9319869154088747,2.3917725371086354,1.441611415925117,1.455222124507945,2.801915992306216,4.089478090824079,9.361998420403568,2.498831288510694,3.173954188357166,2.8686998264446566
2024-01-24,40.0,1.6968241198364888,4.33212774928879,2.9235703086070037,6.79034576285788,19.85205325746667,1.7506839097563471,1.3640859388853284,5.895682272723582,11.569853879320831,2.7044473476272324,1.3714781038199917,2.2670795869850258,1.465512036914874,1.4014441494680974,9.45464055528935,2.7597932293541017,1.6633980230947787,1.610677956693637,1.459380909347885,2.802959560481197,4.085579873786129,9.339729243467275,2.4857174019440755,3.1580333173318715,2.6355674746157405
2024-01-25,35.0,1.5829710359720852,4.0593727909230095,2.803841640999229,7.455971850325604,20.905364348061,1.6968241198364888,1.198447589858545,6.79034576285788,11.694276640198009,2.734868329313466,2.208553513758685,0.938434554937472,1.6499670265380344,1.4489781753182631,8.77185368150893,2.747097264138817,1.7184649192762158,1.8457503490923293,1.463355354898266,2.806559020544404,4.0969979168391255,9.325168432115442,2.4808880414117223,3.1437877835211725,2.4226127251382996
2024-01-26,37.0,1.5808148511254134,3.5521709932780823,2.6430417889677957,7.1003036581038455,18.76639928272937,1.5829710359720852,1.4836869700843878,7.455971850325604,9.437711076059555,2.8064478663688504,2.270909626671025,1.32931506056255,1.6768263551883063,1.503910096191626,8.166381568670015,2.7485878477698495,1.950313748083234,2.256792688380937,1.466657617469699,2.8086125125102055,4.0985080778165415,9.322300697906389,2.475236893702993,3.13321601879935,2.3108623449020285
2024-01-27,34.0,1.716474181229041,3.799314876451467,2.774425420266719,5.703976848834383,15.82525836601897,1.5808148511254134,1.367352436703796,7.1003036581038455,10.403351023736692,2.5040095985459927,1.2504893252176847,1.0708472823406232,1.6202033356446615,1.5177855077689153,7.832466223247771,2.68177526474277,1.9099841552157983,2.3573660259304705,1.46646385003775,2.805886782612185,4.093800934545719,9.319314342191687,2.470610117678727,3.1135032915425667,2.0395354543990423
2024-01-28,28.0,1.561483760001075,3.923853420125024,2.754103371449237,6.961931605731215,19.173879307143338,1.716474181229041,1.143459150967007,5.703976848834383,9.914503493393967,2.98402500585391,2.2191682274634714,1.7313353013958226,1.6267533561088456,1.5676600427010932,7.161127055404584,2.7648274902562515,1.9135223931173935,2.4807849042838916,1.4678341396813435,2.803810269768312,4.080119415185366,9.301881464191684,2.471894165038607,3.0997323190670802,1.848473537485029
2024-01-29,34.0,1.6155972022129674,4.039570091496333,2.80802120172217,8.471518537545599,23.788203664210435,1.561483760001075,1.5023930500212703,6.961931605731215,7.267105501592826,3.0188521452909565,2.529709520651685,1.442176286721605,1.6195909307851755,1.6273778439916744,6.739331071452762,2.83562891656362,1.9997890244442802,2.6296556503689783,1.4655736819797576,2.799227424501643,4.057954157245614,9.287727747469823,2.4805436357543624,3.087539491152874,1.9179530654046446
2024-01-30,27.0,1.6340581040297786,4.411846731293734,2.928246434476686,9.879424722790842,28.929390219193106,1.6155972022129674,1.7506839097563471,8.471518537545599,5.895682272723582,2.903901550829996,2.331363221709563,0.4388950204178108,1.6311850478143601,1.6435498657333454,6.911390076588873,2.9689262339916205,2.360080323274906,2.4221228525135854,1.46347927977503,2.7958767292876465,4.047245044757164,9.285683451790499,2.4793958962251312,3.0671970010381484,2.0259530770417293
2024-01-31,22.0,1.64756458812379,4.620238451078401,2.9951711668575416,9.250575124614649,27.707055890095408,1.6340581040297786,1.6968241198364888,9.879424722790842,6.79034576285788,3.2573776777546617,3.617964595165669,1.1337974724441235,1.6037130220812728,1.6268890363438355,7.480496140884196,3.0600437912918714,2.826345779175638,2.2523341956178413,1.4669386946903082,2.7958882251551316,4.06636296959558,9.297809092597694,2.4810460756167205,3.070473111132014,2.34687971866254
2024-02-01,46.0,1.6214950764526477,4.283862395849305,2.885359533686175,10.190639994803233,29.40366026336914,1.64756458812379,1.5829710359720852,9.250575124614649,7.455971850325604,3.304767210183185,3.922992555719647,1.1989158413654055,1.6324066314555112,1.6198519603848784,7.83195747827802,3.1553488129226146,3.290773457531626,1.9829838061908214,1.4716711451557136,2.7980353704025362,4.091779054188938,9.297133244060229,2.4720225546313133,3.065199928743418,2.591799581799821
2024-02-02,31.0,1.6085004611481344,4.369329631470768,2.9081044463034496,7.944520422455933,23.10349516429266,1.6214950764526477,1.5808148511254134,10.190639994803233,7.1003036581038455,3.1251474213789345,3.3681825807713848,1.623600232296068,1.6343725895354044,1.6253553947392447,8.222624356060539,3.229097436438927,3.636379910552234,1.6836120000348955,1.476061375768434,2.79810299922486,4.1079167886979535,9.318099183060381,2.473340996769421,3.059025445208143,2.748552860957015
2024-02-03,27.0,1.4737709304202276,4.281782700446494,2.846340570374947,9.545513689376598,27.16978287914205,1.6085004611481344,1.716474181229041,7.944520422455933,5.703976848834383,3.1114698454063943,3.274350833029936,2.522559756834984,1.6258533752415232,1.6293104818853477,8.343226750967979,3.180461492322838,3.5218419898403224,1.811138751572774,1.4816538634463394,2.8028630722758545,4.111333215834861,9.3179499553868,2.4649576183354456,3.0545203710376043,3.037675933501622
2024-02-04,32.0,1.5471167804881587,4.112667667207653,2.8101569406434037,7.198566333891229,20.229101145866377,1.4737709304202276,1.561483760001075,9.545513689376598,6.961931605731215,3.1118152990269548,2.930080684939344,2.914801086775461,1.5679221560070022,1.5946385889126602,8.892017728188296,3.1161441886040944,3.1908713662468884,1.6970981642457728,1.481825803415429,2.8043466248782405,4.11165912659268,9.314992687077059,2.4508731292336217,3.0645092079309486,3.1392348559981755
2024-02-05,43.0,1.780068127783794,4.496009968794685,2.9989519857307223,8.282399884921544,24.83851958150137,1.5471167804881587,1.6155972022129674,7.198566333891229,8.471518537545599,3.089672765243103,2.9225573706866603,3.087683033512452,1.543129390685506,1.5925861632679577,8.925822689354012,3.104319303225484,3.0423296295519795,1.4306417483060805,1.4826405823718647,2.802588411394868,4.129502284952529,9.302042806610762,2.4412505321275453,3.072382812932148,3.1953559774317433
2024-02-06,35.0,1.668892935002883,4.320551910462643,2.910988294553769,7.371923603851524,21.459583319156422,1.780068127783794,1.6340581040297786,8.282399884921544,9.879424722790842,3.077398112466069,2.9448722774523994,3.316191395438064,1.6003186128973927,1.6160820097780757,8.898805738979146,3.092962058912042,2.9325034443594675,1.4075288531247552,1.4855129108323768,2.8018133948988178,4.157917837747266,9.303276914513303,2.4383499097641392,3.0770579306943846,3.2830001282521484
2024-02-07,30.0,1.689058149332167,4.297844452129602,2.910642968344478,8.189855336305817,23.837744846377028,1.668892935002883,1.64756458812379,7.371923603851524,9.250575124614649,3.278249962586452,3.539574649567851,1.83781083529086,1.665359281091611,1.621058414202805,8.540591293416387,3.148440280098541,3.135668099235637,1.413813291141372,1.487925965400662,2.8016024428610935,4.178981709233005,9.291126538101684,2.4344128654217356,3.084183703076928,3.2718015645953176
2024-02-08,32.0,1.6255645024297358,4.228944840456386,2.869680861166369,8.036003308557559,23.06076489483725,1.689058149332167,1.6214950764526477,8.189855336305817,10.190639994803233,3.3308040100517387,3.5566016458615617,2.062847989839352,1.7126730707062805,1.6269860658040016,8.389059895086556,3.22881736170142,3.3470161909606038,1.5992517628729637,1.4920730457246345,2.805218805548633,4.179595175237515,9.278527976855287,2.416681031399539,3.0861119145323195,3.2194600060441627
2024-02-09,31.0,1.792532171799451,4.741463778674929,3.072184554157169,7.08139805835237,21.755361736708718,1.6255645024297358,1.6085004611481344,8.036003308557559,7.944520422455933,3.263607979751881,3.010483356759055,2.6656954548916767,1.6611718622549276,1.6275674123721573,8.081254654194314,3.290887317463357,3.368886550729489,1.8378680408660535,1.4940106355708174,2.806836104525521,4.1660305053087106,9.262631178905504,2.3993816934033743,3.0778410675516654,3.1683601168995437
2024-02-10,39.0,1.772685039806347,4.593505476585908,3.023980726516928,6.947205819947189,21.008216502666528,1.792532171799451,1.4737709304202276,7.08139805835237,9.545513689376598,3.2646549324062875,3.487743619804402,1.0698301718472305,1.702384941187117,1.653857656750917,7.957951459322378,3.2863556407366357,3.351609540808339,1.8062509285938257,1.4918145132099057,2.806515178847896,4.166257945222285,9.251925169744348,2.3915841119106256,3.0708428675443558,3.198844800724468
2024-02-11,37.0,1.3905295770876214,3.743836126826229,2.644023121786124,7.269885224461261,19.22174462620688,1.772685039806347,1.5471167804881587,6.947205819947189,7.198566333891229,3.1541831577324584,2.0549083419417777,1.7262804885052545,1.7302605713451769,1.6965596723775052,7.5867646208324615,3.2274820232968757,2.8510451061684114,1.9277771765893057,1.4971099032518496,2.812191998714509,4.165185231016207,9.241585792140391,2.3860353613275604,3.0643919132995237,3.073820180296244
2024-02-12,35.0,1.486613045812238,4.029335112293711,2.766484727736801,7.83103206083519,21.6644305987178,1.3905295770876214,1.780068127783794,7.269885224461261,8.282399884921544,3.061781912243349,1.91256241265873,1.2022303075233125,1.6519155962311387,1.674190071891714,7.596953033771037,3.160206667460699,2.48507145813497,2.2464212020591057,1.4942115967109293,2.809237697895831,4.14285725839655,9.22160583107966,2.3899248794822467,3.064789036805999,2.9295351862922536
2024-02-13,36.0,1.468024799445138,4.134696183675808,2.796532861175673,9.02925086213562,25.250596747761037,1.486613045812238,1.668892935002883,7.83103206083519,7.371923603851524,3.158530304807033,2.90001139017407,1.2205887523465844,1.5499425542354013,1.632267917324349,7.532471916044416,3.1248317915942803,2.289160714924859,2.375106302836529,1.494095459825319,2.8075703032447583,4.13856825265855,9.212543909474608,2.3933510739662096,3.0733410073061647,2.9231264881096353
2024-02-14,34.0,1.221592472193202,3.7313911252477383,2.5997322794085598,9.52976990543665,24.774850438499918,1.468024799445138,1.689058149332167,9.02925086213562,8.189855336305817,3.3100104405832527,3.0390840442043108,2.730498096056007,1.448389140781665,1.6035724693875282,7.769232952942143,3.1767742192112114,2.6172192823457037,2.5681661834503697,1.4890910598983824,2.8030826331982293,4.153692836140532,9.208435045590704,2.398473340304348,3.0899482848183117,2.851627830200558
2024-02-15,45.0,1.7222525009147107,4.580738925113768,3.004332316203477,7.042461183353875,21.157893718758626,1.221592472193202,1.6255645024297358,9.52976990543665,8.036003308557559,3.0437284041801207,2.4935357461343703,1.264563878550344,1.3920767724835252,1.536791658367676,7.960649319960835,3.170756383190135,2.8108770601709168,2.5999947526521052,1.4850440969142196,2.798721090904555,4.138286328677869,9.212872527517154,2.4062605103560597,3.086071113943147,2.6997612730966734
2024-02-16,51.0,1.793584569836039,4.282042779893938,2.94387540337204,5.986216083235343,17.622674286706637,1.7222525009147107,1.792532171799451,7.042461183353875,7.08139805835237,2.831047238214791,2.681489530152457,0.8005005433138326,1.4706232575176827,1.5506042295798153,7.818714730646022,3.061595360992721,2.7380364401637127,2.5239871223712513,1.4917936540010497,2.804375183675273,4.1470294303367465,9.194377483505743,2.400252417765456,3.072093276326704,2.652762155010017
2024-02-17,44.0,1.626576116583848,4.019714334477944,2.805672313026157,6.118519539400842,17.1665608684065,1.793584569836039,1.772685039806347,5.986216083235343,6.947205819947189,2.9732868094419587,2.2811951221952507,0.9080399055779508,1.5791431809813163,1.5507545721564708,7.662260162772161,2.9493541506122902,2.485406799494026,2.5095740228780374,1.4957900120130718,2.806836306393321,4.143104251434709,9.1675469504249,2.397916040908686,3.0563529310799855,2.4803980839229953
